v0,theta,y0,t,x,y
39.82802218501835,1.2639422679986834,14.321999413174941,3.6898250254119356,44.39043273559355,87.63515445747133
24.749529788842356,0.7105437733367639,7.142311917932371,0.4381245446636692,8.219358672931365,13.273331368979443
43.63690639601221,1.417870803315613,17.037357114930888,5.220071868652408,34.698950540378014,108.50970198083272
36.381561307671376,0.9959471301789278,4.819543205262347,0.9978796507830724,19.739011825311977,30.404688384930495
9.237980654944229,0.2490918065314262,10.767869801732495,0.1055722126341977,0.945173894617085,10.953629524903466
48.90300582365402,1.323089409069563,3.6827843429836493,4.858412429133072,58.252914261603934,118.24335155087711
39.251286589565886,0.7704095422313799,9.90601232771684,3.876204799723006,109.18386952587917,42.167499667102604
40.372893737462924,0.28503176982003575,3.049330179567724,2.184504359562877,84.63634359237216,4.441682829647021
10.765113470399564,0.3004621082672052,3.2315724874304386,0.9386404891984311,9.651884806216398,1.9006075701944827
25.26736720530052,1.047244933548541,12.244467540840313,4.255502802016173,53.75826368076402,16.540564570210933
21.685911090466156,0.15341095998793788,5.275720843515335,1.0857804602623793,23.269603242483466,3.0912055598516925
46.70442449818708,0.4874268476743281,3.447344531284946,3.243314390079143,133.83624588168067,22.796130759793492
33.97393040362991,0.28244675917000817,18.595365002701463,0.03181575599907219,1.0380768674108112,18.891655333446554
42.02427259718735,0.7031267348441296,0.8600650148010214,3.4882411544726257,111.82300082081373,35.96336471798428
24.9536389472299,0.6658134697484746,11.302962253917743,0.4525289750516996,8.880385679452322,17.27371314909715
15.22574248031496,0.8159434285108913,10.965276836665305,0.17628989412069979,1.839126258998982,12.767895263459662
29.956315415712567,0.4777124346820839,5.012177488061196,0.4901784762290455,13.040058441812409,10.584554807609567
7.871776524687889,0.13200775370421844,9.055434902256357,1.208966536837243,9.433915390512572,3.1389210774489644
42.243402739666195,0.945111297603528,1.7547556616527094,5.230520188945523,129.402868429784,46.65982060572787
33.42489796049292,0.6090752325416917,14.425402918477712,4.312741838697393,118.2310018209409,5.664904390904098
39.11394830384182,0.9967016835186708,4.433942967536463,6.684725123912944,141.99559168517038,4.800215534526046
20.953668565844076,0.2389941768959593,3.8677071965311183,1.3644818918606696,27.77824985120183,1.5037208195969622
48.68141109777065,0.10650327956757646,6.297569565550061,0.23626127164342003,11.436363083604082,7.246411906714807
45.1904504594989,0.43395063374862264,18.04739840526284,4.095751080499193,167.93327721843997,13.587335804149404
40.02725736831928,0.7247267807926947,15.929332965670852,4.994237989934153,149.66547659815367,26.110431467324474
13.758741853338542,0.6374947377256204,18.93784582267515,2.5868178808375344,28.60083812795213,7.298828183840527
26.002445167716537,1.218662264747343,13.039246920661709,0.828593733654976,7.431066962168741,29.895040813963988
6.971169460425295,0.6148273369312054,13.258430220641753,0.24576708129250868,1.399535510419921,13.950413223019043
11.943027143039652,0.8279020683786218,9.60061998852434,2.3634496008381722,19.09320115812146,2.9911983584355326
35.73720289591046,0.9159705626029987,18.10372646733951,1.1054012622841338,24.058736881980888,43.44296577666405
38.514297015851774,0.11774883576066017,10.217542985406581,0.7285476276046681,27.86520485153995,10.910402912983288
48.53793795953945,0.8065283436303342,7.101201415900493,3.3472705585984315,112.43039206119992,69.42954451150767
19.662141116216837,0.5687417298243855,12.807500198353303,0.37615729652883134,6.23176532737515,16.096782358325015
21.6706867715691,0.6754844867033089,10.922789868019269,0.07045920056063273,1.1915984548541199,11.853171680275956
26.130011507411357,0.2272940867598544,2.4803963061979095,1.5217441566274763,38.740471767548094,0.08218060635812208
13.526211158792856,1.1802901684311788,7.854508278248591,2.692564950847057,13.863587268532672,5.97208129002064
10.846467740096223,1.4031110275116487,6.2665082218896,2.4272698932366983,4.39404198820479,3.326049050258078
26.406721680167017,0.11835960184152101,16.936675500222634,0.6269089465364264,16.438788648838447,16.963763168452385
15.210920707289786,0.9269412420295511,7.576851139462175,0.6593904020070788,6.020800979792109,13.465995599671485
35.141629760712966,1.1537939782802737,16.431104652777854,2.992652951418087,42.594775685693754,68.65673214934245
24.671836349254882,0.4849328751282127,8.847791878018912,1.3396087400661756,29.240078828349706,15.45202324485761
42.470518822602685,1.1869015024663365,15.0700112689122,0.047003850615079036,0.7476752180287952,16.910149040683198
36.51192959010121,0.9702006767987444,2.7056385702237984,4.854504469054925,100.16848720194945,33.34225152558743
19.056498862191848,1.3846222401699158,18.493004393169247,4.616506388087845,16.284110821608465,0.41121612699984667
42.45169106278405,1.4570075774820517,9.611197815978365,4.663554221081192,22.47883222610356,99.62910027401858
41.214396087356086,0.14639279177589734,5.195964912526128,0.7030241276044613,28.664792562712055,6.998258493680099
22.43652705635785,0.7085167743095537,4.8297921272961375,1.2870328077896964,21.92676613669239,15.495094444540007
17.974764676860985,0.8510054915148564,5.3015457714994385,0.29820337729338214,3.5335482447082347,8.895887183747206
35.712297678873895,0.29215866855934974,7.334483458359353,0.7078060513310014,24.206235415885804,12.157523753325025
11.288861762418941,0.5568100601005799,14.350390653512335,1.2169207834691735,11.662513131277253,14.346679448725679
13.995869111379875,1.466282447581232,18.992060858015872,1.6603991783299719,2.424350553426943,28.581266602607975
5.331302138795248,0.10992845478190233,13.380748602472643,0.9332940288760427,4.945639042204071,9.654175498412343
40.411596987596226,0.7190867263188802,10.943325418882015,4.933804123525219,150.01721500129278,22.876818640445507
34.91828854664145,1.2638342710901038,8.971956160342692,1.5870030463418272,16.744553447101556,49.44341505583434
36.73244203818508,0.5395179414652161,16.56388934075233,0.1268085946659074,3.9963518950070274,18.87792866016118
40.13280639598855,0.7571915521370374,16.993144048921398,0.23625715087811003,6.8909684112117455,23.232152912193158
25.651209899225297,1.4528759425296136,5.860753488656371,0.7263878575273857,2.192089873883016,21.776014013013068
30.593353817880217,0.7503196096361756,19.068404973068603,2.8674683790717768,64.16863833960946,38.55525181921208
11.290864915744585,0.27006709923872874,7.902307264127641,1.3035746579538237,14.184984383041233,3.494041533533718
10.153853309118805,0.1594832884894231,16.001561383830555,1.7541210798442473,17.585056038710196,3.7377115385616264
35.07813328057122,1.407317021959443,19.336397561644667,4.811917985605757,27.471431565841012,72.30588750436657
26.199329276440963,0.4584064181552541,14.073162017112224,1.3090957209211982,30.7565229621463,20.84459379685132
30.435624791653495,0.7910724474010343,3.2310145290238745,0.7041218289403314,15.067343366348663,16.038490388262165
39.424948583721154,0.21391001905121212,11.722739103478617,1.0512578640906445,40.50116971308708,15.100224066915258
33.56232440002658,0.6788006023230406,2.3755424619115684,1.4646323349294086,38.259771535369595,22.716968281098744
29.911073029609813,1.3859387587506098,15.782840797378526,5.646448528014449,31.0433301229423,25.4136002195101
30.164322233543608,0.7887673380926106,5.626303477477659,2.244674927773098,47.715982921378355,28.95073759934164
18.67775441281755,1.4432269330641618,13.90429646120037,0.9994495577563155,2.374944390172913,27.52047731992716
6.386802555557273,0.44866918990293764,18.20179348260398,0.6438400191366138,3.7050867161143155,17.952207465874178
24.652282515456307,0.7917445152475344,3.620197013403448,0.5147699035937432,8.916235568759056,11.350561665149433
14.656310276878814,1.2873978497474474,7.857156772023335,3.0748606464049537,12.60139386759155,4.7499758845301585
23.383788967608627,0.7131448199421027,12.942375761471325,0.19187791195866385,3.393428420237096,15.697142956680281
43.40313829706748,0.47750445352381155,8.393171856190023,0.05717878718053167,2.2041427989909166,9.517653698828179
15.527276863940333,1.2817354035066835,3.4963788324943046,0.5953305528560526,2.634983610986426,10.618309063245544
7.623623376007971,0.6316548586540343,0.58143228337594,0.8372755853857334,5.1514689117912695,0.9119626770521712
17.662275140989845,0.8282959702814183,8.131962874039258,1.6621068885780692,19.84893630183134,16.210769609457074
18.211719099500762,1.4507554661025672,12.984180531638408,2.6921016574129535,5.871214955797551,26.110610492826844
34.78624316271028,0.34764626207626853,11.479684163049772,1.1294981993729805,36.940501501254246,18.60793735391627
30.066446855357526,0.5081011408696816,3.1248247952128483,0.2185626440702752,5.741236323936531,6.087627730811818
40.275419409788604,0.13064780807944185,9.013868877347733,1.705611835796478,68.10879970666775,3.693916998549957
34.89410931473244,0.6343751163121033,7.389420923625057,0.8726500136105093,24.52599303153203,21.70131247793835
23.287408764803175,0.36677526033118185,5.484048045867997,0.07301942209641986,1.5873349617741148,6.067682688573448
41.63091730997156,1.0367743547160904,14.585424877207785,4.405399735549729,93.35091881788453,77.25676541424919
12.513781395846676,0.34043897939837714,6.193040600543687,0.13556152221632412,1.599028503976538,6.66932702485444
6.022043291023722,1.0294828117139336,10.802839046660583,0.20116234996208227,0.6241928998418275,11.64256838237455
9.052153734903879,0.4551475602001545,18.46447070539233,1.911136273342799,15.538703363399412,8.154190181179782
37.506170776840264,0.5832441239771561,10.785519645071648,2.3012015544600977,72.040645870995,32.34445001727782
25.78447536131243,0.574367823308831,12.340458203211215,0.860322029116202,18.623385471213922,20.762093148639863
12.25723005651208,1.0880406993826597,1.464919723351028,0.8161091136229663,4.643719225472717,7.05808039981488
27.54701487965136,0.7386362732250527,3.562682874834726,2.8910238244480144,58.88413086422395,16.18601535588985
11.854044622092578,0.5917348921044592,2.0190239859622694,0.10647088815742983,1.0475192881098014,2.667428229464652
36.33441687849812,1.277752360563312,15.296258967116803,0.874447191146332,9.178059149399875,41.9636463939965
25.07703240083138,0.8858601887021559,16.718421618336848,2.8882446999693125,45.820042115330814,31.894138591773675
22.14595517434171,0.3858306124832854,3.729105863891553,1.2545728825309195,25.741227500761518,6.464678364653118
18.568044011654443,1.3440309723670234,4.385435018461821,3.8090189162315466,15.90111219775802,2.1359833006389692
33.362716690349984,0.5656965304973401,6.464145789855658,1.4896358651061696,41.95607274386155,22.218362801686695
21.28156747490257,0.14169194087204925,11.821552339076709,0.1229150290614488,2.5896099480428685,12.11684937665722
8.944246369224546,0.7778586537561644,12.43592387600039,1.2663554294418955,8.069268669333432,12.51849109235396
10.31026559542319,0.2603166320804603,13.735079170829152,1.2547483762541507,12.500929572296306,9.342434335372833
48.28539490472815,0.4202284304686324,18.103855124269252,0.6682929811899841,29.46126928851886,29.077872886577726
45.886131081842315,1.1304300310671964,5.900802809930763,4.755891918640863,93.02486443605326,92.36644497367234
36.48682102148373,0.2698304343093103,13.175179784135514,0.5748970868455535,20.217167811246675,17.14561974735119
16.964148265678382,1.2139731501940954,11.194456915553843,3.2401280844334996,19.19958893911178,11.20342842884778
48.612936980647575,1.3954358197050232,6.116744808251342,8.255615154959937,70.0172343601913,66.99036881217506
40.04379067846076,0.9341450362921547,18.14830373187347,3.04461075555971,72.48085101341194,70.7136289157487
37.2600585121548,1.0791150044081173,1.90966823918435,6.529504835876297,114.85920122250728,7.2574852025148004
25.22126759647049,1.0836213298820223,14.24002053664103,5.008288175551781,59.13219652572155,2.827849432044985
17.250870283032157,1.4734878781491918,14.55747426045204,0.5436289941363913,0.9111262710484551,22.441595534910586
9.337593296907468,0.5641438383563578,18.30653055379923,0.9217678456869336,7.273395695959958,18.741116408261934
45.617107844472876,0.3146571048099582,10.371611847027072,2.0921417515925604,90.75172091346967,18.43912594948824
25.509933042512497,0.8121606720180983,6.432446764384919,0.3473997361872938,6.096551368435199,12.272404000312253
14.106351415785364,0.8318236559754716,16.55481339720041,1.218885499823849,11.58067432092681,21.976696217152625
18.768048086779363,0.3356791586944043,15.416205636647852,0.6559952038665953,11.624591458456067,17.361057971429403
31.06488060238532,0.9433287055146922,10.006312288389408,5.234344062654151,95.46442242691096,7.248267155203678
12.954775232265426,0.10698831101069603,15.357147512676221,0.7886255896980762,10.158051620513842,13.397537807208872
43.5476427841569,1.3825359017630776,5.357512041545216,6.745700701485196,54.97716496861337,70.7270611730132
39.133378842584456,0.4566818437250945,11.790126608069357,1.587001478744457,55.74027779319619,26.82299615044955
37.375833017792154,0.1425029337344311,17.30366909575751,0.3289658244209198,12.170741256996342,18.519059748934584
24.444186789879666,0.23841119597420946,6.359690092330251,1.6142564024354087,38.34305876198024,2.8967687817555046
33.22889783160994,0.42271727635438167,9.670999648614863,0.0014029613548472183,0.04251535435830166,9.69011491781057
31.2844086010731,0.4697116212955738,19.02089708345779,0.2173329658084577,6.062779375307569,21.866702164786755
34.2430970699669,0.13307786410476058,15.964236839434733,0.8474614681894979,28.76311892895249,16.292001966253764
8.799994451295008,0.4773193629253947,17.740780406611055,1.6197384621668525,12.660548859195643,11.420396689817554
23.711333097677432,0.35666394790584144,7.704941217808927,0.8046743141388021,17.87914184951237,11.190698851407875
6.872637823785162,0.6159210066546666,19.930105192691176,0.16317615928462023,0.9153748004188865,20.44737625895833
27.229586866003352,0.6250620777451902,3.0513120936762594,1.0901158103723378,24.07106702542643,14.591615726333286
19.84375455497534,0.5606105636610851,10.37541166432618,0.7066262845621657,11.875761701671966,15.381851739936677
11.50358849897211,0.545134579682692,9.585467645924988,0.011557741266912383,0.11368459895126162,9.653754265681123
9.653133547514823,0.21255496168822324,15.96864381600269,1.0823377645711905,10.212821060371239,12.42673620938276
31.444005747997043,0.12245920781112547,18.172355450300238,0.2747897517743024,8.57578394717903,18.857446804726802
12.676683584159875,0.3694712628472711,14.622787538161194,0.648365698528995,7.664487101082441,15.528944067227997
46.630405326955874,1.1437483659396999,12.536324722606055,5.731504203212913,110.6962460124927,94.66656020241308
31.147751286517774,1.47069787618213,8.548583816970075,4.7735510956882345,14.858334683821807,44.72049114857383
20.60914120406767,1.3837335782556879,10.206518341514684,1.2072721295474729,4.627181984424858,27.50424008185883
31.591197116663754,0.7912894951131538,10.186006264496436,1.6448384651155525,36.52587540071012,33.874363298637824
6.026174196336387,0.8298326485178302,0.4073694736875533,0.24452166622572388,0.994631741722469,1.2012930678330567
48.13516459586504,0.5265051942609402,10.060916096553553,5.087953105585122,211.74101411973,6.154529490317984
26.70365466243051,1.1678897758208142,17.1194160034825,1.072309937229771,11.22744699767491,37.82109462713183
40.22308522626288,1.155068237085437,14.185480222844964,1.4415282159613474,23.416672644927715,57.03676352041179
8.722849996509735,1.2660930564708024,15.914172442500096,1.2635393950572669,3.306611001990931,18.597146780269835
26.899624887717216,1.3376267297009459,7.8096997953704195,1.063726037157842,6.611583510451073,30.099137999121254
27.08181474595344,0.6937324214072004,10.579464738259162,0.6364595152573033,13.252522140766605,19.613744057634435
47.202190473874225,1.158026751925526,0.6696713799420095,0.8466656096372296,16.031660998493546,33.761546602027416
30.727762356923392,1.2132114947105077,7.659958843386871,3.9199907675027834,42.15993968992828,45.12142822630041
26.30702304756292,0.5179573443632778,9.48832089785288,1.9895848112541885,45.47473028253174,15.986032728301819
17.01390483913521,1.3847333991219455,5.104177991981633,2.3995990399796185,7.552553222816437,16.982707961247165
19.92060488041485,0.21899204998698923,0.6248195798129963,0.7799472803097262,15.165949639389321,1.016374532038458
28.4302581112192,1.4755281287997715,13.808162175579042,2.0307035671081275,5.4918433522192,51.05276371501307
24.7510157137271,1.1625159482733132,8.701755016976865,4.580224041535548,45.00957002932995,9.849582810594015
5.972543594614869,0.21749721413775008,8.313563862244685,1.055724364422488,6.156809134899154,4.2072882108316945
42.1831365887461,1.0035359032905988,4.9997350805701775,5.947578643706373,134.8077802676272,43.08433665355619
45.3272347327895,0.13498992316693817,10.756607979960343,1.6062766868956073,72.1457225651009,7.89963105053433
11.311209004937485,1.1626503124950847,8.76053562541463,0.9904267108861841,4.446533501785397,14.231695982427372
29.931626459257224,1.203192177828454,9.47968946058182,1.702679190418867,18.315461644070307,42.81863219092164
9.88590835109496,0.9283898517371655,11.61742696872764,1.075103741134551,6.367715068913671,14.4576693176754
35.25080418679153,1.2836692681095694,0.12649294479470718,0.6691441051434337,6.680038651853469,20.552474961761092
17.655520272755375,0.22393730439183845,18.15391807076845,1.0670855815636848,18.369529798693133,16.75252778865825
34.67401856113558,0.4725288248689118,1.4217479389016252,0.14258668818628856,4.402284926502593,3.5722583649993394
37.71475764290972,0.6655673777630773,9.01849494631989,0.02015588384078471,0.5979276583749971,9.485914047434205
39.58913713629457,0.14654894824025672,4.147457504787628,1.5662813597086023,61.343060984705026,1.1690038233547408
9.848342568015346,0.7130941816816432,10.475647387397506,1.5571584531922569,11.598819842868982,8.614373588970524
46.22053303119235,0.4575743049803371,5.604602175942757,2.4841107284323507,103.00533125396552,26.0598433131147
15.359629590269638,0.6356279865225457,17.200129961252077,1.0301812928209009,12.732916164976615,21.388549679895164
6.68356502792809,0.6808217095724789,7.927196679248405,1.0101316401400637,5.246121477340626,7.171772096846742
29.968361122616752,1.3151568810021952,12.775111115368746,5.637527087603078,42.72074854969837,20.342775165695514
21.691502773809745,0.46473366569925684,4.977594562957579,1.5684041091489913,30.412803166347153,8.159538570347012
42.34053844095859,1.335167283653671,0.3881230098803501,5.062661723665869,50.04237290141878,83.10298078243972
41.371316242893585,0.6820341309102069,8.083090712265522,2.5820293232849814,82.92503331228164,42.71978434432605
19.27125017702219,0.544972385765157,10.729729791165802,0.9728146986175749,16.03164363643093,15.806318111218538
47.880472778138525,0.788905645947115,9.190943025235006,5.0206977589359765,169.38653126534786,56.127575841538274
18.09130271630534,0.6705461246103629,19.2402872763772,3.3688832423988555,47.751283848732704,1.4452252235291851
28.177570815427153,0.44662600390258733,14.136783476920566,1.4200994032774434,36.089866753718866,21.52841301038454
16.518429075542123,0.7891392065511839,19.913396012507903,1.3875284805521368,16.145996115227167,26.737372998851207
47.12196065220335,0.29922166679645207,5.901201806279439,1.372976643496172,61.82260303568142,15.726220494949963
12.407351791190816,0.5786533619682609,15.78106559214293,1.1124313182814225,11.55530628051437,17.259562683585187
7.020977872654805,0.8772586388924278,11.111169350932277,2.132730575155552,9.572210293871642,0.3153160875876715
24.579367700136707,0.6644932641591093,12.235207088969988,2.653612305637748,51.34633707005491,17.916993767302507
49.65690038251267,1.2376651384570514,19.717064008846556,3.5811890061183242,58.15130681098572,124.86501429032052
45.12547698147113,0.44571766262438717,13.079743995022339,1.691057940860826,68.85444428326575,31.95060434997744
38.68736087556272,1.441323026028906,17.976337846738357,3.5604298458009724,17.784338175935684,92.38804201061049
45.08566208953362,1.1829451007404908,14.515004694384942,0.3246701790329899,5.536081981287656,27.5486832051199
45.205098786403845,1.438281192438995,2.547722434495001,4.8516006644301894,28.977849453518534,104.4879610686135
28.34862621739021,1.2575258596485799,13.98847420644625,4.84841682246528,42.356936827308935,29.442495362146744
19.216807332385685,0.28568097348940064,9.68631177370964,1.3619922065565144,25.11234358247087,7.963301479381471
39.74055944499446,0.8223434195540169,18.375959859646848,1.2921202736762343,34.9436966669934,47.81271957527042
34.77475684254925,0.3246012508027109,16.136688943809105,2.379101443263971,78.4122064293432,14.759787347963176
21.814597799316953,1.229727369257502,2.0826937521445044,3.0866282413838193,22.522714544198802,18.806397545729247
9.251000062768187,0.9029106921017019,2.678312873071169,0.469011573805917,2.6871535173775154,5.005906052776966
38.60553251070617,0.4551110984116824,1.3922200359721115,2.2048659790697926,76.45584505278036,14.962423931897309
16.81072321652891,1.385231485374096,9.864897494892348,2.3741329602585903,7.363627726076967,21.44353871503694
47.156591774020065,0.24809653321664255,1.6154351841470604,2.0935188934062556,95.70046806412566,4.360092259126869
15.843675875255814,0.8745669001023673,14.47356673149388,0.45683178608309094,4.641873400896471,19.00330558915673
10.524106958516871,1.0940290001469586,11.047171629008654,0.5321050882679244,2.56986092793061,14.633834153759267
42.400070245620775,0.16943452151441532,16.71770035106285,1.318741257088525,55.11403867955841,17.616140003754175
11.897794248102231,0.9220309611885809,5.595915773426325,0.1062501520033603,0.7637987505210374,6.547849864532395
13.067073867098259,1.2264794690680898,10.382815683222814,1.3192960284476722,5.819202720662994,18.072954679075067
31.972225618437957,0.18155238032967408,2.3495937182108872,1.1799040691400398,37.104146912694006,2.3323301941950376
44.355291837685904,0.8024925758804224,17.69220005300561,1.0434841526729397,32.16354513160283,45.63376013570399
13.839559957155796,0.4482803876686005,3.500099245796766,0.7608716426826307,9.489686111449666,5.224400137039764
18.964565280504264,1.0128836123034648,2.0472450270081,3.367931821238853,33.81455841916747,0.5960401912128006
39.98321772085299,0.252971326849618,4.1010119704636665,1.2091512637077306,46.80705912176422,9.029736803367683
48.73218917274353,1.3956370806576144,16.124629774459628,5.037256301441855,42.77795452665755,133.3858415414071
27.533353379105403,1.3365432356094127,2.116290553693656,3.0945552565469914,19.777137863179505,38.02107963830864
11.475387614806285,0.3469357387051172,12.28854989676332,0.3775454319538169,4.074346800322577,13.062508508240542
5.62713294686907,0.5386307859231033,14.923626012302513,0.30362409569402354,1.466625085957819,15.347856961054502
15.334521349948487,0.9077596712052385,15.021623209657422,2.2841157353739194,21.55884692523942,17.036119770322557
10.931999800393447,1.089870623306242,3.801217732162623,0.9147110111809118,4.62582520430036,8.562557055576455
35.49464031257859,0.7053308560640718,1.2324799675522402,1.3753841548718944,37.170466961097574,23.60229345521585
10.4824627082839,0.30549031544079935,8.976127675444353,0.05373622596566261,0.5372075254977535,9.13137904482946
27.784846922928484,0.23268938161816283,4.049706904890922,1.4993082228719792,40.535354866499226,2.6297826562245863
36.241809603929894,1.4832022127169733,13.98541618027876,0.2498798039631037,0.7922467072547755,22.700524392289257
31.150247414940605,0.7230579646101107,7.13385599310842,3.392664556785791,79.23912255433721,20.60441076029634
13.989904324702593,1.3055506106658386,8.987078820662642,1.263063318885808,4.632162257354444,18.214167416668904
41.18560367820182,0.760790423671193,2.2696986620342363,3.51327900117307,104.80242005671134,41.49405200606345
37.19332083271107,1.3751206764835182,11.351005730963834,1.916317018822508,13.85779414384279,63.25255144737167
38.25428017619938,0.20980167691024004,3.710483792638146,0.31112723514899066,11.640965330287203,5.714449378200602
10.897598820079097,0.24646728653966063,13.57971321829874,1.0437615604203578,11.030761853360797,11.01116278440803
10.568921164265507,1.3852778632641747,1.423376450957874,1.562984263755347,3.0470413348755216,5.676457599634384
46.740314795292846,1.4102163246619919,19.517891845626465,1.9181921929593557,14.335312218985662,89.9735792687065
22.89101872212233,0.5266949163391463,13.690539571716233,1.402585166151089,27.755297612100584,20.180515294925684
18.542691130142288,0.5831701958410485,3.6345913562385235,1.0634281722922463,16.459715361223562,8.946247958425952
26.986282040819,0.7190061665427621,0.28189290923711585,0.7860506267039588,15.961635235439935,11.222609530209752
34.828889574361206,0.668337785624155,6.689257844104375,2.6505890918316197,72.455314117685,29.43583194398017
48.00304656711365,0.35261964229240744,3.056265281044148,0.5188196161919695,23.372552743269594,10.337068206853264
17.890080209692474,1.3416351320885385,4.368226662390919,1.9304816972943404,7.845330176844158,19.72206602644379
46.61637931904122,0.4409505948109641,17.45500516875779,0.5442368694309394,22.943585760816934,26.830223975514336
6.118677112381534,1.072012516108411,12.06409320101699,1.0725236849815556,3.139188233600596,12.184729935157677
29.98391190470711,0.18103347763039845,3.5291530605779897,0.4865343604661165,14.349805088654387,4.994614065834518
33.52888002564883,0.14137352857595495,11.133188013748976,0.9330988545321022,30.973633904226116,11.270794279149095
9.765383168783899,1.0000463959665777,5.115613068499865,0.9362533455703326,4.939558230909195,8.509726861303802
11.315281867876068,0.5606218970897603,19.524017287161783,2.4519103567004907,23.49712432060696,4.787698110342259
23.860144369233673,1.0024604238866426,0.6551446052739052,2.024450695868459,25.998507204418882,21.26273019161357
48.480436046443174,0.21854482616206236,14.646368443356302,2.5411856719133152,120.2674041204171,9.682145204213391
31.821914895546776,1.413509181331185,15.459940523828546,1.549460285696339,7.723387493355509,52.38202646720922
46.9860449720095,1.1323898182872851,1.3432552791540053,3.0647965251197413,61.12873064499708,85.65492587179514
41.196241202583685,1.3107663300909638,3.4373872846270315,0.6158770135795488,6.523336462971073,26.09577370961071
26.032172069988118,0.27781530260752285,7.686133182079152,0.915444950772863,22.917265224982618,10.111335109129552
40.31435521634843,0.5342955060841738,17.363096530581355,3.2812003056659513,113.84336623254862,31.915835087327302
5.802655278964448,0.6015719382723046,10.739998768369986,1.5521836814022096,7.425618496205063,4.019802212892204
9.911479854458072,0.8373009717965639,13.10613700014581,1.4426369481311123,9.572531560803917,13.51945053831321
42.324287669723134,0.5017730640007924,15.660256709136853,3.081030542609428,114.32786376943733,31.819382848532058
40.85676897463228,0.17192294893035287,16.5624557667504,0.4756730064126246,19.147951824556785,18.777421492432683
15.468833388489516,0.602317845263244,9.52569086167362,0.09482717948299915,1.2087336034352103,10.312642793702963
28.884631576957407,0.4426843545149994,10.175862775469627,2.5142567678434715,65.6228520224927,10.278399258477343
32.27071193150049,0.6261142377662593,14.360117141755588,0.752543558432804,19.678489145478235,25.813399395027375
44.0482529199205,0.36227386355504104,5.266847174712527,0.3182062548428303,13.106670543137401,9.737632902811338
32.13982208024265,0.4529427854149937,17.089794727310487,3.550907879813063,102.61749190867745,5.1857876063618775
23.565720617315616,0.9626570700899133,0.4157364895168314,3.8198169749231026,51.430282370125276,2.724741656559843
21.83828195332322,0.6292314560100085,3.9154320441944934,1.784621197321044,31.508942343002648,11.230196162754538
24.164693886807946,0.5695126540011349,16.003998860730064,1.351869655108012,27.511401788063772,24.654891755007085
34.33689615109884,0.8327393574756352,6.805164237853445,4.527858999823151,104.61003083012596,21.260394048697094
44.03707842885462,1.1649870869157706,2.9966566538461192,1.7037294849128597,29.617945174797494,57.69273910509194
25.42535969343349,0.616265924085637,3.7350951142280664,1.387661859282499,28.791446547846906,14.682600858954997
16.152780332811115,0.9075984277793752,10.61512803872139,1.1635564817595507,11.57075255334801,18.78514542856972
15.649806334891151,1.4363398269267538,16.923630586899755,3.6691022298450235,7.69734979693147,7.793473228703661
38.57064261095509,0.8160881923033743,1.413014315422212,5.314673871466409,140.43401085052818,12.197228869918746
41.74559435407597,1.3575835215514123,0.609618182492988,5.423846270441777,47.91106460914439,77.60841902037939
9.737513593435624,1.1954425006971936,9.303362716736864,0.28589623288081667,1.020589360476794,11.492540810384028
7.995148562983017,0.16925320877775565,19.123748301072695,1.0206069610167177,8.043306066985643,15.389016608075963
31.74951486904033,0.6864015124981557,5.580196068282528,1.0703661273615943,26.28739214415699,21.497990922660556
11.577795988671422,1.0623028981670397,19.183410781340967,2.8857672081308157,16.266455300787698,7.5199286939135845
42.10988857053536,1.4649761938694055,17.753623531800027,1.2375775042987023,5.504450462405019,62.06387283869629
18.965060326583348,0.7272805021076028,5.662701527750222,0.1607879459963132,2.2778216171930423,7.563227681555566
11.474236983701418,0.21681939639729755,16.338961285122934,1.4750802528473212,16.529138988351708,9.307433368936103
46.44367126193526,0.8719793046121647,13.717346051376376,3.4524110833085513,103.15041931318163,78.01288328768698
12.448927523087518,0.26398285350953843,10.236447778095144,1.52012702312324,18.268395223073963,3.8398207478786777
17.8124037052071,1.1365857202009495,8.458322860857495,0.2801492665882331,2.0993204825253673,12.600420413730019
11.912602783642638,0.7961172739874701,16.310055118509133,2.312944490708702,19.273090552449403,9.760481113484602
10.197052864940973,1.0973672058310475,15.861588653900425,0.11004064622979015,0.5116068689586936,16.800865913958074
5.951660735139802,1.3011245642143707,15.138726718851183,0.0683881953833838,0.10843715358275278,15.508099163122386
7.4927934123917055,0.9654435604701378,19.965119024305917,1.2645037477001149,5.391579085393157,19.91320315132291
12.858866192113371,0.942393083733608,9.570249218827678,0.6227380282034432,4.70735967139459,14.146047876332105
7.4021869682228925,1.1408453500531501,16.138459556398317,1.558580857001406,4.808885544857652,14.71024867164439
31.601471724993704,1.2635555486191292,17.249567339669568,0.17215749819587975,1.6453481365284186,22.289855983125463
35.632153705977785,1.3006944583962614,4.232051629073679,0.2520519592830157,2.3964378884105737,12.575966960296352
22.71337055744127,0.1381326115446875,0.8413288410612196,0.6118630439223357,13.765096551598015,0.9186077791605007
19.309599362842224,0.8638546183409884,8.094968043771594,0.7290689924084013,9.143841559567868,16.19201242162802
27.703680666000356,0.3892353847583488,17.13473368873552,2.1176960343330826,54.27958009853664,17.400979517429935
44.375222400557384,1.2885359426113687,5.782065623890205,6.616223625603375,81.77460974342938,73.0468501461036
43.30092320699927,0.9926004201283862,14.00020308134848,0.4604526561166264,10.896409633380213,29.6573600338069
6.956377790575638,0.6740077306004271,0.14696278128525364,0.7064721217875786,3.8398195640381996,0.7661043591698871
13.167428431843584,0.3499095120109235,7.107288646404754,0.46942221723740424,5.806532892274131,8.145391041761107
15.65351919969782,0.5606327437477615,12.310333895163023,1.0305705367720466,13.662541833229886,15.6786248517189
16.22244091244953,1.0699255003454637,2.5951438014467376,0.2662620840894744,2.0741409154243677,6.036245089100427
30.705469328424773,0.37260621634542124,17.932138242948678,2.8222269568939353,80.71149491775674,10.411242415842224
23.731809156643653,0.21793290418919517,3.125479542341585,0.8284188643621068,19.19485278100655,4.009986221492009
7.21643539674173,1.3271885172771125,18.195870900079893,1.396911839687278,2.431525823947066,18.407518202723917
21.81263623068072,1.154305404838909,4.327786173659494,4.138958987658133,36.52377149342604,2.8641313965283217
28.568882692293673,0.3662328121019705,19.885573478316815,1.107349006054334,29.53773755503799,25.19972783499683
9.575235630667219,0.4954103725548968,12.094974265911818,1.8719191134462325,15.76912230999313,3.428427023763234
42.505634920485186,1.444532474709992,1.6868978887662256,6.215664703912863,33.27044016708932,74.28228841736063
7.338283990929692,1.0760785430391393,1.305544689573197,1.387936911930601,4.835703531530558,0.820617947929021
46.61788410581279,0.9397159929521915,1.4984339251893752,7.002033477418712,192.59345574927656,24.562190625672287
9.460091371094398,0.5167968580856732,11.797854945819036,2.0800824879926916,17.107977603089942,0.2979237199714504
42.960872821898874,0.5049239538963983,16.191584046547703,0.6464397181531402,24.306029834101853,27.576126903785003
45.61939147674277,0.14245184487549972,8.059254835410115,1.6732724651819921,75.56047887841831,5.163169245902431
49.08068062639667,1.1044190320808212,8.896715185637236,7.349980026124788,162.20888818612636,66.1336882363812
41.09116461231171,0.14755044920229177,11.78575407329256,1.4715837787722672,59.81204427128079,10.053590323456234
40.0764893347098,0.09404858556731825,10.660812095727115,0.5317916140770722,21.218155122580853,11.275108681535812
33.911747419799646,1.105833755423669,13.761234662025403,6.374351844671486,96.9262668259683,7.676434700287132
40.05483595601581,1.4121441624414224,9.435714403260532,1.695776319363262,10.731145703940745,62.4016077075815
11.05484937859162,1.1435439813367865,14.277213701281351,1.506831077165594,6.902517142823493,18.300599569865867
29.12306161764368,0.7458003994900444,19.946214850932684,2.5369313582024726,54.27054259526177,38.51171987623468
28.14002915856865,0.7659136560808971,7.005956844975298,0.6972244418519029,14.141041122099091,18.221972363461774
43.59074648551509,0.6962277876474332,0.2443092583070161,4.124345402679898,137.94176516699207,32.109209992069694
25.825971451708213,0.5405545335456163,2.5125009110330954,0.25655760572801245,5.681158612039222,5.599383526811917
22.329027324515906,0.815716925959542,11.070283699739075,2.6993185808254974,41.3079976280572,19.222826463902408
33.780347205669955,0.6892667646187098,6.8851557428930406,3.971378324938957,103.52873970852139,14.842716149171082
16.990849287538072,0.9224663815105959,18.79965187409985,1.3193621591869924,13.536691756079268,28.1299463971756
11.28957849292806,1.3412786612413665,12.548921802147659,2.180512712022472,5.600576885790023,13.19895113052192
26.50447733106856,1.4765616962517802,10.407103719309358,0.9012422113517897,2.2476482313806416,30.204050837221825
23.760021586769824,0.197212836384456,15.960790025440375,1.9793710300301504,46.11829409992194,5.958338241760579
15.465647323799317,0.6243859166753967,5.171797420981903,2.1910182443744346,27.492073145419322,1.4344899680107375
21.53803145518076,0.33957991019045763,16.394770805647195,0.41233193203740726,8.373676133641204,18.518955145377696
21.487660242181132,0.578919393294389,0.0612220972818589,1.6618465738781278,29.890536985322644,6.052121532771515
19.737300398564546,0.48865451734505344,12.393547242714353,1.4130308536971934,24.625384587576328,15.692307884028638
22.075883587711804,0.3309662717096511,18.69514302091558,1.4967118785519278,31.248049217106605,18.444206372789992
35.85845054551754,1.154117892027365,15.757199040677401,5.041021303707611,73.15945013946879,56.408656212572396
18.359441355707837,0.7802162708360016,17.072683842947185,1.7593913280384976,22.95861880187427,24.61136822838483
47.69860670219032,1.3707754261279428,7.93909390343001,5.821671076945143,55.17330024672998,113.84877108105181
46.235660879218,0.13277409827410003,16.484778922002526,0.5912137767029215,27.094568212288106,18.389062789633087
26.640969273503536,0.18078541104749438,11.016633300605331,0.7814246898667646,20.478637023214965,11.764626956622834
19.776254225210995,0.6503426072756291,12.370804730063977,2.789122039473485,43.89925867433566,7.609967989056969
29.094565542350143,0.19935474705802628,1.1783067867160701,0.14862317413942455,4.238485474554781,1.9262976250551302
43.185221994813105,0.45410618258969526,4.031033943487843,2.428727564772333,94.25539398833692,21.106661362629143
34.36643032520459,1.464023705742184,11.019288310271051,1.3407433326402691,4.910372874486127,48.01626249705754
41.19763225761849,0.3790291149422366,1.176021156469953,2.6946615558591978,103.13440459123375,6.636963215021943
28.972502422958307,0.3638910141401727,14.828936131754265,1.7851463076212204,48.33347019143144,17.605823721922405
33.48129331704293,0.88821993410591,16.801140170438032,2.369609128617921,50.045689583182174,50.82133611915513
17.967002638210776,0.7826032500912964,18.407247225896096,0.9042784721075076,11.52055110533179,25.85266534832815
38.07019230396308,0.8977112138684393,2.0353691835961185,2.6806370889825235,63.61957023715108,46.58391035612209
14.108206690657326,0.6132881436521953,18.794404960456003,2.8278508234827227,32.625271178981016,2.532859546613288
36.265915796832424,1.2416444875377284,1.3524001525858997,3.5827633690757206,41.99934964261046,61.3478960878941
43.732358074665235,0.2807614147517448,9.481124318556306,1.4530761103779333,61.05826710497652,16.732473996078713
10.944627678569477,0.6854154355008021,16.805020412556235,2.0054802759537145,16.99213511427081,10.971098987382987
32.64708832438639,1.0503556873990323,1.4062227712891073,2.2075204711508047,35.8372676079336,40.03061426049938
9.279308670347056,1.2995532280982547,0.36462145977967264,0.7960985511155086,1.9792591097721959,4.3731214079618415
37.65720327221421,0.6032857708245026,0.4989543741330138,1.4754811452575955,45.75437300157745,21.344002551170092
8.802194847058411,0.8799888640312142,10.22540478872067,0.34597895018385105,1.9403897511291937,11.985435891832267
47.11729202152817,0.18380403740167872,16.23193489193326,2.068416495652468,95.81655364213995,13.059158711695982
11.183356851701097,0.32507677192337625,2.548533421451993,1.022884166856415,10.840160274087836,1.0699654786292658
48.149611065908616,0.1838015485047133,2.4922050815908126,1.8499920723168506,87.57599551221313,1.98533736133491
41.03978792382935,1.1035799128179131,11.370937100995832,6.84262129717887,126.4819848224109,32.43465286857537
31.715690200985936,0.48947405439117553,4.685912016238474,1.503171154267686,42.07622897954292,16.017493115124566
40.21808470832961,1.097805523371668,14.604274702897477,2.1834880852449428,40.004512992323754,69.39350285315919
40.78016775423887,0.1799759495567638,18.992707763534998,1.8167398425171475,72.89030290763387,16.065544140993204
47.571217826779865,1.2916103884365302,15.320668132008262,9.209823092347984,120.73481888316243,20.432877951744842
16.402250922763425,1.253886699150041,17.54350732757833,2.9508792083299418,15.083298807013463,20.823131317967196
31.553415291123912,0.21143441187071307,10.391721151433407,1.127986221679678,34.79921963839183,11.620220929991477
9.277213890398055,0.12043680311565233,16.646386084350667,1.3496080393372836,12.429906341126294,9.216512282741634
32.727456501085456,0.16586047208572238,3.6580636797336474,1.2168129339903788,39.27668498475495,2.9704063958648286
12.708108684175496,1.2791590318621,1.3669578079125477,2.380067829018318,8.696399367418449,2.5504905894671843
30.422777516259885,0.41497435458964016,13.11906220249372,2.5254133079911716,70.30926110465597,12.811697409623726
30.759373131523237,0.852800430396422,1.0390500751611187,2.0651511997105425,41.79013827110336,27.960583307899526
25.96933188415523,0.6824156436422505,17.84962838279361,1.150395105104971,23.184532921576174,30.199554966149712
28.518429898090524,1.1980296399076857,13.831082942148372,2.9459675348772,30.597487171195723,49.50647740568234
39.37655255029646,0.7698972680453995,19.04401450817824,2.0389042051544606,57.64321275371997,54.536599165065496
40.966012243043,0.7863208710270654,6.277733126264713,5.769948743713728,166.98580363937833,10.273206388416327
27.14689470089431,1.4682993385365048,9.723166184032417,2.9688840056315633,8.246388728928524,46.66215695233545
31.981704868517554,0.29688686818645343,14.833807300902379,1.3864835719410986,42.40222326566847,18.37679421249663
46.90563060605458,1.2471479698318604,4.855579709216411,3.1944338142402553,47.65228138784555,96.86057797814779
10.388011482550526,0.15952273842829656,10.836976402233338,1.064030563338786,10.912822007898706,7.039488333002683
10.269660465504973,0.7541899583715604,13.189345500109562,1.3034562317046885,9.756108989461145,14.02117012962788
8.946905535984579,1.3248233388169564,19.576173088940823,0.39610377084366644,0.862940887866484,22.24382202331192
34.60384782682375,1.0160803770029347,14.894065884847695,5.620746631030341,102.44322881212453,25.265701044695163
23.837373535567075,1.0440065578588142,2.36261700558148,1.5482909449100675,18.555493001528234,22.507843061522095
39.84446372638295,0.4549267468220298,9.506669027666206,1.7511219494948775,62.67617700933769,25.123639019241892
35.205413598886665,0.6717071246081722,11.775415659791442,1.01836761228439,28.063568189582707,29.00013759394118
20.013699124770717,0.5991101852813835,2.932462857287055,1.403741588069911,23.201135803952,9.10966931993457
45.42649463126911,0.8153385329537758,8.639321139621568,4.909930803158567,152.92177787651258,52.756807399856754
39.31394661817935,0.732658404654545,5.68011632671646,4.907048977517342,143.41315386906817,16.603154425593615
17.174072340957906,0.5437026673674324,2.3765508452405193,0.10568565855362717,1.553320905783736,3.26070665429335
21.38864079974243,0.5137978615505517,10.24083866926909,2.7939617122018534,52.04320607173818,1.3221890704702304
19.14979910919183,0.43752317440215566,3.3126616202469084,1.4027333520521816,24.33175947985163,5.042666838588264
12.092524188124985,0.5969685732780884,11.810748171714467,0.6801448643607908,6.802158331097567,14.165107746794913
11.650251764398623,0.29662426062017916,3.393938644837309,0.2552813644665081,2.844209526357669,3.9435947772862745
47.12573585190848,1.3049537818612642,14.471898472056422,2.835996808758385,35.11242581299191,103.97514816151892
24.705681673943896,0.9279837328076497,3.904832460593408,3.6957271680639256,54.73297027135885,9.99245284448989
22.249392024983443,0.2740675522866915,17.92570201552299,0.7639291143989841,16.36259756903903,19.663421098795315
37.835856890482006,1.0560768568111405,0.524187130976177,3.1148554756808533,58.01804553130873,55.5173695368206
29.884687936380498,1.2708321286249789,10.439947740914718,4.351467283444052,38.42566234790687,41.79793509838473
47.1262994077308,0.418928828059668,6.402095317730938,3.677829760049272,158.33447700576326,10.559448398630622
40.11356722592265,0.29754456073136315,4.501530515491816,1.8001110372622269,69.03596228304296,9.777101829197223
26.571630385604315,0.0992984233577119,9.432055583302962,1.265963861950032,33.4730181622106,4.905771877623608
21.93617630663718,0.1532403814580107,16.840390726485214,0.3857242657830846,8.362162853213038,17.402155602574705
49.39841952159449,1.1515701230527062,18.305544110532974,8.41272332998497,169.16147343747463,50.74765913349074
37.299210620163954,1.4656386085848008,6.064972362956915,2.129223326727033,8.336068977103341,62.80734770308921
47.80375970017285,0.14993121432514378,3.084872441901425,0.23163481462106722,10.948790789573184,4.475673769320529
10.331535974766862,1.1317705645593883,14.402808951326145,2.8449551156916515,12.493620837009644,1.3081983843314617
43.274015563585216,0.18760497472283272,11.639974509119766,0.5180393701338007,22.024297960820896,14.504679940211444
33.66832477960434,0.9140398548960414,4.020322973551198,0.762928376282888,15.682937608099971,21.508446613937263
10.486475525080067,1.142946708305219,15.20591576174873,1.8680957571186043,8.128081402993455,15.912459013471647
31.47160999861493,0.5888104161968162,10.378608704842822,1.3015287843603336,34.06341817889355,24.818364107668568
35.8743364297452,0.10253421349318954,13.067903990148151,0.27322018733158376,9.750114672236696,13.70498789403305
5.553620864987128,0.9183075719917639,7.186780679267775,1.0466448608844008,3.5292535877107896,6.432124848537184
25.444308282878595,1.4713050588997423,8.78195122604752,4.16531844833327,10.527060269628556,29.140339748474076
42.14297800383445,0.4469682417224515,3.606841967498844,3.0951616220363074,117.62518670947563,12.997077618452664
18.291156140484045,0.35184619785780735,15.130317352906818,0.3907661487876236,6.709690930694103,16.844608617410753
25.6346636809348,0.2602996511614939,3.1402264830358373,0.9565712062944628,23.695326947396588,4.963082641687286
24.904135718055194,0.8625495631963668,15.566051895021227,3.704845953109908,60.01931778578138,18.316935409775795
18.586732614912123,0.9200609258974362,15.96015709769172,0.6215203081732419,6.997893732525229,23.2566585132976
46.32988529819994,1.1934852366921482,14.932019281102434,1.8930271766399593,32.311987491059085,78.88923020780169
40.15823159441821,1.1387551132757208,0.3884557611748085,0.01795416034226549,0.30190402882871814,1.0416307065387402
9.976478494824972,1.3334894861874047,5.462664252133472,1.2771782848824418,2.995402533708799,9.846354483172265
49.866559602690785,1.2123373912998938,9.366754855836275,1.8916847460432429,33.094574048744825,80.15030095252402
44.56400109384854,0.43251644112280974,11.910887574335916,3.1610184833347175,127.8956722031086,21.945572885448087
17.775879703881753,0.8634177388016055,18.384441987381003,3.611345276383921,41.71660250288724,3.2067834676683873
42.66034608474222,0.5025318962788894,7.512119442574045,0.9451014898509169,35.33363268680191,22.550064000105134
9.78887893421223,0.5477337184487484,17.500466375479082,1.6089095069769268,13.445388663065868,13.005004345628898
49.95971287134074,1.38850627767853,3.268585762736731,2.135883527049077,19.344279074003403,85.8320777126813
34.95581312479416,1.039372758542686,7.425609750172539,0.11490119056591183,2.035387964145752,10.82339255304078
34.25562570014586,1.4480513881680344,1.04564021642646,5.280974069329269,22.14922056244983,43.79363930167659
9.069832714285974,0.6693861792864244,14.849785821112444,1.0441237527628224,7.426421273421624,15.378579393205122
45.366502950348135,0.8376708769161514,3.013055148658259,6.590655556832668,200.0860689366317,12.134985904181605
6.304977644201124,0.7674078957818222,5.140400312969156,0.8350627827303517,3.789324974841569,5.375375712665761
15.837262611851617,0.2370674544849636,15.504665043864296,0.3459965360019661,5.326377301040392,16.20437987892432
11.435984382498575,0.4177647946418625,10.6943343484542,0.91009408057766,9.51272911580814,10.854309689926357
39.954557331149836,0.8239858022627815,0.2794543883692513,1.2147735495449483,32.97040512238349,28.659669180487196
13.919190224580404,0.18133873906485848,0.044704094947942696,0.46448430700147825,6.359235684199451,0.15245610664223364
45.97872022088984,1.3878326644732197,10.21321263479794,6.5207479533911,54.54982677373048,96.4632176710225
34.532106769737055,0.26018486321607415,6.099110274983897,0.7992053051526936,26.669353325224712,10.066045769463686
6.6273219722613295,0.3636997330421961,3.6062289199035424,0.5968652029481235,3.6968694405081783,3.265981417187772
5.244342535791521,1.1558564780494809,12.271878754322218,1.4359679189518242,3.0358909518067425,9.04940588909982
7.324606265647952,0.22261261565056129,4.568729434348542,0.8955370454650619,6.397594909975322,2.0831722083858337
32.26663299414775,1.3442918243506279,11.84414299369896,0.542365514556406,3.9300914553568647,27.454591032304904
41.06668148867369,1.1005361685218942,7.585319011725458,0.17261448675418375,3.2120209979056757,13.758399206495843
15.734876928232481,0.18307925396692806,3.7349243533957943,0.1387385616495999,2.1465507835674433,4.0379503369520915
43.22339793153828,1.0532671937742475,2.7620947573749732,3.0536977929897393,65.3005789890688,71.7288148599722
7.575437306896717,0.9691862794366245,4.737212062545762,0.8436059786785791,3.6169391837305827,6.515108240231179
41.04337341387543,1.1447257577535501,0.5966421602597016,1.0419521460916812,17.674693576260292,34.21334110762649
46.75079435775262,1.2436488133105348,6.162539240725369,3.7673379928188964,56.59689606860174,103.33149627076762
39.74487795969713,1.090273063473883,18.039093803635883,3.385081733869421,62.19004909656531,81.1372562682148
36.415435279038675,0.9057229705693908,16.627242517660566,0.695306644275962,15.625333451462284,34.179417252110056
42.709109839492235,0.5375101926924711,7.440075134393178,4.377712255900922,160.60308336806318,9.166370805532708
6.806808479617989,1.0608441575092984,11.516672371636076,1.3500013975861196,4.4855752269177795,10.597330588140188
14.080194982357492,1.42345086258649,11.34721118028117,1.3600200310872461,2.8113708309941274,21.216506234832863
10.621565568753939,0.907601622392386,16.574750783874247,1.459806670955965,9.545725724960366,18.34075924986975
27.703894558684393,1.0148668884322187,4.725802030339312,1.5680352940738813,22.925082838831898,29.56467373805857
38.533465774798,0.6976123497343757,5.9277497758602475,4.507158678816916,133.10183624084698,17.85318374607668
33.35053300593794,1.143010276428698,6.035708674912231,3.6682926004746728,50.75344977754822,51.347276723514696
43.300899489287076,1.4802729294873365,0.8173997954334866,4.360368116221859,17.068195912496854,95.59436423089896
11.984584659849089,0.3112122058021309,6.293757265783844,1.4273740110741109,16.284741779961355,1.5385522944216685
38.05794913708227,0.36987754666052025,17.558275531760138,3.148752362844029,111.73080643601894,12.24748377005141
13.686867089100684,0.8404636624614898,18.23975295142962,2.6253377010923336,23.971298099688354,11.2006572585451
17.184143809301013,0.7593933122246471,2.1927069153710077,0.5831904728922437,7.268224857566432,7.424168662650343
36.945711377658675,0.8853284341642539,9.161170832368628,0.9394582050841945,21.97199120606508,31.701103207216715
49.10921532044068,0.15578675940526807,7.626978031752783,1.5498311888254963,75.18927154476539,7.654464508938579
32.519462268968134,0.6517428827006291,9.787183932467759,2.093927772647343,54.136151561840066,29.584665823513234
7.452514174608302,0.9012576738475881,11.094390481173544,1.5132557533238147,6.999127831194426,8.705045985116781
32.73390364673897,0.9043477293570298,0.4051752003549214,4.001873417045956,80.98209937640331,24.818132687651925
6.905774821107519,1.0050778160426483,16.844844958423216,0.7502145529642122,2.7770323361718465,18.45786486745774
44.78655701150677,1.092877745138553,19.47328146346677,2.4397196409858872,50.25522217551252,87.30135348390516
36.93102282952793,0.9830353430204776,13.068096240072846,3.271609227066941,66.99673483700967,61.115518598230054
12.790753089012645,1.1906540588313017,13.209044769867385,0.8890671070908611,4.219549827789725,19.89195844533535
9.127445262088912,0.9595968715673653,10.559597156614169,1.6117112946675625,8.4417990104849,9.865870529209536
13.258995299614353,0.8377687398775403,6.685468234287635,1.9000676173206577,16.85719876690526,7.699376625979895
49.10122307993866,0.933676350433634,2.979556483590422,3.833577093386761,111.97678815437125,82.19841316352979
25.63522891063204,0.2285590570816216,11.681266853921013,1.6249099992136091,40.571656704115,8.168374307221026
40.28364267536336,0.46866494332118086,0.8988280701841411,1.918443296251195,68.94874267857182,17.75423114779735
33.63837539484996,0.8236554743421403,16.49005135383748,4.0124288928640786,91.71912970492313,36.541436320201015
30.75859174813868,1.3061865615258559,8.41823398941231,1.4226976261389281,11.4447140234709,40.727264340983275
11.530861459927236,1.0354012984410832,8.295084483239496,1.963920723495434,11.553400892976478,8.853395967928883
47.571100410114276,0.21349995377859782,6.543417169518115,1.8402553172465494,85.55533586470459,8.481191846897083
18.560418463162307,0.9142382995870053,19.38707777397173,1.0633054759831513,12.04636829415059,29.47375805856944
31.010774711339398,0.39687109948082516,3.4983390554143767,1.505140623981173,43.04771454312573,10.428037415073616
36.48991750650797,1.1121469211977189,3.026156429504223,5.78338434633956,93.4332044759262,28.190996518731737
34.2154919860389,1.2425918419426303,3.310630030900603,1.6727932346043057,18.449494569876013,43.76564331509102
47.32674843629833,0.9158877364643575,13.17054965701528,5.8793905058863745,169.4798711686735,64.30128359058662
11.67975454640261,0.9129644316680094,19.837906374591967,3.017364698108518,21.547099687152095,3.068134844069725
27.875873230112393,0.5600293028483649,4.7095034080350935,2.8664865519201355,67.69936699844347,6.853218691503443
23.181547583334467,0.710349035108454,18.112347941349757,1.607725940644581,28.255344083621104,29.737420257489894
26.337592826717817,1.2937893320449874,5.572331184163448,3.264443831607912,23.51297753945815,36.00171748708027
10.364788678898508,1.0972121683590752,12.957998402506004,2.794814213937595,13.211537683481714,0.424569009665305
11.03425744427444,0.8129794754783255,0.8099790386673544,0.9830836876483434,7.455959929687882,3.9485506944776265
17.513399560156582,0.6014158668004816,9.91307949152378,0.31679370888821334,4.574633156322474,12.560015028555306
18.71170716923741,0.15760984735398262,13.091399325579635,0.08905761481053683,1.6457651633052195,13.314054669670258
24.25564461566075,0.2869424632290226,10.726395544452572,1.846008641736952,42.945399506881685,6.68397825259046
32.49443961664827,0.3567804703395673,4.7567076976358225,1.133686302634836,34.518638074258746,11.318770599896412
33.55831028382183,0.6086082388098407,16.56993896535831,1.1451279185375827,31.52849976738856,32.10853599147098
23.53149034635066,1.4055396828611828,19.402730224764806,1.8972389812984705,7.344324423588518,45.78373217291082
23.39523992429137,0.7925936600326894,9.183921913841306,2.938212364459826,48.255645421721624,15.793743505133335
14.79328370136329,0.41516518778328454,12.718385303785073,1.0838095706456292,14.671085688712939,13.423569515055412
31.47378117840537,0.234921509250918,15.808265366911451,2.3372775076315233,71.54237861430651,6.135910972821232
19.266841009275705,0.5596300851603889,4.829781212435879,1.8240793675401366,29.783046615571394,7.166666858196752
6.622692542481366,1.2262412945798646,17.289007638575708,2.549452196554205,5.703122395848728,1.299828487042216
23.828001987058716,0.6225139753041794,5.60401810619995,2.8348827652001116,54.878313958770576,5.5714650423332515
26.335970379057663,1.165888047068817,15.516616070304776,1.4023642294555336,14.549032762627062,39.816515066200715
15.151679069189495,1.208054043044238,2.241984648528441,2.0025174843900673,10.766360459090002,10.93965838689024
30.760606990495205,0.2420014474666566,5.767734068283394,0.04253939197920203,1.2704071018680412,6.072444065254668
30.459735519436443,0.9371157992166431,10.672398678797354,5.35864444068386,96.64667860557559,1.3587471266328919
36.590098149966714,1.426417194499082,10.498441914086303,1.9996994167789948,10.527441491997171,63.29224249755602
34.15768169905445,0.648757138975604,17.008623689727326,3.266333860817481,88.90323219470875,32.08793070066641
34.35948754344642,0.15839782960225843,19.922545152772145,2.243620836719106,76.12459760947033,7.391424942609213
19.22963683208194,1.376440217601425,2.1442169172028125,0.6349707674242026,2.358225681883009,12.146945737335463
40.43444998936793,1.3210973507833264,5.427762656500741,6.888230430556407,68.82615982084802,42.58067446241898
29.711497261985574,0.8163134557937356,7.151964204461516,0.057828156216564265,1.1767891016137204,8.38745797387016
24.413818783095056,0.8583572829529524,9.578368156200101,1.8689036133366546,29.82557463770116,26.975371078441437
33.17056164234757,0.3829128150194833,9.87819486308798,1.4932029173435697,45.94340294652046,17.44747185501948
21.229580050261443,1.2314355619764445,17.12390126296833,1.7984367071184515,12.70954436300712,37.261851605467996
28.07326600730412,0.7834434482407358,15.411186055701995,2.759926703142714,54.89373181032559,32.72838957443202
38.151755981699914,0.1345687880840167,0.3770315807590663,1.0178756802402362,38.48265940654958,0.5051558773410942
44.888129902566845,1.0409352490317716,9.100435211663758,2.656778548175143,60.27450931671193,77.38349408989629
46.44757387828363,1.4144096174782426,12.361476764881775,5.570138041629137,40.29555538010367,115.73891551351372
27.663481633239464,1.2449789466844206,9.207911741860467,4.9787130921818195,44.08460086826919,18.10737092907621
28.412380163325608,0.4743080807660211,2.6129051205140463,2.190344243468882,55.36293889372343,7.503833272433415
40.99416848437264,0.16172232707910972,7.949481673812963,0.0860616144418314,3.4819886190484377,8.48122876439514
19.150281128489056,1.4002447245653757,8.233113902594722,4.000422891881622,13.002574997456659,5.234241190400425
42.682206305528084,1.3956528503485626,3.7543184489951753,0.4038252997152334,3.0033899838038263,19.926904472199205
27.236374093284056,0.8306584879635439,15.126142289419068,2.796219995186159,51.36077317535149,33.00857096766349
10.213552595087078,0.984110756724208,6.428013602849536,1.3250936190618632,7.492426918494703,9.086230204591102
8.242661618282467,0.7331779969460577,11.779745811372324,1.7386129978671525,10.648519025953112,6.543697454056506
42.88969449677584,0.6733694819369979,10.314603619175351,0.8631462073402224,28.939513110159385,29.746864953650032
7.500556260809505,0.25404794206478143,17.548541584327776,0.3754886893483237,2.7259769085149776,17.56479947574933
17.627514626014516,0.22235899357960057,2.4402986372567637,0.9065212937027536,15.586295638109151,1.9334889786439486
20.035851822569562,0.4122218413784244,2.285260165069203,0.28164668634967177,5.170330983065965,4.157029876972982
12.784750033621721,1.2554373170906858,6.006393382460315,1.3614695144507294,5.398621311695509,13.462158884009176
19.125201641089514,0.29088676688740966,8.624299362516702,1.4619798717746533,26.786030448815097,6.159594236136325
38.42116550262885,0.4037974934592565,5.970844975042791,2.235300765199134,78.9757781860628,15.207185344359086
5.660727960203184,0.8532761952320376,15.263741647904876,0.4741957861613007,1.764971908705261,16.183245514117786
42.22280410343089,0.3876463089430634,4.905316862185993,1.0750232374849087,42.02258175937848,16.394811190686838
43.54466106085512,0.3151459833668923,1.6954948554448945,2.7829130750244646,115.21298027300743,1.268897859958301
21.751770793619666,0.8738043144068857,8.27599619768295,1.7227929530618864,24.054960472908757,22.451907986452394
11.912580457728566,0.6012216252658517,15.46758576276968,0.11518460788100833,1.1315335617636553,16.178663453870403
32.037818357528636,0.9615497569879163,17.011238871734825,1.3044035891470787,23.91445739897867,42.93685407100367
10.385265013920245,1.3609453941522829,14.666896967267016,1.04474411561444,2.260196480904137,19.925055402665773
21.421371248521364,0.298092645914795,11.157733569994882,2.2790833472915115,46.66800290443238,0.0187125169419744
48.12931314054376,1.3626604515820988,14.483834034983534,2.996292320235,29.798925382896396,111.54501838704202
49.79590126626367,1.3473801744194203,13.627790706077228,0.2685214339837656,2.9625667253677337,26.313062462508007
39.74472011095635,1.2448911119288668,4.687332649901217,4.000227165632227,50.90259960043465,76.81740987265717
18.99326794643448,0.9687078848768237,11.015177844063874,0.31641960470667485,3.4037637911420995,15.477121706032477
35.94492721247416,0.9531545440406186,15.41218665276864,1.7706564743183737,36.85837359052231,51.92117982661263
36.74328644678057,0.9797757055055406,6.342413237502765,6.372752950930126,130.4737229277687,1.5772393866026277
22.45287628236424,1.051380129729635,13.079462934338629,3.2122667097554745,35.800747622510926,25.078494221089294
33.83998855637717,0.11027995606988544,9.62960855037597,0.0927866581747656,3.120825584962448,9.932946154380161
5.482744023905431,1.4250160662219364,10.0631770189004,0.9370119565423294,0.7462811483708103,10.83953280304256
14.407594637100866,0.9049235625707455,1.8011007556431946,0.4220854131063285,3.756657043882018,5.709394567078361
28.62897363352675,1.1783986137543963,13.324343306107595,0.7200724916886903,7.883254470842746,29.829173672205926
12.368808691623315,0.6140512865677277,17.313740707090403,1.6090384168473846,16.266220297719023,16.081810289610594
12.465809054444014,0.10457623867209236,2.828625760517256,0.45687988185207956,5.664262876022762,2.399275990067509
42.63369307476071,0.7989903127099068,7.322113244328987,4.799018582270159,142.6942329188997,40.98409364474509
49.51098512076225,0.7954374638513846,0.9733490968167002,6.45694342245713,223.77392041029034,24.786214910210475
30.018624261280177,0.697418612758245,0.5926377195278221,0.9771123346269646,22.482723526131693,14.74753739069504
42.7581378896771,0.5616009522240482,19.793169933434875,4.975712225840265,180.07422371369614,11.656053732228216
49.56447489468226,0.436089485772206,9.869430166127692,2.4328504409452822,109.29764212934677,31.771925874958534
11.371814985594861,0.8238580635594049,7.1103803727049275,0.6017257525415111,4.6489078878355725,10.355402844437927
25.171052596445797,0.6112535944725722,5.497541532500378,2.779364488291085,57.2919038402925,7.756459542459773
22.665772212886395,1.441546852942736,19.600252898899182,0.18944057769116873,0.5534296974416355,23.68222543153206
8.602217764078326,0.32871853357111785,5.045015710433674,0.7475180697810689,6.086013780790192,4.380084650555066
38.989857775763504,0.5336037954276577,14.514167914754864,3.3742984110291516,113.27342087415359,25.584719342584464
24.520056229516683,0.4977127096674624,5.675161916118676,0.7838945110481871,16.889168555854305,11.837583300530007
26.119712038568057,0.8458691811289631,1.4097901071383823,3.503145517723789,60.672667187199885,9.70847016829132
11.780283821595809,0.7843932125518975,13.665532290358826,0.6537176475492088,5.450884398360896,17.00933607106905
13.141699350389066,0.986097714597659,0.032616952597297466,1.878914344837455,13.62877248632779,3.306635233724105
45.819662997029674,1.4137191663033732,13.51497023121139,0.7474310956590734,5.357333902228468,44.600192333132405
7.00920900384255,0.48551022563813434,5.007531979796463,0.2234856390784249,1.3854329606539688,5.493550264131734
15.478352822466782,1.0545580504163252,14.922084641430025,1.3682918892648115,10.45416430983456,24.15774786834143
18.142669864153778,0.1222291816243751,15.395003347012988,1.7178476190800418,30.93381978296164,4.720304285595786
27.058889408071387,0.45362988407820565,14.482144776350758,0.4785257648957921,11.638806798495851,19.033345978404085
31.390032785665817,0.7347413473991623,0.4896688293522078,3.7761197048297612,87.95162602523793,10.012521381373404
27.198048913279997,0.13054335139611717,14.074732392875369,0.48079844848272857,12.965513460397277,14.643099739528138
8.785190055059692,0.9496957246539754,19.802912281115262,1.2966617189630156,6.629015264132686,20.819921455514304
15.96503543250711,1.034366740024974,4.852507370512457,1.0988512731757607,8.96580905603445,14.008909016883983
42.96147731431435,1.1299006268387013,5.484771444506771,0.9520797435964972,17.45523646265857,38.029818923551915
33.69149152153066,0.8085405379093131,16.27053099161079,5.2543508903346146,122.24678260238441,8.89234236039394
34.211707256042345,0.9305322948982065,3.207936101121611,2.5011161552973373,51.11861288638742,41.144103369954905
35.159146490810976,0.6402778776035792,13.211673510091032,3.340471489031404,94.18515015294649,28.64366624671151
39.330635856778805,0.14486656209345772,15.100527550011568,1.395808137494556,54.32297456818783,13.469312251636097
7.61488167746513,0.22682558073921727,0.7432132363871435,0.3016177126908342,2.2379515156326226,0.8135028342086659
21.49737732196756,1.0018132997564173,11.075241885304523,2.605953869072564,30.182840263264527,24.960408847608846
29.278734586775542,1.4773238916757434,11.517545170717657,5.672977426666794,15.502949017458231,19.03405787202115
20.23054174837967,0.10933194707008705,6.068857947835884,0.950982497152245,19.124019806380197,3.732171718866966
43.00154929792339,0.8657998925520152,17.526893387950345,3.8205418953757957,106.46452665043525,71.05581076305793
26.715762886428227,1.1358724985274837,3.2549943859971275,3.2713804630012024,36.82414651275581,30.022938558859302
39.58824152567206,1.2416618963158792,7.283894190117211,4.746539985434652,60.73611538792984,74.59677968811377
43.340698259652605,0.8485161125473588,16.97337374294659,3.0820737366053383,88.30885809675621,70.60442950177062
27.715616730657413,0.9528324577949612,3.81285513211985,2.979185405232497,47.83911921182289,27.577762042407628
45.929850974210744,1.0600780046651779,16.4274827265535,3.797061881539584,85.2466834074066,97.85289335369372
31.420577324164125,1.2866096002523644,1.5813835473591142,4.697876918428121,41.386434282787214,35.01716702561819
43.26234344751748,0.2580148677940591,9.7845813437998,2.8399856466440694,118.79742660816142,1.573503173653478
20.32658580161859,1.3804607664676147,1.5066132489140682,3.977057034966377,15.293989049541146,3.3043993048823097
27.446763133916836,0.1235936109833135,13.558071701230286,1.6766679960391158,45.66807682250019,5.4422580734590404
28.913496845205998,1.2548215712852995,15.812029781112004,3.6880932095217425,33.1363010038791,50.45062373972006
9.724087215323177,0.19441631162784626,16.997170964936057,1.5457602656629967,14.747930613602932,8.181205519390877
22.934862801569327,0.359018711381647,19.625245014879773,0.5312610258853736,11.40754652449322,22.521923954760858
46.28019526482542,0.09270371667214736,13.440314445991737,1.0292621330471912,47.42991429792847,12.653621397676197
33.387450816413406,0.7089621048546584,15.381238276800406,1.2999644513435809,32.9441462833724,35.34927899264274
12.987796209663538,0.5541200138509715,10.115165566426587,0.008013108760543463,0.08849959312133017,10.169613131339647
20.248503602432223,0.319036289833328,18.254738023622522,2.593070240674366,49.85625156118983,1.7419800339706484
13.622135434821493,0.7171071449500235,12.87516764398925,2.394670236901712,24.5864166262664,6.186149506659348
6.117040930935764,0.6490822006406809,17.67102812502687,1.1876898075876337,5.787698867752362,15.14345860701393
46.7357206326812,1.1591234673879478,4.7090403402776175,2.2468892319458327,42.01900969324411,76.18278167937864
25.169329771559216,1.3343116218210576,9.934755614361286,3.7185053425219694,21.92742112091293,33.09932359829973
18.839078258935377,0.9984222333218257,14.596378421276079,1.7291644825506811,17.644042235391343,27.314221438403045
31.931473620098146,0.26097613515682666,4.054435091253666,1.6690321375121504,51.49002254573966,4.142019454436683
5.329150533185704,0.49970981842127987,4.226795865239565,1.223813609037759,5.724401342338877,0.0055786712476715294
17.510994797036624,1.362499374474131,19.560854808112747,1.5357353910623164,5.561155925737962,34.30346003078644
36.636505956450165,0.2111631876457607,8.692207214744121,0.5687390828639661,20.37378526862214,11.472915287839944
33.519639788116834,0.6553443808665296,3.636309058475433,1.159292011237877,30.808935799648964,20.726156516681655
49.181267639414095,1.4032511682700946,6.62927763963012,0.9354437861544462,7.67212229107089,47.69922250205248
32.91609693461198,1.414644987927113,7.947522965318512,2.705163904454467,13.847815680986557,60.013223401109016
26.487764313247975,0.6614144093328648,12.461705149404423,0.0689811072447743,1.4418525521428818,13.560665434811558
39.26446534328034,1.0191283117907703,18.46029318095505,0.8386163770564902,17.257753091444073,43.05374737069866
45.649754238382386,0.7250036254212265,19.73180151844182,1.838353557618604,62.81416023320204,58.80595061065958
37.43131760232582,1.139295838361056,13.03397517822225,1.1663559772507626,18.25937060852408,46.017773003503834
48.34450505972208,0.1313623188200338,13.998447215954496,1.7967048835197614,86.11244779915206,9.54182867044461
40.19023268321797,0.28854781371695626,6.43658339393178,0.29571789761632333,11.393624074564984,9.389637523764234
44.00606472178669,0.9448497732913663,17.14317190897498,6.688297354656909,172.434986054611,36.25036211652903
10.134683203263673,0.4119706756071895,4.355966704406297,0.3190322436638755,2.962772644418246,5.15138910679572
37.958607634720444,1.0172509116177377,2.1276129862193516,0.7219476020978456,14.40652678992934,22.88284479655829
24.80399147873159,0.5776661820151457,19.465119801953016,0.0384507150823432,0.7989781717951571,19.978672250298537
29.889671108507386,1.325257205600777,17.282773536410645,4.617834381184754,33.5511558247673,46.572289175778835
34.434608426706056,1.2311683590707128,6.0729026907626675,1.7453368729465237,20.021490933599797,47.79828798937796
48.64168025175062,0.7753978457585794,13.503414327620984,3.728474356952499,129.51637140253345,72.26797914203397
49.306013664423105,1.1664315859832048,9.34036714826399,1.0540086880025772,20.44640070666969,51.669034679078074
17.970271046955737,0.46584636993572764,6.462564122909418,2.2022513979039724,35.35800455175074,0.450038727779539
38.018907384706225,0.7773832998428625,5.735484215205897,0.7076588470052182,19.176159572280564,22.15036177373626
38.749259207087086,0.36300342408838904,2.7205489044181297,1.231908125714038,44.62482136913263,12.226832313296363
20.592178759087197,1.289290312645325,10.986361645516784,3.8559729823260933,22.058335642720756,14.333674309109696
10.574139868889946,1.2364856526526022,8.931933802350155,0.6633271013142764,2.301457507964424,13.39950903179167
6.842613212857389,1.3469050273606882,10.243728405998887,0.6079694591455995,0.9236481272482469,12.486976006403433
39.98044073881304,1.31245545722562,4.30714334958809,6.460206028169875,65.98503749749239,49.31143451720965
27.036488381760766,1.4271156036211987,18.772213415464954,1.6630682042481282,6.438186387784405,49.706189962397076
49.34930762727168,0.40608398608559915,12.77182392661083,0.013055601612797112,0.5918882673528643,13.025489961338524
25.923805528714386,1.3883386165548643,17.992013147666736,2.4934336810719224,11.728607358616335,51.06291474646897
49.00626405832281,0.8848305361930573,2.185423320655109,0.09762902440099708,3.030559101909261,5.840903140925405
23.520920098732695,0.6771808856286365,12.457019317123496,3.359417422711411,61.58096735074595,6.612405321648815
40.715696775198765,0.8696960247491214,16.989236372883223,4.395583893117722,115.44570645860777,58.97525621034043
8.816867254032443,0.5656295944908557,6.618415596289333,1.0139815635425888,7.547725871108753,6.366743369417483
29.995776956199375,0.490162465639615,3.902863382719728,0.631559068670047,16.713557584827512,10.864723166267472
41.09269041435759,0.4242048409979782,5.300426116112393,2.6159605479403885,97.96901335410305,15.97958802353493
46.61157502489499,0.20235764754579938,5.45867453499598,1.6104385605724765,73.53340956929256,7.824032823742339
42.01623907778442,0.78060185500335,8.943979298470703,0.3819260212720363,11.401302739766345,19.5209549222791
6.6636827240528405,1.326815599738078,6.519272055586631,1.7503843025921713,2.817643098309616,2.8096763705887238
21.77160535880304,0.967124594740849,5.425481454159826,2.280126476166957,28.18023589410769,20.792627940505653
7.191431254123307,0.8146856717396419,12.970245968102759,1.7788238151194213,8.77675256340559,6.756293466756995
9.91770310015511,0.6856950685364677,1.0606474334376892,0.37633370310149455,2.888773259844638,2.729342384961981
35.38875329003679,0.7356934570678244,6.807275562794599,0.624066879428968,16.373020274883665,19.71821743186226
37.096618834026415,0.37947276379740486,13.795039318809497,2.518903733813392,86.79529653464158,17.287517206578176
39.817430723823186,1.2363017097842972,3.516994985620119,6.160693450289525,80.53096794943833,49.05931597708317
43.94554466250483,0.3642613337297708,4.418557244258247,1.3328763042734844,54.73077104282072,16.57205118966812
38.27441608144294,1.087860590568513,4.013332508258349,0.16648977446627483,2.9591755874619166,9.52090531836531
41.039221644798445,1.148405719912902,0.018522134628098375,6.244883763320709,105.06208611030709,42.49117986420859
7.203366942047566,0.8899350666932864,9.475355036631454,0.42723311185959995,1.937181413569426,10.971380182984003
15.554081769858437,1.2921389782205879,0.7791757883224637,1.0509949236229499,4.496559953369845,11.077835767343945
32.98539980188606,0.49364941774801974,5.458796235498003,2.2013975650347013,63.944557854950006,16.096031686179188
43.61563870811704,1.3182363228374172,19.896068491839433,0.9053704367214335,9.86747966401264,54.11103990989601
5.202505622284661,1.1057155920791515,18.367924227805997,0.17756574448630436,0.4143137189755686,19.03893867389036
28.15832039523574,1.2025316141341433,4.301516163126684,0.14175270311482116,1.436934646345551,7.926856443622218
35.47793297139788,1.0151947884556494,6.200048638278655,5.815425774808539,108.82402595952496,15.6024075002845
6.332328010787594,1.2689842424186986,9.27409164537103,0.6611182459842733,1.2444162736127313,11.127416373021191
23.061000089902457,1.4738940587784293,16.88827093318487,3.51863204976481,7.85065777884784,36.92308953813297
45.303569662266355,0.6739244790823484,16.052918827861824,6.217019759207558,220.0777706024356,2.235846924870941
35.222576398513645,1.2237071437479388,2.5248287313256434,4.571088147439183,54.76795607924268,51.439840331568305
15.69462635122688,1.1268959303834984,2.4889769669670425,1.6045204534029285,10.814940186347213,12.602886369883509
43.37515083343607,0.71959250065788,8.334645077880893,3.1810094765014907,103.76878863176157,49.639312977790546
20.661414053428146,1.3815314260717464,17.40190779227544,1.834142561593724,7.129634774354757,38.12036342682184
43.400510201482675,0.6379889527022004,17.641699981910048,3.5275258046194597,122.98160732910844,47.787981745220655
18.452464300350748,0.8768058263458717,2.1473169937306036,2.9109112126431054,34.35566958600953,1.8748141778149474
31.564411289741706,0.2351898983449574,11.485945759311031,1.9337455842218418,59.35718399708538,7.367761525901621
22.862303048652535,0.40250810306255735,3.113503942502258,0.9013177730244001,18.959381340837506,7.200820500710929
17.367127283978014,1.2610997573774652,13.722586200055655,1.3501056879677404,7.1460734874558005,27.113794075519763
44.895090297734114,0.640958516288666,18.32866495857813,5.378061096716788,193.52654923681828,20.836226767621127
13.44171568727711,0.6375116538013158,9.095385849511873,0.32626769432299296,3.5241754467748083,11.183543222720136
8.816521605609339,0.43072075578646757,1.66165549384103,0.9071491041215382,7.26741192145356,0.964565112318712
20.386712234554718,0.7736839802253632,11.58508391789091,0.9097468025400398,13.2672527587773,20.48552119358154
37.29376164387054,1.2123991941184569,8.170333402717095,5.257608400772831,68.77829481307148,56.201514076193604
41.33442226893268,1.3371513586686805,16.217975046679204,6.9199885312977445,66.22395437365786,59.59785523490987
49.943451653004416,0.18516467798666264,6.806889278527755,1.1651744293208286,57.198081314792724,10.861496288443632
18.336292565502422,0.889867612108632,17.497944009451786,0.7373809430987606,8.511565593343018,25.336475507321808
23.3573878009077,0.7397031647280361,5.474008152695697,2.97895501142886,51.39701535839337,8.848297885642062
11.156957511333182,0.9449657286775185,3.150352717773719,0.7876431813813767,5.147577672915925,7.229608798886008
30.86923683303651,0.711781134653204,6.129607546371599,1.4094191000629948,32.944010020647994,24.80451616481143
49.891101676831276,0.6438796361929202,0.6983158364549302,3.125988450611402,124.73177631181485,46.39024390915327
36.539645455429635,0.7461362312838061,5.624919337484826,2.2947232274171685,61.57129381238604,36.71322188344715
31.78457781860173,0.8998905458427436,13.202352677640615,3.797549514492985,75.04085229204017,37.00756540802031
22.65660918148073,0.7867709849771632,2.8456595711318466,0.4718710576388712,7.549292071831586,9.323549255498362
46.188444212849966,0.7465044798262267,2.2272994557317594,2.816663332629062,95.5001425465497,51.6591071694868
27.361246825865724,1.2291799744266667,2.647705825087008,4.776548148603103,43.78329441189332,13.878288269326234
11.046511099087768,1.1283874632383124,1.5510334852293273,0.07862752611237273,0.37184579796106737,2.3056468754360586
21.442030843961007,0.563920760116686,17.492708236858793,1.5498783159568195,28.08701012142375,23.473220462228014
8.02250009814951,1.2050829919411492,18.882302309930562,1.8951589708977894,5.437155669314701,15.46383082407364
14.08905669599517,1.2791876494781833,0.9312230345757255,2.5019974314307345,10.13436622523045,3.988554780875603
5.795095144996049,0.30158201139387325,15.201435630870805,1.154697774355407,6.389577432220554,10.649075936755668
25.397596242507355,0.9008446586659243,14.743034934343955,3.873783619240411,61.09185011273187,18.256710811483842
33.55431192283087,0.4856371572985379,19.93818849220081,0.928242607243473,27.545307831801917,30.250203949218786
20.44816080705085,1.1193457231783392,6.957413234421363,1.4455898167574917,12.896027306038151,23.30551287357042
23.91717971773747,0.4206736788211647,5.710179833808324,2.3212065110761153,50.67643498542206,1.9537064124020418
48.164417278005914,1.0247226311047362,9.061642416196545,7.624770417050512,190.72229261418465,37.73364299155111
38.838340470871195,0.4434876826976211,17.13150354298381,2.3570092186306946,82.68657878512137,29.161925499816164
29.338548662522804,0.800957792430716,14.571872850757977,2.330333349899895,47.58586478709723,37.02572869644713
17.804339380032136,1.4118268068039008,9.432476279350055,1.8304123978230806,5.158909792916641,25.177080545761473
45.364855944784786,0.6196722232988908,4.891256865717464,0.32634102495842887,12.05181213138254,12.966816880383194
15.579370259629677,1.3100280599187661,14.540314825367421,3.427334944074263,13.766640543653411,8.51364763865331
19.64042287325047,1.4653010607376769,17.09053736084392,3.861739120751038,7.986580558136469,19.366654932991594
45.907916649032686,1.3087886846410925,7.999024621349817,4.205233714182674,50.004760626024385,107.7240208113208
28.829392487828258,0.3188591294703655,13.371708916419685,0.7857812542536491,21.511711769098866,17.444632363328783
38.40430772380895,1.2317252363535647,8.004240423531963,2.605714622770688,33.284625831837296,69.0735696467323
31.583515737369474,0.13215548636206267,9.569868762829696,0.232039793318238,7.264728004309099,10.271473708090234
34.40476440542728,0.6364194885876155,10.498207599098272,3.342516813812545,92.48511732169744,24.043370959966957
18.47224811816715,1.3030396043112098,15.514516280445559,2.4257767053444694,11.855206942765674,29.864413064823065
15.86174277319983,1.0489459700442847,19.55011968257862,0.8992011742904181,7.109841449532478,27.948601022136298
19.512155622589937,0.8311124238419232,8.887323252764647,2.1567645489500507,28.366318035971194,17.157094932207503
11.99487038375401,0.6288268056180845,6.846300124952118,2.05865601361432,19.969929226838644,0.5831100899233945
44.344146438086334,1.2214469601839264,7.471820129447826,1.0611907018665823,16.107182036132095,46.163284275240905
17.746111996255134,1.0779968933271076,2.6777813875036327,1.5361141025457419,12.896569457254374,15.1201465970758
30.267022748647307,0.7412836674917069,5.938774756354455,2.1937542389356386,48.975625444320414,27.16772961684042
40.63884913136183,1.333409679142749,1.7289482653761246,1.3504525914799306,12.90596303471297,46.1253439404672
40.27208492190711,0.4083344641492945,8.557885263584943,1.981829340295005,73.25049924661953,20.984783716601893
24.72738163628868,0.32517789078052267,3.3471453862209777,1.187061467719782,27.81465004957575,5.813030647219205
26.431578886402654,0.9847898331464919,6.928134919488174,0.7528660147687987,11.005149639383829,20.727278725257808
49.761578702076115,1.4444265898720372,15.871554987832127,1.6054194366558983,10.068603410579415,82.48072174202791
35.35688646405608,0.43250176671186574,4.91855301178272,2.8457186586334546,91.35105239068548,7.369740318976497
41.658729940304724,0.4358720751674895,12.237892426841379,1.3023320938970488,49.18091778774233,26.82456234724173
45.614928614865434,0.2820435985740522,18.023628384972255,2.273614269769553,99.61300303612973,21.53278614648068
40.441542630320264,1.288839859575164,11.338583740590938,5.140327165500462,57.840341255691335,81.40802513046935
13.33307052291054,0.40337706248729227,3.8758522554482533,1.3176836064126205,16.158710590330468,2.2555582629982105
30.29768301819075,0.7898362239344023,6.895323879319086,3.467884695598475,73.96445545208573,22.530597790010077
9.585237079154519,1.470785439282401,11.807384143681322,2.356271517406611,2.255024426987607,7.047311829927615
34.381495695379925,0.10421835821956252,10.13222279519707,1.1550049982880362,39.495335751241704,7.719880051900645
47.990724268451494,0.864267624276879,2.9723967255380757,3.381039395278725,105.33780717355727,70.31832979812677
28.072942893505008,0.802556903967008,8.935926893811379,1.7785239884874642,34.69376009749293,29.325957456004552
24.483762179049524,1.214675682995492,10.861333898204968,1.9374488781862473,16.53814351687869,36.90912401690174
6.612923813817343,0.5833330735397502,5.346654289151449,0.6189747101547771,3.4163404682287317,5.721992011449398
48.18985350481491,0.6602110841913973,12.248910306797038,0.8294663737578346,31.572287445954334,33.388287145578936
9.635120785857145,0.3217521186477589,1.403201989704197,0.39389663400599384,3.60048048406976,1.8423353005340815
6.848559198718112,1.1216396578772314,6.732140671310336,0.7627412466576681,2.268152605446955,8.584098893032207
16.072997517722232,1.1829267934050263,16.08553665555149,0.13409987501261272,0.8152041312724324,17.99260935410539
7.94886952632721,0.27808445574369806,5.185696018163108,0.3506359097031046,2.6800849353551985,5.347762884298398
25.480302908529307,0.6366361751084487,12.103537000061564,2.817270942570832,57.722257281263765,15.848175090283092
28.22395105657006,1.333997028726398,8.200594274206239,3.397149642058768,22.49295531320616,44.79913782432944
19.065647706286278,0.09104652975132091,6.329202848304936,1.0692234738494855,20.3010041773366,2.5750765672724762
7.293221715869873,0.5044128188047724,18.32263375820054,1.2618376481212406,8.056722668623939,14.96040775257634
10.022016571215202,0.8622516915565058,6.865234361607671,1.8708040097623182,12.200674173133049,3.9346591915396303
22.302697009546765,0.5537494915406804,4.733518029740367,2.183583429812014,41.422039365655515,6.956553095031332
7.723780287194126,0.4671132038286106,18.18602631280541,0.22727733444738416,1.5673833311946954,18.72315197604579
36.418537652446105,0.729599966132098,14.918887118716297,5.375450610803474,145.93206257877478,3.678677650582273
14.315924368616539,0.34072053499713856,13.635994273963947,0.03281078036193469,0.4427145806500185,13.78767728126955
18.593220595263734,0.8267628031126225,0.9906988413375162,1.7067105581815665,21.49169140291557,10.050623259078048
22.735659973014386,1.0740001135861614,2.624099214315516,3.3302769904269676,36.08713757146667,14.787033699563139
23.747433488111653,0.8905297500774901,12.766799276193257,1.4472810511069412,21.618243180912756,29.21147468236428
5.074731845366024,0.21727161362452632,4.188656730525205,0.6238979182452173,3.0916768441553577,2.9618995517607547
10.04316669494139,1.2662833065510513,4.512759712607181,0.8493863235331114,2.557696700647545,9.112077570177398
43.82440536833951,0.331581613173815,15.582770306872213,0.22759053076916858,9.430721359191049,18.575635166001312
5.055487813035866,1.155145468154043,5.718498976738853,0.013958533841370087,0.028494008132994384,5.782101945698983
27.86753101157938,0.5907103306682506,1.43174604303832,0.3086806406310136,7.144489377048135,5.755366079276222
27.027590292824364,1.1802074850739808,0.728638946197222,0.5042704971624753,5.189092094027441,12.08408505720114
19.9892372454787,0.3752777683654371,8.863559744905755,1.3956767599565707,25.956940432492612,9.53471309245608
24.409715906590232,0.3478959264544625,12.34257155369292,1.392051359758184,31.943933560248336,14.42196445282673
40.12615118869629,0.7812454613202021,17.377704667836056,2.878992009654807,82.02552027776568,58.069224880709854
42.85416677967304,0.1332538145174475,2.2160879006527856,1.0160501342920658,43.15597527607735,2.937351929637245
16.71568445368625,0.4018408912183429,3.933456525765926,0.029996070618420304,0.46146422290429795,4.125149265374726
19.51206984354784,1.0981782726314273,10.596012218149422,1.1035499300873015,9.802020781632685,23.79472940352042
15.911728386274973,1.2564743664582911,7.282167244839501,2.727275741731908,13.416714297487681,12.068168762549526
26.59385302479793,0.2000641096506512,9.650749024909892,1.8575644901104993,48.41446073923958,2.5431501771400065
35.74662609464658,1.3188792856512992,18.48249297968431,3.312257497388569,29.51300237202773,79.33432505511615
15.271379395853925,1.200810546761912,10.897833077293743,0.2877873147234711,1.5892087471680654,14.589110122223325
19.883108392469,1.3015748156376792,8.302412212241519,3.435455192765095,18.168509451571204,16.258845179793518
46.86730779151177,1.0624566919873706,19.788798133994895,7.793932968787644,177.79214019365824,40.92497997496133
7.185618043113113,1.0285617175356032,1.3043133979907262,0.5954816286228951,2.208133946411839,3.230135940081136
25.73463223578048,0.8204349267445766,18.64226896742344,1.1326250525475006,19.87590101145894,33.669799145877036
37.020111871855,0.9987293731860216,10.03323684130966,0.2925522641319528,5.863220544669053,18.719388812826594
11.770430520086332,1.3705856492867503,10.075126755342762,1.7908122658077563,4.192029764571486,15.002329096846196
7.131830900246683,0.2276216542329938,18.439286684064186,1.9197065237891668,13.337874023956859,3.4525539963539487
11.219241723733884,0.5281568465401152,10.14647959186139,1.441037048848557,13.964338469561271,8.108222901923197
46.347043708880726,0.18843269049519798,8.768141810602977,0.7894269589464191,35.9399696302577,12.564944891393734
5.416690181950553,1.4064633458232867,5.44977184234398,1.1129828443436356,0.9862584246095607,5.321260198656175
13.474488866510832,0.7089743367690112,13.176335336348417,2.297622099254123,23.49902608064795,7.438725139256118
6.407758080574005,1.0302252304747392,11.392901819595231,1.0390900412749098,3.42650047001465,11.805805789631924
9.978326040299146,1.2616916250147163,4.2869087389556615,1.8980249378208318,5.76138935208128,4.658170000475323
32.906717898273335,1.4709638399609428,14.188258301226496,2.7761907680568876,9.105087471517358,67.28472656194336
15.87375089325886,0.31315738743522,12.88173714673281,0.764617274612651,11.547052135517642,13.75315877287201
30.614542269380458,1.2035966530783033,7.946677684130816,3.5512078966246876,39.03032647444283,47.560365515238885
31.558792224475678,1.3263425770058208,0.0880184380710114,2.902242081304609,22.167497181392378,47.64137601873662
43.224589989040055,0.15550936253578027,8.931623003523754,2.1443804969118867,91.57145633744938,0.7327607143641011
5.213362681034327,1.140175513275454,0.12116234260503456,0.51162132435474,1.1134108709908825,1.2610113677663943
43.4016256704065,0.5825564462056553,1.499969785980797,1.898934105959034,68.82290710820713,29.15526556807594
32.86035888921383,0.9928784249221256,8.612198049616682,2.3334878684574405,41.88842844610807,46.13034325687195
12.323456874723092,0.8050131453849536,1.638397683706554,1.0847987286066758,9.265710319431774,5.50277604280221
39.78218246608778,0.4499350630362706,5.513308675743325,1.356283088463711,48.58595888165217,19.956344910645882
43.49711938057636,0.27607110147977365,13.109827371179367,2.343437469462261,98.07297147135414,13.957638962457416
16.44185676893708,0.250555604080032,6.172306852188381,0.6135630469959044,9.773112442275432,6.827042593984045
46.34571564062064,0.2315323873663392,19.95297188243021,1.2960565584537727,58.46384384251526,25.49719210002003
25.450584363439603,0.9777893535417294,18.326040678299623,3.1117573133975074,44.25927198179451,36.50518458520413
32.154100444999465,0.5779285733323936,11.706198091710473,0.2528467399967037,6.80970566964122,15.83398514466222
49.30922901279396,0.38974380392836866,19.33894277269861,3.057098066373997,139.4383821414634,30.77263254897951
21.26912353876397,1.0533202956544534,17.360345888650443,2.296048135248157,24.158064766442134,33.94298467382376
41.59217056190508,1.0462893736811707,6.37797037680974,3.4034619187144624,70.88999065793782,72.08858991848643
19.327960302280683,0.8400874165185156,14.991924919706188,2.6969164907269616,34.78870386871241,18.134331436891664
40.964608500867094,1.3927138443250981,2.736635680078947,6.283551855969394,45.597107275244035,62.40485817756323
32.033026348818915,0.6254062484154167,13.69102848757482,3.766219800809885,97.80867831153274,14.744365033170084
14.736006285143064,1.254351338131871,9.82163652989161,1.2884246452343302,5.9083267638109085,19.72267341186639
23.631174220515636,0.19218086791299407,0.33651878505649435,0.32361302159125727,7.50656805727913,1.2834861978787324
19.293603546360277,1.1202655425680121,5.484596447807415,2.7378616530965285,23.001522181680777,16.26958430961829
8.514877688616375,1.4673994109349262,19.10764434808497,1.7556660511739126,1.5429569158147263,18.858094495750187
6.342564654486386,1.2693405678583958,6.316629701769614,1.2062777877093143,2.2716320332690065,6.485214103787105
20.591539493323143,0.8966310953684596,3.6290891060288133,1.9396395429165083,24.932463387389316,16.37787803761027
5.856536651786896,0.9623969795817591,3.7506289314441665,1.1530021116331006,3.8594801386629767,2.7707931743109304
12.446949091179876,0.5805517306446766,9.58426529283898,0.42900200101993957,4.4648996541391455,11.610319255582993
37.6332494382891,1.0360068047786128,16.8529848134107,3.9378038662097787,75.52770986956712,68.29572076829852
36.86410560576145,1.1629413408939169,15.16003530266693,1.1575100038167967,16.92490544368257,47.75863550239751
38.23611739058222,1.4810563572148043,8.737040150755487,3.252715630957959,11.146094731872545,80.71211606941291
19.271892700849044,0.7748744102503656,4.174537668739211,2.011741357638496,27.701555702610854,11.448053947128098
45.0508755702963,0.17286308600817504,0.9212980020438222,0.8337252384192444,37.00026989723622,3.9723025382911517
31.722374661280142,0.9192411117550642,9.25260638965462,2.082551046570616,40.06245423136213,40.50934049887397
10.671185378598194,0.25345552712582786,16.29550697036383,1.872380705185866,19.342178457336857,4.1096387018994385
11.467339765499036,0.4290229349070326,14.593639871886275,1.760793550457661,18.36170458573213,7.785567046138716
36.18929421183657,0.54632981993572,8.172015352545007,2.2248447200550827,68.79548430854541,25.724834460239208
12.782477139893512,1.1079767199498167,11.894053438352007,2.955846865311526,16.8691039513965,2.847079933462716
27.828171571191948,0.34391101888719205,8.724930418924352,1.1023645403393771,28.8804544506926,13.10768140847631
49.62985141679198,0.3187012359822917,11.580322195803557,2.9890371584881024,140.87526171403346,14.238968950525773
5.180342213000277,0.15004838878129262,10.350104887870984,0.25756461708506584,1.3192807626774614,10.224164566338047
5.746091085390061,1.3065394265421926,13.61933200250318,0.664478226697174,0.9972710026491043,15.139233260694782
49.688806186872796,1.0555827054360154,10.154176870662479,3.0576802974357444,74.860287446849,96.50507278856767
31.308747536037448,0.14304225056469988,18.812219963351172,0.2609027054436087,8.0851107649055,19.642800895614283
10.710948898333092,0.12676997350896885,8.560563631633723,0.7358076237943832,7.817954729631381,6.90135892507109
45.378598988934215,0.8673229361799308,0.31832606079421844,1.3581984319527811,39.86865468979461,38.27148946091329
44.61711350574615,0.4817589068080374,4.727470708179691,2.8107782386914213,111.13494688115092,24.082387709144434
29.129018590011885,0.9204536264754482,10.012137162133119,0.9741715551726923,17.18091034372383,27.94155581130834
32.98064134373404,0.6940883672836137,10.811437037773239,0.5883655524753217,14.915153315536068,21.526331689345856
17.293423617539435,1.3764540015868563,11.04769578624107,3.895374228821388,13.009490977305493,2.7157336572369672
7.273386336740232,0.48912365683951575,14.291041965401643,1.376027187184677,8.83484455186135,9.706126620867668
31.755542400088896,1.0355322849140105,5.4929628523505585,5.396701799688602,87.4130307455714,10.043455015594674
18.263983694124335,0.16274051961120298,13.298073580829543,0.9678238859685736,17.442761788504413,11.567615577098202
34.86294709971584,1.4218995435172026,14.080645462384256,0.24771528769184775,1.2811391363382776,22.320190232295065
42.63103295791706,1.4566622208815863,8.225615052416526,5.0687248981732855,24.609155561977815,96.88557163557743
5.817224476146382,1.119209318143078,8.04338198292644,1.0724439087442443,2.72250811873842,8.015223210053698
31.807119860857732,0.7368256106097041,3.578495713128995,0.06767084101160549,1.5940895960676096,5.002328184080892
15.407624285908351,0.39443525052348366,8.279747525107474,1.753618730577597,24.94440294520698,3.5790809269258936
44.324982405671065,1.221753291686237,15.736325834140247,5.489299012910707,83.21275873729391,96.5782923509799
16.41490279528228,1.1154107390609744,18.179460110997677,2.93781745445442,21.20932653243273,19.155080573221
32.484655995593826,0.39717276487494135,11.872263826359308,1.628015053657991,48.768810447748116,19.32867817271608
29.909337804032514,0.7172818640716381,5.987406867085976,2.654576022886796,59.832908660557806,23.613448393933297
22.8274925026662,0.7334556817705483,13.64579437319463,0.9886864043015727,16.765902715090636,23.959915801428497
35.492934361990734,1.2411532682189894,14.802924173920077,7.071470344276146,81.24590402090223,6.998565886344977
37.65963356219452,1.0420937677109903,6.644255575613247,2.7360702659446425,51.97446362204288,58.8956653648692
30.512200789372407,0.9852977647387524,16.530957229790936,0.9364178861827835,15.789409205757059,36.042963275865965
39.12900067331393,0.9945967100779325,1.4739166427668016,0.3765322970287712,8.027325209616246,13.13298096812267
49.25376841968219,0.4649139356680916,0.2150743520005105,2.8702823567330067,126.3669967858437,23.18878239442185
23.86725745553623,0.606273290660637,2.4594154526410517,2.89409520784262,56.763535353079945,0.7352255355702368
28.15623733484889,0.1510230405881948,3.1201669565501944,1.1992695513196525,33.38257222295372,1.1457827427574374
5.561144507354595,1.1860435697441503,17.578580658954426,1.748312685285171,3.6491905862544014,11.597782183657834
40.82128503396703,0.6918460233974854,8.499634044425617,5.5649837133149145,174.93655538351513,1.5216739827849324
28.410353017069724,0.6991626417764194,5.498633839407634,2.896672062699786,62.987423252574025,17.30568268040917
23.358264366225434,0.42984843567869996,8.581502319736387,0.8975881111439117,19.05879163742451,13.366984914847082
9.233238339022812,0.37968211099714927,7.896817854012646,1.00087929815676,8.58321076036118,6.408268328202039
45.03453897539288,0.9080207095121784,6.02923335976034,0.5905582037337418,16.364412848584852,25.283481355389515
22.77532580182504,0.41197172665928244,2.7579916482393063,0.470849349487258,9.826524555547275,5.964526788775188
35.71617191941492,0.17691893209905002,13.118309239477613,1.000929509069137,35.191345074239585,14.495984166883863
11.721837036566784,1.1589089779869501,2.732088055593107,0.4884144750293951,2.2919898809214767,6.808312318882108
48.269733329346465,0.6129169556806693,15.508489053453488,5.886176021085035,232.40602403656015,9.008710593827203
13.02987928198239,0.6181754923825967,4.033760265609072,1.9506519533989353,20.71306291366982,0.1002884566650657
13.979389680477066,0.6895003935192652,14.627426142666234,1.0597242562175209,11.430178342059493,18.543177420779315
43.65422872509712,1.2252837201842757,16.111722113909337,6.205329286267702,91.74437885215796,82.11910994346877
46.0662234863869,0.5352392782819754,2.506520195489015,1.995876174424214,79.08401075252648,29.862319168969492
14.546633338548563,1.1456846814631203,1.7349153657600813,0.39436900314084716,2.3659611405439884,6.198185268148389
26.141039967867254,1.39911853793803,18.991455413073197,1.9901029578002725,8.88744797831619,50.8237479064737
38.00727070532734,1.0100125378479343,9.260936135051614,1.595794058769978,32.25765378203497,48.1323262763716
44.52645802148607,0.6900069574083565,12.604709899459767,2.031890955900814,69.77646858610234,49.94387577563519
22.057371276678733,1.1313778851186087,0.4652088024353551,0.8800575461514479,8.25801778285178,14.23390405474433
28.265876908224314,0.7266118016704018,5.574203611126798,0.4611995052055916,9.743648158836399,13.19137359504237
38.37723847338807,0.6659160938710946,10.107953091187724,1.1366650324612737,34.30226190244708,30.719485815354677
37.90111894937579,0.8207001193705376,17.724366267788078,5.645602079612004,145.86846736679274,17.936996679514692
40.23320585117382,0.5308905305633939,5.428788351287526,0.37533610302390613,13.022424222726261,12.383431823799823
30.647021838868685,0.23282722419989374,15.503826397174391,0.857112947984601,25.559196133189868,17.961194415568414
9.707679356214884,0.66650913499438,13.244258565174036,1.249894315810584,9.536802489930414,13.083025006710944
45.6787980895118,0.2602032927563206,2.3054153561148993,0.9140199978292157,40.345888783048,8.949277141860232
43.95076426944627,0.6603508706220991,5.86750345583993,2.953416128629629,102.51692894714235,42.70436698176313
40.914384611824985,0.8648926346444283,4.757280728772395,0.28211170194334373,7.487824124232521,13.150988825341223
9.493811472232828,1.386784422372845,8.850551751465709,1.6846731444082559,2.9264998605782453,10.653506956407147
14.197881518664314,0.13784237775874902,12.706684860951684,1.0258842825215855,14.427227517783631,9.545848873241741
38.46201642984434,0.9549860912122176,8.668395110170133,4.539377581024712,100.84878346490596,50.11798046464483
6.04130425618759,0.7263853513416879,4.890731515036119,0.8441279129398315,3.8123841966684524,4.782696775483182
49.065108516827586,0.11555633438618962,13.917575364565508,1.0321903301256823,50.30677170283024,14.53098603581827
21.97151061600563,0.43570144759785745,11.689421894229797,0.9647870027281612,19.217404309739738,16.07024677117257
37.36906401608706,0.25270308409152864,10.386278148313838,0.6094575529353305,22.051531750152414,14.258590254972486
44.94069898196195,0.3899681939646862,11.088391948919567,2.021443419149209,84.02453621102262,25.58099124352857
22.7583449667537,0.47063884471135276,4.438012925876471,0.06435565899605349,1.3053921170055396,5.081842271613351
19.36096198698497,0.6475958115222719,13.608621221849123,1.0628595486634225,16.411692353090633,20.48168268690141
32.3933508004211,0.8259448057305155,7.750010710775365,3.4987813485370394,76.8270906082424,31.029846485567184
31.14452181866228,0.08864875488693118,7.2693563946003925,0.16638962355340367,5.1617764631825445,7.592346479596371
23.41129899311587,0.31327872668528495,2.9946841653354106,0.11373970062556167,2.5331912853795315,3.7518479431122844
32.07986401404688,0.2179097824448534,11.936746691008928,1.5780621694893806,49.426835875284596,10.666294160807436
47.092161630492264,0.8547553128208565,12.05328821093013,3.010237622211265,93.05078568466652,74.55062991415852
26.043811548196842,0.5467416605257799,6.806012873330567,2.5616990498962995,56.99069532616427,9.3042249339412
13.85339813377841,0.8529741509428032,17.197001137310682,3.01550349286352,27.47731173690562,4.061131839154861
21.974269229735174,0.3969902210472706,16.909157974308567,2.7896193092835038,56.532488307036274,2.439807861689694
22.73481421669034,0.12109702295650868,2.181086129648626,0.4269443596728914,9.635417192490726,2.4595530404709613
10.899891186179893,1.4016626143166924,13.900767756198364,0.8203709484387071,1.5051855896988149,19.414022046621774
12.32921752495497,0.23849312831147498,7.876695123700445,0.9728347400324296,11.654793426455452,6.068082120697931
35.80529330271548,0.2643946895508848,19.994297021257857,2.001894524742876,69.18765718105891,19.06847494953995
20.27649893940062,0.29188443307578554,4.500472593693048,1.0718542190564992,20.81419804239831,5.11922074703392
47.97042763351134,1.4573869598963363,5.610484108289788,3.164177477735325,17.177184948455753,107.31340493770684
15.961853541137334,0.9496828505697463,8.842125891114549,0.20453445568742992,1.8998914253568477,11.29192349681891
9.451602729717004,0.9393919865252662,5.374302973613263,0.43717659289908706,2.439044004426159,7.772206273317871
38.907705335011606,1.464957049800105,13.839867327730284,1.2709768854532555,5.224070239886096,55.09049730239811
44.646622336304155,0.21075027942006233,9.61816224362961,0.3277641738479617,14.309784521676102,12.152469598194676
17.515101059216953,1.4479263936786286,4.417576696990803,3.503274132021323,7.520367820361928,5.116461576486017
14.093964574046508,0.3721225525774555,10.127481389731251,0.028405584911170016,0.3729466162189499,10.269087347422621
13.359476069198923,0.9572383996004442,17.775755327300768,1.9974578709452837,15.364685930869273,20.023371649299182
28.490553561493055,0.6738137704437426,15.847912937001055,4.13533115619692,92.06850335936,5.48259620711859
26.078748856104692,0.6233643277341083,9.97657848853642,1.3176372225599773,27.899430899867735,21.520373410116797
16.67479279345404,1.3875274401355326,5.769852062838954,1.9311258378778704,5.868483545436355,19.139753274772417
7.032790264524188,0.29562767832407305,3.5977292940505556,0.758680917989093,5.104180680430401,2.3289156680266596
26.66711031468263,1.4794374316304575,17.56765754373791,1.9061852183097934,4.637539156862994,50.36559741363568
48.16995564360238,0.61662491002949,14.203338809973927,2.9375322311960668,115.44128361114065,53.705405389477534
34.36336403386984,0.9931271167729195,11.443266062949169,5.100944596713633,95.71871264948429,30.660322381069818
27.297795048287828,1.4387192079278202,17.588692919073367,4.549848842032735,16.35643769253848,39.168789963227
9.981143331332726,0.16769270113733548,2.43380574748179,0.7230832131199966,7.115957938005138,1.0738367223858534
16.359633074731427,1.3758281971888737,13.649785720041365,3.9223179440259024,12.431543171583169,1.1403818414327418
18.26482773085442,0.8800807189792046,4.334246248264639,1.1667778910456479,13.577000366578094,14.083033274513975
39.41615986732555,1.0707900449140022,2.41154882031974,5.320182296316954,100.5372456734911,47.608208838209805
44.45198587690787,0.2955668786571124,9.312170200138663,1.9457410838601121,82.74151527351796,15.935885272181253
45.57388341048973,0.8320158111401187,7.747858595287074,4.727369722186634,145.07756029854494,57.40689737916355
49.305587371283934,1.027669012943182,18.823472186503707,6.681456860889267,170.2562586942369,81.8817327415434
49.20650073970396,0.7243078799816123,6.479590935036327,5.128486860113161,189.0032690498447,44.68603486831313
47.884960974559164,0.30366659457895806,16.29804518104005,3.3612188583886993,153.58772687316662,9.010359755390908
8.231996322629797,0.4281209927730421,14.976540009366895,0.7441063560539114,5.572640512455917,14.803737173870635
11.200709116751234,1.2802238472509408,13.358477401170726,2.0086816276918507,6.445882641361669,15.123289399051217
18.70099369142148,0.13539704830876267,18.408009459201192,0.6198845649153083,11.486361014967038,18.0880226949968
29.880421432900768,1.0770246395055156,8.158491887626841,3.3641504047972743,47.64255365095862,41.16112080393619
9.364004991746569,1.4826781945041045,7.793423719657313,1.9002802773710676,1.5659662580286322,7.806343557405377
43.06086310109641,0.09771469619787604,3.2189484716301875,1.0635452308980218,45.5787100787432,2.1387024545842204
32.75402805847891,0.31212865550614993,5.515241509901383,1.0504471311408365,32.74392924214217,10.668558568745173
29.406398103599223,1.0285494773309602,17.595529121217414,2.9292990052985677,44.45363491763876,49.29018645466783
12.439009551528102,0.17102946936240562,9.48764265822736,0.541917188387988,6.6425636771810055,9.194452948274979
16.39649634800888,0.9107686316852317,6.827066443814209,0.5224962545585708,5.252825681452589,12.25579322148704
12.214041124201612,1.0423107738895263,4.322241101643423,0.6519497809354713,4.015122795419156,9.113997923479234
43.33699210076594,0.9084736832534179,9.6992050048723,6.604149655049505,176.00115752829532,21.459390111855242
31.290253702754818,0.597160498250541,14.333307409290576,1.3196692152817302,34.14647310506002,29.009913035692897
38.0808242383835,1.060856213066316,5.733840509141508,6.768990612428546,125.8233620804081,5.9642873044066675
18.321478830951158,0.917058022207524,15.154330416253083,0.9132754905711581,10.17604165330374,24.345776403794535
21.706368668972473,0.37718264680523556,12.595755494498368,1.88918837517003,38.12484228410479,10.192790191646761
23.21847339919402,0.8735520122451724,15.751251250794084,2.504870444871107,37.34450666136483,29.561177698039547
39.20067372848157,1.3186412334937048,5.018192577498246,5.483852427822413,53.63336049756735,65.68459552682953
39.75588444535556,1.0183413743749439,12.620562894660907,4.671357066053318,97.45868945699502,63.67262955468409
14.306608738131427,0.7460116775573009,3.0747055897768383,1.595365632063287,16.76218265134677,6.081720068163856
47.369248553214454,0.5362825759712418,7.275939643292735,4.725693336796386,192.42678194958629,12.112717736402075
10.429490184965887,0.20718623353916238,14.487201896856025,1.0994125501829295,11.221089255002287,10.917191564233296
45.325493709063366,0.428830375108383,12.633367711598718,0.3001947732847572,12.37444675579295,17.84901741676322
9.517804054241418,0.10288611651760775,3.757214506750439,0.26554765559995575,2.514065224254669,3.670914681379264
16.904291501809,1.4648561223053689,17.166853441850584,3.010236512273524,5.3807860447901765,23.320706742340974
43.09153412305806,0.39791028875161055,1.0670196469036375,1.7129355868459342,68.04621415643267,15.277032511050436
13.077143255573935,1.2250479182119052,11.90431377033299,1.7850571423312882,7.9111153255781,18.23691078653944
23.61055690894864,0.32273913893040085,19.676410004632125,1.7341149849532402,38.8295206068286,17.91215481653635
25.24366849748568,0.48324836844437913,10.630094636854972,1.1831754303310347,26.44754582080661,17.641825970564526
16.036653786044432,0.6712917751557476,16.013436399188414,2.3914145726589817,30.028997597283762,11.81621193355111
36.961034060119395,0.5402222187109096,11.903619463782043,3.2010513647296346,101.46556949329454,22.495531009328353
43.310059223099174,1.2019744840903033,15.661766298459852,6.14796049883214,95.99426704923077,78.62813312616765
44.35588129350073,1.4244587181608837,13.111882707105744,6.606444117786968,42.729103081625624,88.93527056468625
20.269496558145242,1.3094081157397952,13.822640290750574,4.099316667094202,21.472552504964856,11.665733140292872
28.88826774295165,0.30170161751396657,4.556223021727681,1.2960403169702754,35.74926264861195,7.442424432896692
16.178288173954318,1.1717284358198548,14.836418271458353,3.7030111834737234,23.277979597109407,2.7786223706241344
16.015842569756543,0.29383932302610205,4.758197733286615,0.18658374719510842,2.8602144286480153,5.452935048642948
12.256432828336585,1.362587073401145,19.612805502851764,2.253609011300379,5.709529000353714,21.72618166471501
47.300855486338165,0.8103613642761396,4.555743819224094,5.102713943148849,166.35604432887817,51.7169361460426
44.9594972872511,0.556943064842157,4.733680071953126,2.4036284018648777,91.73445651637128,33.51835707684043
39.98114209974615,0.30651541764477597,17.17346240967728,0.999747028441896,38.108009886276996,24.331734040878427
28.294768457947807,0.10375506023027424,4.8597172392563825,0.7359246059138946,20.710836856494645,4.359841048421795
27.077356198034234,0.4334657725915055,7.218055869825659,1.0349000541223738,25.430724077866365,13.734622212032308
28.838554978212407,1.363479225283382,14.292803223580538,5.656441589631107,33.57657839283476,16.9862848224453
29.145560610969017,1.2004544831451935,3.1749716038952647,2.017181173733416,21.278786021504768,38.02243208504751
24.555338811396066,1.4413539238296131,3.181435096550045,0.894645498281538,2.835698207522333,21.04005620514544
10.928967480143037,0.22795608683057797,9.72716846533238,0.9696724358534897,10.323364180853149,7.510071425631328
10.654873379084119,0.9141039693594701,4.873935084654537,0.862040826110381,5.607407845268155,8.50357405102788
47.85123721305575,0.44631625819181464,4.713159111380671,0.42463388970987404,18.32884942019901,12.59943661441893
26.691384181385775,0.8453560955695415,0.1847784283702536,2.304968171092234,40.81821182489313,20.156919011631533
47.8942486207335,0.5347058911744315,7.408991823958959,2.8305889871351457,116.64602324756618,37.19328590674788
12.36095949695495,0.48305903601763667,6.365011092368064,0.3231822171477262,3.537745153120237,7.708265542663921
29.94874484179701,0.8885056559941572,0.6231162165334081,2.8480576790962564,53.785159097149844,27.037159633165288
14.347276400819265,0.3432269028659087,12.42466356427327,1.2244171202924674,16.5424285211358,10.982897087818426
16.39330727569707,0.7423003111085754,12.53310364006708,2.3881240585267465,28.84969159129428,11.023519277673099
6.352456044253046,0.9959718095901491,1.4160094354731778,0.4728309410887804,1.6330403654424177,2.8403193104437694
10.35289898330951,0.26624240012549716,6.340831258189061,0.3602200622516824,3.597924330483957,6.685580640355153
46.25817834331381,1.3866211847595529,17.456110639907955,9.17021610061692,77.68569961883179,22.003929671770038
19.468984616704926,0.7933913517303763,11.643341364891569,1.9676569620352848,26.87066388195006,19.956479775680595
32.36581453615662,1.2315433763255799,8.239494480239758,0.17591058377191987,1.8946948352319952,13.456692100771784
25.925635939517285,1.0002906834804288,9.302038569281919,3.972469010437746,55.61988461676179,18.57688290092061
23.020306036037525,1.0786147919270888,4.165599888716103,0.8523949735516396,9.272554167086344,17.89503377817784
28.934874110573066,1.0871738862581368,16.237630014158558,4.554212349640261,61.274216005126775,31.16681742137237
13.425752507690369,1.3091364216066084,18.280094109019352,2.5821348344766024,8.967835773146136,19.063499035335674
49.48717543338094,0.9440212745757991,18.213280845000874,8.334739170743672,241.9241610149755,11.536479927560435
41.82385409167383,0.4757308892444252,4.478687833845994,3.98440715081022,148.13889879539613,2.9300234310896798
38.37265847291819,0.22620813503858947,6.214805355529139,0.6323616333420787,23.647208169882987,9.69572532945423
26.094168365627862,0.933752014732528,3.212455496190736,3.3911377062527945,52.63516343126879,17.938332757186068
11.87947049568512,0.1799124540978243,6.144022672646264,0.42986930733902556,5.024195654340552,6.151435501602118
46.42996362231055,0.42417567823845065,6.656107442452006,2.6537064409774027,112.29228253624964,22.82443466087279
20.362418032177743,0.1720296826732655,12.66211474129271,1.1959918546798844,23.993815788879665,9.814874365080424
7.25480103636202,0.8536581147195588,3.7929276309624926,0.08718806881556085,0.41571936173065044,4.232373903218397
20.40816545647829,0.31114071833788387,18.387938487354873,0.013861856077167115,0.26931183633940525,18.473602830595773
40.75056637231479,0.9395558627906667,2.061989401706199,0.3910098625573246,9.40332171908528,14.175423669856013
33.02189352446937,1.1915225004221042,0.13756022068666107,0.8007041500379694,9.789588285515714,21.554552459630468
38.787736313518685,1.2348284334903685,17.098902572610662,2.0371510303071054,26.050397414362276,71.3420259273832
40.71359227380698,0.5194707342137533,14.075396155320995,4.287635648162531,151.53678432830046,10.560476558970052
14.537957498624417,0.8537515857409818,7.107197407119969,1.4310062619359434,13.67149663993869,12.743810410906384
46.57024922419311,0.8733777816127436,11.909994118202361,6.0540891327843624,181.07374869112448,48.24005338418982
24.709532131416765,0.7475415281251868,4.4708820167846675,3.079061360250777,55.79580305105997,9.691983574013612
33.75561421688741,1.0019780130729,3.3677929729075196,4.346700498006783,79.03177948023014,34.3155349548701
5.10389476640339,0.38060342474097086,9.422982702774457,0.6233664836625366,2.9539239056752598,8.698871600336325
49.70158242850301,1.4545479592945356,7.0637565944192175,8.816170751450404,50.8227871141479,61.04355847194154
17.64033736838698,0.2242117356015967,12.304601010705841,1.5088400197018748,25.950228557780193,7.055731673420441
7.792839794306985,1.245077593890856,4.36298369122063,1.456000141226333,3.630724661861319,4.714490157487692
25.621791869143127,0.9167809462143962,13.258554011212373,4.254133037250394,66.31230694396844,10.995968900113994
10.806352573191878,0.4291481848132116,15.337230406056264,1.3679990916702585,13.442558403333155,12.30909416575705
11.854701957090906,1.1284251755063663,3.332722860569488,1.300489166434126,6.599726479469611,8.96989987086549
33.45272658635946,0.2052240453676165,0.8771656683583196,1.3427267476325986,43.975285046844206,1.1875230805301555
22.681732620660497,1.168557742383367,8.791747506026775,2.1093017821718716,18.72939202789842,30.992800361857274
46.48336025697478,0.9110412358998022,15.480481719848742,6.401727592187482,182.38993862897914,49.58887608571152
19.362042257363154,0.24190307889165683,13.015596711482853,0.11679263271231333,2.1955022604927223,13.49039653984185
37.67810577727555,0.1982771705688321,14.037634408291826,0.003366423180703085,0.12435531408149106,14.062563922133457
25.749474356970843,1.1356317555651774,8.056786799867368,2.6855711246695373,29.15171114082996,35.38761435362148
34.69780855081755,0.4962821478642149,4.698910905061398,0.2673651777346309,8.157800224826074,8.765606200697734
31.986291052219567,1.3289660897970874,10.635576865692189,6.500960640959196,49.79786021101127,5.228854639135108
26.27527877415492,1.1513211312074414,4.087313874983938,0.027820468587429373,0.29771871842224523,4.751133249500297
47.75274925809967,1.062123948650044,14.524573939701316,6.346991722326963,147.6085288616968,81.6431721214266
20.422113923973015,0.47627389735478354,3.9393291191895408,0.550937679968026,9.999146771874587,7.608902711649071
12.975597556217265,1.0771397482713008,5.825265334286829,2.6703059081928404,16.418308126549295,1.3619549201687846
35.51423273959227,1.4111303737952612,10.130895566460108,2.8334950681268585,15.998909578993809,70.09959241360563
43.07034025885589,0.2151081083874843,9.734198682869899,0.07173190647214209,3.01831450714681,10.368427117855441
6.811418297296569,0.5426754225969791,12.016987528140588,0.052911322108597995,0.3086223443257258,12.189377012577646
25.233470979020627,0.4149307582332356,8.74889200999834,1.5094673555869706,34.857020965661256,12.927618572562027
45.16194603592968,0.6363472329358647,18.38946617020183,6.006550612052552,218.17281708408748,2.6275525181432613
38.73283785152904,1.123758380381479,16.798681883943765,7.419691156153944,124.23581759417348,5.914265502515661
49.63134724239327,0.7494340225221404,17.582269024732767,2.488662453111804,90.4226780511886,71.34534655462431
28.91362152187597,0.8841567200958124,12.590331428068751,2.445176906697797,44.819007666760946,37.94105341872265
34.699807346051806,0.525909435255825,12.700158317216129,0.4190976323005467,12.577432071736025,19.13901543656944
18.611612651206766,0.2845434952716815,12.183973674318974,1.146806975631955,20.48568581886125,11.724736259201931
47.639101984969656,0.45997614726579866,8.697683088429125,2.812412410782042,120.05525068780601,29.37844292389297
21.485096985044134,1.2876066042964662,6.442120021345252,1.1292202896156691,6.779116101969852,23.48261846723383
38.23298207089829,0.9283992193548432,11.840057748977406,4.043814961358038,92.62765728326382,55.41936269573095
23.141309185358686,0.6150382132026422,0.5106367427690062,2.483063533349142,46.9316306036807,3.4229504144295895
30.28185185283497,1.1901832755984523,0.14912862847606068,0.0054809040899223265,0.06165686396975373,0.303075768771048
37.39021407596958,0.1772660164973172,17.03283652593497,0.6073803317851854,22.354201838482737,19.228003792864456
27.902036828810942,0.4417652966569997,0.9284808955524437,0.5263782072425902,13.2770454921614,5.848663736560562
45.81888471092788,0.40855107520166206,10.49590300666836,0.5225970934210704,21.974095718408112,18.66910781843502
23.86854445675146,1.4630949379843432,12.299755258992901,0.8820295842829983,2.2630307770148677,29.414560688667123
34.11823091644963,1.0731660711131668,3.963424592448712,3.9067202496857805,63.6254379291198,46.22546410638279
20.406309498502434,0.949858355599438,17.914616765302966,0.435860585310676,5.1746921061559075,24.216825601716515
23.367050070395585,0.09422678719861254,3.8019154349675,0.83645579750768,19.45879947023738,2.2090774426313855
24.80225487050986,0.3446117730657678,17.690299747333494,2.604706905947211,60.804402861260925,6.237118670975548
10.661315824052837,0.974649510180686,15.259805386660704,2.667808512661083,15.96918786514339,3.8861187717863217
9.1275655576553,0.6174546610445455,4.8148590704838785,1.10013651406546,8.187440292603583,4.692019064962798
35.037046541604106,1.3778053351434023,3.014883325521871,1.400946523650335,9.414273471675894,41.56184280410215
34.49829822543735,1.1550229021010223,6.324654203724702,0.5653977549291054,7.878127522963065,22.60014448145337
34.830937139454285,0.7119324699128297,7.959011325405494,1.152211707121821,30.384434284189084,27.665732208402858
5.8894900404211254,1.1337867946840496,4.915693529978469,1.6192174984210452,4.036094339533803,0.6955950182886763
19.694607920230098,1.44918782171624,19.977830975088466,4.6471595683018725,11.102682210147096,4.897061597486129
13.901443126663862,0.730917116967674,4.593046724791621,0.8781107089457962,9.088878861260591,8.959727768055883
40.01681401448056,0.9844018444361057,16.61269653965714,2.3658460468078224,52.388731555765474,68.0158593461318
43.72836806282586,1.3699642429505878,3.1823549418094554,4.492949799877415,39.19264353301767,96.68760309909754
16.10061697517663,0.43448179210494614,19.60489250551895,0.8185062014573206,11.95402218192723,21.866119995153543
35.05321214815939,1.3251348308467719,4.510469165661696,6.918451433510237,58.97890989334872,4.965657989694847
10.82132615562235,0.22346456668619333,8.433771095671844,0.3491570548237822,3.684395862114839,8.673115428749538
17.3818636520771,0.9926709110227794,11.17128133535813,1.3290573319669292,12.623925500956913,21.854356668634246
11.239452330503878,1.180314727876623,2.4057143031218664,1.0002139701237918,4.279030909280745,7.89425106922815
17.758434496965315,0.9454186329348364,16.336401349582026,0.47643646991984434,4.9529621655614635,22.082505860051945
35.36314463071751,0.7791635738546882,5.493710653616597,2.0206556067120904,50.841577366303966,35.677899378112684
45.96471095833636,0.9492456243070495,10.985398032033276,6.769738278176275,181.19267035475318,39.16553039264957
14.113508356588369,0.29902894851868755,10.992676213864938,0.27787270373314454,3.74772285490766,11.769265536901358
29.393556572782362,0.38825995588973755,12.0528130465157,1.7925143923408027,48.76673563839969,16.23920212858865
36.562599555954456,0.46411703868058257,1.1097197304862938,1.3838696732553861,45.24548588303113,14.365476062519658
47.881511081850455,0.9219238781513069,3.3723752366313575,1.3413161184721751,38.809964529986004,45.71931958526473
32.45272172992282,0.7042767589956965,3.223844858467284,0.05467636789795804,1.3522324955845442,4.358072898312774
16.479811896232132,0.4286191340369116,6.041025188317038,0.5492362487247768,8.232533314326082,8.323243102340738
33.146517061127135,1.3199008236601275,2.898283137166797,0.41024582569864515,3.376050868506505,15.245230146975976
19.422102275510728,0.6093598432583683,18.438426415485793,1.2730355074581343,20.274881540809588,24.640474786892426
48.92577758112685,0.7100442281111171,10.259089010226015,5.5169821390515335,204.69125854060138,36.91889941213154
22.98542608236366,0.6593170813793391,12.471502954053689,2.576976237642306,46.818318770183474,16.183069524912312
35.84424743424564,0.34130675223076645,7.149763507962417,2.786784820164716,94.12834542025674,2.4918262696981515
6.045241205604132,1.108810487863471,5.524922820678231,0.7463138180669967,2.0109613070721095,6.831601879068088
23.00276507606399,0.7134323213488227,10.06354340464426,2.5719342099465856,44.73327432790536,16.335020364414753
44.379842599513026,0.1099656701586348,5.886459496696672,1.1305588909818176,49.87096779526037,5.1233752111661115
32.460234999496066,1.4332835138412436,6.872918514595286,1.4677788896937702,6.5310929404275315,43.500394020585745
24.977429887818936,1.2262873378237296,9.055017485417142,1.5638721394012918,13.192420708152738,33.82518543746536
47.11718747460767,1.0975459076001544,10.11467374368711,4.654504146511234,99.95621789721437,99.05417586730724
43.42929692662531,1.3007476340288822,19.686280235636776,7.154085523287294,82.88721218768359,68.08036955947264
19.49970532203222,1.3534082431104424,4.46645176323881,1.895186500513104,7.970576136551441,22.93480306915037
29.50467809186028,0.5584909880395071,9.759523297652944,0.8476720931846529,21.210121199911708,19.488176284927988
27.04209152416082,0.9403257051600852,2.9902347897867787,4.556222442189099,72.63524412770124,0.6892628574984201
33.449112505168806,0.9373225251990015,6.999984654159452,0.6639642670237501,13.14658506063859,22.737557422221457
20.035007013144003,0.4604872074185415,14.346214374128085,2.718234347446701,48.78709425024593,2.305277393136926
15.98922503446497,0.3971702681969702,3.4892428752114912,1.3620088408173532,20.08229167445335,2.813884886050811
46.070232586499124,0.24631099367972553,11.627026151000862,2.5702348538109865,114.83748652272165,8.096060294034878
46.57435247743278,1.007842744510201,8.334020471360144,6.547168412537907,162.73703708754675,55.95324259606082
42.94952985928906,1.1776350693868507,1.0315908880894598,1.689122629790155,27.79351792866197,54.048833645856476
49.01919938440526,1.1497572582343314,18.66150482956889,6.02252309013851,120.65876705602302,110.18952164254017
38.524618660085984,0.5288701965888971,8.272062805857727,3.292256414969771,109.50471385109624,19.101595132678547
39.41002528528998,0.373863279621236,15.678530715023324,2.818689153179674,103.41126025058128,17.2779817039953
39.316554138318835,0.7206313384206986,8.326269774636007,1.5187820964623253,44.86791761984629,36.414266162525315
26.627343392403795,0.8507620846333177,18.74720643157569,0.8814207824683994,15.476292443202606,32.580769925220864
25.540348753142226,1.3705541822596974,5.809406688577949,1.747374082485559,8.876913751517815,34.5696864630453
15.810182426705142,1.3087500157808805,8.244612993753936,1.7190123674133713,7.040639871701722,20.000417701089994
34.01686374616807,1.3663251843230708,15.177284805185726,4.142283860579205,28.61117711344913,68.98695764825965
18.019406124605055,1.2744567127183517,6.873346305617138,3.243317577958479,17.066502579313603,11.172363793218786
16.60137843660595,1.4340758962210098,7.287141426703587,2.8833036675477794,6.524002231163923,13.929855159181265
31.368261834322464,0.7372270720896634,19.89646346828447,3.4451116306719443,80.0059543076955,34.32683912211204
23.449207470126943,0.15355196961128234,11.11229051380704,0.5044567167133022,11.689929395341405,11.673336632084586
14.848547395758448,0.2039410698515802,13.787609073402962,0.9629953696228422,14.002748189400291,12.134905156767807
41.7225207538774,0.6321947558723218,12.869244683072196,1.8459608154337788,62.13303800636727,41.66641617661567
43.72564636824692,0.4470655172077924,16.558482943131445,1.0782002891666838,42.51157571011735,31.238133168041017
12.546478385500142,0.324548290762665,17.23650198883486,0.023833445682619882,0.2834151281095212,17.329069343503104
5.337816475999994,1.4181900072087976,11.265122649406191,0.7284396646475405,0.5910752031621759,12.50549884233937
20.125848583821817,0.3601236818523177,5.891121499327987,0.5214140827316733,9.820751206566477,8.2555317353425
40.88798760563387,1.4268126287827616,0.45600495149938913,4.724471542343056,27.717922556683384,82.14852298528295
42.7628239805446,1.149597889852553,12.288065021286403,0.5145843903712453,8.996875347941609,31.07106424607049
11.224808155222215,0.9821954469991718,16.50937666531239,0.8165446049299959,5.088697678101626,20.86215292466913
39.84511555323731,1.03116699535714,9.01079611023319,0.3233858256844739,6.620722897276231,19.552166726628045
10.206687528924325,0.5500919292935607,3.294122809817286,0.9797519205355142,8.524783188110387,3.8134128298902725
22.552816557043815,0.9898488776422538,5.761641458712818,2.3455706712132773,29.031951502142963,22.996533792842676
49.93742817553621,0.34793783472217865,10.199778590237292,1.3472785072046045,63.24808243245627,24.23607816810717
13.666587045390942,1.396550239526949,16.73362437955333,0.5411461441950774,1.2821469198005557,22.580881204680665
11.92836121599319,0.508649458031951,3.4350629213684125,1.5492718072453568,16.140726808286026,0.6617289960753023
24.026014964605707,0.4435740502959803,12.242997514190284,1.723186759922477,37.39463935354639,15.446440595122588
32.885083668643766,1.0802370502944392,15.06737227901091,4.342359783752448,67.27529874093051,48.53678302793517
46.98053520859639,1.0038417826597852,18.720950406696463,4.530866369841305,114.32113609386498,97.58559254284596
49.13695154898654,0.7173986254620933,2.3340738335771882,5.369413798640719,198.8057757588507,34.37320462339511
8.13382864661276,0.9703279935753168,18.527832683291148,2.4601284110454027,11.306377731335616,5.3515250400107135
11.20988828065574,0.3099608015074389,12.02935070348959,0.7473962481737874,7.978968382204472,11.8449502371766
40.58320882531972,1.0274101354832863,15.334031748645721,5.17449081401602,108.5765319173084,63.75091333642902
17.17844685218872,0.4651102723810711,1.0754941913711091,0.39076707927730026,5.9996879603587505,3.337327457608843
44.818207677786226,0.46821735147160737,10.122963112811902,2.982065304223858,119.26654656001233,26.82031348102931
34.8553965753089,0.31371237023485615,12.452593481615875,1.2096781612870235,40.105986934171405,18.286415329175693
10.033016107130473,0.5513524917778665,6.136676797456804,0.012043872079406335,0.10293044517747837,6.19926419733037
42.46381782158032,0.5497801948521156,8.633004162025053,4.666603415884534,168.9605541292512,5.355404574585478
12.936037100363414,0.7214199944123929,11.08596270559196,2.2651797570338945,22.002290573614886,5.271063384023357
24.05729276058442,0.35314224791527693,11.050958795459598,0.7480821764389451,16.88625835611443,14.530154301209155
29.84832178516985,0.356755821570315,0.8372305081367615,2.197752742144603,61.468758224711316,0.05513016684491845
27.534476708612523,0.8436762034456836,8.789635331577848,1.45393498421283,26.610995589538323,28.329403436577195
35.877331202681766,0.2672132660337092,4.2763630958446175,1.0594401023916964,36.66093026643506,8.807231371573083
34.37090306911649,1.0491481423231448,18.333901561706995,5.650995295032785,96.78661628469693,30.095930793649075
49.64189024876247,1.405265287482887,19.53159980246668,3.1575836920252223,25.82839928205508,125.2329353583543
49.973985915088456,0.6831855690908718,5.992937927041382,2.980887576776563,115.53356867703889,56.446447392943156
28.24067311860384,1.345446832335226,3.503707945021175,3.8181248477852283,24.093492747753057,37.09837906567911
9.28395891323888,0.22454232055838635,4.390083018966862,0.1539464921264343,1.3933536108505002,4.59207014014286
37.752948453592325,0.14724662552370438,9.555045107059074,0.874356538268471,32.652334137313275,10.648173744365472
48.949883519746514,1.094487425322292,17.490111982263567,2.86331417209412,64.26314100657778,101.8344136844802
19.324687443305915,1.1498530327783913,10.000724298752793,2.7706430749327815,21.87833973941357,21.215492952668527
25.75439986269082,1.2643978298736447,1.107841234305953,0.686756442021411,5.334873802695838,15.657721203805885
24.114961616695517,0.16659890751323164,0.7977120542628802,0.2283227574121139,5.429761120294387,1.4550634036874956
7.313861955061821,1.1720333498772544,4.547818912456972,1.330235643919762,3.777625262654059,4.834119149722184
35.25189940505501,0.6130137144867172,16.855425552188578,0.7567920511924546,21.820704325021076,29.39515799756185
20.90019627808105,0.5108056974404784,12.429611150702879,1.2423839632252676,22.651523418787335,17.552954107262018
40.4358743584176,0.3288534315718942,11.25915707572583,2.3867371837803986,91.33815898193349,14.486378527380165
42.445403387689375,1.4779668088618454,6.3793918516528425,6.709046876112333,26.396944854861754,69.14102894878332
41.95538539690305,0.17615760237984962,18.588508100923747,0.2690369526954849,11.112866665530392,20.211599619250947
23.749969911794608,1.2419874862229927,6.623564899242648,4.141060442753036,31.758799569338574,15.591971134211974
19.469555700840477,0.9801691383990914,16.698888253058936,2.9847057471259784,32.3609153711822,21.26927025351533
38.696935085017465,1.1136323841510958,17.91807035951768,2.5658071849074364,43.826612283206664,74.71935413423782
41.06252452292254,1.0810110294354507,9.666700264322735,5.8393760458348085,112.80102430431813,54.00405164645068
27.106585087611478,1.2858671167748488,17.885785389614853,4.31117117318491,32.848437993182216,38.869958744083576
45.186395879133634,0.34388860324327736,5.536065747820942,2.06379387777304,87.79537228038598,16.085580977081165
11.475891323535123,0.08841784490632716,13.168668523665517,0.9745884916193053,11.140582362981283,9.49738926374345
44.5580950846532,0.9229698866630606,1.7592749704877253,5.358128382273101,144.0735851457266,51.315994370396595
9.324285483734657,0.581346330025257,9.478684281847878,2.0053638585462625,15.626857674387772,0.02162469067843631
11.908648492457626,0.26010618261975516,4.346636043166958,0.7544238944146314,8.681965563097034,3.865505749748462
29.022800597328217,0.3471651925740426,1.2552655586120576,1.7250984771273936,47.080229993087436,3.692693042585752
8.038331608433676,0.5504758860909874,0.07451016155241463,0.6509528628479497,4.459596424436011,0.7331899607094372
7.376319563004966,0.18533074793950055,6.495042328816167,1.1104916700531777,8.05106763211298,1.9556686163119368
5.023343487456748,0.16673228379927746,11.790611890735256,1.5632514480377389,7.743849757757347,1.1072419942466745
24.63424968624184,1.3662803971228181,9.104606953023147,1.0175166528718096,5.090685306616094,28.56963766203745
39.85807465815034,0.5230441090596047,6.035385970389921,0.718501094488859,24.809234839932603,17.8084865015295
6.567725762596205,1.458719237405669,19.824000615525023,1.6317506013367085,1.1986048740496404,17.413550434664216
34.351592290963495,1.4337768220375615,18.790500799593556,3.3480705558689747,15.70956226092649,77.74113779858845
42.04072928372839,0.28633352623159963,2.5130661367499374,1.493338235745357,60.22495345762562,9.306307577937602
12.560038186004201,1.0854891016448176,8.302148533369895,2.2802862238454535,13.360215840916029,8.13100781829688
11.608868066963192,0.9261483407874636,12.976938679872216,2.6343880892138407,18.377405466236645,3.3809861796985103
43.73604381292412,1.0515916941954693,14.669815950598736,3.385368956200295,73.46716616085035,87.00504694573262
42.04060744775426,0.22157443548279634,7.327443098189807,1.7839251638518214,73.16381245744088,8.199669155905537
29.25237948188841,0.35054599939911263,14.925636254706953,0.5996021963188956,16.473114749793066,19.185528031050378
41.86399456822912,0.1942742207308474,2.4830002582135657,1.022284570811593,41.99182197647832,5.619088236217243
9.174023484102264,0.9307969429962762,6.636252505154094,0.04653465255568831,0.25494849210587084,6.968053709115805
22.75166830724395,1.4648074741484967,14.328663515118102,2.607783804754159,6.276703297795056,39.97052272357717
38.20089002478678,1.0255338789695487,12.513655805207502,3.82941385225254,75.87066428285378,65.65883564655039
16.58533816957835,1.0796767812126493,16.744204297233097,2.8424328909777032,22.233134318576234,18.68532371209023
38.854801149509875,1.4620065218649492,0.9371404533431016,5.130167573685266,21.642500682168233,69.99754939293007
27.688037197586624,1.0339491815486557,3.4878343564609704,1.78953981200462,25.340726587114915,30.358385202964122
38.76196945767049,0.14337052187939964,0.9698916454393292,0.007353940859309117,0.28212859605010104,1.0103547466922647
25.91058370357983,1.2978346520540684,3.8422844849842264,0.6047419228069669,4.224179989369359,17.13755333452812
21.555695309981793,0.5964534128120329,0.08565621265870016,2.4088833711651465,42.959393718447515,0.7902920738440216
14.863514741538454,0.0933592276191281,10.084206033577326,1.4591580481872077,21.593769131598716,1.6626186454781902
14.377070364575676,0.7954989807662652,10.566287911365109,0.9263326576231764,9.321612288977857,15.869197850276848
38.81708647571282,1.395586215069185,13.157835628119896,2.1026271361768196,14.227220122385969,71.84091478183886
10.350965661528223,0.446567883237482,7.698248944020869,0.7806505204380807,7.288070959599219,8.198807534900183
8.869205754992532,0.7735483175354546,0.06415381370368012,0.8787194779677407,5.575782200815921,1.7219476530009623
12.933111425995858,0.3299047710534306,13.477823088152743,0.76320516845949,9.338326645086063,13.818363761929405
12.890593015426484,0.16782062858783037,1.0858217549582516,0.04970755171598698,0.6317578721780476,1.1807309529152816
42.039843026310486,0.19972842387869327,17.32340861635488,1.173313300901394,48.345332402817846,20.357287051564228
22.932798056339557,1.1023651831543184,0.45307975415874724,1.092851308198311,11.315229309984776,16.957307898874706
49.56748058122171,1.2937420223499496,10.60950246513265,3.22908444702235,43.77950596265001,113.41897148767129
11.174506600577557,0.2873493873390813,17.898357647710416,0.36830873487588484,3.9469196346045408,18.39941479078742
34.40929215621395,0.4898351268338939,11.449791515775603,2.5689222034881904,78.00048963747633,20.66794350860424
25.192827824056277,0.3595789705048355,12.168334930878599,1.4321876077406746,33.77330679307287,14.80352592474342
22.681317951368328,0.12476420104349971,13.632216966748114,0.5361648280449622,12.066398529570773,13.735478133686259
44.378788957433706,0.8600024296677535,2.44817695460934,3.837577213376527,111.11437339350593,59.27843300908778
48.90180406227798,1.0645421727281872,13.49854201621119,4.446296081717801,105.43374213091428,106.68767297700282
44.278653144838046,0.991874077877405,17.607097640256303,6.371557133471088,154.35626368784605,54.63274332651676
13.653530556580987,0.629091428557139,19.48441665670633,2.8428275424033247,31.384054713108046,2.682765150567157
14.935906454402032,0.8622069565161037,8.86103998716694,0.3827136206120367,3.7198771144599583,12.482786791143647
34.523324559277846,0.21865388057138616,6.890097033550937,1.9208640253542677,64.73568302970435,3.1767112010113543
18.008761173718625,0.3027150977822815,15.06619231192634,1.6797542988818488,28.874831359843014,10.244373634491755
38.0626308851261,1.388297187685116,10.857485761906291,5.478727234864893,37.84651166284459,68.69846556356669
30.488929286434008,1.1505318609120263,5.14609308910061,2.1912328449496346,27.257932299940375,42.58948150744613
29.79089458206813,1.3756532913216872,3.4431576993940594,2.0888543427036064,12.066598723410104,43.08884272188744
42.28461161774536,1.3671935948103004,3.4046060118548738,0.04807141794840967,0.4110060140806778,5.383966360154664
36.9739747284205,0.993989607133551,9.183540732123042,6.484537580241767,130.75266176774016,3.900189107163669
6.195999424878126,1.383332114905183,3.4024881123130024,1.0062897195741467,1.161999833150731,4.561325655934098
7.225661171570706,0.6690951510284233,0.39437888022971546,0.4001495905859918,2.2679228510560914,1.402425335761667
32.07013036052071,0.09231569284413996,1.0417754993938,0.4632956842856862,14.794686812187482,1.3586269696528772
26.8786434030024,0.1746322216526988,18.597690879059314,0.10053119656931976,2.6610439668108112,19.01760469167938
16.708309490434612,0.24013960841432716,1.459226823202715,0.1883225353186954,3.056260225397253,2.0336393198469653
23.839523929166074,0.22040499949469075,1.463613811619191,0.8061876174534219,18.754198786914333,2.477444656551771
39.10596434297872,0.5783356391975626,9.023768910670649,2.440564472458007,79.91946166432959,31.97865367852492
42.19751680960685,1.0664252251738244,4.902005646700651,6.030676636910213,122.97902478245214,49.30317987381861
30.255038055051987,1.1912204547711176,19.253877043449954,4.181412592227932,46.87486983134916,50.9979582509207
22.341626638569636,0.9113596567029388,18.219716789956085,2.6685963517282367,36.52796838080995,30.409758410566567
17.181354267279815,0.29172993380327183,8.094864973425342,1.5356359000659368,25.269508553758524,4.116380227281184
28.486331184616407,1.1315340976738248,8.974630388325185,0.3811770378092599,4.617744355108095,18.08946030065704
19.163732835397145,0.582663397107379,7.502273061511405,1.8747118481921208,29.99861115196816,10.031969818860794
30.38428116712503,0.10540859981431461,0.7573223328625645,0.5984901447676664,18.083761525295124,0.9136735121175974
35.4493572129337,0.4790420843537519,5.856936785094174,1.0064601033227953,31.662295117269796,17.333561598073665
7.973564491372768,0.5488719168939435,2.453469392239682,0.2443063354269545,1.661858769394099,3.177028235813818
5.048035926023625,0.4701854664757134,2.047406600302455,0.19674027366674246,0.8853793661733581,2.307499185983766
14.552471247833433,1.220851044343245,11.217231458727756,0.683572047102434,3.4105203648988134,18.270017857451442
45.25301739734515,1.148323879466628,1.975297154271245,4.432415051670305,82.24122721155523,88.55492386399453
34.083084345285165,1.0584403065703027,2.058626475905272,0.8306979928618232,13.879818594128574,23.35105055127217
12.73821583716603,0.28135416636229654,9.610274296386972,1.1906472704424163,14.570371351258828,6.867889404758338
45.06187828206284,1.2152153852903724,8.845647302452775,0.9264513417800282,14.533814830007147,43.771715625588605
26.1480173129303,1.0327824743104284,2.7526957026473875,0.1263076292634087,1.6924042906361356,5.510559548031531
26.42412905053973,0.35931119348521523,0.08898049617726,0.6078714086884901,15.036711012297744,3.924584633369709
47.09938747291948,0.9921762982479599,3.859488835356877,1.5609611247432047,40.20598884420265,53.46050504727727
7.676901148250301,0.7623760711785209,4.717845083640815,1.64144256442431,9.113144974612315,0.20504796537299974
14.683022358292334,0.7007148744582667,16.00496887217735,0.9129412382272605,10.246332104310161,20.55973467942841
31.35970963196251,0.24381993222731835,18.3087670105443,0.6333625521505538,19.274603071839298,21.136063141318488
13.796892931190184,0.8109557538527606,8.118887949759394,0.5236325143819598,4.976279260684646,12.011353483318983
35.5787154144031,0.22679759012305703,8.100534530019557,0.8738929061085046,30.295767192902847,11.345931661540128
14.634153020152409,0.3166074558109358,14.249625675197334,1.351673031056575,18.797437966004225,11.446669236845713
9.462063676946645,0.27233603023793806,12.53844031409378,1.4694197417082822,13.391323137002301,5.687449994460719
14.314332183837788,1.4194529338243993,3.682803733868183,1.139375553518194,2.4589080037731033,13.438221697847922
24.0230315422428,0.48501260427334125,2.1537824459172272,1.540986580318524,32.74971411501759,7.765233948513259
12.926223462788595,0.583225259725294,8.752237813101015,1.0826264260417189,11.680889108471357,10.710094985956149
11.061141121550628,0.5369758255345491,11.296567263255259,1.8625256347284276,17.70217304772523,4.819681863436482
43.71268487985234,1.341460684668791,2.774152063176185,4.975255291133729,49.44026276938851,93.1474572618013
19.417874161878853,0.8733151609424582,5.865469868168891,0.981948502783201,12.24675331914692,15.750366159644429
21.234140893321413,1.370655789694485,6.1188599286114975,3.1793233636273293,13.421504738472485,22.701249257013643
7.487168427555243,0.506040631834173,5.22596402048328,1.2025736341732736,7.875420968932816,2.496772434380862
21.081633057592438,0.24760591574317714,9.21522532583582,0.9285829877551289,18.979014594109227,9.783576477952085
16.916322979471083,0.8638939314305382,13.061271686394772,3.3609439782932906,36.92615218797423,0.885777414812452
32.471828030380486,0.5697271181335102,10.187797672319848,3.5867132921114018,98.07094320683976,9.910005559288692
14.242563395258301,1.2069396256921558,4.029131244946884,0.5885894685788668,2.9833592044030635,10.164051798050242
44.97644538782782,1.3151731829693873,2.058780940947995,7.016774573341174,79.7963051306129,65.89527701633654
46.83499794137998,0.7471035604427355,16.437409257974007,4.188127883116421,143.9081378941852,63.689509017353615
9.492397572955559,1.4435395177397985,9.586093654355714,1.4202182069571978,1.710957449836619,13.064874967318168
9.833133032985975,0.8594182839646904,1.242783682677544,0.858379767166342,5.510659273423418,4.0221149800418665
10.189689714994458,0.46554269263087034,5.16242999299116,1.359639287106124,12.3799009675914,2.3142583596202098
32.88061653396404,0.7700050789512082,16.080675567683095,3.2294939232711033,76.23294419065614,38.844758278315986
10.48860338943303,0.13936145838474956,15.034526495470999,1.0246327396190662,10.64277349451173,11.377772722879016
43.35720430686198,1.2098638575153269,17.516332657947554,0.4241631522308808,6.494555813551269,33.839441295469676
38.94221817220516,0.22889651174671913,12.041756520033841,1.2140109304300324,46.04318896185152,15.539784286620147
41.89139862071109,0.5183606773943801,8.4581186871611,4.182315484311494,152.18706960775833,9.466568355820954
28.67272370987094,0.8765972674990407,8.532699951089013,3.4528636231761944,63.339159104401475,26.14435887465244
49.85047451836191,0.14727105771944796,3.8800008898588745,0.09713338208189425,4.7897299531278765,4.544255634675618
6.987879632487257,0.19801374605480984,13.015979230357637,1.5692078706783095,10.751162903033018,3.094987296396271
23.0569233883751,1.0592282559867061,11.70137512185708,3.8156849866243463,43.06918374448803,17.00210053251388
19.577150102193627,0.1874861907133796,3.097288228576718,0.6830029102660197,13.13693119128815,3.301403946684332
47.68904744206885,0.7533998082691921,17.713258400907495,0.16033465262280547,5.57689251209994,22.81810610087387
30.95874313239168,0.5601747798253036,7.369364066211941,2.1112717873356646,55.372491364934234,20.234722055196624
41.27859344501264,0.405725392586822,0.9947753104213697,0.1845926641096151,7.001128305433772,3.835034292028792
12.665353714633348,0.3508515286802806,6.557618415595677,0.5389459197797909,6.410107027148801,7.47895819243946
49.03853647551975,1.1531897124031616,17.397134294231517,5.981803606681519,118.97060331621803,110.01656033764345
27.43877960943418,1.4158700019693378,18.33913171723569,5.601946040499836,23.71866299382523,16.28096178709356
27.21524343217906,0.2829943062833156,9.80796834519267,0.8540605965793178,22.318926476658252,12.720487791585864
48.6898127845582,1.4272342261310649,19.126798801468357,8.7778366630321,61.146636271237455,64.1890059572516
22.13295625477153,0.9177115788432987,17.504836184239522,4.036782660117122,54.290095478686446,8.534565476184838
22.888626104974684,0.9831934028613419,16.504614341984507,0.09707780759194595,1.231792408549212,18.307678748185165
31.31387162622215,1.0785106822274253,17.19420129364412,1.4825632546252194,21.94227828435046,47.32511881037048
10.762367474650413,1.0704018995738271,7.63750824337647,1.8020037952885501,9.304608275547261,8.725921279331276
19.44885318853347,1.2319387091808123,15.129378815110872,3.356676113865147,21.700881264729862,21.43455319750076
13.694374510030874,0.7623160462952239,11.546780061522986,1.0893819835634813,10.78956467174377,16.028381856970064
9.647756559817232,0.831975538273145,14.393680034806133,1.6996615068934686,11.042632369834852,12.346253229281144
43.9765072848959,0.5394142545877482,3.5557221516154924,2.9123038742419944,109.88783392401733,27.73645614115486
31.519902475736423,0.23423378853908502,14.627878235498839,1.943235755142311,59.57799841120939,10.321915676689628
21.140275618756004,1.0152792364194176,19.151848683883436,3.2517687635027577,36.25402113306786,25.692590099306194
23.390121981502077,0.13419483250322992,6.053266447628591,0.12664217643643103,2.935544149769221,6.370915583254353
24.418355165930958,0.4721255966243197,19.72322647911254,0.543544988719926,11.820513926596972,24.31014858830952
33.491713196511924,0.2188361736631079,7.567520296107421,0.290352713581897,9.49249012037203,9.265113860577703
46.704622617004695,0.35357181205976795,3.9944699404206574,3.2895926707130583,144.1353649451292,4.113107240573527
46.975082884564216,0.9791030597459893,2.245724596004768,7.313872894254686,191.63196722220698,25.025886689039282
22.617139078879852,0.96478538011289,15.699238265763555,3.5891764583332177,46.23781943055605,19.233571089376063
19.816810681899632,0.6751700276775915,11.096508007531368,0.37657870805088867,5.825302094766406,15.065264835086866
25.297092508336476,0.2131702932215196,6.142625873240577,1.0282426489411665,25.42278115989881,6.459643202998462
30.557040369282166,0.6923706013580784,12.169007395875157,0.8472411905081536,19.92780719967839,25.174826940180424
25.781806015238672,0.5797912172759332,6.642023756820095,1.2123800955959771,26.149180337854453,16.556649520662273
34.64390344175154,1.093217210076951,8.967155146569175,1.7499119895135795,27.86454003657197,47.787704863298316
29.947956052089364,0.8957401241780083,17.253282515061823,4.489438751896379,84.02304002177893,23.353660060086682
19.432199601233425,0.773621753009559,13.363329537183295,0.5110949652623016,7.104986146867747,19.021638815864254
20.557886259318465,0.7672217213549312,15.248036794094329,2.4169607165679126,35.767221600000745,21.084556335592524
22.036675440187892,1.4364714413570572,11.669871029391526,4.854918761862067,14.327741138437382,2.0803959888481955
9.258789571222492,1.14325240520237,19.82796097771242,2.0922077849366607,8.03206362435019,15.9847798902493
12.47281845862879,0.781180834211193,4.8282013258178536,0.17681615041692733,1.5660131139256,6.227711368428866
37.54012109654238,0.7563874581935465,5.245823214376295,4.946710279070436,135.0634049983651,12.66644856134414
22.5093520184936,0.12423826265897563,1.8511787747666575,0.6181795749650772,13.807571071107422,1.7010621488096411
14.654253765206464,1.4032576526378644,11.08039004141421,1.6323476911160544,3.988942996158345,21.59663059648978
30.320258475868577,0.5329173981203027,12.267184728167358,2.5060706442684655,65.4478004924796,20.065776888643242
38.99927941130423,0.4446248356677437,14.519231457976396,3.63537783540914,127.99242390909689,10.675951683108664
16.584006305541713,1.4827045683463735,6.708918518985221,1.7816941929401318,2.599537301675011,20.57137350453267
42.2055446865685,1.0907465480261502,0.245136037300544,4.058540631232049,79.10706552444113,71.38320309240791
46.737718683127234,0.1533987658189767,12.6445907417664,1.1269929618779757,52.05456440624752,14.463019936595021
31.882753808322832,0.17367488926080576,19.973909850407654,0.19282212532836748,6.055216724808966,20.853881886532832
35.10264465462108,0.12287336304078664,5.890987075799849,1.2742442797293523,44.39211000515888,3.4089716329020803
7.365919564537492,0.9244923868944837,3.6786890493803948,0.20891458134990787,0.9267556748802029,4.693094532432596
47.54839509598579,0.1871893548896961,5.635339156527063,0.9086554692391962,42.45036659060609,9.625890741929481
22.66181304192247,1.39052246473762,8.508309495540944,1.8951715510723952,7.700537821660085,33.14317721270571
46.575518024544344,1.3954347751488172,5.0182585790512935,2.6486431556146615,21.52223444656564,92.07815023574707
31.053988613760914,0.8497017712924267,6.9392005073505985,2.0270631134375687,41.55898161077657,34.06413334302939
5.2078459479497425,0.9482568345068186,12.764134771587251,1.2984939789737382,3.943130968045271,9.987620465974365
6.7343899695546074,0.49482793258003394,6.900559736852294,0.48454498579526145,2.871705677930352,7.2985337371192545
35.61884625514649,0.17658898227140224,7.921178895673093,0.35532845364852067,12.459565504493114,9.525263127544363
30.32006062243699,1.116955492345346,0.8006252559852789,4.855361764973812,64.54205590718388,17.47979506586951
6.193959674273345,0.2293865134851772,18.358850032457394,2.0227679900793833,12.200761131996474,1.1384324205598517
38.45569825500734,0.20672746548054166,8.137719198297074,1.0654431244636304,40.09997044532088,10.979625647030662
43.34654016811318,0.5218158997123225,6.562870320695886,1.5337972789618366,57.6367059468353,28.163386906837555
27.338786709768872,0.10467180720808963,1.72968392490769,0.045228814503925574,1.2297334273126088,1.848840610187425
25.959084816076473,0.693294507869212,12.683664307903673,0.14831700491185212,2.9613409210651254,15.036312662871559
5.246289897558237,1.075375417352298,17.2764990052751,0.9450092493934289,2.356944441471402,17.257836210715155
40.39923706221197,1.206160647451803,0.8230640010480061,7.178282283521161,103.41557126378227,19.01041829865619
19.882223003574744,0.9310386342109817,2.90544934732071,2.502535615835827,29.70436804247625,12.103234013049992
44.54436289021428,1.2697259181629958,2.9277965777241466,3.053040659256511,40.328538715854776,87.08662041967416
21.787726440112387,0.6548506123876343,12.045497106955859,3.313424987696723,57.258282708198344,2.162425159112786
30.42850597838175,1.2723758612655318,18.424610054367378,2.789791219441189,24.95833976075759,61.38656743978262
17.16538046896974,0.7944366099334991,8.755367341310192,0.8516772369167774,10.2435958084805,15.627967668595433
12.226474066321341,0.39868364535729756,6.876128963877013,0.751607670038804,8.468804092963214,7.672644905817331
39.87085565215976,1.4055424748074075,15.316813711933825,1.7748614543523311,11.641075963641402,69.66659403198976
27.34657154808267,0.4711982302432059,14.851381235113028,3.0262319014714665,73.73861467657476,7.4989247281900475
29.141956568851285,0.12385063603861424,4.935122785544193,0.5183066946108145,14.988775593825139,5.483354206498465
48.443717906678096,0.4261033472950261,3.216527246157721,2.787775906557991,122.9744763771676,20.916099448426344
48.36109604999692,0.5992588842037575,7.156200648307127,2.2611849449090933,90.29897685217816,43.75580402845189
43.50389547660816,0.5778431665386732,15.512067844532623,4.89394765430247,178.3389784065815,14.32685936958427
13.44241817442651,0.8198405040420179,13.901267798299566,1.9018903146134876,17.444651902303665,14.848662471526637
31.742271243571096,1.320344206951591,13.317074127124105,3.2596555296333825,25.643931517449346,61.440401415562825
44.516634109499186,0.49544763000029224,16.588571203264078,0.6596959955635697,25.836185678916692,28.415953521815208
21.850877140202197,0.8143994031197233,5.542606246827875,3.208721670426621,48.11918911833695,6.035655033438644
9.549777467101324,0.5621900350919146,6.793674509390202,0.987059299094623,7.975408498932834,7.039345406510312
41.49333060079648,1.2346781098196524,0.8467890121835198,2.28258557612967,31.238412975050906,64.70296059010235
26.679359811297722,0.30731968764048,17.37491551607067,2.52557032973487,64.22367026459081,6.471313833951232
30.397670616163033,0.23179406193037788,11.648594698443562,0.13116571048641293,3.8804994957973493,12.480146723123775
49.196493334303,0.789580325871622,5.962445837673867,2.2891699346320875,79.30001620209143,60.22487614042486
32.324514372233246,1.025398508590406,1.388330628987311,3.051239123980759,51.165032822504855,40.043190940485815
24.12407235497456,1.1980291859296255,14.468190063249192,1.7510360542732728,15.384323667367763,38.769899968643834
21.6492965531239,0.9105380653825186,14.974750390981221,2.007569046483113,26.656431723971966,29.534085402398368
23.792868169432055,1.1677645626628221,13.323573042300453,1.3228551632636525,12.344589052266933,33.692747513893394
10.327958743040094,0.6355931448067457,4.075619418934591,0.22507370229790008,1.8706127510350632,5.2071227996605876
40.76377512879073,0.13315838768849453,18.264321170172096,0.09429731312130576,3.8098862679343113,18.731044171839997
42.69725861841685,0.24937167717322292,15.063160380417527,0.49336857287602665,20.413881210231033,19.06808087731959
17.797871055803398,0.14133341351033937,13.155126471679406,1.8230430250760004,32.12276431941556,1.4239208756521222
18.670847828447485,0.5465584429472534,13.018878468435751,1.66590098695918,26.57253258070972,15.572590064929285
44.34504153506659,0.7791028882206257,18.087154001832822,3.367856896815086,106.26752395658661,67.39029738817408
6.078665998757995,0.5847795243784908,18.566142661942475,0.8906457353721089,4.514324518243167,17.663830231025536
28.420584969525247,0.8700109925885486,11.912748360204798,3.4869454823702433,63.90214259259713,28.020376962976606
25.865407160667548,0.7583234271121556,8.333388219250967,0.5715829845364611,10.733200958151992,16.89807992631522
36.055704631030686,1.0338531852174213,7.274679591188324,1.8067299248704995,33.32136599099968,47.23918894876377
12.352626506725452,1.0185213218322282,16.38157682161445,2.0927850288122047,13.562296054159505,16.90705525401566
35.07488333578192,0.5313677905672413,12.89210679668667,2.0326211794998956,61.46357007376447,28.752431823173882
21.95303035436944,0.570673035723715,1.5453206050730728,1.9573357951266823,36.160409307135765,5.965500040446184
32.84216501763389,0.9042869504807783,2.843720260300544,4.8180428373316335,97.82815874468531,13.351548950165878
6.804275444274916,0.9200432890389605,18.003717902096927,2.095975986920668,8.639472308392381,7.802411600576054
25.77772387330292,0.5266704344964986,17.689962962090018,0.6694257953851115,14.917797906872622,24.16588080765341
28.501290229206745,0.5484772374003335,19.036648973949376,0.36587201598017544,8.898265603201422,23.817001296995517
14.644688128474398,1.0563361135713747,8.557019346566474,0.5341733787005053,3.8493273682216387,13.967627692368707
11.283064438060432,0.9912225003783757,15.681218152814143,2.345004828987716,14.49064466612999,10.84639889579714
13.481343635553563,0.2758329585301033,16.564500546286432,2.055826496085711,26.667628295632852,3.3821191843206364
20.48634851285066,0.7030770977613385,6.313938116763862,2.8817224093797873,45.035958301099946,3.752005012491267
9.356456718723715,1.333719288685113,2.9067542245428446,0.6358324696900431,1.3972292448415689,6.706479812148924
47.6293908078322,0.13795874941457417,19.94052723278346,2.3459325110495355,110.6737138633618,8.312369679123702
23.224732767311778,1.2813005834395659,0.604384075026998,2.447847199337146,16.229082405805997,25.69876733126176
41.403632112803706,0.31510615124817654,11.94671837422886,2.7516871857276612,108.32033558917136,10.115966609538447
48.8487705398981,0.7955191636153591,13.004245483634179,4.0951783309661725,140.0139067431936,73.62215870414684
8.63308760012326,0.6797518882686322,13.635786839392967,0.33699666827522035,2.2626630455675163,14.907541798132877
34.32512605707473,0.10140968561200972,5.112554879381794,0.11366952715691851,3.8816755350603844,5.444173000612683
44.213408903354626,1.3654017037905548,14.431584885977015,8.754886714354084,78.94701296870791,17.420058299205607
33.54054952850277,0.7224619079891037,4.327991265625311,2.005069242377174,50.450455642612916,29.07710619323689
24.306175461083573,1.4196763327441342,16.58076511503365,1.9321290544270666,7.070016251774476,44.69723677320415
24.39843609370722,0.4876364771677121,4.38233348169269,0.9498187686119299,20.472983523995154,10.815229693040346
6.615449870331151,1.2968156207092434,13.93412058152155,0.9304279210993638,1.665386426436337,15.613500600826404
29.05703380801739,1.3751652667830463,15.668269716679518,5.969228436517617,33.71580699635746,11.034423935784105
49.709434855408134,0.8647511864002042,3.778915009243775,0.4897404711822856,15.79557301768362,21.127194773391412
48.14183866873704,0.37025804011573954,4.7597297526520554,0.45320570180877306,20.339626707185484,11.647295805228676
6.817965297897343,1.0440523730862057,15.582074774687339,1.9596603512606623,6.7168074979419305,8.295364031628878
36.76086516332697,0.8537844451734413,1.719979432699057,3.1374615939367985,75.7912211390108,40.37377946895059
18.579419001361888,1.4060786667509306,3.8152190493332827,0.5057004687832212,1.5406358418809185,11.829297127120658
45.634511903276156,0.7006059658490866,9.110618123798304,0.21685950582960778,7.565226044008305,15.259888133671609
7.030163556917534,0.4621822416281001,18.603638574895413,0.5141914867400572,3.2355858118194343,18.91866206229985
47.11433459049863,0.28035154170231547,11.23755669786021,0.8719049868106876,39.475417626653915,18.87503925634593
42.68640847044996,1.0627429456829576,7.75355696416451,0.11094598900705371,2.303901517648726,11.830892237983095
10.287697201367068,1.4473800727244055,19.567404444449533,0.711566937882847,0.9011627598344629,24.348573459428522
7.692095179278463,0.1268418321117787,9.27422612442577,1.0911001517816807,8.325421066326854,4.496537559317922
42.56184489471212,1.121123212357784,8.67469947374964,6.873185387043652,127.15672581430334,40.413455399250864
12.009095193856073,1.3815054036693932,8.23288633775447,2.667568591942779,6.027802705915218,4.792159363519765
29.070416883914174,0.19168118195652287,6.243601452135925,0.7120371083913459,20.320116510032474,7.700180284447539
46.20851860454193,0.24109286453353163,6.513896194751688,0.8735654279452895,39.198678707856736,12.408797355833714
30.53516510971955,1.053420834639234,13.75674119858996,5.886142233870719,88.8967464805565,0.0255652887586848
22.875498566277084,0.9919940099372501,0.8167119468376227,3.0360258490794383,37.99098984863401,13.743485112874488
25.02572246842965,0.18336766363220142,13.636334512926378,1.1801279875886008,29.038431449368293,12.190332737667646
7.840272681674196,1.2523404128869389,4.024089962517456,0.49445433847103304,1.2137831374729595,6.5066291345071825
48.593854461271945,0.8181040248678124,7.684160064089857,2.390887941311088,79.4230521267261,64.44137707489335
18.979438328648726,1.353952953013165,2.93077945120664,2.0257928814746275,8.27209864563166,20.34946518826322
13.521357125278422,1.313172996664388,11.055020881449396,1.8107698076813157,6.238124525856854,18.648126782169772
17.872128582817787,1.2217413240364423,14.587008899042793,0.056655980668947926,0.3463066111110475,15.522766047895006
48.39679377011655,0.8075972103492974,7.093111521127293,7.0299128849389,235.17619222397164,10.5460168581304
9.242872406960315,0.4387208194665559,3.268331550805259,0.753669206367548,6.30635221996515,3.4412656989503088
44.02863682255316,0.7937415408146533,4.530111638623511,3.8537524704051673,118.97348227431716,52.65946865712037
36.85297524806515,0.22802569988875535,16.36225837051145,0.6055292036237101,21.737905591152124,19.608300684746844
42.350863062156265,1.0071892269952925,5.3529747011970485,5.695617635207834,128.86606693860446,50.1410415731892
48.915389316555334,0.27433395045671183,15.494051860224543,2.6417603968221406,124.39056355491897,16.269753459816116
42.896959498259235,0.8009985620246065,6.623988136124222,0.6173763486837951,18.432299643505416,23.770994191433864
47.452205807503375,0.16319802283535412,3.774651086859251,1.1683946528496816,54.70621884820023,6.086671102244985
10.71208655559139,0.5054647910909218,14.54617119254862,1.5337030263812736,14.374685123200733,10.963641321800937
40.81048543251365,0.41131191605835665,9.370900589504135,3.1967733946605734,119.58097434189212,11.405184105266208
29.55540623364715,0.9529938135227967,0.6255450254961281,1.0175936836286683,17.421030183052697,20.062490174133668
29.45730177859373,1.185827953458375,19.198848386887974,5.439211649626461,60.16907807325152,22.582026330958882
45.451470934423114,0.16727648082794172,2.9550689014421483,0.8610004009066305,38.587501425237825,5.83455366905188
48.73117183910201,1.2744864531558997,7.068139529061828,0.9315825877944577,13.255633698893183,46.23008158976225
36.717724536943145,1.289124892340519,7.695892699914147,0.7818847694248136,7.980007882477072,32.274920874501746
26.732227526230275,0.5651642445260416,9.788597985168266,0.6904370377634593,15.586880923628817,17.335055351943534
25.53817360558304,1.00740972141668,15.708880446683413,1.4243942372499836,19.426920676292465,36.511630267348664
22.38536557504318,0.6494203037726373,0.12180559350253528,1.3744498343402034,24.50434752560599,9.461617843938122
21.271956330769818,0.30255754826081677,18.649441026721494,2.021823561394248,41.05460766118856,11.413742757220366
22.617807875799414,0.8254184494383298,12.919789204060223,0.7544398059268496,11.573497179170348,22.66696594389996
9.038895586303788,0.20784731547999286,19.012977582978714,2.1521795706129296,19.034640193439728,0.3078936031323636
8.48462383671972,1.3138449824998173,16.347790748329714,0.45947135246136,0.9907233248021959,19.082729726230475
40.09414297425403,1.3778184261328295,18.55676436166434,5.076200441570057,39.032679506264195,91.91360409853039
25.073280181410176,1.2344548160787787,12.02001101871356,4.912901791888511,40.6546570269196,9.910416895611235
46.88080198450792,0.8727038899795629,7.146179657543497,6.256923369362346,188.5398002215967,39.83079494188328
32.54994538672786,0.8658209681693824,8.858281262272074,3.491681343997442,73.64952788957378,35.61935526727346
6.582919198298889,1.4620377074885165,13.160646207682259,1.7427409352557819,1.2452556868960232,9.667985026206198
12.088550359286575,0.4334025193046675,8.538637195326725,0.2596557451508899,2.8486489406694924,9.526136598859928
14.26189068558534,0.1933103863241384,14.633455669355783,0.01960603846720688,0.27441089542643143,14.685287470932552
48.908121097534725,0.8718840080827935,1.8369603216005914,3.3351448180374565,104.94623871926599,72.1496738307079
14.841690176823569,0.5463377597936494,16.599732979697773,0.2494519593977736,3.1633576625610864,18.2180800446628
28.209005432962307,0.5373362939867837,4.083772792840083,1.1460861131911424,27.77385593137259,14.18905766858001
47.127961923808826,0.09715948331455673,18.878952190494452,0.5554381086688175,26.053209792596213,19.90501509296323
48.97367284614608,0.9197737287403842,3.1109159987453583,7.350324256959523,218.14331818145376,24.452425783627348
15.636219592259506,0.45592705787490934,2.5832839220479564,1.5060649893874791,21.143692091799693,1.8261826699441794
7.210293968751806,0.3495664781180146,16.23752221174786,1.7103710886424146,11.586437914481918,6.112274615251026
11.912082464199132,0.14372008865958627,16.374036554060286,1.4344985018782805,16.911689127675864,8.728020060716924
7.849781541615114,0.5960111967802392,14.775188397624945,0.3454216985287382,2.243974151577468,15.712023569124113
13.780590849155137,1.3145385302545607,19.210609278094093,0.1818383101046772,0.6351358866574426,21.472436426247146
30.585637161668092,0.5573475896335155,5.410792573708321,2.3568068321006463,61.17525557565421,16.293912819280905
46.06019583330388,1.035432929157053,16.532974779805752,5.442702919864379,127.8914134385315,86.84805546497273
29.174849766245302,1.1436052991859824,7.040810600868417,2.0934398680288333,25.30467250174526,41.13179868127195
33.169530051458636,0.5453816145058488,10.747972511386815,1.9139625602202421,54.27539652900917,25.712328983261774
14.08402632242935,1.2344933501570263,8.912000594026575,1.5979066231522259,7.426623735587381,17.632293303401184
41.026262930323256,1.0533127097010027,0.11700045347214472,1.7448302827278794,35.412166365185286,47.39521725114218
32.800500882751244,0.8681159191615354,11.489243870783154,1.7363567258969779,36.80699603476028,40.16282808924943
43.88615731367262,0.08865220383100882,14.95011775527906,0.9147146459562607,39.98566671656748,14.400223366781837
47.697939815260284,0.13626241479168674,3.491047671505425,1.0446562429977189,49.36607703789139,4.90687368645036
20.655534909046654,1.470776176616009,18.63311723786075,4.737517697107864,9.771257005473878,5.911827697641584
9.07605763409477,1.179540874644242,10.607990788370076,1.3766339391410463,4.764734044028263,12.862641536495508
15.16680310625521,1.3963545200317629,3.5649200630218703,2.3891564316996567,6.289040335956661,11.252778462117877
24.702870455412675,1.3471194047690505,12.918951418337706,4.356731869322226,23.872724250504884,24.759300953362356
47.5562143321013,0.11581025178137248,3.8384541703068797,0.18243318078304163,8.617716255444616,4.677712396090978
22.023942006803686,1.1928938529875504,1.2706669659067282,2.7656299419972314,22.474096790590586,20.366045114387852
39.68479461494165,0.7171847537480476,13.706304848384844,2.7960247486662135,83.62576095844483,48.29018596125756
29.321451147683977,1.189697686275277,2.2138976661098897,3.2223158023354683,35.142046422865086,38.98815969528521
13.226394669393944,0.09664346624006556,2.1243489675287064,0.030769495942052524,0.4050704365701719,2.158974847042084
19.43303535290532,0.48966859923145195,14.798871263636267,2.6305507154860854,45.1124600386165,4.900517785768173
34.39363482602684,1.1363123534856276,1.1040446641614232,6.093672629045526,88.22259802067951,9.078028918797827
35.27840276082021,1.1945323664284895,16.195383580959092,0.02489895688936848,0.3227649608237234,17.00928901944115
24.56418860640708,0.9525512797100236,15.922975172956553,1.0134436884004292,14.42895501115288,31.17159313744162
15.289052119795159,0.5078994544276442,2.82786856155532,0.32990753515397603,4.407262737977658,4.747114214963823
37.485805078070435,0.5206143900392907,10.367612945539378,3.3546796465615683,109.09233996418895,17.71849256764944
12.599286872572165,1.4371236030144543,1.932509819378847,1.6100894875276412,2.7036137564598524,9.321855992078767
47.150136133930694,0.7005223539994234,12.651424395719744,1.1682748197131045,42.11226718669597,41.46504991985099
13.455661056641452,0.7115715043234199,1.2586002594109313,1.5666725901465528,15.965121149021726,2.985622471887476
9.82905632746342,0.8584684672633733,18.889617126454944,1.011698159212632,6.499397142979371,21.395257131269183
27.394146606442046,0.6590395884312794,4.154614707391633,1.6830129147427444,36.44948853115652,18.49361952637499
28.379731914936233,0.8589415413495891,13.6578931189729,1.9148408184096588,35.49876426410837,36.81878147515015
27.868681165021016,0.6909205906233598,2.565828487542201,1.9602698807000756,42.10124435057944,18.53047675565041
24.650037020247776,1.241578248393186,4.19192896653553,2.3666160590373138,18.86059477182642,31.92385459464368
49.76667017733237,1.3565411317270937,9.018992977667413,2.772266072807891,29.334387187818542,106.1336675961119
26.882627570176183,1.388737904631545,11.461922826830325,2.459635792828303,11.971580864642851,46.81630280491093
26.507596133292395,0.8751726024584697,19.97726480783366,4.512907335863054,76.66424928295974,11.912045587698003
23.97947282215526,0.7046223114556202,0.5185245618188827,1.609124207271156,29.396947410972828,12.812002621828839
8.00715896156583,1.071967346029793,0.006288392881739213,1.314480648734779,5.035256384871922,0.7738215638018566
31.683048401732723,1.2577870118202643,7.00734189429896,3.504180594302071,34.186586819016696,52.40611312112827
15.25854975004321,0.8733379629451571,7.323127356048397,2.2290437180272544,21.844927231927123,9.021367226691808
33.692404110307244,1.0646243451815356,17.676744721972632,1.9251545046224638,31.447750166149014,56.22743411043862
7.2875057876814715,1.1340861161137248,18.25165095394604,2.1469373301394836,6.617566588549695,9.820265882571025
49.162419556385075,1.031690338096998,17.610499527186377,2.3789634840966114,60.04137813586117,90.21836463509274
26.10522855557025,1.1290654391668407,2.8635750097209556,0.09637616125292163,1.075568735387231,5.092441659245657
45.35399172158143,0.37859030436137153,8.242096703621469,0.6193918009213857,26.10260825822989,16.743382925951348
26.400252795482064,0.7831286028929699,14.917703245900464,0.09693138511205167,1.813597591205998,16.67700144891462
7.7148868358399785,0.9086443157042624,6.252221355684828,1.8073692004719286,8.572771482552199,1.2265806983397383
41.99960957422131,0.09072630676706188,13.264760570211024,2.0774609817296943,86.89369705838706,0.0007912895652140151
34.16826783502105,1.2824155867940952,4.74285726382184,5.198508595193001,50.51631167529277,42.47689089865955
40.179067140827534,0.9390213578176101,6.468385159216162,0.7357207120558502,17.457824987239075,27.66818814202138
24.267643857899298,0.2675747963662099,17.208592986969677,2.371437758971372,55.501314955383805,4.839886424575461
33.70715349109902,1.2271159656709558,5.010180721779902,4.9270162247344045,55.959952368603616,42.30264797587772
43.530305170847335,1.0884668616997157,19.286481737697258,2.7689355449658746,55.90834502969142,88.4616926146343
33.39794492923494,1.1460523625845416,6.125191218736939,3.2141222579949162,44.23556594200454,53.260540148634554
20.64531356761565,0.6346610039688118,0.4705621964655471,1.6765166664873297,27.872270849070812,7.205777441375547
34.813831746478996,1.279958160249038,5.098018076051409,0.16712950894683418,1.668462328928166,10.535077779756282
35.23343848763303,0.6653580227821938,3.424098844868515,2.3003983354760407,63.76243773277399,27.503716783596396
48.22641331279812,0.8838475131328746,10.136539324350995,5.760132881936746,176.16949032340375,62.17628155784843
21.691054469375114,0.08816328774855951,2.2543213265572004,0.16940723507963706,3.6603498259490133,2.4371008522887285
24.128679538135902,0.98767919129729,12.520977544908193,2.065718782842366,27.445019812815843,33.196906470109894
41.545533253417666,1.090029037059786,17.497981411129892,4.237951564472054,81.424321077173,85.51199068773151
27.759304163423355,0.8791005143337428,7.250377636074714,3.4386648946335416,60.885378552569975,22.76771719835891
38.145789190207985,0.7805933655772553,3.3698543861080887,5.396514349188574,146.25867869563552,5.384545667150007
25.686925900411644,1.2181511184606613,8.000499915688259,4.433673407971124,39.33460829147481,18.459738724253768
14.697281381571521,1.038642250423201,15.71933642901254,2.174171951559603,16.213374596209324,20.068921239999227
38.534172925145484,0.4755310671945879,11.829753481591911,2.436329164436323,83.46570286524049,25.69529370605914
10.901982613311947,1.426385464006794,2.0228642665520624,1.4315210095525712,2.245910908220948,7.4152490165512415
13.936264858908864,1.0747977610037824,10.743743086540666,1.7370948643851647,11.521124471337195,17.23424155721748
33.20712422528939,1.4666894320515576,9.361707629111864,0.4158863748997731,1.4351611517524558,22.248949468813095
38.62714100864314,1.4434030918913743,6.542245120423229,5.571297251408304,27.34134835895233,67.75359233074781
45.26095490905168,1.3703064779296774,2.203211921066466,6.5129927810681005,58.70610849215209,83.01713998641483
17.266392383715125,1.1419641002193726,19.622238712405498,2.1331946611272974,15.315318544084441,30.799398509707444
9.982591637024946,0.9381903856894676,3.5208663978651122,1.7409690596738994,10.275532968838085,2.6702323960847565
48.02209967851831,0.3276620591285848,3.8548578158149094,2.2749606193183367,103.43608208526695,13.628742663358928
11.94903896099641,0.8459281609535292,2.911653842044717,0.7636097259000472,6.049814173413672,6.8819567849663
13.895014201458778,1.1559336892593266,11.403860773978762,0.06494352538653385,0.3637216117651756,12.209016035349618
18.10982541013096,0.8145202507593009,8.873391489654008,0.19188463951796478,2.384603766421263,11.220491572471362
28.822610931182936,1.2995569814256809,4.991143640531119,2.0529900492593702,15.853841052897229,41.326866894443995
44.72715047153351,0.24037498141012636,8.588467660430563,1.2924598144070394,56.145992355707726,14.157077476339389
39.22457102284401,0.6191595287710622,13.470437021234359,0.8630527556593142,27.568647027117997,29.463444862378996
36.86708992291858,0.7937260627915675,5.634010629972604,1.0536581159717568,27.2380822977142,27.88407691270518
12.883125553520165,0.6909064508056826,18.304915520607608,0.6773149649498816,6.724804081009334,21.61519874836881
21.09571841866884,0.23888188522854667,6.126924743554117,1.3556291053733787,27.785877524127507,3.879606751508433
26.528221673900507,0.3016324006836209,3.9635806164570653,1.5494848908765952,39.249299831852085,4.39861747438553
11.634167906851363,1.2568008331573026,19.09135693745629,1.3021937562293326,4.679229413787974,25.183122803511644
17.304336595700264,0.7635944760316333,16.211212202363587,0.5876067843214421,7.345011024659628,21.54910568399085
18.87499417787799,0.1552958039114658,6.8627524968693105,0.16828250553298235,3.138106773591414,7.215138422779118
10.727428924806766,0.11029260395644168,16.82863702287752,0.17221476002029448,1.8361965420700355,16.88650899879213
29.76078613587159,0.7483628379600945,10.376284983076001,1.7957620053312189,39.16344744366736,30.9237804895966
36.726268843588684,0.31678246160890866,6.935049965221256,0.12896420593393282,4.500704593219649,8.328902533277336
8.146923416458755,1.0718080145138094,16.792231790784285,0.9068159940962139,3.5353200790313055,19.24572521079371
26.65053957934174,1.197747505757397,15.043301337288808,5.3909854461101805,52.36240234444214,6.28157818370687
40.19950378705077,0.4060288013230826,5.957496852862116,1.815124571817995,67.03462910356528,18.616494773369737
38.65955580286011,0.9141014580067611,12.133570305159475,5.442841910720935,128.46061959835023,33.479216151836454
41.678289329843935,0.3029118658708202,7.3878044703959445,0.3918735824906656,15.589027778492838,11.5066017625267
25.170828492677316,0.5111478083802659,0.021039451207762738,0.673416520078617,14.78390599424686,6.088471344556275
41.92506871879373,1.328259082628206,19.236314828005586,8.27818430492648,83.3529715160156,20.010332214361426
15.833888204642127,0.8469707146144076,10.992581521456735,1.202002843077188,12.6043061289047,18.166320960982734
21.23647526378819,1.3242004255167241,11.968652033315664,3.0578776587352667,15.851774959821045,29.07796863555091
12.936000938801058,0.4017717278653038,11.997828513545898,2.1108329076602836,25.131369905376555,0.8209314896121924
26.036804274285732,0.5480673747134078,11.012829216388056,1.8847499716986817,41.88531494974241,19.157743359999667
22.642701008694946,0.7448396974300897,5.800956895471869,1.0595413837389767,17.63801185981753,16.55677912740481
15.841720238644049,0.757584701429055,19.431522498161126,1.802498668345994,20.744913244231505,23.117053670496063
38.83013191538517,1.4802458068544297,12.433368250305698,0.44766343766309724,1.571874198533574,28.762008383834136
19.123104745024097,0.24706227296302444,13.41842721107923,0.24699372861859942,4.579864548215015,14.27430376433869
17.276194856562608,1.276834061249194,9.095855146340996,0.027626185639208295,0.138289003982027,9.54891346636211
10.890064888272278,1.2931940848598045,5.757228009815652,2.2888859443003486,6.831014127423535,4.031766360756379
24.74697658108769,0.8596774656286231,1.286979643498587,2.611213160419052,42.176061198016704,16.80046607786604
18.633408297678592,0.5676329694285134,7.004603931357725,0.7736046849238527,12.154290088893749,11.81912682813443
21.617277860343588,0.812242869170454,3.5219485853678423,0.7540452424463754,11.212596114231978,12.56439573130809
15.619876817924869,0.49562841496974724,13.241765365140237,1.7530522745502266,24.087529624886617,11.190432246533558
39.34199704189552,1.2030309467987381,17.58007769605439,7.297489980928095,103.22060797152349,24.27283138394057
46.85015063096228,0.782995415684728,6.055097164913046,2.068899782549094,68.70311754283053,53.43375427842575
27.406933375499943,1.3799860126197014,6.657652508280931,1.8403785737534057,9.566011811682355,39.5681573613432
33.934929050337466,0.9567075972143385,13.407290076580233,5.212879541532684,101.93150271859602,24.69737124981563
44.02275244730177,0.8053917241607348,2.985428684824727,5.8647110961402795,178.87504561017997,20.453418720116986
49.94733368001464,1.0801065775548422,18.588748533553982,8.578449669890704,201.91011246153823,35.54537536000305
32.608241812842444,0.7908896176911613,7.276935620509661,1.4722137347785684,33.758659802082846,30.77725262253829
45.04007599429409,1.3501955762010722,2.023988918535493,1.083507903598638,10.678493422695952,43.884207540594346
45.88737109500389,0.3448016073581214,3.4936800984128302,1.4842470593408201,64.09951951646538,15.709266447556105
40.615316951343004,1.4463176067052421,18.654921520149163,2.560055758719796,12.909583873916796,89.6810659115594
25.74191259828996,1.2212984052711588,4.942385767380399,4.5318856324419015,39.9472276579613,13.810288777823871
8.651930019075468,1.2890769543038585,13.245376076625728,0.0987675547462174,0.23756587064120155,14.018371081011328
5.711249994806023,0.7615329952832404,3.1233044707653024,0.8209489508463649,3.393542782231592,3.052858464342311
26.47402849773161,1.2562203456988228,3.8820338469755544,4.786743037789071,39.21020445287038,11.99992597619044
27.244154009057798,0.515603888056556,17.58476437799955,3.6195444487242177,85.79146050810937,1.945240305911824
23.33130745383375,1.1511468182411995,2.9606644020512363,2.911729985948598,27.67924649687458,23.415149252625994
30.567530808111403,0.2833718785065949,0.37501173472558325,1.69583624977155,49.77014977256119,0.7624098744179459
29.847321648699218,0.5159918152479334,10.024663790525526,0.27042046251193874,7.020470407831315,13.648349303007851
42.647586846471185,0.7096266673445828,17.254536265258693,2.238203319710106,72.41187586479633,54.875765542089
9.889569646801808,0.5373096886559419,6.519820908312495,0.015504234517276156,0.13172425772094234,6.5971203213292195
15.132994974749545,0.627644296936804,2.56324541291421,2.0259931598128027,24.81607538288905,0.43432826727577734
40.68522405318337,1.2323487032159823,19.644616591312754,7.498286656945406,101.29013667040164,31.627667154443543
43.15265902506446,0.44565361686968974,13.534772589788266,0.1239067235889708,4.824667706712135,15.764237926247377
49.76708961293905,1.127875287177314,17.013812638963127,0.17282333538057143,3.6861838547401917,24.63826786853852
44.281040737418785,0.1901879269561914,15.042765446578475,1.028023202818159,44.701118802659295,18.464629408059245
45.045455318254895,1.1564399535933698,13.964845479783802,2.257671639619669,40.94363999026973,82.0553932566749
19.145657418345717,1.1931395297758853,7.691281342618406,3.403352056055736,24.027103541600546,11.445330456723326
23.074773530421936,0.6481437612995445,6.486799864072788,0.5211412524704023,9.586572204764446,12.414374747489411
17.063829716924797,1.0960358055528148,14.339171917889482,3.0462650912740914,23.761815508997515,15.054062529741309
32.2834729186722,1.3650407231434916,14.334260163544602,3.8082508802890764,25.118216474266582,63.54845184037141
47.24624093931673,1.2052726827565787,19.011767680981865,3.5504699324753295,59.95898873474406,113.84462151997346
20.5088398930228,0.6324326353476543,11.373196356966446,0.4658449296167296,7.706130297582406,15.956170978039282
30.06508018466526,0.763356071146893,5.892422115753471,4.493917014533314,97.6196410010448,0.2428273859512018
18.333483370406828,1.175454879141434,9.790575986609548,2.4436379749071953,17.253677374604724,21.84574598241576
12.640998819771838,0.4958055799108833,12.274276334518383,1.0147792414946488,11.283170464370864,13.325934104794925
13.783348841839505,1.209698512067267,8.53459599153825,1.178919857350333,5.740959266125166,16.91889985307886
7.607540504215847,0.5453401920771666,15.822662467190964,2.0313712693730945,13.212187931038981,3.5983239925163097
47.718208535416586,1.2126416148152568,11.692264244316755,7.6910226916778575,128.65125477927717,65.26636352712637
23.12958238284333,0.2084627448925918,0.18871455255301095,0.8224226436914247,18.61046375295759,0.8078563119306423
42.53544014009486,0.14925678340574083,11.39679776464017,1.417150556610376,59.608931532488036,10.509708907267262
35.6598262710361,1.4802841764325807,12.672075718837219,6.731704113185963,21.69791348698195,29.466645047571916
13.636452263498843,1.3012576230287898,18.305225030881413,1.1045961853587012,4.0110180299340605,26.839388171702723
12.895801096058952,1.3199541208795014,8.274433473283771,2.1761067481971383,6.965705507009722,12.231480791103447
41.539469067974515,1.4155038381144869,11.489353185427166,3.4936436718880475,22.446210790255627,94.99887780264159
16.91202697787918,0.6992714837575591,9.499949014287479,1.7337314622031421,22.43962645993898,13.629086759630589
46.09783326658891,0.48776444987594747,10.633128569377707,4.842346227597963,197.1901742230392,0.2324632454733262
11.302493211027079,0.26881560443584696,1.3460814133799293,0.8985557573613127,9.791182003502975,0.08308088780236345
35.49688765045113,0.787086432304848,17.94567335066203,2.9531748434325737,73.99970582984648,49.41797445059651
41.651324421392026,0.3945118790637537,18.208246796632512,2.3854598065456454,91.72533849343819,28.485578425129482
15.586537478704026,1.3935418841961094,10.961192196852654,3.3446977085629834,9.192360971361644,7.404366626577513
17.42933135554547,0.09285593180921042,11.13111031441891,1.656018706146532,28.738955227402972,0.35592706141654773
48.40334987626407,0.28720682673830095,1.1511207188790906,2.2400337621304374,103.98391964598358,7.253135343540052
16.906892240577122,0.43141167563712574,11.959010262395136,0.1590756363582918,2.4430551797285043,12.959502325539392
24.34806724550215,0.36506243749907863,8.58303579758325,0.7995806248162406,18.185314282842086,12.397437190188555
24.463201695906474,0.40251263046540847,14.180872604688746,2.6339390922011523,59.28494709168904,5.39282152400704
16.38656374683576,1.003281723250995,0.9424983319114477,2.215711439937544,19.516871536699796,7.4782585980385115
39.910598889669075,0.5445595911288341,14.217753654589796,3.575274476582154,122.05183061478557,25.439190916343065
39.733220445311986,0.946002498140268,5.737876476646278,4.50426992602305,104.68443616200801,51.382007290047056
22.024310640070354,1.3303010333300358,13.03410660906216,2.0360106661621793,10.680569251997255,36.252408563114884
42.58066059863302,0.9285944216869935,12.54251950624246,2.9443947762473512,75.09419195549867,70.41588233484994
14.588372047955108,1.0570171802808317,4.53682969264465,2.352568485712124,16.867389371884045,7.2789089745342785
5.193759905045539,0.5976053410686301,8.809046904325335,0.49082707545910115,2.1074177552773694,9.06174299172243
30.702531292508347,0.31030343876824723,16.71266518106649,2.077946345125281,60.75127125724682,15.014187868027438
49.733499760357034,0.534886256133315,12.111832871895478,4.073101054028165,174.27599271358812,33.99559446717376
6.738993942209807,1.433659033778798,1.3747660395682293,1.3028847580816048,1.2003130224023593,1.746185322709259
14.359913316880725,0.9554789414070384,8.858176626416594,0.9576961281819283,7.938148313934016,15.589503066969232
28.351158911918787,0.4747450822012195,6.23542917555834,2.268592472958045,57.204337178733375,10.391947439040077
41.447333140019175,0.716862947358803,12.832913578232654,0.6377387075036156,19.926735101566468,28.204802754622637
9.006890228377396,1.2538627383204748,12.291278825905216,0.36998884528487447,1.0385721667073697,14.786302924493244
22.785559419150246,1.0205897564079778,0.20796203020281068,1.6570210230058626,19.741306605751173,18.92417923558841
38.61841102834489,0.8700855051103846,12.15391018836926,0.35372469910099325,8.807622153181965,21.98189576078017
21.71944437828627,1.3231869916945094,14.696993079698736,4.647485997904447,24.739272060389236,6.615510647550067
13.497638921403754,1.0261692270705307,15.374600648031508,2.978723510780152,20.83055791150208,6.2423381250398435
13.79731223284643,0.9846864628206281,1.1795154077992231,0.1194915295650627,0.9119150637988208,2.482978842591697
23.452195411174742,0.3522327673760583,6.073168342197379,1.8525141463642005,40.77817544513009,4.228607159386009
26.5737683662651,0.23581308703388248,8.425471211030477,1.0626836199629115,27.457971448889033,9.48397133134662
43.78164880172063,1.4348590779853279,3.595434155898236,6.265511837263754,37.17481098709907,82.82544183426799
33.90135883555971,0.9234304875099502,8.414677423300196,5.151785095585821,105.33071308847578,17.54759233695043
36.06808795319757,0.6676699934413085,1.4225907165118468,2.6631461755851045,75.42844616268546,26.107593480145518
49.23442271911581,0.9096946776143694,2.2643456601410317,0.9283699749765472,28.06395998080562,34.11474974674914
23.532954813543817,0.17357224162499618,13.373895256868389,0.0054581615785588905,0.1265166454813726,13.395932127353403
23.150948146210773,1.2351726866054702,5.2514492232031,2.3280991242714246,17.75164358081887,29.556610679017073
46.55061354766155,0.38976069502724725,14.228116949591449,4.065825755559069,175.07168495297236,5.058967758779289
16.06440141522764,1.2106246061212587,0.9621705603333597,1.7909791899455882,10.139908727803217,12.153815639064398
37.841686083629,0.833399525530254,11.254061060870058,2.270320934309065,57.76459055559615,49.566408276465694
38.95579121981606,0.4734338431744106,7.828973271736805,0.1242554955062565,4.3080575280340625,9.960232047527436
9.400459885044938,0.12944750769421268,15.939427838309307,1.7664674067833137,16.46667293879059,2.7773871300509896
26.070413256211282,1.2263847184430836,15.679031604111238,1.8242864748330487,16.058263230536166,44.122000777722214
14.025311209469931,0.3336512999736674,7.511192849150163,1.2624722960102772,16.73010035159404,5.4922404834717184
13.341887276111855,0.15960004958309254,12.454280281754286,1.266418864662073,16.681679876115,7.272794510400304
25.87226497082943,1.1426708742329212,4.550977376389762,1.2655421146013222,13.593553845333515,26.48243629687946
18.024336837862922,0.5760190029756492,11.608136723608403,0.18087528634317437,2.734090632842493,13.223439199933726
40.82272014316419,0.630879285603901,1.625293878950449,1.9156714843969878,63.149575704517545,29.753323673643926
45.84222011257171,0.4322378924402773,8.692085682372202,1.3715379913989183,57.09182820243515,25.80351992968825
41.12242723797645,1.2869059278426618,3.654553630762183,5.699901245343909,65.65192340663357,69.30832833956507
16.971389267974935,0.5024167981159902,17.667623641830453,2.3820845775749153,35.431334379909245,9.30260989054603
17.336047715987377,0.3807506550303728,8.898016359336635,0.4794061764593268,7.7158233051138545,10.859214735828678
16.462775755286035,0.5190605374363041,11.815474972750696,1.370069278613986,19.584306066778055,13.797158296799978
11.076714322530623,0.3709167794556195,7.207637206600208,0.06857564749143548,0.7079370728564528,7.4599004950895145
47.470926564667,0.5307968217357536,5.774820704796058,1.0988736067034581,44.98691388574089,26.258692710063386
23.09215091706812,0.20306727525711124,4.058395661230671,1.1432324485297858,25.857250983205308,2.9718028565343797
15.111026354564318,0.3086161403130793,18.237431653340394,1.9454674447304063,28.00909545178405,8.602138597912635
43.10019727287096,0.6695821402156182,15.989315648539053,4.656305654194894,157.3554229932771,34.20161928136183
22.96378861960057,1.3152338459761037,2.6652228886206175,0.6616187778345075,3.8407025196404754,15.217926460220617
6.580256499934996,0.16725943549811947,14.934497525835965,1.0250133411183506,6.650724422078463,10.903934937666117
12.287370661233403,0.3842163720937946,8.370615540733064,0.7852419677235375,8.94510627816642,8.962764280177753
33.76626531602765,1.3555562853559553,0.3079330992113971,6.677187912486846,48.154973467587084,1.8804591127415904
40.230737337727575,1.329961379012127,10.56734640752444,5.381120843218183,51.63495607435776,78.77438228928543
14.492047481992081,1.0359587943143798,2.600928801697322,2.558500320962184,18.898656753285458,2.3932041554132226
46.2828015169764,0.42303088523448423,4.198686261871893,0.5935079700045139,25.047769620016975,13.747718373650597
43.2948704023474,0.673432584605168,13.92081922848186,2.6960375192670942,91.24191936222043,51.06620814463572
43.17713393274864,0.3821866067820461,5.142840742823922,2.7593844418475872,110.54635573939436,12.22932708661721
15.244751605964636,0.2668098917569621,17.837764036836333,0.8682321704979502,12.767653545823148,17.629982699947497
7.274119489252596,0.6178443135244976,13.143395168483398,1.3421190506767027,7.957888803153382,9.96344973111599
44.03405927671626,0.8912650956074034,16.64566969821618,3.8067476539420464,105.34129467539495,75.95693601709098
18.761010293235532,0.5898272843895616,12.303790766603681,2.947611786681071,45.956478259287046,0.44603901701012916
32.851237152808665,0.9401384272113514,17.376991820440317,1.0431748848045332,20.207960047279,39.71678192491041
39.19850976653285,0.5009161071591895,7.233693500443003,3.918889606773997,134.7419978545407,5.674442829660322
10.773196633000408,0.5701648969345839,10.982811537711594,0.8843656868802144,8.020317710827541,12.289235448361415
40.137725953357155,1.1912550612211217,10.31780800888667,3.682181192015105,54.756992941870145,81.09011692458033
47.23301565324796,1.313625176428979,18.07581416155941,5.123774029873991,61.55454654526551,123.35691206475371
37.776873458588405,0.5369108647079341,3.2983081721722707,1.08884718890849,35.34550000206467,18.521991982190723
24.855023681625113,0.8852530594516292,11.561215263733848,4.290107549579649,67.50723309843649,3.824780445805061
44.45051624382663,0.47565427930269777,15.088623884539608,4.367640243490515,172.59259478720253,10.421860011951907
28.735593353265152,0.16173567085300453,7.400995210673207,1.739076511427976,49.32120627693066,0.6136656223377202
38.514691751753936,1.117509440537641,17.35163049231953,7.505823918655965,126.59670470895807,0.907310438720458
41.92276747363719,0.3260323677876966,7.460295341554682,2.1508132689223327,85.41804402586563,13.6494235761554
38.720878776455265,0.6816732791083767,3.466175197918322,2.30914633027535,69.43029613797802,33.64995328264504
17.95346942216693,0.7673102599170389,11.680967108100635,2.7813524375431915,35.94218562450345,8.401184689409405
10.302975540762398,0.34483738422333887,8.41136020074625,0.04074988812091626,0.3951290026958634,8.54514115205657
15.725233821292706,0.21929063815604205,0.3038020936400909,0.648429707073247,9.952518056015622,0.4596050032039596
27.629372164115896,0.5731842982638375,1.3967718498700643,1.564121153367707,36.308883747481445,12.833117880482487
27.737461503189312,1.4169084231673474,3.9055436041318004,3.855624192000314,16.39269709943255,36.67002228877803
31.21899571915419,0.9461577739193823,15.386599190363047,2.136580815546046,39.00754984997876,47.10227370324304
22.77958268965509,0.6198156055128559,17.840790320674966,1.3583085944065632,25.18610009488388,26.76462781020584
40.41011216525125,0.14159621757279325,10.912817480284449,0.06921299369471176,2.768913397097706,11.284029481174704
46.09191876562435,0.9254060763616994,2.1113092502824693,3.2054515608874734,88.87037906290712,69.74148041772835
16.102627406576207,0.2160824301553127,10.68837904483692,0.7634090759398122,12.007019333251705,10.465432509731649
38.14354479658496,0.8448008927559866,17.1121092119389,1.4305157337103365,36.22458369543951,47.880426355802676
35.50873336452701,1.1371874371106583,14.989552582451793,1.7326373172727936,25.84911018481665,56.094649910937235
28.539072467569174,0.6787031818757941,5.8219632739475,2.3090714216189943,51.29476809206851,21.03962443590879
13.48386052433721,0.5053237748290195,2.4778121857671564,0.5208219625895458,6.144979254599083,4.546923656554018
40.78545163622193,0.1534273340918715,18.01363399524486,2.203773851265585,88.82607774442974,7.928218653133957
48.22818285329747,0.12186290285715537,17.08177493264422,0.28482657053858795,13.634795436770114,18.35370106323159
37.482634950512605,0.6876968235094005,1.0743073029045158,2.8277986395636385,81.90211964769682,29.1319920411405
46.30369984815803,1.3206491350547083,16.473489796491286,1.5203964330619393,17.427273773082806,73.34391651528999
49.28833692265999,0.4280423883203377,1.9442527556987899,2.2524364465754476,101.00273487461261,23.141762579534063
20.84228034076572,0.8887991558072467,1.2656726680407404,1.864932862857083,24.501154602266336,14.381161224134722
33.72005988168516,1.0427376341173527,15.172017942925189,4.123561699392038,70.0597348599052,51.87532032938127
26.32697319371351,0.17220098031576875,10.72621243849916,0.8584759526664472,22.26680381049157,10.984041649051804
49.39829360884536,0.30103491410448363,8.290960481806378,1.769334763063948,83.47165706292202,18.851126652808414
9.221352080347621,0.549816125049359,18.077243919520438,0.4474547599742428,3.5180302254731632,19.251218340228647
23.55687114337511,1.022893037322301,16.786071441355077,2.2275446470985947,27.333623043704794,37.24044712980525
44.39925700372563,0.7002751218191652,1.152469430941132,2.1909053021101608,74.38244943584363,40.29460905084122
17.782308973693194,1.1123961659847372,12.321744838823447,2.595162572382199,20.421128394686292,20.670952108538764
40.45067827874927,1.2986616096019061,15.445348064149165,3.6184694592502136,39.34240708644035,92.20565040576444
22.225242325111505,1.146153917198894,11.009811595499041,3.5967214039433713,32.93405641457757,20.395145916620756
49.09903429505712,1.472704923506513,19.660109981523767,4.408665575133721,21.198951068342286,139.7455711325176
44.75884263906684,1.1405532144581592,13.720950092950964,2.0319016573308324,37.9326474026197,76.12723329692615
18.55941609481769,1.2771330841897035,2.082860253940506,1.0223557731854616,5.492319434157511,15.11813276777076
39.658690109203484,1.249469145643688,3.965960239999069,0.35211594375112043,4.410339891352163,16.607526306772158
20.15854447249709,1.1069098199095586,16.52491242398924,2.39459106639538,21.59797176025483,31.56947414508775
32.28632780969908,1.2067929945290927,19.935133462886,5.610856682407253,64.49408913195077,34.80191259292897
34.63163457769814,1.3923304457560945,1.966785337447794,5.388067752738402,33.124810409498906,43.20228475734709
42.331793408856726,0.7507811334041009,2.006586356900968,2.607641589297995,80.7095137785073,43.96013645448245
6.10028783969067,0.9784832738020897,15.267741082865669,0.4616830531961184,1.5723438662043148,16.55886450784759
14.907105101853485,0.8062579498595371,1.2870856343307913,1.9921519955351552,20.556531469097425,3.2533030082510273
37.036301476486045,1.2755382612200754,1.3712023212969493,0.41237083086437254,4.444150670979194,15.148905041743463
30.35854566362918,0.6895580890159557,17.77632966019325,1.8793325048238578,44.01856169945263,36.74982336048539
27.30222851905144,1.2318209524571275,16.00899624636902,4.977887866025496,45.19206796270336,22.639936016897934
7.48444805185912,1.2033760006498937,17.631263997287647,1.076219398990168,2.893396568557291,19.467356792341626
20.67241475576553,1.4303128224440238,13.010268042655074,0.557952636052246,1.6150442402164749,22.903884708110237
43.929510435979175,0.43482532487240144,6.450728438777169,1.0887961386752487,43.379369380127784,20.7845646648772
6.390177666621448,1.0780822133115262,18.12626380665582,1.5481439417702978,4.679535729007595,15.08638186261433
22.839630591416544,1.1441254551189253,5.9744704994886355,0.6855412879690277,6.479741959100696,17.923074012321706
47.531672945184766,1.394557855803833,5.510216789096987,6.3245023587318645,52.70594997227041,105.27121362650595
7.289633054525658,1.3535411177490837,17.728008383855425,1.209549009471894,1.900542155355151,19.16185139761559
38.736758797008655,0.8880596331717241,13.616451849864157,2.1905696548953726,53.53696020344841,55.91444879310002
16.59256772819164,0.8959168599390068,17.913441694184854,0.8778259666408341,9.100500447077216,25.506150225450234
43.99739744691526,0.32084908222848946,3.118025785079448,2.501357776584169,104.43699384143132,7.136222122240863
38.57305905317143,1.448571201914637,19.04593595531263,3.2823273071512453,15.436349363246897,91.86594612380601
44.85673268862633,0.4433380125402476,12.254843134006542,3.3087449559599476,134.0710093922549,22.221519473668465
14.71661556940697,1.0991891202339508,13.360700881868553,1.5236518652310276,10.187186173133925,21.948957291802603
28.90817396683722,1.1984059029818606,18.28121160652903,0.5604449206984975,5.894781144685318,31.831555389544377
40.06714746086603,0.7033195239050624,7.6150594938925735,2.4501850652964308,74.87567727219945,41.661341164098786
16.056488434774145,0.38214852452308906,14.391499893917244,1.2330577947863623,18.370418889083236,14.316967496072834
15.383583737024763,0.3511049314370821,12.80681242248968,1.0268617701816858,14.833101916395679,13.067845000015833
6.223196007391326,1.2831604822714844,15.755054377319205,2.0413794929400253,3.6039197919359016,7.4967832248234
48.13318822889536,0.8004170521741462,17.938855836666146,6.857016222143246,229.8493233113699,24.171567497753813
36.95075960245805,0.21312143175001597,13.601217108601894,2.0791956994067253,75.08966528367574,8.64662767340506
33.60021593045832,1.0884145106498135,1.3527910900612872,3.5629247054839865,55.53467220367903,45.14125963228151
38.47976252127459,0.4365711477699855,3.6628069169956046,1.9106467862900647,66.62544459415687,16.844085192038584
28.922581341294773,1.3109443784235477,19.079563645341683,4.070490016732596,30.249012010869308,51.58584458058455
26.426021949068467,0.5195102175999128,19.373009467544524,1.0744078123052425,24.646310385981863,27.806424624498778
25.228950850558437,0.36689729306172686,19.348266273967248,2.5268323007377087,59.506481385388135,10.898642585514658
33.81976454466386,0.20575120165182573,0.7359880080023595,1.2922549868264193,42.78195044121641,1.473806496947061
14.069073892657244,0.8014986674633922,7.648963358988365,0.7079189018350032,6.928318629122503,12.34591484522101
44.962641275669135,0.7166148601938124,15.19345407975992,5.866266173755676,198.88601056810327,19.646201036848822
41.52885670486693,1.1362961132832838,15.057716073156618,6.841433599020742,119.60103493873528,43.19506934921088
20.730362515341522,0.7359740513839185,1.7181780989991702,1.2546629567258933,19.277736185037732,11.457330932844174
31.037418356563595,0.5673241168928991,12.18977774179038,3.653054396003453,95.6192722300512,7.662079761154203
11.346228497750658,0.4526056451455451,2.857392370817149,0.17119430699731844,1.746829812427829,3.5630749091089458
48.75558115701191,0.47563258357232596,9.864186657355866,0.13873512682545072,6.0133172410906,12.86707088935333
45.63017094336276,1.3827865301690339,4.79371401682243,3.2158800029459154,27.426528374983288,98.22207683163487
46.48538779246402,0.31775967308146935,1.0632234346945535,1.7146897558712182,75.71765688721077,11.545641418437198
19.94733714665532,1.4670210385283262,1.6003885105321913,1.4493402750157125,2.994811199856421,20.05195393464963
12.611061832228508,0.543732133154148,18.217858994598163,2.5471446329938305,27.489659904390635,3.0123738639779027
14.529747355983964,0.21068251337157531,14.89291928403068,0.5296821028450887,7.525973085417331,15.1262321433622
9.050062597029044,0.43450373962265204,18.636479635459008,0.6681312682135014,5.484771274915133,18.992281749803357
10.404978354562296,0.1688283228987369,9.399798646671053,0.9992018601050268,10.248857119405901,6.249551808569445
8.208704038318043,1.1903561154542046,8.265849979056085,0.008847624976942957,0.026968727486429627,8.332900771166585
49.54203811421931,0.8029253357620226,7.1681458500419115,5.428974671884763,186.82273676207706,56.08853619345416
8.332595751608311,0.55778854535083,12.326141921041799,0.7916876973305222,5.5969195561991025,12.743605483589922
10.964393642813613,1.0116620955875137,7.031187739426672,2.4192292040109984,14.07045408134271,0.8097967441437319
42.22645680158314,0.9678151261274726,14.925464679640124,5.183268441703113,124.12187752400041,63.41925288773942
31.11080975343244,1.399575462969267,16.026346524317244,0.3516704821086463,1.864145612421155,26.20050685698005
39.84877420561996,1.4294393415342224,17.51689186858762,0.7840911312228025,4.402014687054613,45.43472682445477
33.391040349769476,1.0376803066211389,4.856018604905545,0.531399020642727,9.017827946630808,18.752514521734586
44.69787816480266,1.2291529110526076,10.540440985847507,8.41111346837404,125.95976649883879,17.75774573913742
33.73103874941333,1.1937006287033396,4.468892334596777,4.469005931724528,55.507303122885226,46.65878334668844
28.495629180641792,0.7732556043831468,0.7511164684068228,1.7511118346037182,35.709770681914996,20.563377454876942
37.073736219258485,1.0708757881313722,14.156506083396753,1.4120294218336165,25.09389584226581,50.319528949952705
25.132673830644926,0.19653665087346373,10.979625478702493,1.8152955571232672,44.74492736559991,3.725212221841595
20.57287203071306,1.145663558640242,14.478545591061673,0.9029338405831165,7.661493894707228,27.401936425986918
26.04436036025956,1.4302386889889258,1.7524582281307421,3.762709239918646,13.728966430491257,29.33847046079663
12.63713472943523,0.20591360044879478,19.910523581238838,1.7520440869131044,21.67308349043096,9.380794420875052
40.84572784112111,1.2547043321215994,19.88697133894064,2.474408137950957,31.417759029124515,85.91693903778734
16.73167016011751,1.3899523282296544,9.299996510070255,1.9430226128051309,5.847246869043302,22.76181717250832
11.908919585167135,0.4030857312778452,17.32117430367672,0.5384661781404269,5.898616372665911,18.414368276078985
16.085850880245207,0.8200411166062984,4.871371116111137,1.0450766136916627,11.468278877767826,11.805928083682684
42.89315682975079,1.3828009446829996,14.75132322446594,8.616308429689223,69.07092141994463,13.669313842070721
19.85905830189791,1.427994889975377,17.584517136271316,3.2997449246775874,9.325981564550787,29.040135546227965
35.872244127765505,0.26582395557962024,16.29332532161557,2.5575133662027416,88.52137067531132,8.311817973592298
43.53843337950827,0.5745682897449604,16.23548156482315,2.937214521587652,107.34736795939571,43.41911388215315
8.498510011626895,1.062060274058656,9.260532641777301,0.5558095030033843,2.300718510612777,11.870625315104675
39.426098233011935,0.396620486604702,16.399798955575456,2.816777114093399,102.433565202817,20.38312605377609
18.844945987056352,0.5407318052751938,13.814096260426009,1.4700278972649097,23.750327970747826,17.474765722844186
14.74800638828192,0.11978691726863357,2.6490279628840874,0.16556343153834718,2.4242334025939694,2.806364179926166
36.000565360383746,0.3016231670353657,2.2836880812904026,0.9800556582237604,33.689746192011484,8.053797614920047
45.940848022995525,0.8724265552928928,15.438442718692798,4.817308292948368,142.29647245311799,71.11112511407867
18.275864392057795,0.9991522201258017,12.509281775458476,2.7972109747267093,27.657495676092516,17.12443612450342
30.597521242294356,0.9933183032211308,10.387522343827548,1.3630958333313457,22.76857228869698,36.218060443866484
18.04253512322712,1.174062701195956,18.145235816976562,3.732532216399823,26.02237563183212,11.923350865538609
29.942851357689257,0.6671087019660146,13.191807137424371,1.6661052722379188,39.192658223216455,30.44250913113305
32.98379137944532,0.469131540363372,7.922934901766004,0.9493964767971355,27.931495269051073,17.65953915996387
32.46509249555809,0.109021223840331,8.278636163523675,0.33330572098153777,10.756558724868887,8.911087908742788
33.059586633923566,0.3757761263947012,12.104887216351699,2.602405187496597,80.03122049237595,10.459887811779218
11.078590649788584,0.5234421318818979,15.205505693726968,0.8547650648209205,8.201649031660853,16.355309777298544
36.20932113140238,0.3360901742167659,11.287066138982482,1.5286494177228702,52.25452297605748,18.08001126705564
35.36376603711005,0.1153934508949052,10.175217644383594,0.42646938087295905,14.981264378220185,11.019569195793137
35.71646549975974,0.3071047962476483,14.538014053083636,2.1570513432764087,73.43765751511057,15.005568886297844
8.333174873241784,1.0173168910651949,14.105290998140728,2.0041099440948242,8.778675736537004,8.61178212923021
25.107747908636867,0.9663335377986398,16.606936812271222,1.6640034041426521,23.74406182455661,37.401832929464774
23.406580942057836,1.3937272837628505,1.2510357255458882,4.490122780833362,18.51258314818235,5.815460820195199
8.902016763943962,1.2017196361917628,15.099042641639578,0.08553538786012467,0.2746919519075885,15.773319068629199
15.006556755356481,0.8800035495770298,10.275209019033799,0.4049200546857365,3.8716041302143727,14.154358449118124
24.843318430911655,0.27933135626163536,1.4938624006630374,0.9351228490509625,22.331099811495786,3.6099031393489547
38.430783943613704,0.8748592992362966,13.580200563390395,4.51898505884076,111.33948511109078,46.69627419400035
15.667793464309844,0.17326939187323032,14.330803880038856,0.5030396339153438,7.763506163751798,14.448402569342683
42.338745955621015,0.6888952751547063,10.472543390893689,3.2423818370605852,105.971873524607,46.17185956676265
29.560922858275855,0.6321703033555095,15.875979552995256,1.3728215160726822,32.7393019606012,30.611532839597526
39.21897583330779,0.6846072273103306,6.00496217258603,2.9298939772850026,89.01505828508441,36.5629547817371
26.26501925015857,0.47797715127219675,4.038144370628722,1.8205673578947323,42.458225899544765,9.7758537025172
27.463740144000052,1.044866416316696,7.014679034865569,4.982408901527636,68.69385222319247,3.5942829722722536
32.88737252208381,1.2614464450631955,8.20101026591955,3.025125086165189,30.28819779784262,58.07935156042665
46.75867736746209,1.1603186128698808,13.918672048043376,5.869187306201886,109.51274813064737,96.59253854991559
27.13156616358095,0.9637737392273724,16.910398757564554,3.0089936935337027,46.568720710642914,39.554276953167445
28.789589214873093,0.838937603347657,14.41836380157353,1.5748219058781077,30.29759761964665,35.982464725429935
32.089863358738825,0.13066816551353466,3.47975118139203,0.34674712643454003,11.03221026894548,4.339825095619837
38.18818117839766,1.096672746742309,7.324341696005147,7.049460793048609,122.90842849750398,3.081693836656143
8.233265096880544,0.8482061956270844,3.16827426895556,0.34139671998001514,1.8588720287838858,4.70496327072549
28.205934733488743,0.46529228295120495,13.734483991161026,2.689284734634728,67.789808296736,12.294670186381992
26.67162151427196,0.5450203029552151,4.963437564337882,0.460461312663797,10.501902647011551,10.290492119926734
46.47582429069067,1.3936199768317583,10.507738657036935,7.682483173038163,62.930313805561845,72.47217901898824
27.20779611963535,0.9590406147948767,15.836596863893686,0.9594640094997414,14.992192024327032,32.69173666599048
26.074424061244894,0.7517655774762159,13.418785498432301,4.130653433172416,78.67637387345674,3.282738650473803
48.29899948406159,0.954236763009551,5.9674798133026545,5.613089616466197,156.76241855409359,72.61521869055238
25.27594086203967,0.6649597286682057,6.657335012326817,0.3208904351740479,6.382732237406714,11.156854774149343
13.139799364494065,0.7437647627520476,13.067285732060636,1.9229399953755044,18.594645509133272,12.037464930744822
14.761225526260475,0.49261465288501904,10.989354986798883,1.4299702079529026,18.598343792087906,10.94222499864046
9.283439225163836,0.701417528286798,1.9278697494008878,0.5015434746541144,3.556886751272922,3.698591035357559
5.025565816652501,1.0445338051709012,17.47983178547092,0.6210780218374047,1.5678290587259305,18.28671841476318
24.437554745021686,0.14303591078722117,10.252264961072573,1.3252603609138227,32.055388837349135,6.254138615423765
39.615916158419964,1.1973341346726678,9.467220263949308,5.759171725593976,83.24028409268432,59.20598987189058
38.005989925992615,0.48238043890465565,3.9687867326452464,1.2456558813918035,41.94029558805777,18.319527320450824
6.446708951128259,1.0402997215700756,7.539876379410746,1.6912028763130968,5.5163455253033025,2.9149384971638383
30.64923066173148,0.9846802967664119,6.656497246301982,1.4663062917714507,24.858280595493845,33.5507504611962
11.94274064360642,0.998507122470367,5.414713656588537,0.17397401895294134,1.1252092814425583,7.012923006115512
47.348432814411375,0.9363746118196068,11.348131492935462,4.835971119356964,135.71658425522156,81.05710836519333
12.531424983988067,1.426425257499147,9.24550720560564,0.33517192907215226,0.6042804641559598,12.850964070921703
33.19876479638667,0.7970488123859808,17.783953706293346,1.5217993411417134,35.30572169599537,42.56272204770745
19.680726297382556,1.1097768418825624,18.826879540943217,2.2595399401501695,19.78271328222891,33.611058220812254
33.87025966839585,1.072259545482553,4.3894685845618175,1.7779775191501788,28.793914724957965,41.774464625769866
23.551636840883383,0.41715823373707717,2.0021085753442103,0.4593332828093874,9.890338040072612,5.350301970602093
39.18393735378776,0.48283603731457103,15.706751029754988,3.116247142719835,108.14779148156741,24.76764574475176
15.380560639753602,0.6793060184070021,19.89722807277218,1.7651918797662813,21.122662194664947,21.670577012646746
45.76063338114171,0.47500591960429756,17.272001397083084,4.177470781279305,169.99997741440012,19.10108076851924
27.509434219100843,0.5993364294233238,0.47394804237469446,1.8564490381171543,42.168902112549745,12.377579064729417
39.024191647078375,0.6331504592931038,5.02527101412932,2.376567259460322,74.76688223601582,32.196715426962925
43.23785861305522,0.9304204485584399,0.8668455408252784,1.8532102584981982,47.876734534278214,48.27418499610617
49.94728749296622,0.39429088164594556,16.41558754082333,3.6704447322439804,169.26179723486575,20.761019004774738
15.077554951728121,1.2102697591242624,11.628139525846326,0.6979132697616018,3.7121056182753756,19.085323560826517
17.910158610355467,0.6981824644271839,10.274370823341076,0.735635824148997,10.092477012081977,16.08944753323013
16.26948890293497,1.0733692683353333,11.08899763993055,2.9889129510780257,23.203668624865145,10.004689994660467
16.82920994719022,0.2009816184913956,5.049025173931822,1.0475182284562932,17.274053532625565,3.1860767721990424
31.210013369271984,0.7434619424319577,12.032767382777257,2.9516231517865874,67.81242222966942,31.650690576545344
49.70851354156294,0.12666836258906555,0.6133395692805999,0.05337703595084515,2.6320356829617237,0.9345549606493199
49.56251391917395,1.031014846944479,12.920234479416791,1.1404532433128538,29.050289098916327,55.02786960773451
28.704795411303845,0.5671762638702836,14.688676603576615,1.954822639174919,47.326722505347256,26.09178408478412
33.75622446191032,1.4126734257971871,13.460525274236543,5.357547193779561,28.4775988127816,51.265162731840206
43.69867446657227,0.5398292410185523,6.642350366244405,2.254554774889324,84.5110125809685,32.348940963496716
46.982005630407734,0.8744880036055329,16.525258302550853,0.13456804649309828,4.0550435065863155,21.28698270242987
14.173728229829475,0.4466473145674891,14.310879942349642,0.4501023916560875,5.753789551117153,16.072808984591866
28.78437780241038,0.9531070312660356,2.5659464584855574,2.8796390708953266,48.00519054490232,29.464478450310715
42.47766745976805,0.7393806030858863,3.9028844107663008,4.143595660904503,130.0515428192478,38.28812337534643
18.644093448556625,0.6047611397369845,12.742168263564773,0.10098825628369125,1.5488910630050747,13.762658907978075
24.791406911621003,0.3716704460151743,5.788322671120523,0.10139263401665459,2.342037922277976,6.65079093768044
49.35294956804036,0.24297963368379843,2.388658828924739,0.6813858731678223,32.64058166719289,8.202184903110865
49.32710135243919,0.25464930995837937,3.099379862997844,0.2306369571364484,11.009774811571905,5.704313738461127
45.77480648443317,1.4821894757720118,3.312343610808013,5.076817625684242,20.564442784627655,108.36916748373248
40.93017551726259,0.6629608405956972,9.555818136367645,0.6791888768332225,21.91068535074821,24.402334223470138
17.11087253252626,0.08996084307903097,12.147709068589947,1.1267372992897111,19.201497027415147,7.652688241663925
19.438253333023436,1.4178060572774467,3.528045497088299,3.180729892282277,9.422200243445848,15.009623135721746
29.627727854219362,0.11516369956845432,14.249932207264422,2.0249599504898197,59.5975549196446,1.0311416018107558
30.234981855290545,0.6717229501271555,5.620252150030569,3.9023370592383957,92.35446269404801,4.353322504282133
27.747626871068015,1.0890541573556063,6.231162767879217,1.4365140316711105,18.468018427448897,31.432707864831322
33.65016259623378,1.3642879146428732,4.469972421482151,0.2013880918583337,1.3895286353666016,10.903794828578734
23.374536018484495,1.082643500825477,15.70412271886382,1.603156055620445,17.57467310706972,36.1939411047199
38.712837079198984,0.7346101362036717,19.196276658737542,4.214240405076651,121.06877137289867,41.44023389799685
20.00974669152599,1.4478442186092804,9.849996973561854,0.26882905073005964,0.6597190063674355,14.834110358965196
19.880464862585864,0.14216667810238562,0.840612828639844,0.2845151671433923,5.599229285787873,1.2449890216045616
10.72516828513226,1.4652279263234749,5.211386328509517,0.7705264988048205,0.8708004731022465,10.51725258014881
13.492049451301366,1.2732407998745907,3.161005822376921,0.626337991295637,2.47757603886809,9.316008796908616
43.273439551461095,1.3842974481566992,16.855245697040356,6.389828663076515,51.270356331378174,88.29956204319456
25.082705236119867,0.4429958741028651,1.6970797486641032,1.5421860076988039,34.94826429161636,6.612382588875965
15.25405039487752,0.2861754551920834,19.329524813767677,1.323756081310436,19.371417357737094,16.43443128352242
39.170349501007436,1.0134293109068881,11.77027553249252,6.4796585965541045,134.25396070444154,21.22553680343256
29.929150661758676,0.8075421162273406,10.354795741483265,0.49968847121686577,10.338214870062002,19.936592730439205
5.952020514048207,0.8177467390744257,16.947012448383735,0.3522839477887894,1.4339330702124504,17.86812280270868
19.236265580152182,1.3782783819290971,0.5509524258291232,1.4871240173523828,5.473348807395996,17.781579613901926
12.965063500460348,0.9530627385877997,15.543054988140192,2.0713613017890764,15.554314508966254,16.390251722142647
34.51427874422782,0.5215935111161816,2.332080911370331,2.124169015235906,63.56530574855127,16.729948841275014
17.37639682836138,0.6458647535283236,16.815561978808642,0.23713488381518041,3.2905869619941464,19.019853948832036
7.922605064447463,0.2736618114038918,10.583524384757236,1.6324858804245288,12.452254317040108,1.0070526864519014
7.472074513895117,0.3557875186496175,1.2225880472018358,0.2534132626450937,1.7749361155107028,1.567165650347489
31.177728408142173,0.28742091924943525,16.66490077602649,1.0598972932711943,31.689616169706326,20.522357492450645
5.977555506684033,1.218646606962833,0.5462823414250328,0.769636849917402,1.5868041139308853,1.9590774245204532
43.19564509112399,1.0714554886848582,2.7674138578720697,7.375571871968575,152.55709252631027,15.631939861416129
11.992870366577403,0.8277678009082506,15.95649047653258,1.9324862656931574,15.679096093604041,14.706135845780654
32.29548508379434,0.6099825674284731,9.29742247715782,4.029961835334757,106.67813872238432,4.193912060716173
25.010961260483555,1.0206605743551396,17.627774087096675,0.9487124839996148,12.405178957369433,33.44020051405512
24.928318455435612,1.2222964485485428,12.70858545582167,3.2601965327610873,27.753165699899405,36.95960505222492
8.230871406202064,1.317700149912406,12.470575087408161,2.1565621374384243,4.444744361706263,6.8434858549910516
41.1238512595497,0.8510452021230123,5.844702122640298,3.302662032647478,89.53101235574727,54.474212096472044
45.187361813896366,1.2320420517092032,2.673610471034671,3.1694698901286618,47.59377913987378,88.48094021442016
5.495750032290281,0.8011842523677378,19.223447817933653,2.385572084170397,9.123034607263406,0.7250308626210433
13.037187906370297,0.7498354590885998,2.095953782867903,0.2851739284470139,2.720738184467716,4.230852725510858
45.67568849579655,1.2956372891797046,10.580212001471352,3.7790389465227965,46.89819209199988,106.64819795514886
29.727212576002618,0.6267462491364452,5.451371816695605,3.3570356270094615,80.82823052825886,8.704751322222016
11.751781021169455,0.6400648465718605,5.282813271629094,1.7793398515080465,16.771343185663362,2.2420270062283247
14.125570367412148,0.5130030147522825,11.89172438605626,2.369219408375802,29.158576188827656,0.7842336584698018
34.699380990670136,0.811510702161804,15.958682343577378,5.0452219838386725,120.51609582852069,18.08583819682576
37.616757001109285,0.848020623998366,15.543589656625574,0.3188875402337896,7.934660406979296,24.041111230317835
31.974206386097087,1.009444187972531,17.37603378387107,5.6707708618240975,96.52146182857065,13.135368235990143
47.89167709606366,0.6883610825080106,5.8580547582473415,2.7358238421313565,101.18766653345864,52.38085092250928
27.232862164779966,0.39142470075945485,9.315027634301476,1.822640042051502,45.88158128809574,11.956842361446377
18.5122360464137,1.297606309311742,0.1866914644004991,1.4369917033586057,7.177320858013637,15.673535614764745
26.475480948910842,0.5703748104444469,14.93715246272731,3.035569877213859,67.64578276341116,13.133724038401134
21.184983214997494,1.375938581465909,6.046862242845661,2.5977590327670437,10.655966514048274,26.93818090625284
15.098715170360885,0.3767863327033926,11.22987066540373,1.844887375419135,25.90142227568702,4.784129736013163
7.068346220306303,0.8692542194582863,3.3860056403890137,0.2997602340291945,1.3674717543076595,4.563708726321932
20.849562210430587,0.8365224784386174,16.38799014268657,0.7384975018336067,10.316967886385804,25.142630459947128
37.0134206469384,1.2442771254710236,16.345444385565557,3.3409661741958008,39.663896771509606,78.72248696929697
5.8297011293837215,0.28113957218067737,17.549058295059112,0.009805075107819885,0.05491652356817652,17.564445993004995
24.763033094267062,1.3577784348956108,0.9187399421344566,3.44492738338768,18.03476719324118,26.087221522020442
33.980423065244075,0.8292801699803509,19.849174195500275,1.7188346444805058,39.448299793478675,48.42965107122841
32.468184912843824,0.9056295446910113,4.955588288793891,3.0069039353427676,60.25550127509828,37.4227961679244
39.94917961499222,0.7995929866590058,6.188673720946989,0.4234405277078373,11.79049962583648,17.439268698385764
41.47338720469089,0.13756672156108157,4.986714583808922,0.2974060050750373,12.2179062138669,6.244326569390849
37.026761941372456,0.7813359609551375,5.350653967330647,3.4343852467039278,90.28316818965696,37.04880377911314
9.625896326513724,0.4552512110984283,11.053227122072933,0.6092949739952372,5.2676624886714105,11.811067482550316
26.37600998019623,0.5657494270206272,4.796210886075592,0.6847788137372949,15.247482002984642,12.178115371714954
32.15326808694239,0.9935832694618079,7.875426228008095,1.3207582483715792,23.17367736747768,34.90565795387858
16.050471746425323,0.7821827495635296,13.112131648864306,0.6775326184652262,7.71427235812226,18.525311230943046
6.914831794104943,0.21742364130943415,16.720524071554536,1.248576975522152,8.430431805498118,10.936316911484399
15.061564439422112,0.1892513213554389,13.85483000533759,0.3343987899173175,4.9466427701978635,14.25383805548412
25.470248077968748,0.3464935082148012,11.886456895746464,0.9687156587710543,23.207069131412183,15.662696406500556
23.626864357457038,0.3537924066666982,2.954571250821374,1.3578868655531497,30.095590146919115,5.025724527648412
12.950014159722274,0.9366145467216499,16.322312030825653,1.630864850345451,12.51382844005615,20.2895205510588
42.09869942075718,0.33554229102082034,0.7454977598607737,1.7195430926353206,68.3534443165458,10.079098918306984
46.6559000931526,1.3183790237941382,5.2838332647060415,2.339957817255386,27.265412935315744,84.14030272863269
14.060674357372186,0.38014759610871235,1.1411783386392238,1.1657300370555983,15.220798505167561,0.5576293895719298
46.830781200524974,0.21450996458306887,13.348579511689252,1.2224867527909034,55.93788663336707,18.20491747043508
5.803743162883137,1.3100385743357137,7.3674216518702895,0.5520998139326427,0.8260953890009343,8.968233649989545
46.62331127181255,0.4996215485575588,13.040969664097336,4.5917440026131695,187.91373147643648,12.188813330311163
47.836795553640854,0.6812685108470563,6.940619186071806,4.170494151196148,154.9688946980206,47.27067215982984
5.542333835716634,1.4263199037607268,9.114814615989884,1.2478200808796853,0.9957027582661638,8.321242357377137
39.33586835495366,1.4058546409030017,9.159220203323617,7.218109845391102,46.619933586214444,33.680369885132535
48.65907076564295,1.085478750262798,0.911613073350892,0.5149145713617796,11.688012526528965,21.77317019496358
45.76559984680002,0.18352339784823882,8.60453052692007,2.0321127767670966,91.43907765664528,5.321604920579958
48.68195725382959,0.9157255644097134,12.821287262304054,5.551517271806421,164.6457673070927,75.96887777574014
29.76455775639377,1.4682797846248365,10.921044921508676,2.298573783031358,7.001496119530551,53.06259757096875
8.517026294842472,1.4094109367249308,1.5056753255657451,0.4812598800818586,0.6586353037637408,4.415263358571573
43.24051390122663,0.2352738633832096,13.361119713734977,0.31144676024181883,13.096106106985626,16.02464981942809
32.62227151140552,0.6401411161332566,6.177255098305219,4.016211329529079,105.0778885842408,5.317976800855305
32.66315348847301,0.5278388727623784,0.28869605558044187,0.47845062888194334,13.500737625686806,7.037036146798553
23.77641244364088,0.2684010704292999,3.1119111416849043,0.43228629152599485,9.91021740516429,4.9209881203364505
30.73288894344991,1.0573879160866952,9.951193146331189,4.013390615429969,60.5798438861009,38.38601205466986
11.911090058875153,0.4696309113426946,6.208033180601373,1.2793529009859053,13.588698589550809,5.0760917082668
38.289651195476765,0.5687899619653963,13.887660275071017,0.7708890149386961,24.86970699451212,26.87104266339362
8.375778830819405,0.21343125514718342,4.813069511315289,0.9670289300777278,7.915839078324564,1.9418008993691513
37.84013451697064,0.7825603401042052,15.455923369503372,3.045178023961638,81.71077334321329,51.219645737588486
43.20402901811843,0.30811046192562436,5.729543627879599,2.5909104207843447,106.66642797619551,6.749270803380313
26.26109049040197,0.6905785072236388,12.417274151688314,0.3524058747068877,7.134135391958373,17.703124002508197
27.94236647256722,0.2874099612259247,15.984327605023603,0.11928041432313474,3.196262624109088,16.85933709924806
19.049642281493522,1.4190921545529658,7.711122572874977,2.683211954129018,7.724532951099917,22.92413477863687
48.625636267651444,0.28970026757348605,0.9360988363094092,0.4347380899213226,20.258527067960387,6.047858779709319
37.99060135517954,0.8159583952841768,10.708910421177617,3.152369494751483,82.05631746153541,49.1971999704984
21.604484898515523,0.3623021835452862,19.908181230890005,0.04149545677237249,0.838290968362583,20.21747579613177
12.866332380485229,0.19388765406834615,19.379837327538272,1.7598512847101841,22.218563731553168,8.551387867830895
14.88108164909411,0.3697425829162646,4.420443878883365,1.4791950586131635,20.524458785851422,1.6428194049171871
25.87650287495225,0.163745544104042,15.113930188485048,1.876803714677084,47.91549157603438,5.7534285286787785
47.415578014145204,0.2819019269297344,6.899036636401319,3.0067749559536114,136.9405426226769,2.2144115266680444
38.03658555924132,0.7763003313516583,3.2054496036618296,5.013070593713681,136.05225820703285,13.537448133915447
14.685968668061742,0.9973726192442848,13.318294012049865,1.478780974419275,11.781897571919233,20.83568493748752
43.680251003850415,0.2092158498865636,10.017374590535379,1.04645328239163,44.71260768556643,14.139589743610198
22.01902353543565,0.7030446265792409,10.784611153113545,3.1599156455975463,53.07966885560196,6.79321788076777
43.32749822386334,0.8988404078961739,16.54785324471017,6.832213332516658,184.2794334152458,19.25569858634401
15.876481909150893,0.4143072020071709,6.730873517748462,1.9377953534364802,28.162481730722238,0.6971297974090689
32.839727537134294,0.6067859311233189,13.34189519111326,3.4048513051670266,91.85384533726707,20.23809969305347
46.70017196365769,0.1875668621671319,7.323829339252505,0.4843719739356267,22.22351438604308,10.391012763355151
16.605230411650737,0.39462743348286156,0.8544779316085838,1.3455176038900334,20.625372333632267,0.5643226872762561
36.18169657636347,0.7389764906479311,7.560302146726978,4.983160428988205,133.26965127926493,7.197123199287333
49.42906789807147,1.4701846284296098,19.000689264082695,6.926991330843994,34.39082476706884,124.30625391199729
11.776922925935157,1.4783149082698297,9.665249641768341,2.6053763562884704,2.8335934057280374,6.922374222800393
8.978103081530348,1.4550763633629815,2.1646087367373634,1.1420014144996204,1.1838312584415172,5.952101894263168
35.33878366001673,0.6780064995041443,13.756536587524517,4.788620385245888,131.79584174628013,7.424903882046394
20.28811764870637,0.1999175222069859,19.267586994370426,0.22871299207756035,4.547737918050133,19.932489866898784
8.2060014814966,0.5390602107594072,18.158904930885143,2.0742200693240815,14.607322666509312,5.793099395379549
26.388752804762188,0.41917834496333817,11.439216756162773,0.16506265239700632,3.978688569017966,13.078430163754808
38.91968058397801,0.10699088213624317,7.525614886970624,0.5875939189145413,22.73820135437503,8.274187788388856
17.830508018683496,0.22023766724718027,11.613553370184809,0.26878536632932,4.676817532090914,12.306183235939786
20.077109487731065,0.720041775406956,16.31862124398499,1.7337660207146468,26.16865443809986,24.528083923865612
43.05647302911375,0.5615247297054002,17.224746840369086,1.2384876889765146,45.1365628814649,38.095515156996804
28.403236051766964,0.33908776345948116,16.376877698848823,2.883418950488347,77.2350090587461,2.8378171531393264
