t,position_error,velocity_error,energy,energy_rel_error,ang_mom_rel_error,radius,radius_true,model
0.0,0.0,0.0,-18.750149632983685,0.0,0.0,1.1705554002218517,1.1705554002218517,linear
0.004,6.0713190313297205e-05,0.030356518331811688,-18.75319536397147,0.00016243768969332651,0.000123593081450213,1.1704688943912487,1.1705296074086908,linear
0.008,0.0002428241369677697,0.060708920082183405,-18.7621712394688,0.0006411472292448335,0.0004888355118705583,1.170209414070834,1.1704522357178782,linear
0.012,0.0005462593128450469,0.09105812164752508,-18.777080691207242,0.0014363116428778814,0.001095410324716591,1.1697770580349316,1.1703233053999127,linear
0.016,0.0009709095837773071,0.12140502105188583,-18.797929740483692,0.0025482520638638456,0.0019428131607726784,1.169171977231336,1.1701428502205848,linear
0.02,0.0015166301533840387,0.15175048574077718,-18.824727011407667,0.003977428441039817,0.003030352908225443,1.1683943748091334,1.1699109174834248,linear
0.024,0.0021832404747692538,0.18209534059221366,-18.85748375034821,0.005724440575967997,0.004357152569904712,1.1674445061676846,1.169627568061111,linear
0.028,0.0029705241304474306,0.21244035622171073,-18.896213851506836,0.007790029486815763,0.005922150356230834,1.1663226790264805,1.1692928764358548,linear
0.032,0.003878228681177394,0.2427862376562701,-18.94093388852232,0.010175079093930159,0.007724101002035923,1.1650292535154931,1.1689069307487372,linear
0.036000000000000004,0.004906065484564178,0.2731336134502404,-18.99166315199374,0.01288061822105171,0.009761577305075571,1.1635646422855608,1.1684698328580023,linear
0.04,0.006053709484426745,0.3034830253134088,-19.04842369278811,0.015907822905035656,0.012032971883682788,1.1619293106382607,1.1679816984062896,linear
0.044,0.007320798972089542,0.3338349183187585,-19.11124037098082,0.019258019005988836,0.014536499150677505,1.1601237766746368,1.1674426568967917,linear
0.048,0.008706935320899627,0.3641896317540647,-19.180140910258093,0.022932685108709893,0.017270197500290897,1.158148611462078,1.1668528517783268,linear
0.052000000000000005,0.010211682695413936,0.3945473906778748,-19.255155957593693,0.026933455705422393,0.020231931704530325,1.1560044392185553,1.166212440539303,linear
0.056,0.011834567736841998,0.4249082982365105,-19.336319147995155,0.03126212464887906,0.023419395515081466,1.1536919375133572,1.1655215948105528,linear
0.06,0.013575079226463916,0.45527232879454543,-19.42366717409899,0.035920648864076817,0.026830114466523444,1.1512118374833853,1.164780500477016,linear
0.064,0.015432667728865647,0.48563932192674136,-19.51723986037888,0.04091115230599511,0.03046144887630901,1.1485649240640132,1.1639893577982372,linear
0.068,0.01740674521696368,0.5160089773147859,-19.617080241717318,0.046235930150050696,0.0343105970366735,1.1457520362334317,1.1631483815376422,linear
0.07200000000000001,0.019496684680909603,0.5463808505873046,-19.723234646077664,0.051897453201237884,0.038374598593324385,1.1427740672693503,1.162257801100563,linear
0.076,0.02170181972306277,0.5767543501366142,-19.835752781001005,0.0578983725072582,0.04265033810549148,1.13963196501687,1.1613178606809536,linear
0.08,0.02402144414134068,0.6071287349405409,-19.954687823641713,0.06424152416037818,0.04713454878163676,1.1363267321662789,1.1603288194167511,linear
0.084,0.026454811503341228,0.6375031134123879,-20.080096514044794,0.07092993427218189,0.0518238163848602,1.1328594265394756,1.1592909515538266,linear
0.088,0.029001134713728477,0.6678764432968121,-20.212039251358924,0.07796682410489168,0.05671458330179359,1.1292311613836858,1.158204546618449,linear
0.092,0.03165958557745311,0.6982475326240399,-20.35058019267099,0.08535561534250165,0.06180315276852485,1.1254431056710874,1.1570699095981964,linear
0.096,0.034429294361458425,0.7286150417294475,-20.495787354140454,0.09309993548456752,0.06708569324688096,1.1214964844029254,1.1558873611312244,linear
0.1,0.037309349357585446,0.7589774863401813,-20.647732714105175,0.10120362334513963,0.07255824294417645,1.1173925789166725,1.1546572377037918,linear
0.10400000000000001,0.040298796449459724,0.7893332417251403,-20.80649231782524,0.10967073463905633,0.07821671446933881,1.1131327271947518,1.1533798918559472,linear
0.108,0.043396638686191695,0.8196805478993554,-20.972146383525793,0.11850554763751633,0.08405689961813484,1.1087183241733263,1.1520556923952463,linear
0.112,0.04660183586576354,0.8500175158685502,-21.144779409396225,0.12771256887465626,0.0900744742800539,1.1041508220496405,1.1506850246183697,linear
0.116,0.049913304131027056,0.8803421348945442,-21.324480281199065,0.13729653888664622,0.09626500345924137,1.0994317305863794,1.1492682905404958,linear
0.12,0.053329915581251906,0.9106522807570567,-21.51134238013906,0.14726243796466112,0.10262394640173964,1.0945626174115128,1.1478059091322594,linear
0.124,0.056850497902199953,0.9409457249825657,-21.705463690639718,0.15761549190291754,0.10914666182116128,1.089545108312086,1.1462983165641154,linear
0.128,0.0604738340177077,0.9712201450059825,-21.906946907672435,0.16836117772284745,0.11582841321480934,1.0843808875204157,1.1447459664579103,linear
0.132,0.06419866176577368,1.0014731352262163,-22.11589954328,0.1795052293543072,0.12266437426216352,1.0790716979911683,1.143149330145432,linear
0.136,0.06802367360214327,1.0317022189120975,-22.33243403193392,0.19105364325458943,0.1296496342975651,1.0736193416677962,1.1415088969337053,linear
0.14,0.07194751633438148,1.0619048609106585,-22.55666783436143,0.20301268394581976,0.13677920384887216,1.068025679736838,1.1398251743767551,linear
0.14400000000000002,0.07596879088940647,1.0920784811054614,-22.788723539474276,0.21538888945111517,0.14404802023380142,1.0622926328685984,1.1380986885535562,linear
0.148,0.08008605211744081,1.1222204685684556,-23.028728964026264,0.22818907660961074,0.15145095320564061,1.0564221814427588,1.136329984351841,linear
0.152,0.08429780863530537,1.1523281963447987,-23.276817249620766,0.24142034625015193,0.1589828106399944,1.0504163657574928,1.1345196257574228,linear
0.156,0.08860252271195258,1.1823990368061739,-23.53312695668179,0.2550900882030453,0.1666383442542187,1.044277286220699,1.132668196148655,linear
0.16,0.0929986101990912,1.2124303775043703,-23.797802154992702,0.2692059861287513,0.17441225535121863,1.038007103522004,1.1307762985956136,linear
0.164,0.09748444050971014,1.2424196374532475,-24.070992510395183,0.2837760221417923,0.1822992005792987,1.0316080387842226,1.128844556163555,linear
0.168,0.1020583366472585,1.2723642837637463,-24.35285336722705,0.29880848120740106,0.19029379769980426,1.025082373693016,1.126873612220168,linear
0.17200000000000001,0.10671857528817857,1.302261848553267,-24.643545826059942,0.31431195528749756,0.19839063135434645,1.0184324506035352,1.1248641307460954,linear
0.176,0.11146338692042633,1.332109946047563,-24.943236816277768,0.3302953472115084,0.20658425882347103,1.0116606726228827,1.122816796648159,linear
0.18,0.11629095604054263,1.3619062897902663,-25.252099163011657,0.34676787424620276,0.21486921576872095,1.00476950366729,1.1207323160746785,linear
0.184,0.12119942141177126,1.3916487098723211,-25.57031164791878,0.3637390713372035,0.22324002195013667,0.9977614684929491,1.1186114167322303,linear
0.188,0.126186876385632,1.4213351700909065,-25.8980590632574,0.38121879399296704,0.2316911869113548,0.9906391526995131,1.1164548482031396,linear
0.192,0.13125136928927908,1.4509637849449344,-26.235532258671743,0.3992172207799559,0.24021721562459225,0.9834052027053181,1.114263382262949,linear
0.196,0.13639090388088607,1.480532836371938,-26.582928180053507,0.41774485539523676,0.2488126140879379,0.9760623256934543,1.1120378131970519,linear
0.2,0.14160343987520402,1.5100407901290531,-26.94044989979436,0.43681252827993367,0.25747189486753275,0.9686132895278639,1.109778958115623,linear
0.20400000000000001,0.14688689354134316,1.5394863117189843,-27.308306637682968,0.45643139773372754,0.26618958257737896,0.9610609226387024,1.107487657265918,linear
0.20800000000000002,0.15223913837472963,1.5688682817602562,-27.686713771631283,0.47661295048692015,0.2749602192896976,0.9534081138762586,1.1051647743409527,linear
0.212,0.15765800584507936,1.5981858106997615,-28.075892837336472,0.49736900168240383,0.28377836986894067,0.9456578123327818,1.1028111967835064,linear
0.216,0.16314128622212498,1.6274382527646405,-28.47607151589677,0.518711694215179,0.29263862722276296,0.9378130271316131,1.100427836084324,linear
0.22,0.16868672948071703,1.6566252190498936,-28.887483608300506,0.5406534973717797,0.30153561746347113,0.929876827183068,1.0980156280733313,linear
0.224,0.17429204628680695,1.6857465896378916,-29.31036899559668,0.5632072047060545,0.3104640049736793,0.921852340906556,1.0955755332025892,linear
0.228,0.17995490906569206,1.714802524646113,-29.744973583431555,0.5863859310811419,0.3194184973701385,0.9137427559184622,1.0931085368196545,linear
0.232,0.18567295315378557,1.7437934741000878,-30.191549229499167,0.610203108800195,0.3283938503599359,0.9055513186853379,1.0906156494299248,linear
0.23600000000000002,0.1914437780350415,1.7727201865296585,-30.650353652300787,0.6346724827402584,0.33738487248351134,0.8972813341419722,1.0880979069464731,linear
0.24,0.19726494866303182,1.8015837161883679,-31.121650319441713,0.6598081043948111,0.34638642973918893,0.8889361652739229,1.0855563709257918,linear
0.244,0.20313399686953934,1.8303854287980794,-31.605708313508742,0.685624324720622,0.35539345008418255,0.8805192326640808,1.0829921287877864,linear
0.248,0.2090484228603887,1.8591270057238487,-32.10280217337066,0.7121357856738442,0.36440092780729927,0.8720340140028261,1.0804062940182741,linear
0.252,0.21500569679908987,1.887810446487717,-32.61321170852311,0.7393574103084859,0.37340392776884057,0.863484043561305,1.0778000063521544,linear
0.256,0.2210032604787191,1.9164380695344152,-33.137221783859786,0.767304391297634,0.38239758950347336,0.8548729116273034,1.0751744319353314,linear
0.26,0.227038529082314,1.9450125111671481,-33.67512207199226,0.7959921777239485,0.3913771311821303,0.8462042639031234,1.072530763463389,linear
0.264,0.2331088930318913,1.9735367225775446,-34.22720676995942,0.8254364599709542,0.40033785342927974,0.8374818008647846,1.0698702202949235,linear
0.268,0.23921171992603352,2.002013964900719,-34.793774276866095,0.8556531525305705,0.4092751429921992,0.8287092770817456,1.0671940485373534,linear
0.272,0.2453443565658286,2.0304478022340398,-35.375126828666325,0.8866583745250426,0.41818447625917404,0.8198905004962082,1.064503521102952,linear
0.276,0.2515041310687517,2.058842092566882,-35.971570085961645,0.918468427723024,0.42706142262383917,0.8110293316608871,1.0617999377327458,linear
0.28,0.25768835506991106,2.0872009765781367,-36.58341267031795,0.9510997718100066,0.4359016476931745,0.8021296829339227,1.0590846249858556,linear
0.28400000000000003,0.26389432600988744,2.1155288642687835,-37.21096564421727,0.9845689966526383,0.44470091633696174,0.7931955176293732,1.05635893619178,linear
0.28800000000000003,0.27011932950818757,2.1438304194082383,-37.85454192935432,1.018892791274785,0.4534550955768029,0.7842308491214312,1.0536242513630336,linear
0.292,0.276360641821137,2.172110541785559,-38.51445565756313,1.054087909240561,0.46216015731309995,0.7752397399001925,1.0508819770654907,linear
0.296,0.28261553238282705,2.2003743472698334,-39.19102144822053,1.0901711301161556,0.47081218088868393,0.7662263005764169,1.0481335462437351,linear
0.3,0.28888126642749395,2.2286271456981996,-39.88455360552251,1.127159216658248,0.479407355488074,0.7571946888322992,1.0453804179986337,linear
0.304,0.29515510769148734,2.256874416624832,-40.5953652285718,1.165068867352389,0.4879419823716396,0.7481491083147821,1.0426240773143203,linear
0.308,0.30143432119274255,2.2851217829798895,-41.32376722675728,1.2039166639003238,0.49641247694421853,0.7390938074673943,1.039866034731741,linear
0.312,0.30771617608541757,2.31337498270369,-42.070067232452615,1.243719013231046,0.5048153706580323,0.730033078295987,1.0371078259658693,linear
0.316,0.31399794858708563,2.3416398384381796,-42.83456840262403,1.284492083587059,0.5131473127500108,0.7209712550630659,1.0343510114636842,linear
0.32,0.320276924975619,2.369922225374983,-43.61756810052562,1.3262517342153506,0.5214050718139184,0.7119127129046523,1.0315971759000166,linear
0.324,0.326550404652594,2.398228037376846,-44.41935644828643,1.369013438172655,0.5295855372079366,0.7028618663627855,1.0288479276083538,linear
0.328,0.33281570326976345,2.4265631515068518,-45.24021474087412,1.4127921977375233,0.5376857202986182,0.6938231678258605,1.0261048979437373,linear
0.332,0.33907015591482903,2.454933391117391,-46.08041371167262,1.4576024519085349,0.545702755542392,0.6848011058680012,1.023369740574922,linear
0.336,0.34531112035243133,2.483344487668168,-46.940211639755404,1.5034579754596802,0.5536339014060335,0.6758002034775904,1.0206441307030347,linear
0.34,0.3515359803159286,2.511802041459451,-47.81985228889989,1.5503717690220045,0.5614765411277673,0.6668250161639048,1.0179297642040381,linear
0.34400000000000003,0.35774214884520533,2.540311481483058,-48.71956266849526,1.5983559396663107,0.5692281833208965,0.6578801299295595,1.0152283566924218,linear
0.34800000000000003,0.3639270716653917,2.5688780246089626,-49.639550606782166,1.6474215714769789,0.5768864624220794,0.6489701590951186,1.0125416425036704,linear
0.352,0.3700882306009962,2.5975066343398576,-50.58000212736082,1.6975785856335108,0.5844491389865899,0.6400997439608228,1.0098713735931946,linear
0.356,0.37622314701959203,2.6262019793790974,-51.541078620655426,1.7488355895565066,0.5919140998331093,0.6312735482888906,1.0072193183496048,linear
0.36,0.3823293852987957,2.6549683922691383,-52.52291380307199,1.801199714730708,0.5992793580407898,0.6224962565883031,1.0045872603204034,linear
0.364,0.3884045563098841,2.6838098283675387,-53.52561045798015,1.8546764428920823,0.6065430528015223,0.6137725711823847,1.0019769968484016,linear
0.368,0.39444632091099296,2.7127298254357477,-54.549236954441106,1.9092694203614609,0.6137034491305206,0.6051072090378629,0.9993903376174335,linear
0.372,0.400452393442423,2.7417314641219983,-55.59382354184484,1.9649802604267683,0.6207589374385003,0.596504898332461,0.99682910310623,linear
0.376,0.4064205452161687,2.7708173296234393,-56.65935842137078,2.0218083338225954,0.6277080329688912,0.5879703747364639,0.9942951229496356,linear
0.38,0.4123486079913635,2.799989474814293,-57.74578359849962,2.079750547532597,0.6345493751036674,0.5795083773821484,0.9917902342067042,linear
0.384,0.418234477426918,2.8292493851258054,-58.85299052474012,2.138801112350106,0.6412817265415216,0.5711236444935185,0.9893162795355934,linear
0.388,0.42407611650221266,2.8585979454603847,-59.98081554134203,2.1989512998781,0.6479039723522287,0.5628209086474897,0.9868751052755955,linear
0.392,0.429871558896295,2.888035409416252,-61.12903514309325,2.260189189933727,0.6544151189111669,0.5546048916365851,0.9844685594370787,linear
0.396,0.4356189123156315,2.9175613710901946,-62.29736108638072,2.3224994096469738,0.6608142927180628,0.546480298902398,0.9820984896005955,linear
0.4,0.44131636176007616,2.9471747397148347,-63.485435372550775,2.3858628659086825,0.6671007391041256,0.538451813508638,0.9797667407269102,linear
0.404,0.4469621727163451,2.9768737173727753,-64.69282514523944,2.45025647323034,0.6732738208318108,0.5305240896225775,0.9774751528802241,linear
0.40800000000000003,0.4525546942679379,3.0066557800137295,-65.9190175487314,2.51565287952541,0.6793330165915317,0.5227017454742667,0.9752255588674372,linear
0.41200000000000003,0.4580923621101196,3.036517661981833,-67.16341460349526,2.5820201928067297,0.685277919399693,0.5149893557640803,0.9730197817968433,linear
0.41600000000000004,0.4635737014582816,3.0664553442392504,-68.42532816473758,2.649321712311538,0.6911082349024699,0.5073914434911168,0.9708596325602583,linear
0.42,0.46899732983774806,3.09646404644904,-69.70397503998362,2.7175156681078563,0.696823779589792,0.4999124711778115,0.9687469072431826,linear
0.424,0.4743619597428629,3.126538223055006,-70.99847235213636,2.7865549737929465,0.7024244789240273,0.49255683146995505,0.9666833844682073,linear
0.428,0.47966640115303616,3.15667156346955,-72.30783324494354,2.8563869974533795,0.7079103653878627,0.4853288370962567,0.9646708226775074,linear
0.432,0.4849095638932972,3.1868569964521467,-73.63096303800026,2.926953356600145,0.7132815764558978,0.4782327101777687,0.9627109573608756,linear
0.436,0.4900904598268462,3.2170866987316122,-74.96665594796276,2.998189743301447,0.7185383524944561,0.471272570884978,0.9608054982363765,linear
0.44,0.49520820486709277,3.2473521078949297,-76.31359250109817,3.070025786186459,0.7236810345941036,0.4644524254492732,0.9589561263912989,linear
0.444,0.5002620207967463,3.277643939534306,-77.67033776914988,3.1423849563588955,0.7287100623393444,0.4577761535458422,0.9571644913916876,linear
0.448,0.5052512368816581,3.307952208612791,-79.03534056519544,3.2151845245097737,0.7336259715199235,0.45124749507687484,0.9554322083692899,linear
0.452,0.5101752912673464,3.338266254977339,-80.40693373811861,3.288335576622466,0.7384293917881269,0.44487003639720185,0.9537608550953008,linear
0.456,0.5150337321464378,3.3685747729171083,-81.78333570289307,3.361743095587179,0.7431210442664161,0.43864719603911534,0.9521519690507895,linear
0.46,0.5198262186856529,3.398865844634206,-83.16265333847022,3.435306115753736,0.7477017391096714,0.4325822100089315,0.9506070445041467,linear
0.464,0.5245525217014559,3.4291269774644615,-84.54288637510747,3.508917956920554,0.7521723730262495,0.42667811674467,0.9491275296063075,linear
0.468,0.5292125240740612,3.4593451446573225,-85.9219333779793,3.5824665434580143,0.7565339267619859,0.42093774184171895,0.947714823514854,linear
0.47200000000000003,0.533806220890174,3.4895068294969795,-87.29759941351097,3.655834813176337,0.7607874625511831,0.41536368267117385,0.9463702735583911,linear
0.47600000000000003,0.5383337193056187,3.5195980725215317,-88.66760545887712,3.7289012191615005,0.7649341215385363,0.40995829303320713,0.9450951724528175,linear
0.48,0.5427952381198776,3.5496045215737295,-90.0295995835355,3.8015403261189453,0.768975121175848,0.40472366800482074,0.9438907555812533,linear
0.484,0.5471911070555451,3.5795114843957716,-91.38116989481546,3.873623500799449,0.7729117525972793,0.3996616291570449,0.9427581983494638,linear
0.488,0.5515217657367636,3.6093039834619463,-92.71985919803711,3.945019693865916,0.7767453779767731,0.39477371033043085,0.9416986136285952,linear
0.492,0.5557877623618781,3.6389668127269164,-94.04318127631515,4.015596308142645,0.7804774278711631,0.3900611441688502,0.9407130492969445,linear
0.496,0.5599897520667939,3.6684845959541525,-95.34863864733502,4.085220145635837,0.7841093985523737,0.38552484961948574,0.9398024858922929,linear
0.5,0.5641284949768641,3.6978418462786373,-96.63374160553292,4.153758423108419,0.7876428493319739,0.3811654206108132,0.9389678343860477,linear
0.504,0.5682048539465454,3.7270230266506146,-97.89602831007423,4.221079843430357,0.7910793998812274,0.3769831161197515,0.9382099340900723,linear
0.508,0.5722197919875498,3.756012610802802,-99.13308563383032,4.287055707515194,0.7944207275496482,0.37297785183350757,0.9375295507066129,linear
0.512,0.576174369387765,3.7847951443822945,-100.34257044831935,4.351561049507847,0.7976685646849262,0.36914919360063,0.9369273745311851,linear
0.516,0.5800697405248115,3.8133553058902425,-101.52223098642548,4.4144757761205335,0.8008246959569573,0.3654963528492298,0.9364040188176359,linear
0.52,0.5839071503797519,3.8416779670773398,-102.66992790061411,4.475685789728622,0.803890955688562,0.36201818412828646,0.9359600183138875,linear
0.524,0.587687930758122,3.8697482524510765,-103.78365462103268,4.5350840741273455,0.8068692251953411,0.3587131849006734,0.9355958279760598,linear
0.528,0.5914134962271467,3.897551597561557,-104.86155661662454,4.592571721783004,0.8097614301369667,0.35557949768451835,0.9353118218678053,linear
0.532,0.5950853397796748,3.9250738057462646,-105.90194917397476,4.648058882030518,0.8125695378820658,0.35261491460347216,0.9351082922507543,linear
0.536,0.5987050282370453,3.9523011030303494,-106.90333333322933,4.701465610982324,0.8152955548887055,0.3498168843673227,0.9349854488709816,linear
0.54,0.6022741974047336,3.9792201908976117,-107.86440965761217,4.752722605896765,0.8179415241023477,0.3471825216632589,0.9349434184453665,linear
0.544,0.6057945469962274,4.005818296668124,-108.78408956167232,4.801771809346444,0.8205095223729917,0.3447086188961908,0.9349822443506488,linear
0.548,0.60926783534212,4.032083221241163,-109.66150398168583,4.848566871635975,0.8230016578930881,0.34239166017516165,0.9351018865168789,linear
0.552,0.6126958739028776,4.058003383986492,-110.49600923734216,4.893073463422761,0.8254200676576577,0.3402278374033565,0.9353022215258463,linear
0.556,0.6160805216051177,4.083567864592815,-111.28719000430434,4.935269434252262,0.8277669149479178,0.33821306829276837,0.9355830429139481,linear
0.56,0.6194236790225114,4.108766441709118,-112.03485938954687,4.975144816576001,0.830044386839575,0.3363430160923661,0.935944061677841,linear
0.5640000000000001,0.6227272824235874,4.1335896282422055,-112.73905617259857,5.012701678619007,0.8322546917368185,0.3346131107915747,0.9363849069801192,linear
0.5680000000000001,0.6259932977097485,4.158028703201894,-113.40003934311287,5.047953833052567,0.8344000569329076,0.3330185715397759,0.9369051270511848,linear
0.5720000000000001,0.629223714267712,4.182075740013604,-114.01828012601251,5.080926411671998,0.8364827261981328,0.33155443000786616,0.9375041902824454,linear
0.5760000000000001,0.6324205387613245,4.205723631246211,-114.5944517376881,5.111655319064931,0.838504957395796,0.3302155544098903,0.9381814865049737,linear
0.58,0.635585788888305,4.228966109730653,-115.1294171587697,5.1401865804976685,0.8404690201267468,0.32899667390139203,0.938936328446836,linear
0.584,0.6387214871278764,4.251797766071805,-115.62421523983417,5.166575600892154,0.842377193402896,0.32789240307608963,0.9397679533614206,linear
0.588,0.64182965450552,4.274214062581963,-116.08004547564113,5.190886352791707,0.8442317633500169,0.3268972662933149,0.9406755248182942,linear
0.592,0.6449123044011504,4.296211343688977,-116.49825179127828,5.213190511629003,0.8460350209400492,0.3260057215846573,0.9416581346473971,linear
0.596,0.6479714364269248,4.317786842895245,-116.88030568061693,5.233566556450885,0.8477892597530178,0.32521218390862405,0.942714805026736,linear
0.6,0.6510090304006246,4.338938686385168,-117.22778902483424,5.252098853580185,0.8494967737685929,0.3245110475459581,0.9438444907031869,linear
0.604,0.6540270404401013,4.359665893398372,-117.54237689787061,5.268876739580784,0.8511598551872311,0.323896707454604,0.9450460813355455,linear
0.608,0.6570273892036624,4.379968373503419,-117.82582063818134,5.283993618424893,0.8527807922807595,0.32336357943124683,0.9463184039485938,linear
0.612,0.6600119623004956,4.399846920922281,-118.07993143373028,5.297546086033042,0.8543618672721963,0.3229061189549722,0.9476602254866594,linear
0.616,0.662982602894284,4.419303206069002,-118.3065646315678,5.309633093458243,0.8559053542445335,0.322518838617098,0.9490702554549578,linear
0.62,0.6659411065220844,4.438339764476924,-118.50760494615125,5.3203551580027195,0.8574135170781512,0.32219632406889115,0.9505471486368967,linear
0.624,0.668889216149305,4.456959983297507,-118.68495270325813,5.32981362956579,0.858888607416485,0.32193324844510574,0.9520895078755067,linear
0.628,0.6718286174802748,4.475168085560142,-118.84051122015526,5.338110017591594,0.8603328626595209,0.3217243852455939,0.9536958869072311,linear
0.632,0.6747609345424149,4.492969112386481,-118.97617538863612,5.345345382169285,0.8617485039846566,0.32156461967928657,0.9553647932364445,linear
0.636,0.6776877255604725,4.510368903354715,-119.09382149639036,5.351619791177055,0.8631377343944436,0.32144895849439403,0.9570946910393013,linear
0.64,0.6806104791356004,4.5273740752091305,-119.19529829446117,5.357031843883679,0.8645027367906963,0.3213725383356032,0.9588840040857883,linear
0.644,0.6835306107423612,4.543991999108086,-119.28241929458507,5.361678260143241,0.8658456720744444,0.3213306326833354,0.9607311186692212,linear
0.648,0.6864494595549437,4.560230776599585,-119.35695626012681,5.3656535332477615,0.8671686772711978,0.3213186574418077,0.9626343865328216,linear
0.652,0.6893682856120671,4.576099214507906,-119.42063383806769,5.369049643635534,0.8684738636809877,0.32133217525185426,0.9645921277834757,linear
0.656,0.6922882673282064,4.591606798907478,-119.47512526691996,5.371955829981718,0.8697633150526642,0.3213668986113565,0.9666026337832705,linear
0.66,0.6952104993569321,4.606763668351591,-119.52204908625046,5.374458413707661,0.871039085781935,0.321418691890924,0.9686641700099468,linear
0.664,0.6981359908103136,4.621580586513641,-119.5629667673746,5.376640672618926,0.8723031991326546,0.3214835723353724,0.9707749788779694,linear
0.668,0.7010656638365305,4.636068914387763,-119.5993811813556,5.378582759199235,0.8735576454809052,0.3215577101428029,0.9729332825125104,linear
0.672,0.7040003525560593,4.650240582184009,-119.63273581932411,5.3803616590278445,0.8748043805814354,0.321637427712935,0.9751372854692416,linear
0.676,0.7069408023550826,4.664108061040852,-119.66441468093541,5.382051184830645,0.8760453238560709,0.32171919815500727,0.9773851773934561,linear
0.68,0.70988766953311,4.677684334664945,-119.69574274913252,5.383722001800661,0.8772823567037538,0.3217996431432587,0.9796751356126573,linear
0.684,0.7128415213002195,4.690982870994995,-119.72798697294292,5.385441680013449,0.8785173208319205,0.3218755302049386,0.9820053276573741,linear
0.6880000000000001,0.7158028361178287,4.704017593973311,-119.76235768448771,5.387274770000333,0.8797520166089866,0.321943769522143,0.9843739137055788,linear
0.6920000000000001,0.7187720043755041,4.716802855495377,-119.80001038145728,5.389282897812996,0.8809882014377693,0.3220014103247055,0.9867790489466903,linear
0.6960000000000001,0.7217493293950153,4.7293534075948465,-119.84204781176055,5.391524876203894,0.8822275881497453,0.3220456369470225,0.9892188858617322,linear
0.7000000000000001,0.7247350287516399,4.741684374908585,-119.88952230269851,5.394056828847859,0.8834718434201179,0.3220737646171778,0.9916915764167934,linear
0.704,0.7277292359016471,4.753811227454293,-119.94343828267036,5.396932324832009,0.8847225862037413,0.322083235042166,0.9941952741674875,linear
0.708,0.7307320021039132,4.765749753741579,-120.0047549489731,5.400202520937264,0.8859813861920341,0.32207161184846456,0.9967281362726386,linear
0.712,0.7337432986227626,4.777516034226453,-120.07438904059336,5.4039163095193965,0.887249762291095,0.3220365759327497,0.9992883254159185,linear
0.716,0.7367630191983943,4.789126415109179,-120.15321767994277,5.408120470067041,0.8885291811213266,0.32197592077323733,1.0018740116346418,linear
0.72,0.739790982770622,4.800597482466144,-120.24208125220045,5.412859822765397,0.889821055538962,0.3218875477479964,1.004483374055366,linear
0.724,0.7428269364411448,4.81194603669822,-120.34178629526284,5.418177382625666,0.8911267431799806,0.3217694615026617,1.0071146025363582,linear
0.728,0.7458705586591539,4.823189067270832,-120.45310837724372,5.424114512950486,0.8924475450270032,0.3216197654062792,1.009765899217382,linear
0.732,0.7489214626147904,4.834343727714791,-120.57679494200816,5.430711077094532,0.8937847039998396,0.3214366571305633,1.0124354799776019,linear
0.736,0.7519791998247564,4.845427310851915,-120.71356810636199,5.43800558764677,0.8951394035704795,0.3212184243846443,1.015121575802738,linear
0.74,0.7550432638942753,4.856457224205468,-120.86412739526709,5.446035352307434,0.896512766403399,0.3209634408344219,1.0178224340628805,linear
0.744,0.7581130944395837,4.8674509655526945,-121.02915240381935,5.454836615859056,0.8979058530221692,0.32067016223292955,1.0205363197026533,linear
0.748,0.7611880811551841,4.878426098574992,-121.20930537673213,5.464444697737822,0.8993196605034435,0.3203371227856393,1.0232615163456367,linear
0.752,0.764267568010225,4.889400228560751,-121.40523369772633,5.474894124799968,0.9007551211995065,0.31996293177239277,1.0259963273151704,linear
0.756,0.7673508575585766,4.900390978116393,-121.61757228256155,5.48621875894911,0.9022131014906635,0.31954627044562295,1.0287390765738351,linear
0.76,0.770437215347407,4.911415962842729,-121.84694587046398,5.4984519193447445,0.9036944005688448,0.3190858892227247,1.0314881095840598,linear
0.764,0.7735258744093908,4.922492766936407,-122.09397120943542,5.511626498951133,0.9051997492539008,0.3185806051888257,1.0342417940924364,linear
0.768,0.7766160398240067,4.933638918679803,-122.35925913137545,5.525775075209605,0.9067298088441497,0.3180292999248024,1.0369985208404195,linear
0.772,0.7797068933337784,4.944871865787142,-122.64341651312746,5.540930014626843,0.9082851700028374,0.3174309176741595,1.0397567042041798,linear
0.776,0.7827975980017086,4.956208950580074,-122.94704811947747,5.557123571067367,0.9098663516822509,0.31678446386134623,1.0425147827664354,linear
0.78,0.7858873028965918,4.967667384971924,-123.2707583237966,5.574387977520406,0.9114738000873177,0.3160890039732065,1.0452712198231309,linear
0.784,0.7889751477933379,4.979264225246709,-123.615152701426,5.592755531079743,0.9131078876805954,0.3153436628145454,1.0480245038278637,linear
0.788,0.7920602678758779,4.991016346626301,-123.98083949005323,5.612258670829835,0.9147689122306408,0.31454762414824355,1.0507731487769618,linear
0.792,0.7951417984306947,5.0029404176270615,-124.36843091021666,5.632930048272158,0.9164570959058126,0.31370013072994546,1.0535156945381192,linear
0.796,0.7982188795194546,5.015052874215452,-124.7785443376871,5.654802589851719,0.9181725844156321,0.3128004847470986,1.0562507071254732,linear
0.8,0.8012906606196756,5.02736989378076,-125.21180331779918,5.6779095510543085,0.9199154462018849,0.3118480486720125,1.0589767789239786,linear
0.804,0.8043563052227886,5.039907368951734,-125.66883840982088,5.70228456143917,0.9216856716817046,0.3108422465386417,1.061692528865907,linear
0.808,0.8074149953793728,5.052680881292782,-126.15028784712858,5.727961659848069,0.9234831725449247,0.30978256565297635,1.064396602562227,linear
0.812,0.8104659361817442,5.065705674924104,-126.65679799627628,5.7549753188887784,0.9253077811080331,0.30866855874723276,1.0670876723915936,linear
0.8160000000000001,0.8135083601744525,5.078996630118765,-127.18902359496686,5.783360457626783,0.9271592497270941,0.30749984658848767,1.0697644375495883,linear
0.8200000000000001,0.816541531683604,5.0925682369380745,-127.74762774542012,5.8131524412315745,0.9290372502720352,0.30627612105297586,1.0724256240607979,linear
0.8240000000000001,0.8195647510562537,5.106434568974514,-128.33328163563698,5.844387066110868,0.9309413736647189,0.3049971486779747,1.075069984756236,linear
0.8280000000000001,0.8225773588014218,5.120609257279072,-128.94666395653286,5.87710052882462,0.9328711294832284,0.303662774704023,1.0776962992185435,linear
0.8320000000000001,0.8255787396245705,5.1351054645566565,-129.5884599778063,5.911329376798422,0.9348259456348115,0.3022729276211526,1.080303373697312,linear
0.836,0.8285683263476329,5.149935859719509,-130.2593602396568,5.947110438549006,0.9368051680999154,0.30082762423384496,1.0828900409968023,linear
0.84,0.8315456037069118,5.165112592894057,-130.96005881101362,5.984480730790526,0.938808060749747,0.2993269752605374,1.0854551603382319,linear
0.844,0.8345101120213813,5.180647270981185,-131.69125105771997,6.023477339405324,0.9408338052397632,0.2977711914846811,1.0879976171987351,linear
0.848,0.8374614507240983,5.196550933873707,-132.45363085606968,6.064137270833743,0.9428815009814824,0.29616059047556287,1.0905163231289994,linear
0.852,0.8403992817495867,5.212834031437518,-133.24788717816583,6.106497269961374,0.944950165194963,0.2944956038983129,1.0930102155514954,linear
0.856,0.8433233327702104,5.229506401364639,-134.07469996569856,6.15059360005563,0.9470387330442592,0.2927767854336854,1.0954782575411446,linear
0.86,0.8462334002746549,5.246577248007066,-134.93473519789686,6.196461779725268,0.949146057858108,0.2910048193292602,1.0979194375901657,linear
0.864,0.8491293524817526,5.264055122299964,-135.82863904756874,6.244136271245027,0.9512709114380431,0.2891805296045999,1.10033276935877,linear
0.868,0.8520111320829696,5.281947902881242,-136.75703100632046,6.2936501139035705,0.9534119844560617,0.28730488993352155,1.1027172914132803,linear
0.872,0.8548787588069552,5.300262778512017,-137.7204958462908,6.345034495299412,0.9555678869438935,0.2853790342268871,1.1050720669531833,linear
0.876,0.8577323317996262,5.319006231898978,-138.71957427116254,6.3983182527321665,0.9577371488758314,0.2834042679390541,1.1073961835285253,linear
0.88,0.8605720318133203,5.338184025014926,-139.7547520940074,6.453527296025552,0.9599182208469934,0.2813820801201857,1.1096887527490036,linear
0.884,0.8633981231986241,5.3578011860083485,-140.82644776397902,6.510683942289664,0.9621094748487771,0.27931415623479267,1.111948909986016,linear
0.888,0.8662109556925434,5.3778619977862965,-141.93499804841744,6.56980615230597,0.9643092051431607,0.2772023917639342,1.1141758140688656,linear
0.892,0.8690109659967594,5.398369988347641,-143.08064166217252,6.630906657431527,0.9665156292373807,0.275048906604133,1.1163686469762464,linear
0.896,0.8717986791398028,5.419327922935628,-144.26350062271487,6.6939919652128355,0.9687268889603898,0.27285606026993325,1.1185266135240692,linear
0.9,0.874574709617061,5.440737798070035,-145.48355909898424,6.759061231333418,0.9709410516423652,0.2706264678987212,1.1206489410506164,linear
0.904,0.8773397623026663,5.46260083750983,-146.74063951536226,6.82610498516921,0.9731561113983902,0.26836301704547727,1.1227348790999585,linear
0.908,0.8800946331274409,5.484917490187621,-148.03437567150257,6.895103696190933,0.9753699905172818,0.2660688852409762,1.1247836991045037,linear
0.912,0.8828402095172353,5.5076874301469765,-149.3641826463488,6.966026168857868,0.9775805409563847,0.26374755826897767,1.1267946940674922,linear
0.916,0.8855774705862038,5.5309095585033905,-150.7292232734259,7.03882775464766,0.9797855459429775,0.26140284909545297,1.1287671782461943,linear
0.92,0.8883074870797734,5.554582007439239,-152.1283710079609,7.113448371651897,0.9819827216827743,0.2590389173551119,1.1307004868365214,linear
0.924,0.891031421062343,5.578702146232508,-153.56016905883777,7.189810324964428,0.9841697191758243,0.25666028926659157,1.1325939756597052,linear
0.928,0.8937505253450556,5.603266589308679,-155.0227857348087,7.267815925164974,0.9863441261399278,0.25427187780681365,1.1344470208516595,linear
0.932,0.8964661426493393,5.628271206294991,-156.51396606048826,7.347344907859404,0.9885034690414994,0.2518790029263514,1.1362590185555888,linear
0.936,0.8991797045023235,5.653711134046266,-158.03097985975845,7.428251664816778,0.9906452152336181,0.24948741153041276,1.1380293846183682,linear
0.9400000000000001,0.9018927298607006,5.679580790601977,-159.57056668901078,7.510362307099014,0.9927667752007984,0.24710329688362842,1.1397575542911842,linear
0.9440000000000001,0.9046068234601083,5.705873891025134,-161.12887823682712,7.593471593068396,0.9948655049098244,0.24473331702088638,1.1414429819348815,linear
0.9480000000000001,0.9073236738876966,5.732583465064925,-162.701419096292,7.677339769602764,0.9969387082657725,0.24238461166105912,1.143085140730426,linear
0.9520000000000001,0.9100450513761752,5.75970187657711,-164.2829871656199,7.76168939348767,0.9989836396721464,0.24006481702631183,1.1446835223948737,linear
0.9560000000000001,0.912772805318331,5.7872208446287905,-165.86761534386267,7.8462022218789285,1.000997506693831,0.23778207786828265,1.1462376369031817,linear
0.96,0.915508861501787,5.8151314662075135,-167.4485166583832,7.930516285791226,1.0029774728213594,0.23554505589641228,1.1477470122161937,linear
0.964,0.9182552190645813,5.843424240448725,-169.01803548035667,8.014223288278956,1.0049206603347685,0.23336293369708,1.1492111940150844,linear
0.968,0.9210139471730586,5.8720890942903825,-170.5676080358547,8.096866498377512,1.0068241532651065,0.23124541313065905,1.1506297454425356,linear
0.972,0.9237871814245137,5.901115409459053,-172.08773597394193,8.177939341413023,1.0086850004514285,0.22920270710474,1.1520022468508853,linear
0.976,0.9265771199780471,5.930492050688117,-173.56797726708578,8.256884913694748,1.0105002186909011,0.2272455235552722,1.1533282955574728,linear
0.98,0.9293860194181752,5.960207395065756,-174.99695913544164,8.333096671804778,1.012266795979427,0.22538504043499633,1.154607505607385,linear
0.984,0.9322161903568661,5.990249362408088,-176.36241793240498,8.405920559810523,1.0139816948399616,0.22363287052385672,1.1558395075437782,linear
0.988,0.9350699927808614,6.02060544655133,-177.65127091822742,8.474658837160332,1.0156418557355031,0.22200101495385657,1.1570239481859501,linear
0.992,0.9379498311523746,6.051262747455949,-178.8497244875153,8.5385758507707,1.0172442005635016,0.2205018044959568,1.1581604904153064,linear
0.996,0.9408581492725164,6.082208004015537,-179.94342261229505,8.596905951926576,1.0187856362282297,0.21914782790260293,1.1592488129693557,linear
1.0,0.9437974249181079,6.113427627463481,-180.91763793701844,8.648863687933634,1.0202630582874512,0.21795184694626887,1.1602886102438554,linear
1.004,0.9467701642638505,6.1449077352714205,-181.75750606965516,8.693656297543495,1.0216733546695107,0.2169266982460205,1.1612795921032149,linear
1.008,0.9497788961031667,6.176634185434856,-182.4483011604356,8.730498408369387,1.0230134094567684,0.2160851825258646,1.162221483699254,linear
1.012,0.9528261658823365,6.208592611043149,-182.9757479252071,8.758628677999003,1.0242801067311118,0.21543994258477703,1.1631140252983974,linear
1.016,0.955914529563911,6.240768455033385,-183.3263620184712,8.777327947078293,1.0254703344770755,0.21500333195016774,1.1639569721173908,linear
1.02,0.9590465473366394,6.2731470050302205,-183.48780734739012,8.785938295906385,1.0265809885379218,0.21478727689224386,1.1647500941675957,linear
1.024,0.9622247771904513,6.305713428176676,-183.44925587741682,8.78388223391606,1.0276089766198515,0.21480313514263283,1.165493176107927,linear
1.028,0.9654517683762148,6.338452805864077,-183.20173309743043,8.770681124333928,1.0285512223393378,0.21506155522508766,1.1661860171064884,linear
1.032,0.9687300547711609,6.371350168272651,-182.73843097310566,8.745971874893606,1.0294046693084156,0.21557234070561046,1.1668284307109442,linear
1.036,0.972062148171923,6.4043905286378715,-182.05497024631035,8.709520927025274,1.0301662852525963,0.21634432384638438,1.1674202447276738,linear
1.04,0.9754505315381252,6.4375589171612395,-181.14959553350127,8.66123466102042,1.0308330661559302,0.21738525305968054,1.1679613011097403,linear
1.044,0.9788976522103214,6.470840414487984,-180.0232898538376,8.601165504149138,1.0314020404275888,0.2187016981842265,1.1684514558537042,linear
1.048,0.982405915126836,6.504220184677896,-178.6797997838222,8.529513272230304,1.0318702730842213,0.22029897695546483,1.168890578905306,linear
1.052,0.9859776760646883,6.537683507599319,-177.12556799191486,8.446621571506313,1.0322348699422004,0.22218110515082937,1.1692785540740422,linear
1.056,0.989615234930243,6.5712158106800835,-175.36957589925092,8.352969407281716,1.0324929818137665,0.22435077182704602,1.1696152789566532,linear
1.06,0.9933208291255605,6.604802699952935,-173.42310501018298,8.249158454987027,1.0326418087009772,0.22680933991395436,1.1699006648695374,linear
1.064,0.9970966270165698,6.638429990336609,-171.29943044862497,8.135896715580841,1.0326786039812719,0.22955687128327976,1.1701346367901033,linear
1.068,1.0009447215291778,6.672083735097355,-169.0134639283924,8.013979474119937,1.032600678578379,0.23259217436325075,1.170317133307077,linear
1.072,1.0048671238992268,6.705750254439147,-166.5813654699987,7.884268591487013,1.0324054051122282,0.23591287149891263,1.1704481065797634,linear
1.076,1.0088657576018427,6.739416163174204,-164.02014356578917,7.747671180034677,1.032090222021462,0.23951548261854405,1.170527522306279,linear
1.08,1.0129424524851547,6.773068397428692,-161.34726231675918,7.605118651049624,1.0316526376521022,0.24339552138634063,1.1705553597007536,linear
1.084,1.0170989391326244,6.806694240341575,-158.58027161567182,7.457546991342978,1.0310902343058816,0.24754759990033648,1.170531611479509,linear
1.088,1.0213368434772971,6.840281346717626,-155.73647313535795,7.305878949435126,1.030400672241739,0.25196553810814304,1.1704562838562116,linear
1.092,1.0256576816901959,6.873817766598359,-152.83263113498518,7.151008612013147,1.0295816936239521,0.2566424744195473,1.1703293965460082,linear
1.096,1.0300628553638012,6.907291967717433,-149.8847333267558,6.993788650256485,1.028631126410396,0.26157097444229754,1.1701509827786354,linear
1.1,1.0345536470101406,6.940692856809661,-146.9078035804395,6.835020330825074,1.027546888174419,0.26674313530083926,1.1699210893205054,linear
1.104,1.039131215891434,6.97400979974512,-143.9157653118781,6.675446229971071,1.0263269898538627,0.27215068356623484,1.1696397765057667,linear
1.108,1.0437965941995333,7.007232640462295,-140.92135212778436,6.515745467966153,1.0249695394207876,0.2777850653857762,1.169307118276326,linear
1.112,1.0485506835985614,7.040351718676303,-137.9360607133339,6.356531196459807,1.0234727454655204,0.2836375279199052,1.1689232022308356,linear
1.116,1.0533942521432391,7.073357886340381,-134.9701400097073,6.198350021286187,1.0218349206887039,0.2896991916498237,1.1684881296826308,linear
1.12,1.058327931583358,7.1062425228408195,-132.0326103467034,6.041683022862,1.0200544852951106,0.2959611134994794,1.1680020157266058,linear
1.124,1.0633522150627903,7.13899754890737,-129.13130625702698,5.886948039596977,1.0181299702830684,0.3024143410167605,1.1674649893150204,linear
1.1280000000000001,1.0684674552192985,7.171615439223056,-126.2729370843654,5.734502900298815,1.0160600206234598,0.30904995808340274,1.1668771933422188,linear
1.1320000000000001,1.0736738626892575,7.204089233718965,-123.46316009518812,5.584649323438044,1.0138433983223567,0.31585912277838185,1.1662387847382418,linear
1.1360000000000001,1.0789715050192494,7.236412547541329,-120.70666151861803,5.437637239240002,1.0114789853615047,0.3228330981149976,1.1655499345713098,linear
1.1400000000000001,1.0843603059843565,7.268579579679833,-118.00724169366897,5.293669330834597,1.008965786510989,0.32996327641809226,1.1648108281591567,linear
1.1440000000000001,1.0898400453108716,7.300585120247644,-115.36790124262039,5.15290563013294,1.0063029320085868,0.3372411981154536,1.1640216651891757,linear
1.1480000000000001,1.0954103587990947,7.332424556405221,-112.79092587553795,5.0154680406990275,1.0034896801004667,0.3446585656962118,1.1631826598473538,linear
1.1520000000000001,1.1010707388399152,7.364093876921499,-110.2779680414913,4.881444692446592,1.000525419438075,0.3522072535475129,1.162294040955945,linear
1.156,1.1068205353169862,7.395589675367584,-107.83012416636203,4.75089406095599,0.9974096713262417,0.35987931432611153,1.1613560521198454,linear
1.16,1.1126589568845082,7.426909151939543,-105.4480066535131,4.623848807479267,0.9941420918177343,0.3676669824595025,1.1603689518816152,linear
1.164,1.1185850726089779,7.458050113908518,-103.13181017613783,4.50031931450387,0.9907224736497023,0.37556267530625004,1.1593330138850835,linear
1.168,1.1245978139617139,7.489010974697826,-100.88137206656162,4.380296906489727,0.9871507480176751,0.3835589924405217,1.1582485270474845,linear
1.172,1.1306959771475593,7.519790751588369,-98.6962268177174,4.263756756591388,0.983426986183007,0.39164871346378916,1.157115795740029,linear
1.176,1.1368782257539134,7.550389062055233,-96.57565486562095,4.150660488369286,0.9795514009099073,0.3998247946887039,1.1559351399768454,linear
1.18,1.143143093703125,7.580806118740024,-94.51872592883758,4.0409584872095206,0.975524347728442,0.4080803649871812,1.154706895612181,linear
1.184,1.149488988490326,7.6110427230652,-92.52433725078106,3.9345919398968436,0.971346326020149,0.41640872104712556,1.1534314145457674,linear
1.188,1.1559141946879803,7.641100257498373,-90.59124713128303,3.8314946229507703,0.9670179799231883,0.4248033222400947,1.1521090649362193,linear
1.192,1.1624168776977797,7.6709806764764,-88.71810415212664,3.731594461308256,0.9625400990542072,0.43325778526535236,1.1507402314223452,linear
1.196,1.1689950877300204,7.700686496000942,-86.90347250290978,3.634814879025632,0.9579136190444004,0.4417658787039013,1.1493253153522145,linear
1.2,1.1756467639902404,7.730220781919084,-85.14585380338501,3.5410759631274407,0.9531396218875209,0.45032151758880756,1.147864735019818,linear
1.204,1.1823697390527101,7.759587136904653,-83.44370580005359,3.4502954607501612,0.9482193360979028,0.4589187580749808,1.146358925909143,linear
1.208,1.189161743400291,7.788789686157902,-81.79545829119267,3.362389628470217,0.9431541366768508,0.46755179227210547,1.144808340945462,linear
1.212,1.196020410110243,7.817833061843408,-80.19952660789521,3.2772739512870315,0.9379455448860657,0.47621494328817493,1.1432134507536127,linear
1.216,1.202943279665752,7.846722386288205,-78.65432295077271,3.1948637472423496,0.9325952278270788,0.48490266051764114,1.1415747439230282,linear
1.22,1.2099278048732447,7.8754632539644565,-77.15826585391761,3.115074672160871,0.9271049978259871,0.4936095151971672,1.1398927272792512,linear
1.224,1.216971355865954,7.904061712283347,-75.70978802039862,3.0378231375399976,0.9214768116230984,0.5023301962430075,1.1381679261616438,linear
1.228,1.2240712251746975,7.932524241229187,-74.3073427475407,2.9630266532287015,0.9157127693674156,0.5110595063768207,1.1364008847069682,linear
1.232,1.2312246328474112,7.960857731865257,-72.9494091358769,2.8906041052360694,0.9098151134162127,0.5197923585409804,1.1345921661385017,linear
1.236,1.2384287315996128,7.989069463745362,-71.63449625315434,2.8204759778098496,0.9037862269402765,0.5285237725999258,1.1327423530602965,linear
1.24,1.2456806119787036,8.017167081267612,-70.36114640421081,2.7525645278284823,0.8976286323357191,0.5372488723206101,1.1308520477561845,linear
1.244,1.2529773075257562,8.04515856900951,-69.12793763891142,2.6867939185566483,0.8913449894435792,0.5459628826224536,1.1289218724930754,linear
1.248,1.2603157999192607,8.073052226086046,-67.93348561358717,2.6230903189212045,0.8849380935787713,0.5546611270852557,1.1269524698280675,linear
1.252,1.2676930240861257,8.10085663957502,-66.77644490645456,2.561381973666336,0.8784108733702434,0.5633390257021398,1.1249445029188498,linear
1.256,1.2751058732661114,8.128580657056515,-65.65550987419554,2.501599249037453,0.8717663884145462,0.5719920928636721,1.1228986558368312,linear
1.26,1.2825512040167268,8.156233358315937,-64.56941512511203,2.4436746580158992,0.8650078267453176,0.5806159355587435,1.1208156338823878,linear
1.264,1.2900258411465544,8.183824026262664,-63.51693567390096,2.387542868573556,0.8581385021215103,0.5892062517775399,1.1186961639015809,linear
1.268,1.2975265825658029,8.21136211711885,-62.49688683399246,2.333140697930922,0.8511618511375012,0.5977588291018963,1.1165409946036304,linear
1.272,1.3050502040438368,8.238857229935405,-61.508123895423594,2.2804070953771847,0.8440814301585216,0.6062695434684836,1.1143508968784008,linear
1.276,1.3125934638642673,8.266319075494565,-60.549541629263956,2.2292831158397957,0.8369009120851574,0.6147343580905669,1.1121266641130845,linear
1.28,1.3201531073690778,8.293757444660837,-59.62007365355175,2.1797118860679987,0.8296240829509546,0.6231493225244739,1.1098691125072162,linear
1.284,1.3277258713841007,8.321182176244312,-58.71869169043713,2.131638565014124,0.8222548383574629,0.6315105718673839,1.1075790813850956,linear
1.288,1.3353084885189912,8.348603124442448,-57.84440473966866,2.0850102997532165,0.8147971797513262,0.6398143260735804,1.1052574335046301,linear
1.292,1.3428976913356396,8.376030125928496,-56.99625818961371,2.039776178071171,0.8072552105483074,0.6480568893768747,1.1029050553615425,linear
1.296,1.3504902163797563,8.403472966656537,-56.17333288359798,1.9958871786699013,0.7996331321093986,0.6562346498075027,1.1005228574878283,linear
1.3,1.358082808071091,8.430941348454878,-55.374744156415595,1.9532961197816259,0.791935239574427,0.6643440787923917,1.098111774743269,linear
1.304,1.3656722224484872,8.458444855481112,-54.59964085333841,1.9119576068497774,0.7841659175588166,0.6723817308283047,1.09567276659874,linear
1.308,1.3732552307666412,8.48599292061351,-53.847204341789094,1.8718279798186583,0.7763296357194002,0.6803442432179646,1.093206817409978,linear
1.312,1.3808286229421136,8.513594791854667,-53.116647523988945,1.8328652604750741,0.7684309441954102,0.6882283358598549,1.0907149366803903,linear
1.316,1.3883892108467424,8.541259498824331,-52.40721385730862,1.795029100200793,0.760474468930991,0.6960308110829679,1.088198159311414,linear
1.32,1.3959338314472238,8.56899581941919,-51.718176387701035,1.7582807284227093,0.7524649068857842,0.7037485535183354,1.0856575458388509,linear
1.324,1.4034593497901804,8.596812246717997,-51.04883680044929,1.7225829019864711,0.7444070211403312,0.7113785299997171,1.0830941826535172,linear
1.328,1.410962661832567,8.624716956210898,-50.3985244914913,1.687899855627523,0.7363056359032238,0.7189177894863488,1.0805091822044708,linear
1.332,1.4184406971177819,8.652717773431991,-49.76659566176311,1.6541972536698004,0.7281656314271034,0.726363463001157,1.0779036831829825,linear
1.336,1.4258904212983137,8.680822142074215,-49.15243243631328,1.6214421430455392,0.7199919388407628,0.733712763578326,1.075278850685339,linear
1.34,1.4333088385062198,8.70903709266545,-48.55544200936378,1.5896029076988876,0.7117895349047597,0.7409629862145763,1.072635876352478,linear
1.344,1.4406929935731385,8.73736921188438,-47.975055816012635,1.558649224410399,0.7035634366980724,0.7481115078189458,1.0699759784843672,linear
1.348,1.448039974101954,8.76582461259404,-47.410728730876244,1.5285520200582976,0.6953186962434533,0.7551557871563007,1.0673004021269483,linear
1.352,1.4553469123925886,8.794408904670279,-46.86193829364353,1.4992834303150282,0.687060395079238,0.7620933647802043,1.0646104191293906,linear
1.356,1.4626109872247708,8.82312716670139,-46.32818396124981,1.4708167597635151,0.6787936387854581,0.7689218629511544,1.061907328169311,linear
1.36,1.4698294255009416,8.851983918634097,-45.808986386165365,1.443126443406193,0.6705235514721809,0.7756389855365822,1.059192454743534,linear
1.364,1.476999503752775,8.88098309543984,-45.30388672012689,1.4161880095309802,0.6622552702380645,0.7822425178893467,1.0564671511218884,linear
1.368,1.4841185495150881,8.910128021873918,-44.81244594251031,1.3899780438914484,0.6539939396071616,0.7887303267018045,1.0537327962614682,linear
1.372,1.4911839425711746,8.939421388398534,-44.33424421244649,1.3644741551532698,0.6457447059520368,0.7951003598328525,1.0509907956787068,linear
1.3760000000000001,1.4981931160738566,8.968865228339176,-43.868880243712454,1.339654941555347,0.6375127119112856,0.8013506461056509,1.048242581276559,linear
1.3800000000000001,1.5051435575467857,8.998460896342058,-43.41597070138417,1.315499958731553,0.6293030908095401,0.8074792950740277,1.0454896111240217,linear
1.3840000000000001,1.5120328097707336,9.028209048198535,-42.975149619211116,1.291989688637623,0.6211209610880419,0.8134844967558472,1.0427333691851803,linear
1.3880000000000001,1.5188584715598252,9.05810962210054,-42.546067836662665,1.2691055095271988,0.6129714207538323,0.8193645213318906,1.0399753649949246,linear
1.3920000000000001,1.5256181984328405,9.088161821389159,-42.12839245460019,1.2468296669212424,0.6048595418555721,0.8251177188090576,1.0372171332784494,linear
1.3960000000000001,1.5323097031848878,9.118364098856496,-41.72180630854423,1.2251452455158407,0.5967903649939494,0.8307425186469396,1.0344602335116408,linear
1.4000000000000001,1.5389307563648933,9.148714142658953,-41.32600745853054,1.204036141974745,0.5887688938745622,0.8362374293470538,1.0317062494194373,linear
1.4040000000000001,1.545479186664487,9.179208863897959,-40.94070869458116,1.1834870385547063,0.5808000899110831,0.8416010380042446,1.0289567884092672,linear
1.408,1.551952881223985,9.209844385922155,-40.56563705685491,1.1634833775137057,0.5728888668864135,0.8468320098199809,1.0262134809366925,linear
1.412,1.5583497858612552,9.240616035402882,-40.200533369585,1.1440113362544908,0.5650400856794275,0.8519290875774767,1.0234779798004279,linear
1.416,1.5646679052293357,9.271518335232626,-39.84515178795796,1.125057803158313,0.557258549064778,0.856891091078762,1.0207519593639593,linear
1.42,1.5709053029087383,9.30254499929392,-39.49925935713782,1.106610354066404,0.5495489965931034,0.8617169165440139,1.0180371147010798,linear
1.424,1.5770601014403918,9.333688929143884,-39.162635582690775,1.0886572293694745,0.5419160995588216,0.8664055359736383,1.0153351606627528,linear
1.428,1.5831304823052075,9.36494221265728,-38.83507201171785,1.0711873116683004,0.5343644560625362,0.8709559964737627,1.0126478308628406,linear
1.432,1.5891146858562388,9.396296124668424,-38.51637182405615,1.054190103971298,0.5268985861749064,0.8753674195459602,1.0099768765803914,linear
1.436,1.5950110112093674,9.427741129649887,-38.20634943296235,1.0376557083978122,0.5195229272086389,0.8796390003421812,1.007324065576344,linear
1.44,1.6008178160984026,9.45926688646299,-37.90483009474415,1.0215748053586282,0.5122418291050761,0.8837700068860109,1.0046911808227268,linear
1.444,1.606533516700389,9.490862255212404,-37.611649526857434,1.0059386331879818,0.5050595499416284,0.8877597792615145,1.0020800191426398,linear
1.448,1.6121565874368142,9.52251530623391,-37.32665353403664,0.9907389682040046,0.4979802515660945,0.8916077287710585,0.9994923897595903,linear
1.452,1.6176855607562644,9.554213331241032,-37.04969764207515,0.9759681051771684,0.49100799536367495,0.8953133370636215,0.9969301127550233,linear
1.456,1.623119026903913,9.5859428566526,-36.780646738919074,0.9616188381887714,0.4841467381622485,0.8988761552352229,0.9943950174332211,linear
1.46,1.6284556336830305,9.6176896591193,-36.519374722783084,0.9476844418639344,0.47740032828123435,0.9022958029032087,0.9918889405930962,linear
1.464,1.6336940862134741,9.649438783262774,-36.2657641570398,0.9341586529658471,0.4707725017291035,0.9055719672562303,0.9894137247067745,linear
1.468,1.6388331466918642,9.681174561636158,-36.01970593167445,0.9210356523401614,0.46426687855434073,0.9087044020818543,0.9869712160052964,linear
1.472,1.643871634157854,9.71288063690953,-35.78109893113519,0.9083100472004817,0.45788695935438817,0.9116929267738162,0.9845632624721864,linear
1.476,1.6488084242705965,9.744539986278003,-35.54984970844436,0.8959768537477727,0.4516361219468184,0.9145374253210239,0.982191711746133,linear
1.48,1.6536424490991462,9.776134948083884,-35.325872165469576,0.8840314801182853,0.4455176182067064,0.9172378452804798,0.9798584089345049,linear
1.484,1.6583726969301684,9.80764725063739,-35.109087239283085,0.8724697096561903,0.4395345710738738,0.9197941967363586,0.9775651943399701,linear
1.488,1.662998212095906,9.83905804321291,-34.899422594566104,0.8612876845086066,0.433689971733389,0.9222065512475375,0.9753139011030206,linear
1.492,1.6675180948249293,9.870347929189807,-34.69681232203892,0.8504818895420019,0.4279866769724026,0.9244750407859227,0.9731063527637906,linear
1.496,1.6719315011177318,9.90149700129791,-34.50119664292003,0.8400491365801384,0.4224274067160971,0.9265998566679653,0.9709443607471373,linear
1.5,1.6762376426487424,9.932484878918713,-34.31252161943637,0.8299865489647436,0.417014741745222,0.9285812484817896,0.9688297217755579,linear
1.504,1.6804357866958304,9.963290747383262,-34.13073887142358,0.8202915464409766,0.41175112159737864,0.9304195230123904,0.9667642152151366,linear
1.508,1.6845252560978496,9.993893399197383,-33.95580529906837,0.8109618303704722,0.4066388426539052,0.9321150431673776,0.964749600360333,linear
1.512,1.688505429240234,10.024271277113893,-33.78768281185621,0.8019953692753341,0.40168005641390214,0.9336682269057591,0.9627876136640439,linear
1.516,1.6923757400681152,10.054402518960059,-33.62633806379582,0.7933903847168876,0.3968767679566274,0.9350795461722625,0.9608799659199915,linear
1.52,1.6961356781258683,10.084265004116743,-33.471742194997134,0.7851453375132784,0.3922308345931742,0.9363495258396964,0.9590283394050981,linear
1.524,1.699784788621457,10.113836401533693,-33.32387057968258,0.7772589143001839,0.3877439647080372,0.9374787426618443,0.9572343849900975,linear
1.528,1.7033226725133808,10.143094219153001,-33.182702580711606,0.7697300144388921,0.3834177167908578,0.9384678242393706,0.9554997192272013,linear
1.532,1.7067489866175038,10.172015854600584,-33.04822131069611,0.7625577372758913,0.37925349865833474,0.9393174480012004,0.953825921424183,linear
1.536,1.710063443730511,10.200578646993113,-32.920413399779896,0.7557413697578752,0.3752525668659775,0.9400283402038011,0.9522145307147418,linear
1.54,1.7132658127662326,10.228759929695778,-32.79926877014825,0.7492803744056815,0.3714160263090786,0.9406012749507641,0.9506670431354699,linear
1.544,1.7163559189006126,10.25653708385453,-32.68478041732382,0.7431743776501658,0.36774483001198144,0.9410370732350422,0.9491849087201613,linear
1.548,1.719333643720632,10.283887592515171,-32.57694419829404,0.7374231585324218,0.3642397791044249,0.9413366020061474,0.9477695286225538,linear
1.552,1.7221989253721108,10.310789095131094,-32.475758626501246,0.7320266377700061,0.36090152298345723,0.9415007732645625,0.9464222522788907,linear
1.556,1.724951758700936,10.337219442251792,-32.38122467371042,0.7269848671899714,0.35773055965912615,0.9415305431855541,0.9451443746219091,linear
1.56,1.7275921953819566,10.36315675017549,-32.29334557875244,0.7222980195285855,0.3547272362818755,0.9414269112745113,0.9439371333580224,linear
1.564,1.7301203440295159,10.38857945534179,-32.21212666312014,0.7179663785965353,0.35189174984930305,0.9411909195558553,0.9428017063195231,linear
1.568,1.7325363702834073,10.41346636823399,-32.1375751533737,0.7139903298072878,0.34922414808967356,0.9408236517974877,0.9417392089036364,linear
1.572,1.7348404968638849,10.437796726556138,-32.069700010288024,0.7103703510650233,0.3467243305193203,0.9403262327726559,0.9407506916101425,linear
1.576,1.737033003589286,10.46155024744676,-32.008511764650386,0.7071070040072484,0.34439204967082115,0.9396998275610255,0.9398371376891121,linear
1.58,1.7391142273498343,10.484707178490046,-31.95402235959003,0.7042009255957725,0.34222691248859044,0.9389456408906456,0.9389994609100106,linear
1.584,1.7410845620312387,10.507248347285843,-31.906244999293758,0.7016528200482719,0.34022838188830146,0.9380649165223943,0.9382385034630667,linear
1.588,1.7429444583818459,10.529155209342365,-31.865194003932388,0.6994634511010952,0.33839577847632335,0.9370589366783786,0.937555034003337,linear
1.592,1.7446944238173143,10.55040989406022,-31.830884670592745,0.6976336345923625,0.3367282824251502,0.9359290215156503,0.9369497458473485,linear
1.596,1.7463350221570468,10.570995248582882,-31.803333139978456,0.6961642313527305,0.3352249355005903,0.9346765286464793,0.936423255331567,linear
1.6,1.7478668732869684,10.590894879297586,-31.78255626861042,0.695056140389473,0.3338846432362946,0.9333028527062998,0.935976100341224,linear
1.604,1.7492906527436447,10.61009319078127,-31.768571506224497,0.6943102923477421,0.33270617725101576,0.9318094249703164,0.9356087390172314,linear
1.608,1.7506070912152025,10.628575421998958,-31.761396778029876,0.6939276432310653,0.3316881777038231,0.930197713019626,0.9353215486480582,linear
1.612,1.7518169739550518,10.646327679576567,-31.761050371456804,0.693909168361272,0.3308291558823293,0.9284692204575656,0.9351148247525004,linear
1.616,1.7529211401049705,10.663336967986574,-31.767550826987012,0.6942558565561637,0.33012749691884447,0.9266254866768612,0.9349887803582976,linear
1.62,1.7539204819247534,10.67959121650284,-31.78091683262423,0.6949687045013184,0.32958146262922605,0.9246680866779995,0.9349435454805095,linear
1.624,1.7548159439262745,10.695079302800599,-31.80116712152592,0.6960487112904947,0.32918919446907213,0.9225986309390992,0.9349791668024985,linear
1.6280000000000001,1.7556085219105066,10.709791073098076,-31.82832037228122,0.6974968731071626,0.3289487166017874,0.9204187653373955,0.9350956075612592,linear
1.6320000000000001,1.756299261906755,10.723717358758245,-31.8623951112827,0.699314178017708,0.32885793907294875,0.9181301711223021,0.9352927476377264,linear
1.6360000000000001,1.7568892590140868,10.736849989291612,-31.903409616603987,0.7015016008449444,0.3289146610853079,0.9157345649398407,0.9355703838515641,linear
1.6400000000000001,1.7573796561456636,10.74918180172422,-31.951381822757533,0.7040600980885694,0.32911657436868563,0.9132336989080732,0.9359282304588253,linear
1.6440000000000001,1.7577716426774246,10.76070664631849,-32.00632922567182,0.7069906028573222,0.3294612666389469,0.9106293607429874,0.9363659198497675,linear
1.6480000000000001,1.7580664530032615,10.771419388657993,-32.06826878719016,0.7102940197756269,0.32994622514019356,0.9079233739341263,0.9368830034430331,linear
1.6520000000000001,1.7582653649995428,10.78131590813068,-32.13721683835886,0.7139712198256686,0.3305688402642603,0.9051175979690593,0.9374789527713695,linear
1.6560000000000001,1.7583696984024955,10.790393092867818,-32.21318898073751,0.7180230350839858,0.33132640924157897,0.9022139286056186,0.9381531607530598,linear
1.6600000000000001,1.7583808131025875,10.798648831218143,-32.29619998493031,0.7224502533098485,0.3322161398974439,0.8992142981906326,0.938904943142311,linear
1.6640000000000001,1.7583001073606432,10.806081999857868,-32.386263685505114,0.7272536123409876,0.3332351544677163,0.8961206760236979,0.9397335401509602,linear
1.668,1.7581290159509584,10.8126924486573,-32.48339287143523,0.7324337942505363,0.3343804934679996,0.8929350687643323,0.9406381182330606,linear
1.672,1.7578690082371717,10.818480982443441,-32.58759917116956,0.737991419217487,0.33564911961033395,0.8896595208806485,0.9416177720231805,linear
1.676,1.7575215861870708,10.8234493398152,-32.698892931408864,0.7439270390614762,0.33703792176149266,0.8862961151374843,0.9426715264186055,linear
1.68,1.7570882823328733,10.827600169183281,-32.81728308863977,0.7502411303913206,0.3385437189369868,0.8828469731217046,0.9437983387950661,linear
1.684,1.7565706576838362,10.830937002220528,-32.94277703245582,0.7569340873155306,0.34016326432494515,0.8793142558021745,0.9449971013451575,linear
1.688,1.7559702995982602,10.833464224920315,-33.07538045967373,0.7640062136619062,0.34189324933408577,0.8757001641216743,0.9462666435282212,linear
1.692,1.7552888196221357,10.835187046470478,-33.21509721823667,0.7714577146524456,0.343730307660071,0.8720069396177894,0.9476057346201849,linear
1.696,1.7545278513017768,10.836111466158032,-33.36192913988292,0.7792886879790772,0.3456710193646091,0.868236865069568,0.949013086351648,linear
1.7,1.753689047977816,10.836244238525929,-33.51587586054954,0.7874991142252664,0.3477119149617605,0.864392265166485,0.9504873556224017,linear
1.704,1.7527740805679064,10.835592837006846,-33.67693462747688,0.7960888465783362,0.34984947950600137,0.8604755071959888,0.9520271472805428,linear
1.708,1.7517846353453932,10.834165416261104,-33.845100091981315,0.8050575997774366,0.35208015667669856,0.8564890017456336,0.95363101695441,linear
1.712,1.7507224117210582,10.831970773445681,-34.02036408687194,0.8144049382425291,0.3544003528537741,0.8524352034155217,0.9552974739257076,linear
1.716,1.7495891200348508,10.829018308639755,-34.20271538750191,0.8241302633305588,0.3568064411794513,0.8483166115364761,0.9570249840324043,linear
1.72,1.7483864793642596,10.825317984648649,-34.392139455468545,0.8342327996662378,0.35929476560110957,0.844135770889064,0.958811972590273,linear
1.724,1.7471162153556925,10.820880286403172,-34.58861816400858,0.8447115804965734,0.36186164489040934,0.8398952724182662,0.9606568273222909,linear
1.728,1.7457800580848963,10.815716180164857,-34.792129504177666,0.855565432020568,0.36450337663399784,0.835597753938251,0.9625579012855249,linear
1.732,1.7443797399520853,10.809837072739915,-35.00264727095639,0.8667929566483392,0.3672162411912495,0.8312459008213634,0.9645135157855802,linear
1.736,1.742916993617051,10.803254770895858,-35.220140728492126,0.8783925151474961,0.3699965056146579,0.8268424466650746,0.9665219632691897,linear
1.74,1.7413935499791209,10.79598144116484,-35.444574253765765,0.8903622076388474,0.37284042752865454,0.8223901739302529,0.9685815101860611,linear
1.744,1.7398111362063884,10.788029570207092,-35.675906958068275,0.9026998534086481,0.37574425896279856,0.8178919145437253,0.9706903998116577,linear
1.748,1.7381714738182168,10.779411925896403,-35.9140922857847,0.9154029695105819,0.37870425013544795,0.8133505504576783,0.9728468550231882,linear
1.752,1.7364762768245552,10.770141519277567,-36.159077590114386,0.9284687481376884,0.381716653184205,0.8087690141580268,0.9750490810216744,linear
1.756,1.734727249925171,10.760231567533479,-36.410803685507794,0.9418940327525158,0.38477772583960174,0.8041502891134269,0.9772952679935929,linear
1.76,1.7329260867714606,10.749695458086817,-36.669204376774005,0.9556752929730559,0.3878837350386739,0.7994974101561565,0.9795835937062046,linear
1.764,1.7310744682930697,10.738546713948528,-36.93420596501045,0.9698085982225391,0.39103096047525737,0.794813463785612,0.9819122260313073,linear
1.768,1.729174061091127,10.726798960412522,-37.20572673072979,0.9842895901630891,0.39421569808402535,0.7901015883846849,0.9842793253927629,linear
1.772,1.7272265158995141,10.71446589318332,-37.48367639480952,0.9991134539465963,0.39743426345547206,0.7853649743387943,0.9866830471337545,linear
1.776,1.7252334661151898,10.701561248010794,-37.76795555816986,1.0142748883311123,0.4006829951792374,0.7806068640468444,0.9891215438003286,linear
1.78,1.7231965263982447,10.68809877189406,-38.0584551213962,1.029768074727626,0.40395825811335584,0.7758305518128827,0.9915929673383371,linear
1.784,1.7211172913420214,10.674092195904532,-38.35505568586556,1.0455866452603968,0.4072564465772009,0.7710393836067253,0.9940954712014637,linear
1.788,1.7189973342133262,10.659555209666848,-38.6576269383126,1.0617236499440708,0.4105739874660854,0.7662367566813273,0.9966272123685327,linear
1.792,1.7168382057624831,10.644501437525337,-38.96602702118154,1.078171523102716,0.4139073432856644,0.7614261190341965,0.999186353268815,linear
1.796,1.7146414331027258,10.628944416413225,-39.280101891555574,1.0949220491796676,0.41725301510447443,0.7566109686996825,1.001771063614511,linear
1.8,1.7124085186582023,10.612897575431997,-39.599684671935165,1.1119663281126424,0.4206075454231248,0.7517948528585466,1.004379522140046,linear
1.804,1.7101409391796742,10.596374217138937,-39.92459499664997,1.1292947404759899,0.4239675209588414,0.7469813667508258,1.007009918248224,linear
1.808,1.7078401448268323,10.579387500532267,-40.25463835823545,1.146896912621053,0.4273295753442395,0.7421741523776526,1.0096604535636724,linear
1.812,1.7055075583160033,10.561950425715212,-40.58960545868013,1.1647616820763027,0.4306903917393782,0.7373768969774211,1.0123293433943714,linear
1.816,1.703144574131934,10.544075820212894,-40.92927157105219,1.182877063501022,0.4340467053563237,0.7325933312614735,1.0150148181023781,linear
1.82,1.7007525578022369,10.525776326909199,-41.273395917636975,1.201230215519576,0.4373953058956135,0.7278272273943687,1.0177151243851532,linear
1.824,1.698332845233041,10.507064393564459,-41.621721071356674,1.2198074087973807,0.44073303989418,0.7230823967037839,1.0204285264691637,linear
1.828,1.6958867421043495,10.487952263869365,-41.973972387890626,1.2385939957542282,0.4440568129844512,0.718362687105213,1.0231533072176635,linear
1.832,1.6934155233236032,10.468451969985436,-42.329857476560825,1.2575743823450722,0.4473635920644973,0.7136719802268808,1.025887769154771,linear
1.836,1.6909204325359475,10.44857532651794,-42.68906571868193,1.2767320023722328,0.450650407379247,0.7090141882207119,1.028630235408124,linear
1.84,1.6884026816897415,10.428333925863413,-43.051267842684574,1.296049294825488,0.45391435451293294,0.704393250245794,1.031379050572569,linear
1.844,1.6858634506558754,10.407739134870441,-43.41611556589154,1.3155076847769556,0.45715259629307164,0.6998131286115813,1.0341325814974462,linear
1.848,1.683303886899539,10.386802092749654,-43.78324131334164,1.3350875683851529,0.46036236460640656,0.6952778045691094,1.0368892180001583,linear
1.852,1.680725105203133,10.365533710166437,-44.15225802449699,1.3547683025861323,0.4635409621273742,0.690791273739774,1.039647373508775,linear
1.856,1.6781281874391143,10.343944669448025,-44.52275905901686,1.3745282000681303,0.46668576395976885,0.6863575411727598,1.0424054856365075,linear
1.86,1.6755141823916373,10.322045425835151,-44.89431821301352,1.3943445301385335,0.4697942191923912,0.6819806160240335,1.045162016690915,linear
1.864,1.6728841056259591,10.299846209707272,-45.266489857299305,1.4141935260970027,0.4728638523695767,0.6776645058519327,1.0479154541207434,linear
1.868,1.6702389394046648,10.277357029709801,-45.63880920906763,1.434050399725007,0.4758922648775903,0.6734132105268219,1.0506643109032996,linear
1.872,1.667579632649877,10.254587676711303,-46.01079274819808,1.4538893634885859,0.4788771362479691,0.6692307157550377,1.053407125875269,linear
1.8760000000000001,1.664907100950703,10.231547728518635,-46.38193878891671,1.473683661026657,0.48181622537897745,0.6651209862204283,1.0561424640098616,linear
1.8800000000000001,1.6622222266152835,10.208246555278238,-46.75172821685224,1.4934056064603631,0.48470737167641037,0.6610879583501992,1.058868916643141,linear
1.8840000000000001,1.6595258587668944,10.184693325492347,-47.11962540059024,1.51302663300891,0.48754849611505663,0.6571355327154955,1.0615851016523685,linear
1.8880000000000001,1.6568188134836423,10.160897012579579,-47.48507928562094,1.5325173513329826,0.4903376022221875,0.6532675660811769,1.0642896635891197,linear
1.8920000000000001,1.6541018739813962,10.136866401910575,-47.84752467709299,1.5518476179477336,0.49307277698449264,0.6494878631235361,1.0669812737699034,linear
1.8960000000000001,1.6513757908396498,10.112610098250341,-48.20638371601375,1.5709866139528366,0.49575219167993306,0.6458001678392599,1.0696586303269278,linear
1.9000000000000001,1.6486412822701062,10.088136533540567,-48.56106755148064,1.5899029342174473,0.4983741026360148,0.6422081546736671,1.0723204582216017,linear
1.9040000000000001,1.645899034427824,10.063453974956735,-48.910978209190304,1.608564687033229,0.5009368519160231,0.6387154194011573,1.0749655092232868,linear
1.9080000000000001,1.6431497017648173,10.03857053317657,-49.25551065387086,1.6269396041098632,0.5034388679347768,0.635325469795771,1.077592561855727,linear
1.9120000000000001,1.6403939074260518,10.013494170798332,-49.59405504044135,1.6449951606359268,0.5058786660054827,0.6320417161347502,1.0802004213135135,linear
1.9160000000000001,1.637632243687799,9.988232710849513,-49.92599914565521,1.662698704965511,0.5082548488192773,0.6288674615829069,1.0827879193508536,linear
1.92,1.6348652724383432,9.96279384532864,-50.25073096877905,1.6800175973199807,0.5105661068590476,0.6258058925103456,1.0853539141448298,linear
1.924,1.6320935257010316,9.937185143725168,-50.56764148654561,1.696919356717627,0.5128112187491177,0.622860068800587,1.0878972901352417,linear
1.928,1.6293175061996643,9.91141406146486,-50.8761275442696,1.7133718151652826,0.5149890515423783,0.6200329142102513,1.0904169578430518,linear
1.932,1.6265376879662008,9.885487948230484,-51.17559486169785,1.729343277969049,0.5170985609464215,0.6173272068451132,1.092911853669349,linear
1.936,1.623754516990733,9.859414056110193,-51.46546112896321,1.7448026888505201,0.5191387914902159,0.6147455698204104,1.0953809396766794,linear
1.94,1.6209684119136385,9.833199547528626,-51.74515916501218,1.7597197983949127,0.5211088766328345,0.6122904621756645,1.0978232033544868,linear
1.944,1.6181797647597709,9.806851502918333,-52.01414010816649,1.7740653342129915,0.5230080388157082,0.6099641701158791,1.1002376573703383,linear
1.948,1.615388941714497,9.780376928092013,-52.27187660615053,1.7878111710745093,0.5248355894598451,0.607768798651698,1.1026233393085123,linear
1.952,1.6125962839413002,9.753782761278648,-52.51786597105368,1.8009304991715196,0.5265909289094007,0.6057062637108845,1.1049793113974622,linear
1.956,1.609802108440605,9.727075879789584,-52.75163326338062,1.8133979885997489,0.5282735463229513,0.6037782847922413,1.1073046602275702,linear
1.96,1.6070067089493747,9.700263106283327,-52.972734268640295,1.8251899481087404,0.5298830195137503,0.601986378230801,1.1095984964605417,linear
1.964,1.6042103568809418,9.673351214600794,-53.18075832989509,1.8362844761699382,0.5314190147402076,0.6003318511397533,1.111859954531709,linear
1.968,1.6014133023044175,9.646346935145564,-53.37533100037025,1.8466616024480607,0.5328812864477579,0.5988157960901404,1.11408819234645,linear
1.972,1.5986157749629117,9.619256959786641,-53.55611648163495,1.8563034178363855,0.534269676963227,0.5974390865838867,1.116282390971838,linear
1.976,1.5958179853296808,9.592087946264073,-53.72281981500476,1.8651941913306174,0.5355841161427339,0.5962023733692756,1.1184417543245924,linear
1.98,1.5930201257011793,9.564846522080757,-53.87518879666101,1.8733204721677692,0.536824620974098,0.5951060816406402,1.1205655088563227,linear
1.984,1.5902223713258705,9.53753928786661,-54.013015590487484,1.880671175843436,0.5379912951346485,0.5941504091558911,1.1226529032369972,linear
1.988,1.5874248815675063,9.510172820204176,-54.13613801672139,1.8872376528392953,0.5390843285052564,0.5933353252967152,1.12470320803751,linear
1.992,1.5846278011014554,9.48275367390767,-54.244440499117836,1.8930137391381443,0.5401039966413389,0.5926605710869531,1.1267157154121625,linear
1.996,1.5818312611425105,9.455288383750217,-54.337854658326734,1.8979957878704152,0.5410506602015012,0.5921256601750193,1.1286897387818218,linear
2.0,1.5790353807024597,9.427783465636988,-54.41635954446133,1.9021826817177314,0.5419247643344131,0.5917298807763907,1.1306246125184605,linear
2.004,1.5762402678755774,9.40024541722459,-54.479981507269414,1.9055758259887599,0.54272683802443,0.5914722985623768,1.1325196916317444,linear
2.008,1.5734460211500256,9.372680717989933,-54.528793707765296,1.908179122573125,0.5434574933963977,0.5913517604717625,1.1343743514582736,linear
2.012,1.570652730743038,9.345095828754443,-54.56291528051336,1.9099989252635547,0.5441174249799977,0.5913668994126536,1.1361879873540552,linear
2.016,1.5678604799576028,9.317497190672118,-54.58251016083726,1.9110439772075365,0.5447074089339168,0.5915161398131549,1.1379600143907236,linear
2.02,1.5650693465582288,9.289891223692567,-54.58778559594826,1.9113253315014629,0.5452283022300469,0.5917977039714758,1.1396898670560023,linear
2.024,1.5622794041632515,9.262284324512661,-54.57899036323072,1.9108562561666151,0.5456810417978488,0.5922096191488743,1.1413769989588574,linear
2.028,1.5594907236510027,9.23468286403286,-54.55641272260633,1.9096521249427942,0.5460666436289399,0.5927497253425833,1.14302088253975,linear
2.032,1.5567033745770453,9.207093184336681,-54.520378132949176,1.9077302954980964,0.5463862018418989,0.5934156836706359,1.1446210087863793,linear
2.036,1.5539174265995581,9.179521595214059,-54.471246764893394,1.9051099767797137,0.5466408877072096,0.5942049852963548,1.1461768869552573,linear
2.04,1.55113295090985,9.151974370251471,-54.40941084403862,1.9018120873193545,0.5468319486322077,0.5951149608172387,1.1476880442994424,linear
2.044,1.5483500216648736,9.124457742513867,-54.335291859508445,1.8978591063575498,0.5469607071058266,0.5961427900410745,1.1491540258027226,linear
2.048,1.5455687174185184,9.096977899845376,-54.24933767307312,1.8932749196647611,0.5470285596028867,0.5972855120712974,1.150574393920522,linear
2.052,1.542789122548373,9.069540979817631,-54.15201956364169,1.8880846619155514,0.5470369754476204,0.5985400356238827,1.1519487283277654,linear
2.056,1.5400113286745702,9.042153064356294,-54.043829240913524,1.88231455741794,0.5469874956360679,0.599903149499311,1.1532766256739397,linear
2.06,1.5372354360672642,9.014820174077972,-53.925275860419774,1.8759917609168817,0.5468817316169446,0.6013715331353213,1.154557699345536,linear
2.064,1.5344615550392189,8.987548262371172,-53.796883070153896,1.869144200082486,0.5467213640305366,0.6029417671691658,1.1557915792360747,linear
2.068,1.5316898073199483,8.960343209256306,-53.65918611657256,1.861800421164631,0.5465081414051426,0.6046103439417909,1.1569779115238634,linear
2.072,1.5289203274078031,8.933210815060908,-53.51272903502371,1.8539894391503213,0.5462438788105601,0.6063736778806872,1.15811635845765,linear
2.076,1.5261532638963728,8.906156793947211,-53.35806194671807,1.84574059360332,0.5459304564680816,0.6082281157029533,1.1592065981502946,linear
2.08,1.5233887807715518,8.879186767330202,-53.195738481281765,1.8370834112013856,0.5455698183164504,0.610169946385297,1.1602483243805932,linear
2.084,1.5206270586756097,8.852306257224818,-53.02631334079315,1.8280474758192715,0.5451639705332169,0.6121954108531275,1.16124124640335,linear
2.088,1.5178682961346113,8.825520679561553,-52.85034001808458,1.8186623068391257,0.5447149800109256,0.6143007113464846,1.1621850887678011,linear
2.092,1.5151127107455404,8.7988353375101,-52.668368679046026,1.8089572462075856,0.5442249727875621,0.6164820204261852,1.163079591144478,linear
2.096,1.5123605403195133,8.772255414850715,-52.48094421575379,1.7989613546034708,0.5436961324307,0.6187354895891691,1.16392450816058,linear
2.1,1.5096120439774927,8.745785969433042,-52.28860447451085,1.7887033169340225,0.5431306983747937,0.6210572574675075,1.1647196092439298,linear
2.104,1.506867503194967,8.71943192676189,-52.09187866035914,1.778211357242904,0.5425309642110862,0.6234434575908322,1.1654646784755684,linear
2.108,1.5041272227921105,8.693198073749066,-51.89128591733609,1.7675131629911534,0.5418992759296236,0.6258902256969899,1.1661595144510424,linear
2.112,1.5013915318660116,8.667089052669656,-51.68733408171164,1.7566358185636892,0.5412380301129002,0.6283937065804859,1.1668039301504294,linear
2.116,1.4986607846616304,8.641109355360586,-51.48051860367049,1.7456057477594895,0.540549672080693,0.6309500604727055,1.1673977528171473,linear
2.12,1.495935361378227,8.615263317698036,-51.271321631395125,1.734448664943075,0.5398366939856953,0.6335554689519823,1.167940823845567,linear
2.124,1.4932156689081177,8.58955511438929,-51.060211250256664,1.7231895344683457,0.5391016328596014,0.6362061403852833,1.1684329986774789,linear
2.128,1.4905021415047035,8.563988754113211,-50.84764086882048,1.7118525379324754,0.5383470686093578,0.638898314906617,1.168874146707423,linear
2.132,1.4877952413768423,8.538568075041916,-50.634048742610275,1.7004610487768652,0.5375756219633548,0.6416282689402162,1.169264151196912,linear
2.136,1.48509545920676,8.513296740774589,-50.419857626028275,1.6890376137230343,0.5367899523674082,0.6443923192791374,1.1696029091975644,linear
2.14,1.482403314588836,8.488178236712416,-50.2054745424833,1.6776039405128829,0.5359927558304444,0.6471868267321363,1.1698903314831661,linear
2.144,1.479719356386727,8.46321586690159,-49.991290662611185,1.6661808914138323,0.535186762719899,0.6500081993535618,1.1701263424906667,linear
2.148,1.4770441630064695,8.438412751369132,-49.777681280461294,1.6547884819487833,0.5343747355069123,0.6528528952725695,1.170310880270133,linear
2.152,1.4743783425833377,8.413771823973837,-49.5650058776493,1.643445884317569,0.5335594664615054,0.6557174251392095,1.1704438964436539,linear
2.156,1.4717225330804233,8.389295830792252,-49.35360826571759,1.6321714349894507,0.5327437752980141,0.6585983542059188,1.17052535617322,linear
2.16,1.4690774022970658,8.364987329056838,-49.143816797281396,1.6209826459641543,0.5319305067711646,0.6614923040636721,1.170555238137567,linear
2.164,1.466443647785455,8.340848686660856,-48.93594463695266,1.6098962192210278,0.5311225282232791,0.6643959540525389,1.1705335345179988,linear
2.168,1.463821996673914,8.316882082241513,-48.7302900835072,1.5989280639011527,0.5303227270832137,0.6673060423666776,1.1704602509931867,linear
2.172,1.4612132053955738,8.293089505850082,-48.52713693527825,1.5880933157948454,0.529534008317746,0.670219366873906,1.1703354067429466,linear
2.176,1.4586180593213476,8.269472760214661,-48.32675489130771,1.5774063587362177,0.5287592918362514,0.6731327856699341,1.1701590344609931,linear
2.18,1.4560373722963376,8.246033462598103,-48.12939998135215,1.566880847536649,0.5280015098496331,0.6760432173871498,1.1699311803766728,linear
2.184,1.453471986079002,8.222773047250616,-47.93531501841394,1.5565297321195861,0.5272636041845923,0.6789476412775476,1.1696519042856632,linear
2.188,1.4509227696826592,8.199692768453328,-47.744730068039736,1.5463652825495977,0.5265485235544634,0.6818430970889737,1.1693212795896468,linear
2.192,1.4483906186191022,8.176793704145966,-47.55786292919068,1.5363991146785776,0.5258592207879655,0.6847266847533835,1.1689393933449372,linear
2.196,1.4458764540443598,8.154076760128644,-47.37491962203574,1.5266422161611857,0.5251986500173632,0.6875955639052426,1.168506346320065,linear
2.2,1.4433812218068445,8.131542674824633,-47.19609487854642,1.5171049726196861,0.5245697638276584,0.6904469532476043,1.1680222530622981,linear
2.204,1.4409058913983945,8.109192024587896,-47.021572632273184,1.5077971937651522,0.5239755103685844,0.6932781297827444,1.1674872419730977,linear
2.208,1.4384514548089367,8.087025229536078,-46.85152650415968,1.498728139307348,0.5234188304313048,0.6960864279235613,1.166901455392481,linear
2.212,1.4360189252857531,8.065042559886788,-46.68612028169727,1.4899065445094357,0.5229026544918636,0.6988692385012512,1.1662650496922817,linear
2.216,1.4336093359985809,8.043244142772004,-46.525508389138615,1.4813406452658306,0.5224298997235742,0.7016240076840645,1.1655781953782838,linear
2.22,1.431223738612015,8.021629969502763,-46.369836346875026,1.4730382026021334,0.5220034669806758,0.7043482358212338,1.1648410772012021,linear
2.224,1.4288632017669418,8.00019990325357,-46.21924121843702,1.465006526514968,0.5216262377557231,0.707039476225453,1.1640538942764846,linear
2.228,1.4265288094729638,7.978953687133511,-46.073852043901866,1.4572524990868672,0.5213010711133184,0.7096953339065857,1.163216860212892,linear
2.232,1.424221659414051,7.957890952608593,-45.93379025878757,1.4497825968271052,0.5210308006029294,0.7123134642685773,1.162330203249833,linear
2.236,1.4219428611698657,7.9370112282377105,-45.7991700977782,1.4426029122035462,0.5208182311536739,0.714891571780871,1.1613941664033895,linear
2.24,1.4196935343554833,7.916313948682539,-45.670098982865284,1.4357191743433497,0.5206661359540838,0.7174274086349509,1.1604090076209987,linear
2.244,1.417474806682455,7.895798463949811,-45.546677895702345,1.4291367688917245,0.5205772533199958,0.7199187733959923,1.159374999944722,linear
2.248,1.4152878119444017,7.875464048822778,-45.429001734158646,1.4228607570279743,0.5205542835538366,0.7223635096589591,1.1582924316830396,linear
2.2520000000000002,1.4131336879305596,7.855309912437201,-45.31715965322316,1.4168958936468978,0.5205998857987019,0.7247595047178814,1.157161606591093,linear
2.2560000000000002,1.41101357427093,7.835335207955924,-45.21123539055413,1.4112466447212948,0.5207166748907431,0.7271046882564458,1.1559828440592932,linear
2.2600000000000002,1.4089286102169039,7.815539042295108,-45.11130757709368,1.405917203867945,0.5209072182134936,0.7293970310674613,1.154756479310199,linear
2.2640000000000002,1.4068799323614467,7.795920485854334,-45.01745003327216,1.4009115081450472,0.5211740325578735,0.7316345438082099,1.1534828636035588,linear
2.2680000000000002,1.4048686723031332,7.776478582202256,-44.92973205141631,1.3962332531138688,0.5215195809917232,0.7338152757981508,1.1521623644493957,linear
2.2720000000000002,1.4028959542585269,7.757212357669047,-44.84821866504819,1.3918859072012408,0.5219462697428076,0.7359373138649403,1.1507953658290055,linear
2.2760000000000002,1.4009628926275741,7.7381208307968805,-44.772970905821204,1.3878727254027008,0.522456445099334,0.737998781244228,1.14938226842372,linear
2.2800000000000002,1.399070589516871,7.719203021599665,-44.70404604888567,1.384196762368556,0.5230523903321075,0.7399978365382117,1.1479234898512694,linear
2.2840000000000003,1.3972201322258173,7.700457960583713,-44.64149784751132,1.3808608849169797,0.5237363226425314,0.7419326727374802,1.146419464909569,linear
2.2880000000000003,1.3954125907008308,7.681884697481526,-44.58537675781801,1.3778677840195561,0.5245103901407323,0.7438015163102223,1.144870645827723,linear
2.2920000000000003,1.3936490149629233,7.663482309651737,-44.53573015448103,1.3752199863054704,0.5253766688581545,0.7456026263624609,1.143277502524035,linear
2.2960000000000003,1.3919304325140789,7.64524991009925,-44.492602538283194,1.3729198651308654,0.5263371597990285,0.7473342938725607,1.1416405228707724,linear
2.3000000000000003,1.3902578457279728,7.627186655070935,-44.456035736385004,1.3709696512598324,0.5273937860351632,0.7489948410028608,1.139960212965433,linear
2.3040000000000003,1.388632229230664,7.609291751183664,-44.426069096176136,1.3693714432030737,0.5285483898485592,0.7505826204909085,1.1382370974082103,linear
2.308,1.38705452727698,7.591564462043198,-44.40273967355701,1.3681272172595063,0.5298027299263677,0.7520960151224058,1.1364717195853529,linear
2.312,1.3855256511283658,7.574004114314359,-44.38608241648059,1.367238837305081,0.5311584786127478,0.7535334372876278,1.1346646419580622,linear
2.316,1.3840464764380103,7.5566101032050135,-44.37613034456022,1.3667080643717884,0.5326172192221855,0.7548933286227404,1.1328164463565595,linear
2.32,1.3826178406491036,7.539381897328679,-44.37291472552145,1.3665365660583502,0.5341804434188482,0.756174159737117,1.1309277342789104,linear
2.324,1.3812405404120687,7.522319042913096,-44.37646524924434,1.3667259258123998,0.5358495486665386,0.757374430027448,1.128999127194159,linear
2.328,1.3799153290266166,7.50542116732474,-44.38681020010808,1.3672776521221217,0.5376258357538057,0.7584926675791416,1.1270312668493019,linear
2.332,1.378642913914437,7.488687981882107,-44.40397662831273,1.3681931876533397,0.5395105063987393,0.7595274291552244,1.125024815579565,linear
2.336,1.377423954128302,7.472119283933564,-44.427990520813516,1.3694739183659386,0.5415046609379475,0.7604773002726866,1.1229804566214399,linear
2.34,1.3762590579032865,7.455714958178742,-44.45887697246143,1.3711211826412903,0.5436092961041705,0.7613408953659537,1.1208988944278584,linear
2.344,1.375148780255746,7.439474977215668,-44.49666035790183,1.3731362804501064,0.5458253028969328,0.7621168580369201,1.118780854984864,linear
2.348,1.3740936206355827,7.423399401299284,-44.541364504737885,1.3755204825877476,0.5481534645505677,0.7628038613907481,1.1166270861290697,linear
2.352,1.3730940206372337,7.407488377300459,-44.59301286842098,1.3782750400016384,0.5505944546038846,0.7634006084564122,1.1144383578651613,linear
2.356,1.3721503617746813,7.391742136858271,-44.65162870928441,1.3814011932329875,0.5531488350756543,0.7639058326907612,1.1122154626826242,linear
2.36,1.3712629633256581,7.3761609937219506,-44.71723527208976,1.3849001819925193,0.5558170547500038,0.7643182985646692,1.1099592158708438,linear
2.364,1.370432080250062,7.360745340282748,-44.78985596840895,1.3887732548874385,0.5585994475757031,0.7646368022296686,1.1076704558316497,linear
2.368,1.369657901187435,7.345495643299698,-44.86951456211751,1.3930216793143257,0.5614962311832175,0.7648601722632773,1.1053500443883175,linear
2.372,1.3689405465382025,7.330412438827252,-44.95623535822738,1.39764675153014,0.5645075055232702,0.7649872704910791,1.1029988670899846,linear
2.376,1.36828006663317,7.315496326356523,-45.05004339524035,1.4026498069109863,0.5676332516305349,0.7650169928834638,1.100617833510354,linear
2.38,1.3676764399956138,7.300747962185903,-45.150964641155966,1.4080322304057877,0.5708733305159295,0.7649482705248002,1.0982078775395088,linear
2.384,1.3671295717000942,7.286168052040671,-45.259026193220436,1.413795467189476,0.5742274821908346,0.7647800706526916,1.0957699576675686,linear
2.388,1.3666392918319368,7.271757342965119,-45.374256481456804,1.4199410335178462,0.5776953248263978,0.7645113977648509,1.0933050572588636,linear
2.392,1.366205354051133,7.257516614514564,-45.49668547596913,1.4264705277836924,0.5812763540509187,0.7641412947910374,1.0908141848152038,linear
2.396,1.365827434264214,7.24344666927844,-45.62634489796759,1.4333856417713897,0.5849699423881262,0.7636688443274087,1.0882983742267622,linear
2.4,1.3655051294074678,7.229548322769374,-45.763268434415124,1.4406881721046232,0.5887753388389818,0.7630931699305669,1.0857586850089964,linear
2.404,1.3652379563446755,7.215822392716819,-45.9074919561498,1.4483800318794897,0.5926916686094393,0.7624134374685206,1.0831962025239539,linear
2.408,1.3650253508823615,7.202269687807303,-46.05905373929162,1.456463262472765,0.5967179329863967,0.7616288565257318,1.0806120381842215,linear
2.412,1.364866666905391,7.188890995916827,-46.21799468969607,1.4649400455126642,0.6008530093638638,0.7607386818593801,1.078007329637697,linear
2.416,1.3647611756355547,7.175687071884164,-46.38435857017136,1.473812714996999,0.6050956514211532,0.7597422149039541,1.0753832409312696,linear
2.42,1.3647080650156604,7.162658624876915,-46.55819223012927,1.483083769541125,0.6094444894546807,0.7586388053212646,1.072740962651412,linear
2.424,1.364706439221469,7.149806305405125,-46.739545837293754,1.4927558847356333,0.6138980308647308,0.7574278525929734,1.0700817120396005,linear
2.428,1.364755318303707,7.137130692039967,-46.92847311104347,1.5028319255911884,0.6184546607983117,0.7561088076527439,1.067406733080388,linear
2.432,1.3648536379622551,7.1246322778974855,-47.125031556917136,1.5133149590453798,0.6231126429489786,0.7546811745551381,1.0647172965598812,linear
2.436,1.3650002494545017,7.11231145694971,-47.329282701760796,1.52420826650381,0.6278701205142664,0.7531445121784207,1.062014700092274,linear
2.44,1.365193919639762,7.100168510227391,-47.54129232894617,1.5355153563849715,0.6327251173111182,0.7514984359584741,1.0593002681120198,linear
2.444,1.3654333311615812,7.088203591980449,-47.761130713036444,1.5472399766356575,0.6376755390494477,0.7497426196510809,1.056575351829144,linear
2.448,1.3657170827696703,7.076416715863601,-47.988872853222055,1.5593861271807703,0.6427191747637104,0.7478767971198975,1.0538413291451212,linear
2.452,1.3660436897831656,7.064807741215866,-48.224598704791234,1.5719580722683182,0.6478536984021093,0.7459007641475176,1.0510996045266712,linear
2.456,1.3664115846968659,7.053376359503454,-48.46839340784069,1.5849603526672222,0.6530766705727888,0.7438143802671057,1.0483516088347737,linear
2.46,1.3668191179320641,7.042122080996134,-48.720347512367596,1.5983977976721242,0.6583855404461164,0.7416175706121781,1.0455987991061328,linear
2.464,1.3672645587335595,7.031044221747322,-48.980557198816065,1.6122755368657746,0.6637776478118763,0.7393103277822093,1.0428426582842738,linear
2.468,1.3677460962144343,7.020141890948021,-49.249124493078426,1.6265990115856734,0.6692502252899483,0.7368927137218518,1.040084694897432,linear
2.472,1.3682618405501512,7.009413978724273,-49.52615747487273,1.6413739860374492,0.6748004006927614,0.7343648616116787,1.0373264426803357,linear
2.476,1.3688098243235278,6.998859144446923,-49.81177047833288,1.6566065579929137,0.6804251995375655,0.7317269777684792,1.0345694601369895,linear
2.48,1.3693880040221311,6.988475805621309,-50.106084283554985,1.6723031690057863,0.6861215477062828,0.7289793435532728,1.031815330041549,linear
2.484,1.369994261689625,6.978262127422965,-50.40922629774244,1.6884706140726884,0.6918862742504484,0.7261223172853447,1.0290656588743878,linear
2.488,1.3706264067325835,6.968216012943507,-50.721330724482115,1.7051160506611327,0.6977161143384887,0.7231563361607443,1.026322076190483,linear
2.492,1.3712821778842572,6.958335094208648,-51.042538719561826,1.7222470070197247,0.7036077123423178,0.7200819181738403,1.0235862339172843,linear
2.496,1.371959245326733,6.9486167240276755,-51.372998531607735,1.7398713896787616,0.7095576250599888,0.7168996640406682,1.020859805579295,linear
2.5,1.3726552129728875,6.939057968730827,-51.712865625672286,1.757997490041539,0.7155623250708792,0.7136102591229644,1.0181444854466748,linear
2.504,1.3733676209094265,6.929655601847725,-52.06230278774355,1.7766339899581347,0.7216182042196434,0.7102144753519248,1.0154419876052658,linear
2.508,1.3740939480022378,6.920406098776529,-52.421480207968685,1.795789966163962,0.7277215772249197,0.7067131731508834,1.012754044945585,linear
2.512,1.3748316146651245,6.911305632489547,-52.790575540189415,1.8154748934549663,0.733868685408551,0.7031073033562474,1.0100824080684583,linear
2.516,1.3755779857928383,6.902350070316956,-53.16977393517219,1.8356986464598872,0.7400557005408357,0.6993979091361736,1.007428844105158,linear
2.52,1.3763303738591355,6.893534971845899,-53.559268044679456,1.856471499857393,0.7462787287971085,0.6955861279066059,1.0047951354501004,linear
2.524,1.3770860421803328,6.884855587967582,-53.95925799326806,1.8778041268720052,0.7525338148207286,0.6916731932444211,1.0021830784043972,linear
2.528,1.3778422083445714,6.876306861100152,-54.369951314416,1.8997075958675527,0.7588169458873444,0.6876604367975472,0.9995944817288048,linear
2.532,1.3785960478066632,6.867883426610109,-54.79156284726505,1.922193364840158,0.765124056165099,0.6835492901920206,0.9970311651049132,linear
2.536,1.3793446976480264,6.859579615449815,-55.224314589924646,1.945273273594504,0.771451031065247,0.679341286936035,0.9944949575037288,linear
2.54,1.380085260500787,6.851389458023299,-55.6684355049081,1.9689595333671832,0.7777937116774674,0.6750380643210903,0.9919876954611604,linear
2.544,1.380814808634656,6.843306689287116,-56.124161271863606,1.9932647136391224,0.7841478992839799,0.6706413653203976,0.9895112212602954,linear
2.548,1.3815303882046444,6.835324755087521,-56.59173398231971,2.018201725855472,0.7905093599464073,0.6661530404846914,0.9870673810207696,linear
2.552,1.3822290236571126,6.827436819729543,-57.07140177068277,2.0437838037456277,0.7968738291591643,0.661575049835576,0.9846580226959694,linear
2.556,1.382907722290992,6.8196357747680425,-57.56341837520456,2.0700244799083545,0.8032370165630123,0.6569094647564603,0.9822849939792828,linear
2.56,1.383563478970336,6.811914249005149,-58.0680426220778,2.096937558297102,0.8095946107122804,0.6521584698810076,0.9799501401211129,linear
2.564,1.3841932809836006,6.804264619672957,-58.58553782521631,2.124537082208537,0.8159422838891282,0.6473243649788537,0.9776553016588884,linear
2.568,1.3847941130442663,6.796679024774851,-59.116171093635245,2.152837297343113,0.8222756969581112,0.6424095668380981,0.975402312062863,linear
2.572,1.3853629624265562,6.789149376553407,-59.66021253766535,2.181852609470173,0.8285905042542129,0.6374166111437478,0.973192995301061,linear
2.576,1.3858968242291316,6.7816673760476265,-60.21793436451544,2.211597536191664,0.8348823584974092,0.6323481543508939,0.9710291633273145,linear
2.58,1.386392706758711,6.7742245286970535,-60.789609852943954,2.24208665225839,0.8411469157267595,0.6272069755508834,0.9689126134969478,linear
2.584,1.3868476370245983,6.766812160945519,-61.37551219601573,2.2733345278508654,0.847379840246952,0.6219959783281382,0.9668451259152724,linear
2.588,1.3872586663341302,6.759421437792475,-61.97591320011427,2.305355659193858,0.8535768095801737,0.6167181926045182,0.9648284607246792,linear
2.592,1.3876228759780436,6.752043381235481,-62.591081827559414,2.338164390829951,0.8597335194161401,0.6113767764672415,0.9628643553367412,linear
2.596,1.3879373829937527,6.744668889543247,-63.221282569359175,2.371774828833665,0.8658456885530912,0.6059750179753199,0.960954521616349,linear
2.6,1.3881993459935174,6.73728875729476,-63.86677363381924,2.406200744204739,0.8719090638225409,0.6005163369382327,0.9591006430255175,linear
2.604,1.388405971043476,6.729893696116436,-64.52780493596227,2.4414554656380116,0.8779194249905722,0.5950042866591335,0.9573043717350928,linear
2.608,1.3885545175785403,6.722474356046187,-65.20461587199938,2.4775517608295194,0.8838725896284777,0.5894425556332206,0.9555673257131532,linear
2.612,1.3886423043371943,6.7150213474503175,-65.89743286247732,2.514501705445385,0.889764417945569,0.5838349691899974,0.9538910857994475,linear
2.616,1.3886667152993362,6.7075252634169065,-66.60646664723392,2.5523165388539315,0.8955908175770209,0.5781854910659738,0.9522771927757107,linear
2.62,1.3886252056094461,6.69997670254721,-67.33190931498035,2.591006505704665,0.9013477483196584,0.5724982248918754,0.9507271444421707,linear
2.624,1.3885153074665821,6.692366292065136,-68.07393105023863,2.630580682432992,0.9070312268086688,0.5667774155756335,0.9492423927109581,linear
2.628,1.3883346359619961,6.684684711163666,-68.8326765805676,2.671046787780453,0.9126373311282868,0.5610274505592729,0.9478243407275087,linear
2.632,1.3880808948445522,6.676922714506441,-69.60826130757808,2.712410976450507,0.9181622053495979,0.5552528609242902,0.9464743400313241,linear
2.636,1.387751882193605,6.669071155802505,-70.40076710625725,2.7546776150742893,0.9236020639887025,0.549458322316191,0.9451936877677025,linear
2.64,1.3873454959786122,6.661121011372456,-71.21023777868903,2.7978490397443,0.9289531963785992,0.5436486556545108,0.9439836239621877,linear
2.644,1.3868597394844577,6.653063403624959,-72.03667415048173,2.84192529449263,0.9342119709482714,0.5378288275898765,0.9428453288695757,linear
2.648,1.3862927265813314,6.644889624363715,-72.88002880121948,2.8869038502506172,0.9393748394026009,0.5320039506644462,0.9417799204093006,linear
2.652,1.3856426868179894,6.636591157846644,-73.74020042417449,2.932779304035896,0.9444383407968796,0.5261792831264205,0.9407884516989289,linear
2.656,1.3849079703173726,6.6281597035210265,-74.61702781549523,2.979543058378331,0.9493991054998566,0.5203602283432409,0.9398719086973145,linear
2.66,1.384087052453829,6.619587198360884,-75.51028349927928,3.02718298132661,0.9542538590394258,0.5145523337516209,0.9390312079686829,linear
2.664,1.3831785382916442,6.610865838735645,-76.41966700249911,3.075683047780486,0.9589994258252462,0.5087612892757432,0.9382671945785538,linear
2.668,1.3821811667651762,6.601988101742463,-77.34479780283766,3.12502296337834,0.9636327327427812,0.5029929251378578,0.9375806401319602,linear
2.672,1.3810938145816303,6.592946765938069,-78.28520798324772,3.1751777727434756,0.9681508126134426,0.49725320897825737,0.9369722409638602,linear
2.676,1.3799154998284358,6.583734931409893,-79.24033463961081,3.2261174545624893,0.9725508075157496,0.4915482421942872,0.9364426164910269,linear
2.68,1.378645385268216,6.574346039130349,-80.2095121023294,3.277806506740169,0.9768299719626213,0.48588425540087393,0.9359923077339677,linear
2.684,1.3772827813055495,6.564773889542522,-81.19196404909697,3.3302035257505835,0.9809856759301693,0.48026760290821063,0.9356217760166455,linear
2.688,1.3758271486110496,6.555012660329989,-82.18679560443792,3.3832607852825785,0.9850154077335849,0.4747047561060091,0.9353314018509044,linear
2.692,1.3742781003897315,6.545056923328209,-83.19298554179777,3.436923820354568,0.9889167767459718,0.46920229563841437,0.9351214840115722,linear
2.696,1.372635404282214,6.5349016605395756,-84.2093787257831,3.4911310242372164,0.992687515956227,0.46376690224966,0.9349922388072334,linear
2.7,1.3708989838889576,6.524542279219065,-85.23467895526065,3.545813266755107,0.9963254843623371,0.4584053461782395,0.9349437995506266,linear
2.704,1.3690689199095003,6.513974626002122,-86.26744239191619,3.600893543812673,0.9998286691967293,0.453124474977275,0.9349762162315566,linear
2.708,1.3671454508904615,6.503195000051048,-87.30607178286014,3.6562866692689564,1.0031951879805823,0.4479311996413928,0.9350894553941043,linear
2.712,1.3651289735779704,6.4922001652008205,-88.34881170904325,3.711899021521804,1.0064232904042976,0.4428324789263543,0.9352834002188126,linear
2.716,1.3630200428720758,6.48098736108956,-89.39374511249065,3.7676283582951617,1.009511360031603,0.437835301757518,0.935557850809395,linear
2.72,1.3608193713826213,6.469554313263131,-90.4387913733251,3.8233637140811285,1.0124579158250575,0.4329466676375299,0.9359125246823975,linear
2.724,1.3585278285880056,6.457899242247283,-91.48170622066024,3.8789853953876356,1.01526161349102,0.42817356498301673,0.9363470574571461,linear
2.728,1.3561464396001441,6.4460208715844125,-92.5200837679512,3.934365089289616,1.0179212466424359,0.4235229473449947,0.9368610037422307,linear
2.732,1.3536763835408432,6.43391843483544,-93.55136096141027,3.989366100675942,1.0204357477781012,0.4190017074986019,0.9374538382137356,linear
2.736,1.3511189915365984,6.4215916815503,-94.57282471769959,4.043843732923339,1.0228041890773563,0.41461664942484755,0.9381249568794348,linear
2.74,1.348475744340601,6.409040882213325,-95.58162200244854,4.097645825413008,1.025025783009473,0.4103744582503746,0.9388736785222243,linear
2.744,1.3457482695924023,6.39626683217209,-96.57477306256816,4.150613459248451,1.0270998827572917,0.4062816682604981,0.9396992463151947,linear
2.748,1.3429383387272644,6.383270854560337,-97.54918797160198,4.202581839667117,1.0290259824549794,0.40234462915544544,0.9406008295999322,linear
2.7520000000000002,1.340047863548691,6.370054802227272,-98.50168657780132,4.25338135992928,1.0308037172400673,0.39856947077882526,0.9415775258189062,linear
2.7560000000000002,1.337078892478978,6.356621058686779,-99.42902185936133,4.302838846920675,1.0324328631202409,0.3949620666095514,0.9426283625921621,linear
2.7600000000000002,1.3340336065038558,6.342972538101106,-100.32790659140069,4.350778983380073,1.0339133366556514,0.3915279963719544,0.9437522999279612,linear
2.7640000000000002,1.3309143148283613,6.329112684314257,-101.19504311702397,4.397025895676595,1.03524519445781,0.38827250818146153,0.9449482325565477,linear
2.7680000000000002,1.3277234502620339,6.315045468950653,-102.0271558936135,4.441404889598102,1.0364286325064234,0.38520048070245066,0.9462149923758305,linear
2.7720000000000002,1.3244635643523301,6.300775388594803,-102.82102635999873,4.4837443099187135,1.0374639852858278,0.3823163858478935,0.9475513509974823,linear
2.7760000000000002,1.321137322285796,6.286307461067553,-103.5735295461213,4.523877492898695,1.0383517247429506,0.3796242525941938,0.9489560223817538,linear
2.7800000000000002,1.3177474975770467,6.271647220814227,-104.28167173089123,4.561644774687435,1.0390924590690238,0.37712763251625236,0.9504276655491863,linear
2.7840000000000003,1.314296966565973,6.25680071341948,-104.94262835328497,4.596895513232531,1.039686931307549,0.3748295676644605,0.9519648873573937,linear
2.7880000000000003,1.310788702743804,6.2417744892631415,-105.55378130357583,4.629490077129545,1.0401360177912766,0.3727325614046634,0.9535662453311248,linear
2.7920000000000003,1.307225770928747,6.226575596330665,-106.11275467259779,4.659301752234188,1.0404407264112423,0.37083855282237554,0.9552302505339757,linear
2.7960000000000003,1.303611321311879,6.211211572191102,-106.6174480226852,4.68621851609828,1.0406021947211472,0.3691488952526947,0.9569553704703208,linear
2.8000000000000003,1.2999485833937963,6.195690435154872,-107.06606626825524,4.710144631588093,1.040621687880634,0.3676643394374293,0.958740032006322,linear
2.8040000000000003,1.2962408598322388,6.180020674622945,-107.4571453185543,4.731002014486579,1.040500596441246,0.36638502173196014,0.9605826242992179,linear
2.8080000000000003,1.292491520220519,6.164211240638509,-107.78957273898625,4.748731335422087,1.0402404339790956,0.36531045768838727,0.9624815017245003,linear
2.8120000000000003,1.2887039948161012,6.14827153265174,-108.06260282712287,4.763292823915828,1.0398428345785022,0.36443954123170114,0.9644349867910387,linear
2.816,1.28488176823809,6.13221138750802,-108.27586566886175,4.774666751373118,1.039309550171065,0.3637705495260342,0.9664413730347089,linear
2.82,1.2810283731517484,6.116041066669843,-108.42936993096629,4.7828535800176475,1.0386424477348606,0.36330115350314035,0.9684989278816206,linear
2.824,1.2771473839574408,6.0997712426826665,-108.52349934851864,4.787873775557141,1.0378435063586477,0.36302843390012984,0.9706058954725983,linear
2.828,1.2732424105006235,6.083412984895364,-108.55900306893454,4.789767292201587,1.0369148141761506,0.3629489025332202,0.9727604994411645,linear
2.832,1.2693170918186913,6.066977744446435,-108.53698020742172,4.788592748960925,1.035858565175678,0.3630585284236561,0.9749609456378726,linear
2.836,1.2653750899396259,6.05047733852788,-108.45885914224436,4.7844263254013,1.0346770558904963,0.3633527682952412,0.9772054247944606,linear
2.84,1.2614200837465233,6.033923933939836,-108.32637222359591,4.777360412795708,1.0333726819755427,0.3638266008835267,0.9794921151219133,linear
2.844,1.2574557629211691,6.017330029950256,-108.14152668113567,4.767502062538327,1.0319479346762033,0.36447456443703247,0.9818191848371424,linear
2.848,1.2534858219789402,6.000708440475645,-107.9065725886574,4.754971277607153,1.030405397195021,0.3652907967522534,0.9841847946136177,linear
2.852,1.2495139544063927,5.9840722756006235,-107.6239687788666,4.739899194699949,1.0287477409623222,0.3662690770668276,0.9865870999518761,linear
2.856,1.245543846912011,5.967434922456324,-107.2963475982385,4.722426204508351,1.0269777218168619,0.36740286913828274,0.9890242534664372,linear
2.86,1.2415791737997084,5.950810025479892,-106.926479354927,4.702700055621473,1.02509817610269,0.3686853648574866,0.991494407086229,linear
2.864,1.2376235914738034,5.934211466080118,-106.5172372468517,4.6808739840388025,1.0231120166885275,0.37010952778386325,0.9939957141661739,linear
2.868,1.2336807330833637,5.9176533417369015,-106.07156346865374,4.65710490555561,1.0210222289160196,0.3716681360406449,0.9965263315081219,linear
2.872,1.2297542033130038,5.901149944565434,-105.59243709193736,4.631551702722843,1.0188318664832954,0.37335382406969875,0.9990844212898206,linear
2.876,1.2258475733264453,5.884715739379076,-105.08284419985159,4.604373632037511,1.0165440472703198,0.37515912281351266,1.0016681529010891,linear
2.88,1.2219643758684153,5.8683653412883245,-104.54575064088974,4.575728870823603,1.0141619491125553,0.3770764979636092,1.0042757046868074,linear
2.884,1.2181081005297625,5.852113492876697,-103.98407765328116,4.545773217210017,1.0116888055294886,0.3790983859870978,1.0069052655967552,linear
2.888,1.2142821891800055,5.83597504099792,-103.40068050498512,4.514658950939322,1.009127901414585,0.38121722771379196,1.009555036742721,linear
2.892,1.2104900315709244,5.819964913242415,-102.79833019842074,4.482533857627812,1.0064825686932393,0.3834254993332727,1.0122232328636533,linear
2.896,1.206734961114223,5.804098094124668,-102.17969820592094,4.449540414662879,1.0037561819552838,0.3857157407129019,1.0149080836999589,linear
2.9,1.2030202508357621,5.78838960104664,-101.54734413268203,4.415815133232243,1.0009521540685933,0.38808058100299014,1.017607835278344,linear
2.904,1.1993491095083766,5.772854460095919,-100.90370614899675,4.381488048047117,0.9980739317802931,0.39051276154344,1.0203207511088581,linear
2.908,1.1957246779648323,5.757507681740654,-100.25109399238023,4.346682344125242,0.9951249913120324,0.3930051561269339,1.0230451132960388,linear
2.912,1.1921500255920807,5.742364236486598,-99.59168431183825,4.311514108487164,0.9921088339557321,0.39555078870717214,1.025779223566262,linear
2.916,1.1886281470075803,5.727439030564609,-98.92751810962645,4.276092193717829,0.9890289816761457,0.3981428486670769,1.0285214042135802,linear
2.92,1.185161958918137,5.712746881719758,-98.26050002881654,4.240518179970412,0.9858889727264982,0.4007747037817616,1.031269998966494,linear
2.924,1.1817542971613901,5.698302495175651,-97.59239923614763,4.204886422051335,0.9826923572833745,0.403439911025041,1.0340233737782125,linear
2.928,1.1784079139298178,5.684120439849853,-96.92485165733352,4.169284168635726,0.9794426931069383,0.406132225377014,1.0367799175430945,linear
2.932,1.1751254751768772,5.670215124897992,-96.25936333465454,4.133791741337529,0.9761435412324424,0.4088456067945314,1.0395380427420111,linear
2.936,1.1719095582046828,5.656600776665559,-95.59731469286523,4.098482762222787,0.9727984616988834,0.4115742255068727,1.0422961860194664,linear
2.94,1.1687626494324324,5.6432914161273535,-94.93996551795685,4.06342441934151,0.9694110093205185,0.41431246579640485,1.0450528086953363,linear
2.944,1.1656871423446078,5.6303008368949525,-94.2884604730769,4.0286777609077085,0.9659847295068269,0.4170549284190199,1.0478063972141236,linear
2.948,1.1626853356178268,5.6176425838725015,-93.64383499607337,3.9942980098325727,0.9625231541363551,0.4197964318123285,1.0505554635346332,linear
2.952,1.159759431425082,5.605329932640496,-93.00702144302339,3.9603348913767213,0.9590297974897263,0.4225320122314325,1.0532985454629769,linear
2.956,1.1569115339159644,5.5933758696460245,-92.37885536121645,3.9268329677066336,0.9555081522469345,0.4252569229430597,1.0560342069317918,linear
2.96,1.1541436478713547,5.581793073276143,-91.76008179302865,3.8938319740985983,0.9519616855538761,0.42796663259927986,1.058761038228531,linear
2.964,1.1514576775309608,5.570593895888613,-91.15136152870565,3.8613671524178046,0.9483938351628902,0.4306568229022436,1.0614776561756534,linear
2.968,1.1488554255919547,5.5597903468712895,-90.55327724112861,3.8294695783032533,0.9448080056519003,0.43332338566164513,1.0641827042654848,linear
2.972,1.146338592376881,5.5493940767977366,-89.96633944911258,3.7981664792077905,0.9412075647265582,0.43596241933708413,1.0668748527524665,linear
2.976,1.1439087751688928,5.539416362742421,-89.39099226768437,3.7674815410771574,0.9375958396095954,0.4385702251483538,1.0695527987054532,linear
2.98,1.1415674677122774,5.52986809481404,-88.82761891415787,3.737435202004991,0.9339761135213883,0.44114330282800124,1.0722152660226438,linear
2.984,1.1393160598761327,5.520759763960059,-88.27654694775337,3.708044931676956,0.930351622255539,0.4436783460823701,1.0748610054116634,linear
2.988,1.1371558374789412,5.512101451089627,-87.7380532280978,3.6793254958219856,0.9267255508530611,0.44617223781978954,1.0774887943372262,linear
2.992,1.1350879822717037,5.503902817555521,-87.21236858431422,3.651289205228397,0.9231010303785508,0.44862204519762816,1.0800974369387486,linear
2.996,1.133113572077152,5.496173097028847,-86.69968219168281,3.623946149163953,0.9194811348015055,0.4510250145336039,1.0826857639201712,linear
3.0,1.1312335810824774,5.4889210887928614,-86.20014565715574,3.597304413268239,0.9158688779857327,0.4533785661210033,1.0852526324141867,linear
3.004,1.1294488802828646,5.482155152474526,-85.71387681845401,3.5713702821695557,0.9122672107895721,0.45568028898231255,1.0877969258229758,linear
3.008,1.1277602380730134,5.475883204224391,-85.24096326417843,3.5461484272226667,0.9086790182794314,0.45792793559115214,1.0903175536374599,linear
3.012,1.1261683209836908,5.4701127143471115,-84.78146558443386,3.5216420798740424,0.9051071170589111,0.46011941658831856,1.0928134512370022,linear
3.016,1.1246736945602298,5.464850706376467,-84.33542036298972,3.4978531912424824,0.9015542527155674,0.4622527955141252,1.0952835796714055,linear
3.02,1.1232768243797469,5.460103757580212,-83.9028429230702,3.4747825785600868,0.8980230973871441,0.4643262835760645,1.0977269254269468,linear
3.024,1.1219780772037131,5.455878000871567,-83.48372983955501,3.452430059155233,0.89451624744887,0.46633823446804884,1.1001425001781377,linear
3.028,1.1207777222623736,5.452179128095608,-83.07806123074938,3.430794572679327,0.8910362213232035,0.4682871392550879,1.1025293405267846,linear
3.032,1.1196759326673555,5.449012394650539,-82.68580284300288,3.4098742922855916,0.8875854574131776,0.4701716213351925,1.1048865077298649,linear
3.036,1.1186727869486726,5.446382625395684,-82.30690794137608,3.3896667254638166,0.884166312160281,0.4719904314885222,1.1072130874176391,linear
3.04,1.1177682707121748,5.444294221790189,-81.94131901931007,3.370168805222002,0.8807810582275906,0.47374244302228463,1.1095081893033516,linear
3.044,1.1169622784133657,5.4427511701990205,-81.58896933988731,3.351376972286283,0.8774318828086556,0.47542664701862086,1.1117709468857944,linear
3.048,1.11625461524335,5.441757051295821,-81.2497843208112,3.3332872489659184,0.8741208860624203,0.4770421476916398,1.1140005171459348,linear
3.052,1.115644999122551,5.4413150504856915,-80.92368277470197,3.3158953053018756,0.870850079674263,0.4785881578588763,1.116196080238734,linear
3.056,1.1151330627977045,5.441427969265064,-80.61057801573007,3.299196518086806,0.8676213855430235,0.48006399453171655,1.1183568391812266,linear
3.06,1.1147183560374938,5.442098237430551,-80.31037884300123,3.283186023311834,0.86443663459369,0.4814690746287337,1.1204820195378518,linear
3.064,1.1144003479220952,5.443327926043997,-80.02299041048397,3.2678587625623137,0.8612975657152208,0.48280291081540117,1.1225708691039762,linear
3.068,1.1141784292217691,5.445118761057121,-79.74831499264218,3.2532095238512473,0.8582058248227817,0.48406510747326675,1.124622657588481,linear
3.072,1.1140519148595451,5.447472137495952,-79.48625265430984,3.239232977345648,0.8551629640435001,0.48525535680137516,1.1266366762962319,linear
3.076,1.1140200464529413,5.450389134102897,-79.23670183273022,3.225923706408384,0.8521704410246483,0.48637343505249986,1.128612237811196,linear
3.08,1.1140819949295868,5.45387052833267,-78.99955983908146,3.213276234345996,0.849229618363004,0.48741919890657653,1.1305486756809158,linear
3.084,1.114236863211535,5.457916811597555,-78.77472328622926,3.201285047221991,0.8463417631539578,0.4883925819836081,1.1324453441030007,linear
3.088,1.1144836889629963,5.462528204657456,-78.56208844888718,3.18994461306524,0.8435080466587861,0.4892935914982283,1.1343016176142566,linear
3.092,1.1148214473961653,5.467704673050935,-78.36155156182703,3.179249397774404,0.8407295440883469,0.49012230505805543,1.1361168907830148,linear
3.096,1.1152490541297826,5.473445942465069,-78.17300906126876,3.169193877991959,0.8380072345013109,0.49087886760793287,1.1378905779051978,linear
3.1,1.1157653680950366,5.479751513944167,-77.996357774089,3.159772551195238,0.8353420008149025,0.49156348852213766,1.139622112704604,linear
3.104,1.1163691944834029,5.486620678840477,-77.83149505902105,3.150979943227036,0.8327346299259905,0.49217643884662543,1.1413109480378643,linear
3.108,1.1170592877310046,5.494052533413626,-77.67831890357714,3.142810613464757,0.8301858129402427,0.4927180486933763,1.1429565556044894,linear
3.112,1.117834354534091,5.50204599298987,-77.53672798000295,3.1352591578046325,0.8276961455069484,0.4931887047889017,1.1445584256623842,linear
3.116,1.1186930568902447,5.510599805597164,-77.40662166317705,3.128320209616345,0.825266128256994,0.4935888481789596,1.146116066749187,linear
3.12,1.1196340151599584,5.519712564997444,-77.28790001298903,3.1219884388032115,0.8228961673413876,0.49391897209151087,1.147629005409754,linear
3.124,1.120655811143251,5.529382723043426,-77.1804637233736,3.1162585490840153,0.8205865750676258,0.49417961995991994,1.1490967859300802,linear
3.128,1.121756991166056,5.539608601293588,-77.08421403983769,3.1111252735944905,0.8183375706311192,0.4943713836083623,1.1505189700779337,linear
3.132,1.1229360691711523,5.550388401825639,-76.99905264699595,3.1065833688892646,0.816149280938813,0.49449490160134596,1.1518951368504444,linear
3.136,1.124191529808483,5.56172021719577,-76.92488152732543,3.102627607408831,0.8140217415220735,0.4945508577591783,1.1532248822288698,linear
3.14,1.1255218315197761,5.573602039498222,-76.8616027920595,3.0992527684606332,0.8119548975358509,0.4945399798411203,1.1545078189407472,linear
3.144,1.126925409612457,5.586031768487057,-76.80911848486686,3.096453627748694,0.8099486048410788,0.49446303839785316,1.15574357622961,linear
3.148,1.128400679317927,5.599007218729546,-76.76733035870015,3.0942249454723028,0.8080026311672257,0.49432084579474983,1.15693179963244,linear
3.152,1.129946038829375,5.612526125768118,-76.73613962595077,3.0925614530010477,0.806116657351883,0.4941142554072845,1.1580721507650018,linear
3.156,1.131559872314371,5.626586151275391,-76.71544668181218,3.0914578381209727,0.8042902786542425,0.49384416098972833,1.1591643071151974,linear
3.16,1.13324055289761,5.641184887194251,-76.70515080053114,3.0909087288347767,0.8025230061393009,0.49351149621807344,1.1602079618445618,linear
3.164,1.1349864456092487,5.65631985886233,-76.70514980401713,3.0909086756877864,0.8008142681296168,0.4931172344078886,1.161202823598008,linear
3.168,1.1367959102944034,5.671988527127461,-76.71533970208269,3.0914521325809323,0.7991634117214429,0.4926623884075458,1.1621486163219186,linear
3.172,1.1386673044794722,5.688188289467602,-76.73561430340311,3.092533436022093,0.7975697043620584,0.4921480106669654,1.1630450790906717,linear
3.176,1.1405989861910522,5.704916480135533,-76.76586479611343,3.0941467827581164,0.7960323354851396,0.49157519348169865,1.163891965941676,linear
3.18,1.142589316723337,5.722170369354948,-76.80597929680361,3.09628620572142,0.7945504182010257,0.49094506941181315,1.1646890457189831,linear
3.184,1.144636663349984,5.739947161600757,-76.8558423665317,3.098945548217566,0.7931229910387586,0.49025881187465126,1.1654361019255415,linear
3.188,1.1467394019765542,5.7582439930020275,-76.91533449235094,3.102118436273594,0.7917490197368133,0.4895176359101074,1.1661329325841372,linear
3.192,1.1488959197297341,5.777057927911335,-76.98433153274007,3.105798249061208,0.790427399079466,0.4887227991166016,1.1667793501070725,linear
3.196,1.1511046174796677,5.79638595468919,-77.06270412524172,3.109978087304407,0.7891569547757993,0.48787560275542263,1.1673751811746236,linear
3.2,1.153363912291827,5.816224980756575,-77.15031705455206,3.1146507395778706,0.7879364453783879,0.486977393020564,1.1679202666223096,linear
3.204,1.1556722398049672,5.83657182697263,-77.2470285792692,3.119808646400492,0.7867645642387655,0.4860295624705812,1.1684144613370016,linear
3.208,1.1580280565318222,5.857423221397937,-77.35268971550269,3.1254438620281912,0.7856399414968372,0.485033551618357,1.1688576341619037,linear
3.212,1.1604298420793029,5.878775792506874,-77.46714347557483,3.1315480138516416,0.7845611461014629,0.4839908506739619,1.1692496678104234,linear
3.216,1.1628761012850743,5.900626061914929,-77.59022406011132,3.138112259308114,0.7835266878595082,0.48290300143505005,1.1695904587889516,linear
3.22,1.1653653662674994,5.922970436688836,-77.72175600192918,3.1451272402225317,0.78253501951074,0.481771599318415,1.1698799173285679,linear
3.224,1.167896198386042,5.9458052013088745,-77.86155326028944,3.152583034501333,0.7815845388260093,0.48059829552545785,1.1701179673256852,linear
3.228,1.1704671901093444,5.969126509353557,-78.00941826429795,3.1604691051142515,0.7806735907262602,0.4793847993333735,1.170304546291646,linear
3.232,1.1730769667882928,5.992930374977452,-78.16514090451501,3.168774246313932,0.7798004694199758,0.47813288050284636,1.1704396053112747,linear
3.236,1.175724188331513,6.017212664252803,-78.32849747218272,3.177486527061833,0.7789634205567707,0.476844371791951,1.1705231090103976,linear
3.24,1.1784075507808442,6.041969086445132,-78.49924954590549,3.186593231651667,0.7781606433949192,0.47552117156477747,1.1705550355323342,linear
3.244,1.1811257877844603,6.067195185292037,-78.67714282613237,3.1960807975489516,0.7773902929807097,0.47416524648203795,1.170535376523363,linear
3.248,1.1838776719654245,6.092886330353001,-78.86190591839873,3.205934750497751,0.776650482337603,0.47277863425955685,1.1704641371271653,linear
3.2520000000000002,1.186662016183591,6.119037708496229,-79.05324906699991,3.2161396369838076,0.7759392846632693,0.4713634464790988,1.1703413359882464,linear
3.2560000000000002,1.1894776746888942,6.145644315586314,-79.25086284159897,3.226678954187519,0.7752547355326765,0.46992187143444275,1.1701670052643345,linear
3.2600000000000002,1.1923235441641804,6.172700948433971,-79.45441678022479,3.2375350776110747,0.7745948351054973,0.4684561769939643,1.169941190647756,linear
3.2640000000000002,1.195198564655898,6.200202197066186,-79.66355799320434,3.2486891866221113,0.7739575503361963,0.46696871345924246,1.169663951395783,linear
3.2680000000000002,1.1981017203910667,6.22814243737189,-79.87790973380346,3.2601211882218246,0.7733408171852634,0.4654619163973617,1.169335360369947,linear
3.2720000000000002,1.2010320404791208,6.256515824174811,-80.09706994272938,3.2718096394190557,0.7727425428301449,0.4639383094226364,1.168955504084315,linear
3.2760000000000002,1.2039885994973478,6.2853162847814215,-80.32060977518339,3.283731668673733,0.7721606078745278,0.46240050690145157,1.1685244827627173,linear
3.2800000000000002,1.2069705179588008,6.314537513047912,-80.54807212084613,3.2958628969633788,0.7715928685547223,0.4608512165517947,1.1680424104049152,linear
3.2840000000000003,1.2099769626617338,6.344172964006086,-80.7789701290313,3.3081773591252692,0.7710371589419814,0.459293241906864,1.1675094148617022,linear
3.2880000000000003,1.2130071469197574,6.374215849083678,-81.01278575325347,3.320647426234007,0.7704912931396865,0.45772948460989504,1.1669256379189143,linear
3.2920000000000003,1.2160603306720978,6.404659131950363,-81.24896833161623,3.3332437298894875,0.7699530674744156,0.45616294650506206,1.16629123539034,linear
3.2960000000000003,1.2191358204735092,6.435495525016119,-81.4869332217207,3.3459350894126065,0.769420262680001,0.4545967314870244,1.165606377219501,linear
3.3000000000000003,1.2222329693635843,6.466717486604201,-81.72606051120698,3.358688443074682,0.7688906460737569,0.453034047069417,1.1648712475902832,linear
3.3040000000000003,1.225351176615389,6.4983172188164,-81.96569382754052,3.3714687846199034,0.7683619737241512,0.4514782056303772,1.1640860450463872,linear
3.3080000000000003,1.2284898873635601,6.530286666103771,-82.20513927320727,3.3842391064761905,0.767831992609258,0.4499326252910986,1.163250982619567,linear
3.3120000000000003,1.231648592112188,6.5626175145515555,-82.443664515039,3.396960351186267,0.7672984427654129,0.448400830381461,1.1623662879666117,linear
3.3160000000000003,1.2348268261230453,6.595301191882588,-82.68049805889481,3.4095913727243135,0.7667590594255526,0.4468864514450645,1.1614322035150337,linear
3.3200000000000003,1.2380241686849154,6.628328868179223,-82.91482874330877,3.422088909490727,0.7662115751467932,0.44539322473456616,1.1604489866174057,linear
3.3240000000000003,1.2412402422650193,6.661691457319615,-83.14580548789203,3.4344075708936703,0.7656537219268591,0.44392499114715533,1.1594169097142888,linear
3.3280000000000003,1.2444747115437635,6.695379619120141,-83.3725373341602,3.44649983952652,0.7650832333090298,0.4424856945493945,1.1583362605056928,linear
3.332,1.2477272823342644,6.729383762171918,-83.5940938179296,3.4583160910288364,0.7644978464753277,0.4410793794405908,1.1572073421309865,linear
3.336,1.2509977003883517,6.763694047355656,-83.80950571337814,3.4698046337692956,0.7638953043277135,0.4397101879044444,1.1560304733571733,linear
3.34,1.2542857500910094,6.798300392015612,-84.01776618916168,3.4809117705047368,0.7632733575571023,0.4383823558000463,1.1548059887754458,linear
3.344,1.2575912530454483,6.833192474770123,-84.21783241648492,3.49158188414326,0.7626297667000456,0.43710020814547484,1.153534239005904,linear
3.348,1.2609140665512732,6.868359740933176,-84.40862766760364,3.5017575496634477,0.7619623041829598,0.43586815365037196,1.1522155909103255,linear
3.352,1.2642540819784664,6.903791408518662,-84.58904394074511,3.5113796741090098,0.7612687563538123,0.43469067835805797,1.1508504278128537,linear
3.356,1.2676112230401606,6.93947647479636,-84.75794514374584,3.520387666381435,0.7605469255011883,0.43357233836306375,1.1494391497284535,linear
3.36,1.2709854439674522,6.97540372336644,-84.91417086369982,3.5287196382862973,0.7597946318606871,0.4325177515764951,1.147982173598978,linear
3.364,1.2743767275897633,7.011561731717156,-85.05654074349478,3.5363126379466583,0.7590097156086053,0.43153158851944706,1.1464799335366638,linear
3.368,1.2777850833245192,7.047938879228661,-85.1838594782226,3.543102916276163,0.7581900388428653,0.4306185621337951,1.1449328810748538,linear
3.372,1.281210545080182,7.084523355584298,-85.29492243506164,3.5490262267037047,0.7573334875511555,0.4297834166100979,1.1433414854257318,linear
3.376,1.2846531690769358,7.121303169549444,-85.38852188937132,3.5540181577624863,0.7564379735662368,0.4290309152440209,1.1417062337448278,linear
3.38,1.2881130315895712,7.15826615807694,-85.46345385749997,3.558014497503522,0.7555014365083667,0.4283658273455548,1.1400276314020286,linear
3.384,1.2915902266173818,7.195399995697431,-85.5185254933426,3.5609516279755757,0.754521845714768,0.42779291423922033,1.1383062022588057,linear
3.388,1.2950848634861227,7.232692204152324,-85.55256300122443,3.562766947242253,0.7534972021560585,0.4273169144082646,1.1365424889513465,linear
3.392,1.2985970643873166,7.270130162226847,-85.56442000253476,3.5633993155989026,0.7524255403395266,0.42694252785131154,1.13473705317924,linear
3.396,1.3021269618604434,7.30770111574066,-85.55298627807706,3.5627895218275727,0.7513049301991067,0.42667439973577104,1.132890475999346,linear
3.4,1.3056746962237493,7.345392187653556,-85.51719679278804,3.5608807645115204,0.7501334789718813,0.42651710344819055,1.1310033581244385,linear
3.404,1.3092404129596382,7.3831903882443175,-85.45604089482582,3.557619142649334,0.7489093330608844,0.4264751231572816,1.1290763202261809,linear
3.408,1.3128242600608055,7.421082625321325,-85.36857156759508,3.5529541490923293,0.7476306798839495,0.4265528360201589,1.1271100032419525,linear
3.412,1.3164263853434537,7.459055714424354,-85.25391460165082,3.5468391597088536,0.7462957497082914,0.4267544941759536,1.125105068685011,linear
3.416,1.3200469337341108,7.497096388978033,-85.1112775441879,3.5392319106865853,0.7449028174704565,0.42708420668295566,1.1230621989574243,linear
3.42,1.3236860445367264,7.535191310358601,-84.93995827753419,3.530094956048509,0.7434502045812282,0.4275459215653673,1.1209820976651776,linear
3.424,1.3273438486868636,7.573327077837026,-84.73935307521853,3.519396097306455,0.7419362807150068,0.4281434081431839,1.118865489934795,linear
3.428,1.3310204659999194,7.611490238363047,-84.50896398517838,3.507108777229026,0.7403594655831275,0.42888023982329243,1.1167131227307836,linear
3.432,1.334716002420425,7.649667296156454,-84.24840539478598,3.493212429973533,0.7387182306905092,0.4297597775312798,1.1145257651731448,linear
3.436,1.3384305472795568,7.687844722073745,-83.95740964173348,3.4776927803308118,0.7370111010749631,0.4307851539614359,1.1123042088541544,linear
3.44,1.3421641705680498,7.726008962720295,-83.63583154838292,3.460542085555296,0.7352366570284157,0.4319592588168967,1.1100492681535397,linear
3.444,1.3459169202317625,7.764146449280353,-83.28365177473614,3.4417593141886473,0.7333935357992312,0.43328472520276673,1.1077617805511446,linear
3.448,1.3496888194971555,7.802243606039362,-82.90097890630466,3.4213502574119317,0.7314804332747439,0.43476391732248754,1.105442606936093,linear
3.452,1.3534798642339576,7.840286858575525,-82.48805021728558,3.3993275697480057,0.72949610564303,0.43639891961188426,1.1030926319114047,linear
3.456,1.3572900203622678,7.87826264160002,-82.04523107584534,3.3757107373435713,0.7274393710328804,0.4381915274265588,1.1007127640929497,linear
3.46,1.3611192213113075,7.916157406427792,-81.57301298613223,3.350525973544011,0.725309111130848,0.44014323937703403,1.0983039364015577,linear
3.464,1.3649673655369639,7.9539576280636055,-81.07201028995001,3.3238060429840495,0.7231042727741721,0.4422552513828115,1.0958671063470249,linear
3.468,1.368834314105194,7.9916498118907064,-80.54295557886633,3.295590016902155,0.7208238695183016,0.4445284524918881,1.093403256302687,linear
3.472,1.3727198883482408,8.029220499952372,-79.98669389395057,3.2659229637956977,0.7184669831776571,0.44696342248690724,1.0909133937691518,linear
3.476,1.376623867600487,8.066656276819435,-79.40417581444824,3.234855580819851,0.7160327653382004,0.4495604312736872,1.0883985516257006,linear
3.48,1.3805459870206316,8.103943775039921,-78.79644955772342,3.2024437724545587,0.7135204388402959,0.4523194400229968,1.0858597883677952,linear
3.484,1.384485935506689,8.141069680169897,-78.16465223009739,3.1687481838863145,0.71092929923028,0.45524010401278375,1.083298188329034,linear
3.488,1.388443353710136,8.178020735387726,-77.51000038131596,3.133833697250442,0.7082587161790731,0.45832177709615707,1.0807148618858236,linear
3.492,1.3924178321553144,8.214783745697,-76.83378002401095,3.0977688993399513,0.7055081348661009,0.46156351770076975,1.078110945642947,linear
3.496,1.3964089094699745,8.251345581726612,-76.13733628360055,3.060625529604636,0.7026770773267239,0.4649640962482367,1.0754876025981166,linear
3.5,1.4004160707325983,8.287693183139492,-75.42206284369912,3.022477917244083,0.6997651437612994,0.4685220038681489,1.0728460222835217,linear
3.504,1.4044387459418868,8.323813561664776,-74.68939134755493,2.9834024159555312,0.6967720138039418,0.47223546227027774,1.0701874208822844,linear
3.508,1.4084763086135144,8.359693803771286,-73.94078090772304,2.9434768444542243,0.6936974477489862,0.476102434630788,1.0675130413176628,linear
3.512,1.4125280745089706,8.395321073003386,-73.17770786464246,2.902779940268551,0.6905412877330975,0.4801206373436493,1.0648241533127425,linear
3.516,1.416593300501005,8.430682612003334,-72.40165592063643,2.861390833557591,0.6873034588709198,0.4842875524868358,1.062122053418282,linear
3.52,1.420671183579878,8.465765744247454,-71.61410675974743,2.8193885468396434,0.6839839703421067,0.488600440854126,1.0594080650062951,linear
3.524,1.424760860004303,8.500557875526336,-70.81653124642298,2.776851525592548,0.6805829164275319,0.49305635540707726,1.0566835382268713,linear
3.528,1.4288614046006218,8.535046495202378,-70.01038127802843,2.7338572037245004,0.677100477492437,0.49765215500775023,1.0539498499256672,linear
3.532,1.4329718302134262,8.56921917728077,-69.19708234807828,2.6904816069495574,0.6735369209142397,0.502384518300624,1.051208403519421,linear
3.536,1.437091087310482,8.603063581332838,-68.37802685947847,2.646798996163401,0.6698926019526943,0.5072499576215235,1.0484606288267955,linear
3.54,1.4412180637444645,8.63656745331334,-67.55456821040842,2.602881552026236,0.6661679645600773,0.5122448328218964,1.0457079818517767,linear
3.544,1.4453515846736487,8.669718626315763,-66.72801566010429,2.5587991011400772,0.6623635421290448,0.5173653649080765,1.0429519445168278,linear
3.548,1.4494904126433363,8.70250502131211,-65.89962996799942,2.514618883471433,0.6584799581758043,0.5226076494069202,1.040194024342935,linear
3.552,1.4536332478294376,8.734914647925734,-65.0706197876178,2.4704053600271565,0.6545179269562319,0.5279676693810915,1.037435754073672,linear
3.556,1.4577787284452481,8.766935605287845,-64.24213878639273,2.426220059246,0.6504782540125695,0.5334413080290502,1.034678691240379,linear
3.56,1.461925431312086,8.798556083029903,-63.41528345422039,2.382121460122407,0.6463618366483438,0.5390243608162117,1.0319244176655433,linear
3.564,1.466071872594089,8.829764362465685,-62.591091557015645,2.3381649097301422,0.6421696643291592,0.5447125470946415,1.029174538901493,linear
3.568,1.470216508697078,8.860548818017904,-61.77054118672173,2.2944025725565513,0.6379028190070454,0.5505015211788457,1.0264306836015162,linear
3.572,1.4743577373310186,8.890897918945138,-60.954550356007076,2.2508834088865597,0.6335624753660566,0.5563868828546418,1.0236945028205797,linear
3.576,1.4784938987352343,8.920800231425305,-60.14397708410333,2.207653179380665,0.6291499009868682,0.5623641873066412,1.020967669242868,linear
3.58,1.4826232770651255,8.950244421052028,-59.33961991972189,2.1647544729635984,0.6246664564281464,0.5684289544575339,1.018251876333445,linear
3.584,1.4867441019387697,8.97921925579999,-58.54221884755147,2.122226755170472,0.6201135952225243,0.5745766777191029,1.0155488374114452,linear
3.588,1.4908545501413826,9.007713609514633,-57.752456526303185,2.0801064341753266,0.6154928637850692,0.5808028321607283,1.0128602846423211,linear
3.592,1.4949527474852284,9.035716465980318,-56.97095980845432,2.0384269418434826,0.6108059012321942,0.5871028821061088,1.0101879679468233,linear
3.596,1.4990367708221628,9.063216923619466,-56.19830149458563,1.997218827295453,0.6060544391090363,0.5934722881730529,1.0075336538245656,linear
3.6,1.5031046502055947,9.090204200872964,-55.43500227835503,1.956509860638042,0.6012403010233994,0.5999065137745535,1.0048991240902228,linear
3.604,1.5071543711982422,9.11666764230937,-54.68153284157094,1.916325144700701,0.5963654021844543,0.6064010311020029,1.002286174520644,linear
3.608,1.5111838773216495,9.142596725507234,-53.938316062402954,1.8766872328058228,0.591431748844469,0.6129513266134033,0.9996966134114184,linear
3.612,1.515191072643011,9.167981068750858,-53.205729303395835,1.8376162507951825,0.5864414376419559,0.6195529060508533,0.9971322600417178,linear
3.616,1.5191738244944317,9.192810439575542,-52.484106749554144,1.7991300217267876,0.5813966548447176,0.6262012990125052,0.9945949430465633,linear
3.62,1.523129966319322,9.217074764193121,-51.7737417702708,1.761244191843397,0.576299675491395,0.6328920631046628,0.9920864986960044,linear
3.624,1.5270573006401935,9.240764137823152,-51.07488928223215,1.7239723565931175,0.5711528624302398,0.6396207876997917,0.9896087690810882,linear
3.628,1.530953602141696,9.263868835948692,-50.38776809360773,1.6873261856518633,0.5659586652539564,0.6463830973259909,0.9871636002068993,linear
3.632,1.5348166208622802,9.286379326508973,-49.712563212795416,1.6513155460554436,0.5607196191296001,0.6531746547130004,0.9847528399933966,linear
3.636,1.5386440854874406,9.308286283033732,-49.049428107726456,1.6159486226948734,0.5554383435226483,0.6599911635191278,0.9823783361852386,linear
3.64,1.5424337067370562,9.329580598716207,-48.3984869042318,1.5812320355616394,0.5501175408145164,0.666828370762617,0.9800419341722949,linear
3.644,1.5461831808388822,9.350253401413246,-47.75983651422707,1.5471709532499933,0.5447599948129322,0.6736820689800086,0.9777454747230572,linear
3.648,1.5498901930798272,9.37029606955228,-47.13354868649479,1.5137692023311333,0.5393685691547467,0.6805480981329579,0.975490791633715,linear
3.652,1.5535524214262093,9.38970024891548,-46.519671974634576,1.4810293723097059,0.5339462056009155,0.6874223472838535,0.9732797092962349,linear
3.656,1.557167540203747,9.408457870261952,-45.918233618327356,1.4489529159571006,0.5284959222235535,0.6943007560594019,0.9711140401893641,linear
3.66,1.5607332238276423,9.42656116773889,-45.32924133543061,1.417540244889098,0.5230208114851373,0.701179315920168,0.9689955822970878,linear
3.664,1.5642471505726905,9.444002698022592,-44.75268502360289,1.3867908203184542,0.5175240382101038,0.708054071252884,0.9669261164596809,linear
3.668,1.5677070063729908,9.460775360120117,-44.18853837116381,1.3567032389667466,0.5120088374492688,0.7149211203011793,0.9649074036631177,linear
3.672,1.57111048864044,9.476872415752213,-43.63676037774399,1.32727531416506,0.5064785122376794,0.7217766159492628,0.9629411822732223,linear
3.676,1.574455310090891,9.492287510228218,-43.09729678598628,1.2985041522107719,0.5009364312466933,0.7286167663720019,0.9610291652215651,linear
3.68,1.577739202566526,9.507014693713815,-42.570081426137634,1.2703862240785497,0.4953860263312655,0.7354378355638034,0.9591730371507156,linear
3.684,1.580959920842744,9.521048442783176,-42.05503747583655,1.2429174326084773,0.48983078997361845,0.7422361437577205,0.957374451527057,linear
3.688,1.5841152464076311,9.53438368213809,-41.55207863776687,1.2160931753137558,0.4842742726246587,0.7490080677452764,0.9556350277299367,linear
3.692,1.5872029912019103,9.54701580636843,-41.06111023812749,1.1899084029652884,0.47872007994469984,0.7557500411066229,0.9539563481264745,linear
3.696,1.5902210013071347,9.558940701620713,-40.58203024907163,1.164357674121338,0.47317186994524335,0.7624585543598407,0.9523399551418478,linear
3.7,1.593167160569824,9.570154767034907,-40.11473023840854,1.1394352057778825,0.46763335003376755,0.7691301550374273,0.9507873483353515,linear
3.704,1.596039394149239,9.580654935803887,-39.659096249945364,1.1151349203198047,0.4621082739636672,0.7757614476973229,0.9492999814929302,linear
3.708,1.598835671976543,9.590438695705524,-39.21500961788529,1.0914504889551147,0.45660043869168343,0.7823490938751761,0.9478792597472546,linear
3.712,1.601554012113239,9.599504108953955,-38.78234771869858,1.0683753718144169,0.45111368114535577,0.7888898119839622,0.9465265367367043,linear
3.716,1.6041924839969641,9.607849831214688,-38.360984663851355,1.0459028548961518,0.4456518749032234,0.7953803771665271,0.9452431118148538,linear
3.72,1.6067492115630142,9.615475129627633,-37.950791936720876,1.0240260840351394,0.4402189267906941,0.8018176211061327,0.9440302273222118,linear
3.724,1.6092223762303304,9.622379899683061,-37.55163897694832,1.0027380960678114,0.43481877339468533,0.8081984317996402,0.942889065932047,linear
3.728,1.6116102197411166,9.628564680798007,-37.16339371538763,0.9820318473625892,0.4294553775003335,0.8145197532975538,0.9418207480821259,linear
3.732,1.6139110468437836,9.634030670444753,-36.785923062704256,0.9619002398782758,0.4241327244532475,0.820778585414792,0.9408263295040982,linear
3.736,1.6161232278095232,9.638779736688653,-36.419093354564424,0.9423361449072929,0.4188548184509645,0.8269719834157171,0.9399067988620863,linear
3.74,1.6182452007734907,9.642814428999833,-36.062770756236645,0.9233324246542574,0.4136256787674421,0.8330970576766634,0.9390630755117683,linear
3.744,1.6202754738923422,9.646137987212235,-35.716821629304846,0.9048819517938577,0.4084493359145922,0.839150973328941,0.938296007390873,linear
3.748,1.6222126273107027,9.648754348513679,-35.38111286306912,0.8869776271454198,0.40332982774502957,0.8451309498850532,0.9376063690515645,linear
3.7520000000000002,1.6240553149300518,9.650668152362504,-35.05551217308618,0.8696123955949382,0.3982711955003706,0.8510342608506618,0.936994859844643,linear
3.7560000000000002,1.625802265974468,9.651884743239387,-34.73988836918008,0.852779260388866,0.3932774798095723,0.8568582333246421,0.9364621022648648,linear
3.7600000000000002,1.627452286348709,9.652410171157227,-34.43411159513393,0.8364712959175715,0.3883527166419529,0.8626002475894089,0.93600864046597,linear
3.7640000000000002,1.629004259785176,9.652251189867343,-34.13805354215743,0.8206816591001833,0.38350093321967904,0.8682577366935469,0.9356349389532194,linear
3.7680000000000002,1.630457148777411,9.651415252716486,-33.85158763811276,0.8054035994765555,0.3787261438946402,0.8738281860286471,0.9353413814603776,linear
3.7720000000000002,1.6318099952989429,9.649910506125966,-33.57458921437348,0.7906304681063393,0.37403234599476254,0.8793091329021395,0.9351282700171588,linear
3.7760000000000002,1.6330619213074453,9.647745780681815,-33.3069356520878,0.7763557253696282,0.3694235156449331,0.8846981661078085,0.9349958242121597,linear
3.7800000000000002,1.6342121290353622,9.644930579842416,-33.048506509519584,0.7625729477584239,0.3649036035678224,0.8899929254955858,0.9349441806552842,linear
3.7840000000000003,1.635259901069324,9.641475066287995,-32.799183632046336,0.749275833743149,0.36047653086999626,0.8951911015421395,0.9349733926425859,linear
3.7880000000000003,1.6362046002218569,9.637390045953932,-32.55885124630565,0.7364582087937506,0.356146184818807,0.9002904349237011,0.9350834300253614,linear
3.7920000000000003,1.6370456692000288,9.632686949807184,-32.32739603989712,0.7241140296304346,0.35191641461563944,0.9052887160925095,0.9352741792842132,linear
3.7960000000000003,1.6377826300767908,9.627377813441848,-32.1047072279685,0.7122373877749006,0.34779102717116894,0.9101837848581944,0.9355454438076729,linear
3.8000000000000003,1.638415083571847,9.621475254585848,-31.890676607939824,0.7008225124689368,0.343773782888354,0.9149735299753646,0.9358969443738637,linear
3.8040000000000003,1.6389427081499077,9.614992448625694,-31.68519860354975,0.6898637730235397,0.33986839145895137,0.9196558887386171,0.9363283198325743,linear
3.8080000000000003,1.639365258945131,9.607943102270166,-31.488170299342148,0.6793556806581857,0.33607850767938185,0.9242288465861408,0.9368391279840361,linear
3.8120000000000003,1.639682566521449,9.600341425486246,-31.299491466649293,0.6692928898865885,0.33240772729182594,0.9286904367130393,0.937428846649658,linear
3.8160000000000003,1.6398945354792798,9.592202101851754,-31.11906458206998,0.6596701995021917,0.3288595828564464,0.9330387396954575,0.9380968749289719,linear
3.8200000000000003,1.6400011429198533,9.583540257478752,-30.946794839385824,0.6504825532136995,0.32543753966066075,0.9372718831265555,0.9388425346361025,linear
3.8240000000000003,1.6400024367789883,9.574371428669535,-30.7825901558079,0.641725039978228,0.32214499167139127,0.9413880412653315,0.939665071908189,linear
3.8280000000000003,1.6398985340427161,9.564711528473365,-30.62636117339743,0.6333928940770752,0.31898525753621665,0.9453854346992566,0.9405636589773863,linear
3.8320000000000003,1.639689618857558,9.5545768123165,-30.478021256458327,0.6254814949766564,0.31596157663933805,0.9492623300216403,0.9415373960973296,linear
3.8360000000000003,1.6393759405486028,9.543983842880722,-30.337486485656555,0.6179863670148745,0.3130771052182441,0.9530170395246061,0.9425853136142983,linear
3.84,1.6389578115587502,9.53294945440662,-30.20467564958038,0.6109031789510019,0.3103349125469267,0.9566479209085156,0.9437063741727523,linear
3.844,1.6384356053226192,9.5214907165971,-30.079510234416947,0.6042277434151034,0.30773797719144963,0.9601533770086279,0.9448994750444281,linear
3.848,1.6378097540886218,9.509624898294247,-29.961914412383933,0.5979560162910623,0.30528918334361693,0.9635318555397465,0.9461634505698039,linear
3.852,1.6370807467026476,9.497369431098726,-29.851815029520207,0.5920840960654206,0.30299131723841677,0.9667818488595489,0.9474970747004384,linear
3.856,1.6362491263666088,9.48474187309569,-29.749141593405948,0.5866082231724573,0.3008470636608368,0.9699018937512507,0.9488990636304939,linear
3.86,1.6353154883848373,9.471759872844363,-29.65382626135103,0.5815247793642411,0.29885900254755965,0.9728905712262029,0.9503680785056273,linear
3.864,1.6342804779109763,9.458441133780749,-29.565803829559677,0.5768302871327492,0.2970296056889397,0.9757465063469717,0.9519027281974158,linear
3.868,1.6331447877075633,9.444803379174054,-29.485011723750397,0.5725214092096015,0.2953612335365562,0.9784683680713878,0.9535015721315322,linear
3.872,1.6319091559300059,9.430864317767652,-29.41138999168164,0.5685949481674322,0.29385613212151007,0.9810548691180072,0.9551631231580244,linear
3.876,1.63057436394607,9.416641610224977,-29.344881298006563,0.5650478461454791,0.29251643008850353,0.9835047658533557,0.9568858504522625,linear
3.88,1.6291412342013734,9.402152836489803,-29.285430921854,0.5618771847205707,0.29134413585059454,0.9858168582012754,0.9586681824354009,linear
3.884,1.6276106281406855,9.387415464158899,-29.23298675750693,0.5590801849433094,0.2903411348693667,0.9879899895746315,0.9605085097035391,linear
3.888,1.625983444194111,9.3724468179535,-29.187499318525386,0.5566542075579596,0.2895091870650933,0.9900230468295651,0.9624051879551749,linear
3.892,1.6242606158364752,9.357264050364254,-29.148921745636663,0.5545967534232544,0.28884992436130086,0.991914960242424,0.9643565409069891,linear
3.896,1.6224431097274274,9.34188411353273,-29.117209818692135,0.5529054641500881,0.2883648483679567,0.9936647035094286,0.9663608631885,linear
3.9,1.6205319239389764,9.326323732421042,-29.09232197296788,0.5515781229708757,0.28805532820731594,0.9952712937690659,0.9684164232066572,linear
3.904,1.618528086276349,9.310599379310073,-29.074219320063975,0.5506126558541727,0.287922598486262,0.9967337916471358,0.9705214659720116,linear
3.908,1.6164326526972177,9.29472724965598,-29.062865673636203,0.5500071328770227,0.28796775741877334,0.9980513013243043,0.9726742158786799,linear
3.912,1.6142467058335401,9.278723239324455,-29.058227580173433,0.5497597698664038,0.28819176510192834,0.9992229706259463,0.9748728794309339,linear
3.916,1.6119713536194027,9.262602923212713,-29.060274355013618,0.5498689303200668,0.2885954419486426,1.000247991133993,0.977115647909855,linear
3.92,1.6096077280274759,9.246381535260072,-29.068978123772723,0.5503331276160603,0.2891794672801043,1.001125598320425,0.9794006999741203,linear
3.924,1.6071569839158792,9.230073949839916,-29.084313869341706,0.5511510275192166,0.289944378080635,1.0018550717019823,0.981726204189608,linear
3.928,1.6046202979864956,9.213694664518242,-29.106259484589465,0.5523214509919527,0.2908905679174643,1.002435735015594,0.9840903214831199,linear
3.932,1.601998867855027,9.197257784157468,-29.134795830892486,0.5538433773158271,0.2920182860276589,1.0028669564139514,0.9864912075161388,linear
3.936,1.5992939112323692,9.18077700633818,-29.169906802595776,0.5557159475294282,0.293327636574194,1.0031481486805924,0.9889270149751159,linear
3.94,1.5965066652162063,9.164265608066557,-29.21157939749469,0.5579384681873757,0.294818578072897,1.0032787694637777,0.9913958957753718,linear
3.944,1.593638385691079,9.147736433730843,-29.259803793412765,0.5605104154444389,0.29649092299173524,1.0032583215283892,0.9938960031762425,linear
3.948,1.5906903468345663,9.131201884266902,-29.314573430937735,0.5634314394680885,0.2983443375236502,1.0030863530249992,0.9964254938056342,linear
3.952,1.587663840726661,9.114673907490097,-29.375885102365444,0.5667013691821349,0.30037834153387394,1.002762457775201,0.9989825295926571,linear
3.956,1.5845601770588735,9.098163989548729,-29.44373904689082,0.570320217343539,0.3025923086823958,1.002286275572226,1.001565279607486,linear
3.96,1.581380682939119,9.081683147453074,-29.51813905207493,0.5742881859539458,0.30498546672196686,1.0016574924958055,1.0041719218080474,linear
3.964,1.5781267027879857,9.06524192263329,-29.599092561608956,0.5786056720070502,0.3075568979717613,1.0008758412401844,1.006800644693544,linear
3.968,1.574799598321565,9.04885037547946,-29.6866107893888,0.5832732735725273,0.31030553996653415,0.9999411014541224,1.0094496488652258,linear
3.972,1.5714007486156605,9.032518080817486,-29.7807088399085,0.5882917962169636,0.3132301862808409,0.998853100091675,1.0121171484951683,linear
3.976,1.5679315502458475,9.01625412427547,-29.881405834976356,0.5936622597619968,0.3163294875276017,0.9976117117724841,1.014801372704147,linear
3.98,1.5643934174975653,9.000067099496654,-29.98872504675571,0.5993859053797667,0.3196019525300256,0.9962168591502618,1.017500566849994,linear
3.984,1.5607877826401524,8.983965106156658,-30.1026940371312,0.6054642030257228,0.32304594966562705,0.9946685132881005,1.0202129937280864,linear
3.988,1.5571160962585209,8.967955748744853,-30.22334480340267,0.611898859208905,0.32665970838079694,0.9929666940391982,1.022936934685859,linear
3.992,1.5533798276359552,8.952046136072015,-30.35071393031174,0.6186918250999618,0.3304413208741188,0.991111470431547,1.02567069065343,linear
3.996,1.5495804651813812,8.936242881468896,-30.48484274841142,0.6258453049774627,0.3343887439463482,0.9891029610550901,1.02841258309263,linear
4.0,1.545719516894292,8.920552103642974,-30.625777498795657,0.6333617650134037,0.3384998010147149,0.9869413344498221,1.0311609548668514,linear
4.0040000000000004,1.5417985108604415,8.904979428163522,-30.773569504215622,0.6412439423993368,0.3427721842889359,0.9846268094932719,1.033914171034301,linear
4.008,1.5378189957713175,8.889529989547766,-30.92827534662051,0.6494948548151365,0.3472034571060784,0.9821596557857784,1.036670619567305,linear
4.0120000000000005,1.5337825414603772,8.874208433923908,-31.089957051174792,0.6581178102431757,0.3517910564211494,0.9795401940319495,1.0394287120004435,linear
4.016,1.5296907394489798,8.859018922249383,-31.258682276820544,0.6671164171315679,0.3565322954500513,0.9767687964166654,1.042186884010317,linear
4.0200000000000005,1.52554520349497,8.843965134065671,-31.434524513471665,0.6764945949111091,0.36142436646129017,0.973845886973977,1.044943595929823,linear
4.024,1.5213475701368633,8.829050271773333,-31.617563285949352,0.6862565848717492,0.36646434371259345,0.9707719419472333,1.0476973331998323,linear
4.0280000000000005,1.5170994992266378,8.814277065413666,-31.807884364792052,0.6964069614056999,0.37164918652836354,0.9675474901387607,1.0504466067611704,linear
4.032,1.5128026744441867,8.79964777794558,-32.00557998410072,0.7069506436257552,0.37697574251366833,0.9641731132474151,1.0531899533898155,linear
4.0360000000000005,1.508458803786557,8.785164211008443,-32.21074906661067,0.7178929073690286,0.38244075090025975,0.9606494461923196,1.0559259359781887,linear
4.04,1.5040696200252017,8.77082771116368,-32.42349745621485,0.7292393975980948,0.38804084601989874,0.9569771774211098,1.0586531437654156,linear
4.0440000000000005,1.4996368811245677,8.756639176609575,-32.6439381582004,0.7409961412135042,0.3937725609000717,0.9531570492010064,1.0613701925193648,linear
4.048,1.495162370615476,8.742599064365319,-32.87219158750039,0.7531695602937694,0.3996323309769903,0.9491898578910511,1.0640757246732562,linear
4.0520000000000005,1.4906478979168758,8.728707397921573,-33.108385825307245,0.7657664857813059,0.40561649792058635,0.9450764541938522,1.0667684094195455,linear
4.056,1.4860952985997167,8.714963775355953,-33.35265688444151,0.7787941716353197,0.41172131356604386,0.9408177433852006,1.0694469427637583,linear
4.0600000000000005,1.4815064345868403,8.701367377912586,-33.6051489839216,0.7922603094754109,0.41794294394624604,0.9364146855199462,1.0721100475408514,linear
4.064,1.4768831942829777,8.687916979045553,-33.86601483323626,0.806173043742649,0.4242774734193663,0.9318682956125401,1.0747564733966282,linear
4.0680000000000005,1.4722274926291226,8.674610953926328,-34.135415926881294,0.820540987408076,0.4307209088856883,0.9271796437906816,1.077384996736647,linear
4.072,1.4675412710757632,8.661447289415479,-34.41352284978734,0.8353732382620546,0.4372691840876135,0.9223498554205418,1.0799944206449743,linear
4.0760000000000005,1.4628264974696712,8.648423594498801,-34.70051559433486,0.8506793958216009,0.4439181639866905,0.9173801112020672,1.0825835747750694,linear
4.08,1.4580851658491845,8.635537111187766,-34.99658388972769,0.8664695788968341,0.4506636492113945,0.9122716472329093,1.0851513152149874,linear
4.0840000000000005,1.45331929614315,8.622784725883614,-35.30192754457621,0.8827544438619321,0.45750138056928946,0.9070257550395685,1.0876965243290044,linear
4.088,1.4485309337689753,8.610162981203828,-35.61675680362794,0.8995452036806117,0.4644270436171154,0.901643781574381,1.090218110577685,linear
4.0920000000000005,1.4437221491254986,8.597668088268739,-35.941292719674664,0.9168536477410167,0.4714362732822719,0.8961271291770367,1.092715008318326,linear
4.096,1.4388950369766798,8.58529593944514,-36.2757675417646,0.9346921625602029,0.4785246585291077,0.890477255499357,1.095186177587617,linear
4.1,1.4340517157224195,8.5730421215425,-36.62042512095336,0.9530737534240146,0.48568774706337037,0.8846956733921234,1.0976306038682797,linear
4.104,1.429194326553139,8.560901929456131,-36.975521334940645,0.9720120670341968,0.492921050068137,0.8787839507528048,1.1000472978413596,linear
4.108,1.4243250324850893,8.548870380250312,-37.34132453306129,0.9915214152410589,0.5002200469645165,0.8727437103330878,1.1024352951257634,linear
4.112,1.4194460172737042,8.53694222767279,-37.71811600322821,1.0116167999469015,0.5075801901903979,0.866576629505185,1.104793656006549,linear
4.116,1.4145594842027054,8.525111977090576,-38.106190462565166,1.032313939272888,0.5149969099905218,0.8602844399859537,1.1071214651533992,linear
4.12,1.4096676547470295,8.513373900835298,-38.50585657361567,1.0536292950899657,0.5224656192111512,0.8538689275179334,1.10941783133063,linear
4.124,1.4047727671080827,8.501722053944741,-38.91743748817505,1.0755801020230136,0.5299817180926497,0.8473319315064747,1.111681887100017,linear
4.128,1.3998770746202343,8.490150290285424,-39.34127142096505,1.0981843980465733,0.5375405990532975,0.8406753446122093,1.113912788517631,linear
4.132,1.394982844027923,8.478652279039427,-39.77771225555488,1.1214610568003829,0.5451376514577255,0.8339011122981842,1.1161097148258332,linear
4.136,1.3900923536332004,8.467221521536931,-40.22713018513269,1.1454298217635823,0.5527682663634025,0.8270112323310566,1.118271868141477,linear
4.14,1.3852078913140327,8.455851368414233,-40.68991239094526,1.1701113424378753,0.5604278412386734,0.8200077542358314,1.1203984731413343,linear
4.144,1.380331752414174,8.444535037075365,-41.166463761456065,1.1955272127023182,0.568111784645932,0.8128927787036958,1.122488776745672,linear
4.148,1.3754662375059528,8.433265629433748,-41.65720765552123,1.221700011515715,0.5758155208835907,0.805668456952593,1.1245420478008592,linear
4.152,1.370613650027845,8.422036149908804,-42.162586713153686,1.2486533461570255,0.5835344945806193,0.7983369900402548,1.1265575767618279,linear
4.156,1.365776293799274,8.410839523650905,-42.68306371773825,1.2764118982098038,0.5912641752375294,0.7909006281295033,1.1285346753751495,linear
4.16,1.360956470415635,8.39966861496655,-43.21912251387767,1.3050014725135968,0.5990000617078004,0.7833616697057119,1.1304726763634427,linear
4.164,1.3561564765271397,8.38851624591438,-43.771268985394,1.3344490493235994,0.6067376866138804,0.7757224607464065,1.1323709331117746,linear
4.168,1.3513786010056712,8.377375215041274,-44.340032098383844,1.3647828399398259,0.614472620692027,0.7679853938430722,1.1342288193566712,linear
4.172,1.346625122004451,8.366238316226635,-44.92596501463335,1.3960323460887678,0.6222004770604082,0.7601529072753237,1.1360457288783117,linear
4.176,1.3418983039159422,8.355098357601833,-45.52964628114271,1.4282284233641949,0.6299169154050397,0.7522274840376817,1.1378210751964353,linear
4.18,1.337200394234036,8.343948180510834,-46.15168110199421,1.461403349059575,0.6376176460783026,0.744211650819295,1.139554291270451,linear
4.184,1.332533620327202,8.3327806784771,-46.79270269932771,1.4955908947528571,0.64529843410496,0.7361079769370287,1.1412448292042008,linear
4.188,1.327900186129912,8.321588816141082,-47.4533737707662,1.5308264040352093,0.6529551030907744,0.7279190732224432,1.1428921599557964,linear
4.192,1.3233022687602833,8.31036564813196,-48.13438805126944,1.5671468758092189,0.6605835390290201,0.7196475908632699,1.1444957730529108,linear
4.196,1.3187420150724942,8.299104337836672,-48.836471988090636,1.6045910536192,0.6681796940003768,0.7112962202000868,1.1460551763138813,linear
4.2,1.314221538153156,8.287798176028895,-49.560386538276155,1.6431995215170814,0.6757395897619046,0.7028676894789928,1.1475698955749432,linear
4.204,1.3097429137714063,8.276440599320125,-50.30692909899171,1.6830148070123128,0.6832593212209972,0.6943647635611684,1.1490394744238903,linear
4.208,1.3053081767930805,8.265025208394942,-51.07693558188633,1.7240814917037295,0.6907350597904398,0.6857902425903076,1.1504634739404402,linear
4.212,1.300919317569857,8.253545785992218,-51.87128264373033,1.766446330245959,0.6981630566209104,0.6771469606190014,1.15184147244354,linear
4.216,1.296578278314815,8.241996314594084,-52.6908900866955,1.8101583783633448,0.7055396457074901,0.6684377841952459,1.1531730652458463,linear
4.22,1.292286949476314,8.23037099378445,-53.536723442898115,1.8552691306911395,0.7128612468669822,0.6596656109103487,1.154457864415579,linear
4.224,1.2880471661225787,8.218664257239034,-54.40979675921346,1.9018326692977596,0.7201243685830678,0.6508333679095988,1.1556954985459367,linear
4.228,1.2838607043497556,8.206870789309074,-55.31117559990978,1.9499058238239877,0.7273256107165691,0.6419440103671693,1.156885612532237,linear
4.232,1.2797292777265834,8.194985541161168,-56.24198028636029,1.9995483442662307,0.7344616670783232,0.6330005199268173,1.1580278673569377,linear
4.236,1.2756545337891123,8.18300374643617,-57.20338939499455,2.050823087532441,0.7415293278624204,0.6240059031100467,1.1591219398826693,linear
4.24,1.2716380505991483,8.170920936390381,-58.19664353677017,2.1037962190123287,0.7485254819377983,0.614963189693504,1.1601675226534074,linear
4.244,1.267681333380283,8.15873295448299,-59.22304944381,2.15853743052961,0.7554471189964269,0.6058754310574795,1.1611643237038887,linear
4.248,1.2637858112454659,8.146435970374187,-60.28398439149176,2.2151201761849006,0.7622913315565731,0.5967456985074934,1.162112066377369,linear
4.252,1.2599528340301183,8.134026493299132,-61.38090098723099,2.273621927755439,0.7690553168198728,0.5875770815710559,1.163010489151814,linear
4.256,1.2561836692447468,8.121501384783645,-62.515332360508125,2.3341244514943185,0.7757363783811833,0.5783726862718054,1.1638593454745954,linear
4.26,1.2524794991608783,8.108857870668366,-63.6888977924033,2.396714108369949,0.7823319277904403,0.5691356333833402,1.1646584036057637,linear
4.264,1.2488414180439502,8.09609355240884,-64.90330882707327,2.461482180008891,0.7888394859659801,0.5598690566651902,1.165407446469955,linear
4.268,1.2452704295464851,8.083206417620087,-66.16037591229795,2.528525222855512,0.7952566844590361,0.5505761010834915,1.16610627151699,linear
4.272,1.2417674442745086,8.070194849835026,-67.46201562151147,2.5979454533439013,0.8015812665693517,0.5412599210190715,1.1667546905912047,linear
4.276,1.2383332775397033,8.057057637447208,-68.8102585156997,2.6698511671957266,0.807811088312096,0.5319236784657861,1.167352529809558,linear
4.28,1.234968647309255,8.04379398180935,-70.20725771029103,2.744357196317427,0.813944119236496,0.5225705412221088,1.1678996294485515,linear
4.284,1.2316741723646891,8.030403504460317,-71.65529821980105,2.821585407177289,0.8199784430968357,0.5132036810791288,1.1683958438399882,linear
4.288,1.228450370680321,8.016886253454329,-73.15680716164937,2.9016652450046623,0.8259122583766914,0.5038262720082957,1.168841041275602,linear
4.292,1.2252976580311017,8.003242708767361,-74.7143649103982,2.9847343286779418,0.831743878667505,0.49444148835243545,1.1692351039205742,linear
4.296,1.2222163468388165,7.989473786757033,-76.33071730484772,3.0709391017644547,0.837471732902801,0.485052503023777,1.16957792773596,linear
4.3,1.2192066452646224,7.975580843653544,-78.00878902316974,3.160435545855231,0.8430943654495784,0.4756624857129525,1.1698694224100394,linear
4.304,1.2162686565549272,7.961565678060598,-79.75169825581378,3.2533899631137504,0.8486104360586046,0.4662746011131983,1.1701095112986104,linear
4.308,1.2134023786465389,7.947430532446646,-81.56277282256235,3.349979835845362,0.8540187196755455,0.4568920071642629,1.1702981313742256,linear
4.312,1.210607704035905,7.933178093608325,-83.44556789918184,3.450394771911122,0.8593181061150555,0.4475178533208524,1.1704352331843924,linear
4.316,1.207884419916106,7.918811492089416,-85.40388554100709,3.5548375459773274,0.864507599600143,0.4381552788508044,1.1705207808187368,linear
4.32,1.205232208584074,7.904334300540311,-87.44179621597662,3.6635252479348956,0.8695863181693031,0.42880741116859306,1.1705547518851394,linear
4.324,1.2026506481192891,7.8897505310045934,-89.56366258865431,3.7766905513703986,0.8745534929540874,0.41947736421023585,1.1705371374948446,linear
4.328,1.2001392133339723,7.875064631121092,-91.77416583028386,3.8945831167577705,0.8794084673299403,0.4101682368562093,1.1704679422565498,linear
4.332,1.1976972769935483,7.860281479231568,-94.078334768702,4.017471146107939,0.8841506959432991,0.400883111409601,1.1703471842794682,linear
4.336,1.1953241113049227,7.845406378386055,-96.48157823690794,4.14564310821209,0.8887797436180908,0.39162505213743753,1.1701748951853754,linear
4.34,1.1930188896688603,7.830445049239852,-98.98972103135183,4.279409656401753,0.8932952841449185,0.382397103883961,1.1699511201296262,linear
4.344,1.1907806886915835,7.815403621838201,-101.60904395188363,4.419105763995694,0.8976970989563471,0.37320229076559275,1.1696759178311475,linear
4.348,1.18860849044949,7.8002886262867746,-104.34632846637487,4.565093106394073,0.9019850756918332,0.3640436149584576,1.1693493606113974,linear
4.352,1.186501184999777,7.785106982308408,-107.20890662618869,4.717762723215595,0.9061592066559572,0.354924055590671,1.1689715344422846,linear
4.356,1.1844575731286562,7.769865987688682,-110.20471695621637,4.877537999075671,0.9102195871737259,0.34584656775316275,1.1685425390030428,linear
4.36,1.1824763693278024,7.754573305615505,-113.34236715788262,5.044878007720016,0.9141664138468036,0.3368140816446683,1.1680624877460455,linear
4.364,1.1805562049887104,7.739236950920233,-116.63120459869097,5.220281271437064,0.9179999827146332,0.32782950186872223,1.1675315079715505,linear
4.368,1.1786956318037225,7.723865275230546,-120.08139572158976,5.404289996190359,0.9217206873244767,0.31889570690312163,1.1669497409113598,linear
4.372,1.1768931253616541,7.70846695104793,-123.7040156966186,5.597494853001541,0.9253290167144844,0.3100155487654705,1.1663173418213757,linear
4.376,1.1751470889251983,7.69305095476547,-127.51114986195505,5.8005403880963256,0.9288255533139582,0.3011918529021939,1.1656344800830305,linear
4.38,1.1734558573766074,7.6776265486444775,-131.51600876895756,6.014131158591164,0.9322109707650329,0.2924274183329644,1.1649013393135674,linear
4.384,1.1718177013175755,7.662203261771543,-135.73305896507088,6.23903870752587,0.9354860316700406,0.2837250180879883,1.1641181174851447,linear
4.388,1.1702308313087355,7.6467908700205935,-140.1781720305262,6.476109512424187,0.9386515852688573,0.27508739998229204,1.1632850270527226,linear
4.392,1.1686934022337825,7.631399375047746,-144.86879484313684,6.72627406601043,0.9417085650505613,0.2665172877793002,1.1624022950907018,linear
4.396,1.1672035177729156,7.616038982349955,-149.82414459675002,6.990557277110577,0.944657986303746,0.25801738280598724,1.161470163438266,linear
4.4,1.1657592349700523,7.600720078421761,-155.065432763473,7.270090415209004,0.9475009436098392,0.24959036609416213,1.1604888888533786,linear
4.404,1.164358568878122,7.585453207047808,-160.61612299272468,7.5661248649548005,0.9502386082837823,0.2412389011376087,1.159458743175371,linear
4.408,1.162999497266702,7.570249044772172,-166.502228912279,7.880048008757343,0.9528722257664142,0.23296563737361708,1.158380013496066,linear
4.412,1.161679965376249,7.555118375589043,-172.75265897552126,8.213401618493183,0.9554031129728839,0.2247732145208854,1.157253002339353,linear
4.416,1.1603978907033143,7.540072064902673,-179.39961693122217,8.567903213723556,0.9578326556013972,0.21666426793513532,1.1560780278491387,linear
4.42,1.15915116780126,7.525121032808046,-186.479068233176,8.945470936676564,0.9601623054065633,0.2086414351807376,1.154855423985569,linear
4.424,1.1579376730812838,7.510276226747082,-194.03128482423017,9.348252607163554,0.9623935774415717,0.20070736406339723,1.153585540729431,linear
4.428,1.1567552695988184,7.495548593598647,-202.1014833020523,9.778659757815072,0.9645280472733788,0.19286472242840624,1.1522687442946047,linear
4.432,1.1556018118107658,7.480949051263925,-210.7405745942722,10.239407616436036,0.9665673481750279,0.1851162101050045,1.1509054173484383,linear
4.436,1.1544751502894293,7.466488459812004,-220.0060470403502,10.733562203329518,0.9685131682991657,0.17746457347516212,1.149495959239901,linear
4.44,1.153373136379474,7.452177592253636,-229.9630093021463,11.264595952749877,0.9703672478367494,0.16991262327154172,1.1480407862353523,linear
4.444,1.1522936267847512,7.438027105014173,-240.6854248986939,11.836453554231927,0.9721313761648617,0.1624632563738799,1.1465403317617437,linear
4.448,1.151234488072359,7.424047508179458,-252.25757643530235,12.45363004418653,0.9738073889874685,0.15511948258823652,1.1449950466570609,linear
4.452,1.1501936010818858,7.410249135591205,-264.77580472489655,13.121263558298502,0.9753971654728725,0.14788445767679373,1.1434053994277846,linear
4.456,1.1491688652283785,7.396642114870723,-278.3505757240757,13.845245567236692,0.9769026253915158,0.14076152428078645,1.141771876513132,linear
4.46,1.1481582026881838,7.383236337452141,-293.1089358652407,14.632351826655727,0.9783257262576931,0.13375426287811787,1.1400949825558149,linear
4.464,1.1471595624574462,7.370041428708125,-309.1974225340865,15.490397601423535,0.9796684604786305,0.12686655558470672,1.1383752406790284,linear
4.468,1.1461709242736753,7.35706671825271,-326.7854982923818,16.428420822707906,0.9809328525142809,0.12010266650548383,1.1366131927693517,linear
4.472,1.1451903023914407,7.34432121050723,-346.0695696138999,17.456896418849023,0.9821209560510731,0.1134673435500475,1.1348093997652227,linear
4.476,1.1442157492038885,7.331813555616155,-367.27762346364767,18.587983597611604,0.9832348511927428,0.10696594826068792,1.1329644419506095,linear
4.48,1.1432453587024132,7.319552020800332,-390.6744499634088,19.835804386124323,0.9842766416712473,0.10060462240312146,1.1310789192534707,linear
4.484,1.142277269767448,7.307544462235205,-416.56728424773024,21.21674452746447,0.9852484520806528,0.09439050302679627,1.1291534515485702,linear
4.488,1.1413096692839544,7.295798297541434,-445.31143789775444,22.749753821398848,0.9861524251367572,0.08833200162376402,1.127188678964159,linear
4.492,1.1403407950758044,7.2843204789746405,-477.31499929018014,24.456596807661086,0.9869907189650823,0.08243916809892787,1.1251852621920155,linear
4.496,1.1393689386538333,7.273117467399927,-513.0407898067631,26.361957096292443,0.9877655044197492,0.07672416656652715,1.1231438828002818,linear
4.5,1.1383924477729306,7.262195207135305,-553.0021816465845,28.49321431940946,0.9884789624356141,0.07120189711989866,1.1210652435484922,linear
4.5040000000000004,1.1374097287940803,7.2515591017461904,-597.7466629252497,30.87956761015624,0.9891332814159189,0.06589080415788694,1.1189500687041518,linear
4.508,1.1364192488478153,7.241213990870745,-647.8165528437628,33.54994042843148,0.9897306546575747,0.06081391345079053,1.1167991043601584,linear
4.5120000000000005,1.1354195377960643,7.2311641281529475,-703.6693989422469,36.52873511496734,0.99027327781607,0.05600012720872565,1.11461311875233,linear
4.516,1.1344091899898776,7.221413160357135,-765.5314704939515,39.828019268032556,0.9907633464118613,0.05148575856912636,1.1123929025762254,linear
4.5200000000000005,1.1333868658209922,7.2119641077339915,-833.1495847797834,43.43428991703494,0.9912030533799769,0.047316165753990606,1.1101392693024057,linear
4.524,1.1323512930656736,7.202819345703984,-905.4107023089119,47.288185429527964,0.9915945866644301,0.043547091344458735,1.1078530554892156,linear
4.5280000000000005,1.1313012680197,7.193980587919876,-979.8428551629212,51.25786856864673,0.9919401268589151,0.04024486244961821,1.1055351210921054,linear
4.532,1.1302356564238023,7.185448870765187,-1052.1383987959277,55.11360012536083,0.9922418448951279,0.03748399948822413,1.1031863497684469,linear
4.5360000000000005,1.129153394179268,7.17722453934053,-1116.0645666030484,58.52296853352901,0.9925018997799304,0.03534038312503456,1.1008076491767365,linear
4.54,1.1280534878538244,7.169307234984494,-1164.2962866302726,61.09530640662944,0.9927224363824533,0.03387887357537106,1.0983999512689975,linear
4.5440000000000005,1.1269350149782964,7.161695884370299,-1190.4177540301412,62.48844021682144,0.9929055832721092,0.03313719204038751,1.0959642125751325,linear
4.548,1.1257971241349047,7.154388690213865,-1191.3574510349163,62.53855699045625,0.9930534506083762,0.033112150086174776,1.0935014144778996,linear
4.5520000000000005,1.1246390348384343,7.147383123623224,-1168.6590364325268,61.32798453921243,0.9931681280830865,0.03375585664496779,1.0910125634770975,linear
4.556,1.1234600372118542,7.140675918113454,-1127.6130144348,59.138880835980004,0.9932516829158534,0.034984772558535306,1.0884986914414905,linear
4.5600000000000005,1.1222594914583135,7.134263065305531,-1075.0039698102628,56.33308751409675,0.9933061579031516,0.036696740208900666,1.085960855846893,linear
4.564,1.1210368271317874,7.128139812321818,-1017.0413096679688,53.241770309868635,0.9933335695214691,0.03878778614650051,1.0834001399987754,linear
4.5680000000000005,1.119791542208974,7.122300660885226,-958.334710223346,50.11077665948458,0.993335906084841,0.04116338801590992,1.080817653237657,linear
4.572,1.118523201965394,7.1167393681237,-901.7975116023308,47.09548346302071,0.9933151259569829,0.04374350661864015,1.078214531125464,linear
4.5760000000000005,1.1172314376589711,7.111448949076324,-848.9998648602245,44.27963144180649,0.9932731558181485,0.04646323567007566,1.0755919356109558,linear
4.58,1.1159159450247238,7.1064216808924074,-800.6058768856406,41.69863934724457,0.9932118889867446,0.04927121789220057,1.0729510551722192,linear
4.5840000000000005,1.1145764825845321,7.101649108710092,-756.7328374480715,39.358762583787104,0.9931331837956582,0.05212730900960262,1.070293104934165,linear
4.588,1.1132128697763028,7.097122053196691,-717.1993999797334,37.250329411670215,0.9930388620231674,0.05500026098390875,1.067619326758849,linear
4.5920000000000005,1.111824984907217,7.092830619728879,-681.6807781153278,35.35601802964667,0.9929307073782372,0.05786573095550859,1.0649309893063803,linear
4.596,1.1104127629360914,7.088764209187195,-649.7992104106147,33.6556813214729,0.9928104640399298,0.06070468309519781,1.062229388064072,linear
4.6000000000000005,1.1089761930902862,7.084911530336119,-621.1734304959937,32.128985243044546,0.9926798352505984,0.06350214989478031,1.0595158453414308,linear
4.604,1.1075153163229594,7.081260613758108,-595.4436485877409,30.75674115902982,0.9925404819624722,0.06624628855822912,1.0567917102284818,linear
4.6080000000000005,1.1060302226168646,7.077798827307667,-572.2825289665998,29.521491303722105,0.9923940215371904,0.06892766735210677,1.0540583585148675,linear
4.612,1.1045210481413057,7.074512893049548,-551.3984880540836,28.407684677039043,0.9922420264977917,0.07153872647265883,1.05131719256708,linear
4.616,1.102987972269268,7.071388905643687,-532.5350002664246,27.40164002369527,0.9920860233326256,0.07407336967670868,1.0485696411611234,linear
4.62,1.1014312144621787,7.0684123521384725,-515.4680030910218,26.491407438384062,0.991927491350616,0.07652665342269764,1.0458171592678502,linear
4.624,1.099851031030188,7.06556813313317,-500.0025545533702,25.666590098769547,0.9917678615872699,0.0788945487242911,1.0430612277881557,linear
4.628,1.0982477117763043,7.062840585270166,-485.9693555396229,24.918158790836873,0.9916085157608066,0.08117375738637231,1.0403033532351882,linear
4.632,1.096621576533176,7.06021350501771,-473.22144327543003,24.238275562504242,0.9914507852777503,0.08336156911078073,1.0375450673606856,linear
4.636,1.0949729716017658,7.057670173704202,-461.6311922879305,23.62013377620559,0.9912959502873265,0.08545574950069038,1.0347879267225417,linear
4.64,1.0933022661016403,7.055193383765779,-451.08766735337986,23.057816933890724,0.9911452387839749,0.08745445158147,1.0320335121906956,linear
4.644,1.091609848243046,7.052765466169777,-441.4943254441442,22.54617611517641,0.9909998257573015,0.08935614534653992,1.0292834283884407,linear
4.648,1.0898961215314213,7.050368318977718,-432.767041002742,22.0807246594691,0.9908608323887812,0.09115956122006666,1.026539303066278,linear
4.652,1.0881615009154513,7.047983437012531,-424.8324197810814,21.657548238108564,0.9907293252945281,0.09286364434421954,1.0238027864054802,linear
4.656,1.086406408890219,7.0455919425960305,-417.6263646086851,21.273228362617008,0.9906063158134605,0.09446751734839677,1.0210755502485787,linear
4.66,1.0846312715674615,7.0431746173236265,-411.0928581974431,20.924777468137275,0.9904927593401989,0.09597044981417242,1.0183592872540874,linear
4.664,1.0828365147253458,7.040711934844509,-405.18293145601143,20.609583890639875,0.9903895547020493,0.097371833065072,1.0156557099728492,linear
4.668,1.0810225598506054,7.038184094616255,-399.8537896940687,20.325365264855254,0.9902975435794529,0.09867115922232499,1.0129665498435383,linear
4.672,1.0791898201862473,7.035571056603589,-395.0680729852532,20.070129077278548,0.9902175099692957,0.09986800370365387,1.0102935561049826,linear
4.676,1.0773386967983931,7.0328525768913694,-390.7932305598026,19.84213930071001,0.990150179690512,0.1009620105216421,1.0076384946231518,linear
4.68,1.0754695746761376,7.030008244181786,-387.00099230660203,19.639888207922482,0.9900962199314399,0.10195287987563216,1.0050031466308544,linear
4.684,1.0735828188785805,7.02701751714548,-383.6669232582006,19.462072611051916,0.9900562388384245,0.10284035763694399,1.0023893073784098,linear
4.688,1.0716787707434245,7.023859762595236,-380.7700493333407,19.30757390135821,0.9900307851451999,0.103624226409218,0.9997987846938274,linear
4.692,1.0697577441717068,7.0205142944495424,-378.29254466120193,19.175441373317977,0.9900203478426272,0.10430429790960768,0.9972333974513049,linear
4.696,1.067820022003357,7.016960413451233,-376.21947255821914,19.064878410165086,0.9900253558884016,0.10488040646665288,0.9946949739471737,linear
4.7,1.0658658524983424,7.013177447603775,-374.53857372046355,18.97523118757446,0.9900461779563918,0.10535240347015962,0.9921853501827748,linear
4.704,1.0638954459381533,7.009144793284457,-373.2400964776987,18.90597962061733,0.9900831222253192,0.10572015263972045,0.9897063680541188,linear
4.708,1.0619089713622984,7.004841956989691,-372.31666507083213,18.856730338614685,0.990136436206535,0.10598352600346546,0.9872598734485989,linear
4.712,1.0599065534543506,7.000248597663043,-371.763182899944,18.827211525073352,0.9902063066107017,0.10614240049864793,0.9848477142494615,linear
4.716,1.0578882695918275,6.9953445695510785,-371.5767685792229,18.817269507309764,0.9902928592532361,0.10619665512182212,0.982471738249212,linear
4.72,1.0558541470738936,6.990109965526217,-371.7567234591044,18.82686702431117,0.9903961589984247,0.10614616856950435,0.9801337909736257,linear
4.724,1.0538041605404656,6.984525160808924,-372.30453006417366,18.85608314342446,0.9905162097421716,0.10599081732098378,0.9778357134185629,linear
4.728,1.051738229595811,6.978570857014315,-373.2238816769485,18.905114838145316,0.9906529544333939,0.10573047412388843,0.9755793397023282,linear
4.732,1.0496562166491517,6.972228126440301,-374.52074410236594,18.974280282197885,0.9908062751341284,0.10536500685063546,0.9733664946368883,linear
4.736,1.0475579249841194,6.965478456505995,-376.2034515078424,19.064023960963862,0.9909759931184717,0.10489427770035196,0.9711989912218493,linear
4.74,1.0454430970681405,6.958303794240262,-378.28283918558793,19.174923752082737,0.9911618690105138,0.10431814272653285,0.9690786280656948,linear
4.744,1.0433114131119876,6.95068659071112,-380.77241717019507,19.307700184982647,0.9913636029614923,0.10363645167586726,0.9670071867394047,linear
4.748,1.0411624898887895,6.9426098452772615,-383.6885899174767,19.46322815699156,0.9915808348664269,0.10284904812854878,0.9649864290681897,linear
4.752,1.038995879820782,6.934057149533501,-387.05092877509634,19.642551464988255,0.9918131446205519,0.10195576993522176,0.9630180943677035,linear
4.756,1.0368110703409712,6.925012730812399,-390.8825058346625,19.846900610705255,0.9920600524159022,0.10095644995074758,0.9611038966317107,linear
4.76,1.0346074835357146,6.915461495095011,-395.2103000562262,20.077714460529183,0.9923210190784556,0.09985091707047178,0.9592455216787984,linear
4.764,1.0323844760729817,6.905389069174628,-400.06568944101895,20.336666494503973,0.9925954464462731,0.0986389975809516,0.9574446242663124,linear
4.768,1.0301413394197512,6.894781841908856,-405.4850466850521,20.625696574269305,0.9928826777891157,0.09732051684455947,0.9557028251802729,linear
4.772,1.0278773003506574,6.883627004387384,-411.51046042809867,20.947049409366,0.9931819982700528,0.09589530134651397,0.9540217083105662,linear
4.776,1.0255915217485891,6.871912588835673,-418.19061026356434,21.30332122405672,0.9934926354496072,0.09436318114437534,0.9524028177212184,linear
4.78,1.0232831036965233,6.859627506068545,-425.58183156672914,21.697516547712315,0.9938137598330111,0.0927239927747801,0.9508476547260217,linear
4.784,1.020951084858429,6.846761581302642,-433.7494165855902,22.133117605769648,0.9941444854611721,0.09097758269142348,0.9493576749802087,linear
4.788,1.0185944441456027,6.8333055881328155,-442.76921203504287,22.614169524074654,0.9944838705459684,0.08912381133376873,0.9479342855992204,linear
4.792,1.016212102663352,6.819251280475215,-452.729591935381,23.145385546095973,0.9948309181505102,0.08716255796014367,0.9465788423159288,linear
4.796,1.0138029259314834,6.80459142227896,-463.73390949025554,23.732277798705876,0.9951845769150129,0.08509372642532892,0.9452926466878974,linear
4.8,1.0113657263706453,6.78931981480919,-475.90356608331217,24.38132097069469,0.9955437418289462,0.08291725214664378,0.9440769433664288,linear
4.804,1.008899266045181,6.77343132130691,-489.3818829045913,25.100158797864307,0.9959072550501115,0.08063311059156995,0.9429329174392279,linear
4.808,1.0064022596518272,6.756921888835636,-504.33902710753233,25.897866789305063,0.996273906771314,0.07824132774565612,0.941861691858511,linear
4.812,1.003873377742315,6.739788567131303,-520.9783384793336,26.785289647122195,0.9966424361352819,0.07574199319940964,0.9408643249662985,linear
4.816,1.0013112501667483,6.7220295242804315,-539.5445377017044,27.775479036849017,0.9970115321984737,0.07313527675440118,0.9399418081284611,linear
4.82,0.9987144697235076,6.7036440590619755,-560.3344940109255,28.884267858067233,0.9973798349444074,0.07042144983499136,0.9390950634888137,linear
4.824,0.996081596000431,6.684632609800821,-583.7115208874424,30.13103267510069,0.9977459363471128,0.06760091357236474,0.9383249418542011,linear
4.828,0.9934111593910956,6.664996759595284,-610.1246052403499,31.539719265336952,0.998108381485294,0.0646742363161196,0.9376322207210654,linear
4.832,0.9907016652692355,6.644739237797248,-640.1346429441928,33.140241836690294,0.9984656697077499,0.061642204717696256,0.937017602453448,linear
4.836,0.9879515983036433,6.623863917641746,-674.4507916641951,34.97042182947479,0.9988162558505699,0.05850589475105586,0.9364817126217546,linear
4.84,0.9851594268953441,6.602375809942371,-713.9816970859445,37.078719960184635,0.9991585515065767,0.05526677267736293,0.9360250985109034,linear
4.844,0.9823236077184058,6.580281052790231,-759.9090064763808,39.528156913458055,0.999490926347445,0.05192684209672658,0.9356482278056871,linear
4.848,0.9794425903454421,6.557586897216574,-813.7949590072504,42.40205144686903,0.9998117094988713,0.04848886389116976,0.9353514874603263,linear
4.852,0.9765148219387001,6.534301688802914,-877.7431690023681,45.81259542901546,1.0001191909691152,0.04495669502401245,0.935135182758262,linear
4.856,0.9735387519875818,6.510434845246855,-954.6441319349663,49.91394738821906,1.0004116231311684,0.04133582792144784,0.9349995365672594,linear
4.86,0.9705128370735427,6.485996829917004,-1048.5579908418813,54.92264655836913,1.0006872222587435,0.0376342817546163,0.93494468879386,linear
4.864,0.9674355456435257,6.460999121455803,-1165.3214465437632,61.14998116568775,1.000944170116203,0.033864138758019385,0.9349706960401608,linear
4.868,0.964305362773421,6.435454179514742,-1313.5145310246855,69.05354926416487,1.0011806156024683,0.03004432242298226,0.9350775314647907,linear
4.872,0.9611207949035027,6.409375406731793,-1505.9536272137798,79.31688582178741,1.0013946764488773,0.026205898407072423,0.935265084848849,linear
4.876,0.9578803745283431,6.3827771070859844,-1761.6662782140497,92.95478503889241,1.001584440970862,0.0224027863342315,0.935533162866443,linear
4.88,0.9545826648243756,6.35567444078832,-2106.6775005209174,111.35523671848611,1.0017479698732379,0.0187345731323664,0.9358814895583454,linear
4.884,0.9512262641990197,6.328083375891636,-2563.60617268012,135.72457142264292,1.0018832981087953,0.015395954348705646,0.9363097070061881,linear
4.888,0.947809810746117,6.300020636824182,-3090.639207411619,163.83277562621828,1.0019884367897949,0.012770935302742727,0.9368173762035268,linear
4.892,0.944331986593335,6.2715036500725025,-3431.6617463836965,182.02049922561716,1.002061375151855,0.01150194693600332,0.9374039781190706,linear
4.896,0.9407915221281478,6.242550487258337,-3246.3710687851717,172.13840861698665,1.0021000825696262,0.01215817802087078,0.9380689149463683,linear
4.9,0.9371872000900316,6.21317980587161,-2704.7253860380115,143.25086940533456,1.0021025106235337,0.014592153233927253,0.9388115115332997,linear
4.904,0.9335178595175486,6.183410787936962,-2169.3680364871134,114.69870528771374,1.0020665952167553,0.018191703017533502,0.9396310169838377,linear
4.908,0.9297823995400863,6.153263076904578,-1755.5937220394685,92.63091796084527,1.0019902587414977,0.022476954905126637,0.9405266064237345,linear
4.912,0.9259797830051038,6.122756713067074,-1451.2198845729893,76.39777617668317,1.0018714122935053,0.027187885776478533,0.9414973829210451,linear
4.916,0.9221090399328463,6.0919120678130945,-1225.4707075602869,64.35791615254855,1.0017079579336277,0.03219183345076824,0.94254237955175,linear
4.92,0.9181692707915879,6.060749777034579,-1054.137459946408,55.22021586921408,1.0014977909951452,0.03741832564722378,0.9436605616001674,linear
4.924,0.9141596495875441,6.029290674008887,-920.8418638673605,48.111174144844846,1.0012388024354322,0.042827465102233876,0.9448508288833644,linear
4.928,0.9100794267646632,5.997555722078565,-814.7491014161,42.452938635906236,1.0009288812304147,0.04839517263322555,0.9461120181883828,linear
4.932,0.9059279319105434,5.965565947451062,-728.6033632913376,37.85853593454208,1.0005659168101546,0.0541060323778187,0.9474429058108034,linear
4.936,0.9017045762657224,5.9333423724377425,-657.4358962480082,34.06296798247958,1.000147801533765,0.05994962755446115,0.9488422101829577,linear
4.94,0.897408855034533,5.900905949446523,-597.760254076228,30.880292465757094,0.9996724332017424,0.06591855849985886,0.9503085945799773,linear
4.944,0.8930403494966451,5.868277496035296,-547.0718890152493,28.176934569785324,0.999137717603668,0.07200731593737716,0.9518406698918486,linear
4.948,0.8885987289192515,5.835477631324101,-503.53211645562214,25.854831897973273,0.9985415710991157,0.07821161160428891,0.9534369974496779,linear
4.952,0.8840837522706749,5.802526714053044,-465.7642333520277,23.840560873855345,0.9978819232294699,0.08452796493339879,0.9550960918945238,linear
4.956,0.8794952697369015,5.769444782560164,-432.71898937813785,22.078161926608576,0.997156719358242,0.0909534390602415,0.9568164240773419,linear
4.96,0.874833224043236,5.7362514969391345,-403.5838410330642,20.524299748686456,0.9963639233373497,0.0974854671253445,0.9585964239788823,linear
4.964,0.8700976515838941,5.702966083620926,-377.7204519831627,19.144930007316248,0.9955015201967029,0.1041217349620957,0.9604344836387056,linear
4.968,0.8652886833629029,5.669607282606549,-354.6208071302475,17.91295878014906,0.9945675188543257,0.11086010002055142,0.9623289600828976,linear
4.972,0.8604065457501854,5.636193297559863,-333.8758425933108,16.80656950096998,0.9935599548441264,0.11769853418552226,0.9642781782404987,linear
4.976,0.8554515610571307,5.6027417489503515,-315.15265176804826,15.808007292574255,0.9924768930583188,0.12463508272125151,0.9662804338391704,linear
4.98,0.8504241479363424,5.569269630415943,-298.17767181295727,14.902682253182034,0.9913164305013852,0.13166783433251764,0.9683339962711445,linear
4.984,0.8453248216105652,5.535793268495517,-282.72410881439845,14.07849880392709,0.9900766990523749,0.13879489903814785,0.9704371114210649,linear
4.988,0.8401541939360697,5.502328285859751,-268.6024126402125,13.325347685103788,0.9887558682322192,0.14601439163373778,0.9725880044479283,linear
4.992,0.8349129733059694,5.468889568147822,-255.65297673797158,12.634716615180947,0.9873521479726587,0.15332441921987003,0.9747848825139139,linear
4.996,0.8296019643991278,5.435491234496014,-243.74048221173942,11.999388643969628,0.9858637913832815,0.1607230717337882,0.9770259374535336,linear
5.0,0.8242220677804102,5.402146611822992,-232.74947165140807,11.413206092071649,0.9842890975130822,0.16820841473268824,0.9793093483771325,linear
0.0,0.0,0.0,-18.750149632983685,0.0,0.0,1.1705554002218517,1.1705554002218517,poly2
0.004,2.3171130260837218e-05,0.011583167838080383,-18.752591936501293,0.00013025514811420354,8.62667574498787e-05,1.1705064387844546,1.1705296074086908,poly2
0.008,9.270031202709596e-05,0.023183978790329077,-18.756203090771244,0.0003228485055345841,0.00022100796966070165,1.1703595454917588,1.1704522357178782,poly2
0.012,0.0002086704865178746,0.03481304648042973,-18.760977729198615,0.0005774938561493686,0.0004040245671227216,1.1701146487548737,1.1703233053999127,poly2
0.016,0.00037119920251192065,0.04648087063089627,-18.766908004874384,0.0008937727014838876,0.0006350199093281532,1.1697716612940727,1.1701428502205848,poly2
0.02,0.0005804393335186309,0.05819779769255174,-18.773983640142752,0.001271136904269833,0.0009136011141099723,1.1693304807654594,1.1699109174834248,poly2
0.024,0.0008365785757177892,0.06997398340867603,-18.782191994670022,0.001708912318756664,0.0012392808971588506,1.168790990612905,1.169627568061111,poly2
0.028,0.0011398388354486831,0.08181935779904606,-18.791518151511248,0.0022063033808962513,0.0016114799080423165,1.1681530611411604,1.1692928764358548,poly2
0.032,0.0014904755125889207,0.09374359300579274,-18.8019450205138,0.0027623986231554683,0.002029529544765655,1.1674165508048413,1.1689069307487372,poly2
0.036000000000000004,0.0018887766872186156,0.10575607439298952,-18.813453458247594,0.0033761770707445155,0.002492675224823148,1.1665813077068066,1.1684698328580023,poly2
0.04,0.002335062217949315,0.1178658752366771,-18.82602240350915,0.004046515468441664,0.0030000800868402646,1.165647171298335,1.1679816984062896,poly2
0.044,0.0028296827611900186,0.13008173528314684,-18.839629027313435,0.004772196280095036,0.00355082909331795,1.1646139742724606,1.1674426568967917,poly2
0.048,0.0033730187214029515,0.14241204339239844,-18.854248896165075,0.005551916396350599,0.004143933501737943,1.1634815446408489,1.1668528517783268,poly2
0.052000000000000005,0.003965479143053097,0.1548648244222021,-18.869856147289106,0.006384296480218095,0.004778335668368344,1.1622497079837038,1.166212440539303,poly2
0.056,0.004607500555486865,0.16744773044768024,-18.886423674403353,0.007267890874851799,0.0054529141465830735,1.1609182898614006,1.1655215948105528,poly2
0.06,0.005299545782370535,0.180168036353024,-18.903923322529355,0.008201197993383683,0.006166489039377177,1.159487118375827,1.164780500477016,poly2
0.064,0.006042102727582288,0.19303263977697643,-18.922326090268072,0.009182671106875241,0.0069178275640577646,1.1579560268688196,1.1639893577982372,poly2
0.068,0.006835683149584943,0.20604806534304784,-18.94160233791057,0.010210729443465206,0.007705649785824364,1.1563248567445745,1.1631483815376422,poly2
0.07200000000000001,0.007680821436319366,0.21922047305969655,-18.961721999712267,0.011283769509572432,0.008528634476121223,1.1545934604025345,1.162257801100563,poly2
0.076,0.008578073392521493,0.2325556707354475,-18.98265479863368,0.012400176542644198,0.009385425051268192,1.1527617042669547,1.1613178606809536,poly2
0.08,0.00952801505114657,0.24605913021943485,-19.00437046183859,0.013558336004300517,0.010274635546930954,1.1508294718991927,1.1603288194167511,poly2
0.084,0.010531241520221618,0.259736007249166,-19.026838935244996,0.014756645022959276,0.011194856584477216,1.1487966671786898,1.1592909515538266,poly2
0.088,0.011588365875999597,0.2735911646644078,-19.050030595440905,0.01599352369592263,0.012144661286169523,1.1466632175386584,1.158204546618449,poly2
0.092,0.012700018112737684,0.28762919872874876,-19.07391645730941,0.017267426162625384,0.013122611097431021,1.14442907724263,1.1570699095981964,poly2
0.096,0.013866844158792026,0.301854468288226,-19.098468375751594,0.01857685136310461,0.01412726147609206,1.142094230688257,1.1558873611312244,poly2
0.1,0.015089504968006848,0.31627112648904004,-19.1236592399525,0.019920353398767902,0.015157167410519935,1.1396586957251007,1.1546572377037918,poly2
0.10400000000000001,0.016368675694606684,0.33088315477329533,-19.149463158703774,0.021296551416189784,0.016210888730849443,1.1371225269735517,1.1533798918559472,poly2
0.108,0.017705044958967082,0.34569439887239894,-19.175855635374468,0.02270413893881233,0.017286995180122156,1.1344858191325444,1.1520556923952463,poly2
0.112,0.019099314210754482,0.3607086065216117,-19.202813731209215,0.02414189257611261,0.018384071214955656,1.1317487102642874,1.1506850246183697,poly2
0.116,0.020552197195022517,0.37592946662584,-19.23031621572825,0.025608680044872677,0.019500720508405848,1.128911385044894,1.1492682905404958,poly2
0.12,0.022064419525890798,0.39136064961540123,-19.25834370310632,0.02710346744266308,0.020635570130858094,1.1259740779704877,1.1478059091322594,poly2
0.124,0.02363671837147408,0.40700584874083845,-19.286878773515205,0.02862532571939326,0.021787274388105567,1.1229370765091238,1.1462983165641154,poly2
0.128,0.02526984225273806,0.4228688220672707,-19.31590607852782,0.030173436298817805,0.022954518299165727,1.1198007241896561,1.1447459664579103,poly2
0.132,0.026964550957968507,0.4389534349409327,-19.34541242979713,0.03174709580804131,0.02413602069983301,1.1165654236195317,1.143149330145432,poly2
0.136,0.028721615573535707,0.45526370271301053,-19.375386870342332,0.033345719879418034,0.02533053696142589,1.1132316394243411,1.1415088969337053,poly2
0.14,0.030541818630639626,0.4718038335182482,-19.405820727894074,0.03496884599560674,0.02653686131762228,1.1097999011028545,1.1398251743767551,poly2
0.14400000000000002,0.032425954366718045,0.4885782709178515,-19.43670764987094,0.036616135354969055,0.027753828795668747,1.106270805792169,1.1380986885535562,poly2
0.148,0.03437482909920905,0.505591736227538,-19.468043619679726,0.03828737374091041,0.028980316751546775,1.1026450209384941,1.136329984351841,poly2
0.152,0.03638926170836262,0.5228492703620459,-19.499826954150326,0.039982471385074755,0.030215246011890195,1.0989232868700236,1.1345196257574228,poly2
0.156,0.03847008422481951,0.5403562750367223,-19.532058282034058,0.04170146182059818,0.031457581628511026,1.0951064192692392,1.132668196148655,poly2
0.16,0.040618142516685905,0.5581185531748265,-19.564740503608935,0.043444499727740275,0.032706333254320916,1.0911953115428876,1.1307762985956136,poly2
0.164,0.042834297069860146,0.5761423483756235,-19.597878731548363,0.04521185778023999,0.03396055515219935,1.0871909370887567,1.128844556163555,poly2
0.168,0.04511942385438964,0.5944343833032496,-19.631480213319904,0.04700392250661593,0.035219345850949026,1.0830943514592362,1.126873612220168,poly2
0.17200000000000001,0.047474415268657866,0.6130018968593091,-19.665554235487978,0.048821189186351324,0.03648184746488585,1.0789066944224908,1.1248641307460954,poly2
0.176,0.04990018115221491,0.6318526800033205,-19.700112010399152,0.05066425580649091,0.03774724469583584,1.0746291919228912,1.122816796648159,poly2
0.18,0.052397649857073854,0.6509951100841466,-19.73516654583119,0.052533816109645706,0.03901476353834466,1.0702631579431288,1.1207323160746785,poly2
0.184,0.054967769366289776,0.6704381835424492,-19.770732498286588,0.05443065176971062,0.040283669710751493,1.0658099962712118,1.1186114167322303,poly2
0.188,0.057611508447609906,0.690191546838745,-19.806826010710328,0.05635562373688081,0.04155326683644964,1.0612712021762547,1.1164548482031396,poly2
0.192,0.06032985782893908,0.7102655254538395,-19.843464535508428,0.05830966279871574,0.04282289440114801,1.0566483639976738,1.114263382262949,poly2
0.196,0.06312383138128498,0.7306711507980349,-19.88066664384041,0.06029375940915235,0.04409192551327365,1.051943164653066,1.1120378131970519,poly2
0.2,0.06599446729374422,0.7514201848525153,-19.918451822256,0.062308952842548795,0.04535976449583464,1.0471573830706602,1.109778958115623,poly2
0.20400000000000001,0.06894282922393644,0.7725251423505436,-19.956840257843613,0.06435631973502862,0.04662584433909743,1.042292895552838,1.107487657265918,poly2
0.20800000000000002,0.07197000740611306,0.7939993102875758,-19.995852613157872,0.0664369620807106,0.04788962404433766,1.0373516770777553,1.1051647743409527,poly2
0.212,0.07507711969792223,0.8158567645278417,-20.035509792295194,0.06855199475583977,0.04915058588973034,1.032335802546619,1.1028111967835064,poly2
0.216,0.07826531254553015,0.8381123832504794,-20.075832699592137,0.07070253264946866,0.05040823265014134,1.0272474479846387,1.100427836084324,poly2
0.22,0.08153576184545572,0.8607818569507885,-20.116841992530077,0.07288967748514504,0.05166208480320498,1.0220888917041067,1.0980156280733313,poly2
0.224,0.08488967368008102,0.8838816946816115,-20.158557830544673,0.07511450442419054,0.05291167775463,1.016862515438423,1.0955755332025892,poly2
0.228,0.08832828490234046,0.9074292261863006,-20.200999621557866,0.07737804854751491,0.05415655911616724,1.0115708054562262,1.0931085368196545,poly2
0.232,0.09185286354358789,0.9314425995382843,-20.2441857681758,0.07968129131961336,0.0553962860701322,1.0062163536650368,1.0906156494299248,poly2
0.23600000000000002,0.09546470901707137,0.9559407738630796,-20.28813341562723,0.08202514714538874,0.0566304228547867,1.0008018587140288,1.0880979069464731,poly2
0.24,0.09916515208783046,0.9809435066769139,-20.332858203654634,0.0844104501377835,0.05785853840526259,0.9953301271056514,1.0855563709257918,poly2
0.244,0.10295555457817372,1.0064713353323678,-20.378374024712397,0.08683794122178501,0.05908020418505324,0.9898040743258539,1.0829921287877864,poly2
0.248,0.10683730877620286,1.0325455520160152,-20.424692790973648,0.08930825570822362,0.060294992243404635,0.9842267260025773,1.0804062940182741,poly2
0.252,0.11081183651313437,1.0591881716966505,-20.471824212797266,0.09182191147877324,0.06150247353417437,0.9786012191019662,1.0778000063521544,poly2
0.256,0.1148805878734551,1.086421892376057,-20.519775591457314,0.09437929793160967,0.06270221653190336,0.9729308031713906,1.0751744319353314,poly2
0.26,0.11904503950025479,1.114270046948459,-20.568551629085903,0.09698066584511078,0.06389378618091118,0.9672188416378309,1.072530763463389,poly2
0.264,0.1233066924564249,1.1427565459310276,-20.61815425892379,0.09962611832462763,0.0650767432131469,0.9614688131694255,1.0698702202949235,poly2
0.268,0.127667069600842,1.1719058102874542,-20.66858249910542,0.10231560300441485,0.06625064387026725,0.955684313106994,1.0671940485373534,poly2
0.272,0.13212771243721427,1.2017426935315532,-20.719832333321758,0.10504890568303372,0.06741504006489638,0.9498690549710722,1.064503521102952,poly2
0.276,0.13669017739197295,1.2322923922699454,-20.771896621797985,0.10782564557553252,0.06856948001519063,0.9440268720483832,1.0617999377327458,poly2
0.28,0.14135603147655032,1.263580344324636,-20.824765046084007,0.11064527236896461,0.06971350938558299,0.9381617190596885,1.0590846249858556,poly2
0.28400000000000003,0.146126847288623,1.2956321135701834,-20.878424091176804,0.11350706526892121,0.07084667296484073,0.9322776739085318,1.05635893619178,poly2
0.28800000000000003,0.1510041973064971,1.3284732606293252,-20.93285706846076,0.11641013422300579,0.07196851691019486,0.9263789395074724,1.0536242513630336,poly2
0.292,0.15598964743088709,1.3621291985985136,-20.98804418285386,0.11935342350193608,0.07307859158318626,0.9204698456749193,1.0508819770654907,poly2
0.296,0.16108474972896655,1.3966250330244967,-21.043962647369142,0.12233571780943943,0.07417645499887053,0.9145548510915705,1.0481335462437351,poly2
0.3,0.16629103433684936,1.4319853854286555,-21.10058684802615,0.12535565107745986,0.07526167690497716,0.9086385453006602,1.0453804179986337,poly2
0.304,0.1716100004787535,1.4682341997812698,-21.15788856165887,0.12841171808248886,0.07633384350136824,0.9027256507306535,1.0426240773143203,poly2
0.308,0.17704310656411476,1.5053945314673962,-21.21583722864718,0.1315022889911271,0.07739256280253594,0.896821024712643,1.039866034731741,poly2
0.312,0.18259175932799926,1.5434883184636705,-21.27440028192913,0.13462562690726448,0.07843747063671985,0.8909296614574456,1.0371078259658693,poly2
0.316,0.18825730198547833,1.5825361346649975,-21.33354353281306,0.13777990844856436,0.07946823726439105,0.8850566939492165,1.0343510114636842,poly2
0.32,0.194041001377347,1.6225569255653907,-21.393231613085238,0.14096324732534748,0.08048457458616896,0.8792073957032824,1.0315971759000166,poly2
0.324,0.19994403409281505,1.6635677268110145,-21.45342847168427,0.14417372082968358,0.08148624389561887,0.8733871823258322,1.0288479276083538,poly2
0.328,0.20596747156478787,1.7055833665079778,-21.514097922777623,0.1474093990659057,0.08247306411572618,0.8676016128021359,1.0261048979437373,poly2
0.332,0.2121122641452037,1.748616152583381,-21.575204240422778,0.15066837666561841,0.08344492043917295,0.8618563904281499,1.023369740574922,poly2
0.336,0.21837922418176572,1.7926755469650077,-21.636712793125877,0.15394880663055577,0.08440177327187565,0.8561573632878405,1.0206441307030347,poly2
0.34,0.22476900813339054,1.8377678288601793,-21.698590709537978,0.15724893583609825,0.08534366735678288,0.8505105241654853,1.0179297642040381,poly2
0.34400000000000003,0.23128209777991535,1.8838957499728122,-21.760807564274266,0.16056714160800534,0.08627074093090797,0.8449220097688472,1.0152283566924218,poly2
0.34800000000000003,0.2379187806020502,1.9310581850919954,-21.82333607044491,0.16390196865709986,0.08718323474342943,0.8393980991257809,1.0125416425036704,poly2
0.352,0.24467912943022782,1.9792497821046988,-21.886152763001284,0.16725216552410901,0.0880815007369952,0.8339452110039328,1.0098713735931946,poly2
0.356,0.2515629814857885,2.0284606161154093,-21.94923865450425,0.17061671955369337,0.0889660101688597,0.8285699001912333,1.0072193183496048,poly2
0.36,0.2585699169646415,2.0786758529788885,-22.0125798425061,0.17399488928789247,0.08983736092412048,0.8232788524644541,1.0045872603204034,poly2
0.364,0.265699237341854,2.1298754281473515,-22.07616804552332,0.17738623305111037,0.0906962837512454,0.8180788780648993,1.0019769968484016,poly2
0.368,0.2729499436051407,2.182033747275316,-22.140001042702004,0.1807906323987504,0.09154364713160226,0.8129769034950879,0.9993903376174335,poly2
0.372,0.28032071465536534,2.2351194154859733,-22.204082990899497,0.18420830902810198,0.09238046048136621,0.8079799614489209,0.99682910310623,poly2
0.376,0.28780988614224745,2.289095002551441,-22.26842459219997,0.18763983371243245,0.09320787537758307,0.8030951786912025,0.9942951229496356,poly2
0.38,0.2954154300326231,2.3439168514436233,-22.33304308502933,0.19108612582711987,0.09402718450207381,0.7983297617114056,0.9917902342067042,poly2
0.384,0.3031349352358515,2.399534937739982,-22.397962033221184,0.19454844209992722,0.09483981800898658,0.7936909799921502,0.9893162795355934,poly2
0.388,0.31096558963515003,2.4558927871885707,-22.46321088978121,0.19802835334528843,0.09564733704577925,0.7891861467557723,0.9868751052755955,poly2
0.392,0.31890416389354015,2.512927458321593,-22.528824315848794,0.2015277081425517,0.09645142419467481,0.7848225970833053,0.9844685594370787,poly2
0.396,0.3269469974173546,2.570569596335012,-22.594841240566353,0.20504858269607673,0.09725387065324238,0.7806076633396141,0.9820984896005955,poly2
0.4,0.3350899868675445,2.6287435635097425,-22.66130365428299,0.2085932164732771,0.09805656003927858,0.7765486478864857,0.9797667407269102,poly2
0.404,0.3433285776079729,2.68736765023485,-22.72825513570848,0.2121639336534598,0.09886144878652348,0.7726527931220084,0.9774751528802241,poly2
0.40800000000000003,0.3516577584692362,2.7463543692148225,-22.795739123169028,0.21576305092886736,0.09967054319303326,0.7689272489489417,0.9752255588674372,poly2
0.41200000000000003,0.36007206018523874,2.8056108337256482,-22.86379695076973,0.21939277276751226,0.10048587329145825,0.7653790378458761,0.9730197817968433,poly2
0.41600000000000004,0.3685655578269078,2.8650392188679956,-22.932465681693138,0.22305507585668938,0.1013094638272376,0.762015017791193,0.9708596325602583,poly2
0.42,0.37713187751259797,2.9245373027056902,-23.00177578260817,0.22675158507244028,0.10214330275299956,0.7588418433689738,0.9687469072431826,poly2
0.424,0.38576420761780505,2.9839990820438533,-23.07174869466815,0.23048344393381637,0.10298930777047532,0.7558659254654405,0.9666833844682073,poly2
0.428,0.39445531463824823,3.043315455475828,-23.14239436720736,0.23425118306774503,0.10384929156942756,0.7530933900411086,0.9646708226775074,poly2
0.432,0.4031975637811146,3.1023749643020064,-23.213708829315536,0.23805459069403545,0.1047249265202471,0.7505300365342044,0.9627109573608756,poly2
0.436,0.41198294427090526,3.1610645800916104,-23.285671881287122,0.24189258950365536,0.10561770966657882,0.7481812965114478,0.9608054982363765,poly2
0.44,0.42080309926094933,3.2192705261127386,-23.35824499186071,0.24576312451239585,0.10652892893025373,0.7460521932294832,0.9589561263912989,poly2
0.444,0.42964936014197913,3.276879118680883,-23.431369487633603,0.24966306649708594,0.10745963147722948,0.7441473028007536,0.9571644913916876,poly2
0.448,0.43851278493827095,3.333777613740843,-23.50496511766042,0.2535881354414613,0.10841059519544971,0.7424707176686625,0.9554322083692899,poly2
0.452,0.4473842003832274,3.389855043750563,-23.578929068830035,0.25753284802335485,0.10938230420038315,0.7410260130863447,0.9537608550953008,poly2
0.456,0.4562542471735364,3.44500303020124,-23.653135496204044,0.26149049256628004,0.11037492921013677,0.7398162172601246,0.9521519690507895,poly2
0.46,0.46511342781782344,3.4991165578816026,-23.727435617398395,0.2654531340730789,0.11138831352034417,0.7388437857626716,0.9506070445041467,poly2
0.464,0.4739521564254599,3.552094698241988,-23.801658401859857,0.26941165098703973,0.11242196516258854,0.7381105807430547,0.9491275296063075,poly2
0.468,0.4827608097269197,3.6038412708746486,-23.875611865332523,0.27335580422955963,0.11347505565430463,0.7376178553635967,0.947714823514854,poly2
0.47200000000000003,0.4915297785812628,3.6542654341163736,-23.949084957918895,0.2772743378959323,0.11454642555022096,0.7373662437799878,0.9463702735583911,poly2
0.47600000000000003,0.500249519210652,3.7032821979958483,-24.021850012037575,0.2811551098120496,0.11563459679438869,0.7373557568558088,0.9450951724528175,poly2
0.48,0.5089106034071275,3.750812855079309,-24.093665695434286,0.28498524902706573,0.11673779165759347,0.7375857836704295,0.9438907555812533,poly2
0.484,0.5175037669831036,3.7967853270999563,-24.16428039535209,0.2887513363010353,0.11785395783777719,0.7380550987455318,0.9427581983494638,poly2
0.488,0.5260199557831887,3.8411344274816575,-24.233435944022936,0.29243960279620995,0.11898079911092474,0.738761874785715,0.9416986136285952,poly2
0.492,0.5344503686390877,3.8838020418916073,-24.300871583629018,0.29603614153995705,0.12011581075562401,0.7397037006079177,0.9407130492969445,poly2
0.496,0.5427864967288829,3.9247372307052513,-24.36632806136582,0.2995271258263788,0.12125631884347532,0.7408776038273245,0.9398024858922929,poly2
0.5,0.5510201588936524,3.963896258688283,-24.42955174249983,0.30289902857763956,0.12239952239494271,0.742280077777756,0.9389678343860477,poly2
0.504,0.5591435325645139,4.001242558268161,-24.490298631336326,0.3061388367938704,0.12354253734894025,0.7439071120749677,0.9382099340900723,poly2
0.508,0.5671491800579206,4.036746633478333,-24.548338196492935,0.30923425556612966,0.12468244128490813,0.7457542261833877,0.9375295507066129,poly2
0.512,0.5750300701025338,4.070385912030641,-24.603456907264622,0.31217389668103185,0.12581631786639721,0.7478165053210203,0.9369273745311851,poly2
0.516,0.5827795945636098,4.102144553040626,-24.655461401423878,0.3149474475687418,0.12694130004135779,0.7500886380328547,0.9364040188176359,poly2
0.52,0.5903915804273236,4.132013217744396,-24.704181220654554,0.31754581719161523,0.12805461113078614,0.752564954778528,0.9359600183138875,poly2
0.524,0.5978602971950548,4.159988810158781,-24.749471067042677,0.31996125638941514,0.1291536030574212,0.7552394669127831,0.9355958279760598,poly2
0.528,0.6051804599142531,4.1860741941050374,-24.79121255172203,0.3221874511396653,0.13023579110248662,0.7581059054844991,0.9353118218678053,poly2
0.532,0.6123472281366085,4.2102778923941155,-24.829315424045813,0.32421958811294876,0.13129888472359014,0.7611577593384581,0.9351082922507543,poly2
0.536,0.6193562011450324,4.23261377330662,-24.863718285789524,0.3260543927634243,0.13234081411381785,0.7643883120701871,0.9349854488709816,poly2
0.54,0.6262034098282132,4.253100728832769,-24.894388809297375,0.32769014096320925,0.13335975232448696,0.7677906774548643,0.9349434184453665,poly2
0.544,0.6328853056055895,4.271762348498029,-24.92132349073575,0.3291266458426687,0.1343541329066706,0.7713578330433892,0.9349822443506488,poly2
0.548,0.6393987468172828,4.288626592010031,-24.944546979455588,0.3303652220233613,0.13532266314540733,0.7750826516896164,0.9351018865168789,poly2
0.552,0.645740982994028,4.303725463435107,-24.964111031788683,0.3314086298209546,0.13626433306260605,0.778957930840228,0.9353022215258463,poly2
0.556,0.6519096374128721,4.317094689153871,-24.980093142448276,0.33226100225383787,0.13717842044838657,0.7829764194810668,0.9355830429139481,poly2
0.56,0.6579026883269355,4.328773401454691,-24.992594909223094,0.3329277578275015,0.1380644922454497,0.7871308426897211,0.935944061677841,poly2
0.5640000000000001,0.6637184492335209,4.338803829297199,-25.001740187084714,0.33341550208771437,0.1389224026574059,0.7914139237929922,0.9363849069801192,poly2
0.5680000000000001,0.6693555485159175,4.347230997508058,-25.00767308646568,0.33373192086287595,0.13975228838097134,0.7958184041692188,0.9369051270511848,poly2
0.5720000000000001,0.674812908761933,4.354102435449594,-25.01055586763782,0.3338856679650894,0.14055456137527927,0.800337060769294,0.9375041902824454,poly2
0.5760000000000001,0.680089726027885,4.359467896019656,-25.010566779161877,0.333886249908395,0.14132989958129932,0.8049627214568499,0.9381814865049737,poly2
0.58,0.6851854492817566,4.363379085689903,-25.00789788361554,0.33374390994852393,0.14207923599279176,0.8096882782880145,0.938936328446836,poly2
0.584,0.6900997602244994,4.365889406162106,-25.002752908536415,0.3334695134674379,0.14280374645964328,0.8145066988650053,0.9397679533614206,poly2
0.588,0.6948325536549146,4.367053708111876,-24.995345155005083,0.3330744364319832,0.14350483657706156,0.8194110359063264,0.9406755248182942,poly2
0.592,0.6993839185118446,4.3669280573915445,-24.98589549076415,0.33257045836109306,0.1441841279820246,0.8243944351802847,0.9416581346473971,poly2
0.596,0.7037541196980257,4.365569513975229,-24.974630449404323,0.33196966094985475,0.14484344434342403,0.8294501419486687,0.942714805026736,poly2
0.6,0.7079435807632457,4.363035923846886,-24.961780452087957,0.3312843332288556,0.14548479729607952,0.8345715060645036,0.9438444907031869,poly2
0.604,0.7119528675005905,4.359385723954928,-24.947578163623646,0.3305268838888606,0.14611037253257889,0.8397519858624757,0.9450460813355455,poly2
0.608,0.7157826724886334,4.354677760283881,-24.932256990518955,0.32970976117759754,0.14672251623170815,0.8449851509735254,0.9463184039485938,poly2
0.612,0.7194338005943777,4.348971119024471,-24.916049724956377,0.32884538057905194,0.14732372196892526,0.8502646841867775,0.9476602254866594,poly2
0.616,0.7229071554365365,4.342324970758297,-24.89918733547151,0.32794606031681767,0.1479166182234132,0.8555843824728642,0.9490702554549578,poly2
0.62,0.7262037267961123,4.334798427512363,-24.88189790245247,0.3270239645811854,0.1485039565681239,0.8609381572731893,0.9505471486368967,poly2
0.624,0.7293245789510935,4.326450412482296,-24.864405694401952,0.32609105426351276,0.14908860060407592,0.8663200341500743,0.9520895078755067,poly2
0.628,0.7322708399041233,4.317339542171584,-24.846930379173557,0.3251590448891633,0.1496735156780565,0.8717241518832829,0.9536958869072311,poly2
0.632,0.7350436914660347,4.307524020647616,-24.829686363070746,0.324239371369733,0.1502617594037754,0.8771447610892986,0.9553647932364445,poly2
0.636,0.7376443601539183,4.297061545574053,-24.8128822497353,0.3233431591439977,0.15085647299027544,0.8825762224310857,0.9570946910393013,poly2
0.64,0.7400741088596706,4.286009225642936,-24.79672041010605,0.3224812012425622,0.15146087336787337,0.8880130044779689,0.9588840040857883,poly2
0.644,0.7423342292435414,4.274423508998879,-24.781396654352886,0.3216639407911464,0.15207824609083678,0.893449681267798,0.9607311186692212,poly2
0.648,0.7444260348068557,4.262360122221556,-24.767099996542214,0.32090145845951096,0.15271193898718416,0.8988809296167193,0.9626343865328216,poly2
0.652,0.7463508545986142,4.249874019411049,-24.754012502828008,0.3202034643650434,0.15336535651917926,0.9043015262156917,0.9645921277834757,poly2
0.656,0.7481100275119491,4.237019340903292,-24.742309214150737,0.3195792939500679,0.1540419548130116,0.9097063445473255,0.9666026337832705,poly2
0.66,0.7497048971282393,4.223849381129187,-24.73215813473226,0.31903790736824456,0.15474523731262071,0.9150903516516743,0.9686641700099468,poly2
0.664,0.7511368070689509,4.210416565120939,-24.723720278050145,0.3185878919365132,0.1554787510103711,0.9204486047652366,0.9707749788779694,poly2
0.668,0.7524070968178687,4.196772433161813,-24.7171497624345,0.31823746723355045,0.15624608320615113,0.9257762478535895,0.9729332825125104,poly2
0.672,0.7535170979791967,4.182967633071109,-24.712593948934376,0.3179944924525861,0.1570508587462499,0.9310685080547335,0.9751372854692416,poly2
0.676,0.7544681309399767,4.169051919613575,-24.710193614631088,0.31786647564470605,0.15789673769391216,0.9363206920473417,0.9773851773934561,poly2
0.68,0.7552615019083168,4.155074160522092,-24.710083155119012,0.31786058451774235,0.15878741338463773,0.9415281823556215,0.9796751356126573,poly2
0.684,0.7558985003020126,4.141082348623444,-24.712390810418533,0.3179836584848675,0.15972661082095393,0.9466864336003897,0.9820053276573741,poly2
0.6880000000000001,0.7563803964651932,4.127123619559307,-24.71723890912249,0.31824222168563404,0.16071808536345314,0.951790968704169,0.9843739137055788,poly2
0.6920000000000001,0.7567084396936659,4.113244274598079,-24.724744126099814,0.31864249673005945,0.1617656216772495,0.9568373750566237,0.9867790489466903,poly2
0.6960000000000001,0.7568838565525824,4.0994898080375215,-24.735017749582877,0.3191904189431702,0.1628730328956115,0.9618213006454066,0.9892188858617322,poly2
0.7000000000000001,0.756907849472938,4.0859049387034485,-24.748165953945207,0.31989165091303146,0.1640441599653014,0.9667384501564756,0.9916915764167934,poly2
0.704,0.7567815956161992,4.072533645055688,-24.764290074931736,0.3207515971695757,0.16528287114104673,0.9715845810471094,0.9941952741674875,poly2
0.708,0.7565062459990659,4.059419203419416,-24.783486884532415,0.32177541884441235,0.16659306159955684,0.9763554995942006,0.9967281362726386,poly2
0.712,0.756082924872981,4.046604228867521,-24.805848863093086,0.3229680481832915,0.1679786531465287,0.9810470569198884,0.9992883254159185,poly2
0.716,0.7555127293555233,4.034130718288242,-24.831464466633044,0.324334202802927,0.16944359399315204,0.9856551449962064,1.0018740116346418,poly2
0.72,0.754796729313276,4.022040095181909,-24.860418387690107,0.32587839960262244,0.17099185858170085,0.990175692630135,1.004483374055366,poly2
0.724,0.7539359674981432,4.010373255741323,-24.892791808339524,0.32760496825850494,0.17262744744285904,0.9946046614302452,1.0071146025363582,poly2
0.728,0.7529314599414129,3.9991706157824662,-24.928662644336235,0.3295180642443423,0.17435438707048564,0.9989380417559997,1.009765899217382,poly2
0.732,0.7517841966121642,3.988472158105937,-24.96810577961086,0.3316216813378955,0.17617672980254337,1.0031718486507004,1.0124354799776019,poly2
0.736,0.7504951423488823,3.978317479885,-25.011193290610937,0.3339196635856895,0.1780985536999102,1.0073021177590553,1.015121575802738,poly2
0.74,0.7490652380754079,3.968745839693769,-25.057994660221077,0.3364157167119969,0.18012396241773976,1.0113249012303394,1.0178224340628805,poly2
0.744,0.7474954023146418,3.9597962038089003,-25.108576981220693,0.3391134189698304,0.18225708506694627,1.0152362636081789,1.0205363197026533,poly2
0.748,0.7457865330157306,3.9515072914406777,-25.16300514944851,0.34201623144296767,0.18450207606624575,1.0190322777080205,1.0232615163456367,poly2
0.752,0.7439395097128518,3.9439176185746745,-25.221342047038092,0.3451275078184352,0.18686311498798777,1.0227090204834368,1.0259963273151704,poly2
0.756,0.7419551960361725,3.937065540133524,-25.283648716272843,0.3484505036587002,0.18934440640375472,1.026262568882466,1.0287390765738351,poly2
0.76,0.7398344425981329,3.930989290199966,-25.349984524780666,0.3519883852119829,0.19195017973838524,1.0296889956952648,1.0314881095840598,poly2
0.764,0.7375780902809131,3.925727020077367,-25.420407322951505,0.3557442378077913,0.1946846891436818,1.0329843653944037,1.0342417940924364,poly2
0.768,0.7351869739538226,3.921316834002592,-25.49497359461487,0.3597210738929921,0.19755221340559947,1.0361447299691766,1.0369985208404195,poly2
0.772,0.732661926652423,3.9177968223682402,-25.57373860216112,0.36392184077155054,0.20055705590114678,1.0391661247553319,1.0397567042041798,poly2
0.776,0.7300037842545084,3.9152050923572337,-25.656756527431046,0.36834942811858096,0.20370354462358997,1.0420445642616312,1.0425147827664354,poly2
0.78,0.7272133906916365,3.913579795942085,-25.744080609833503,0.37300667534656273,0.20699603229679955,1.0447760379946318,1.0452712198231309,poly2
0.784,0.724291603738801,3.9129591552540353,-25.83576328328281,0.3778963789086092,0.21043889660171655,1.047356506283043,1.0480245038278637,poly2
0.788,0.7212393014290625,3.9133814853831597,-25.931856313675766,0.38302129963051745,0.21403654053993793,1.04978189610294,1.0507731487769618,poly2
0.792,0.7180573891445989,3.914885214729304,-26.03241093875564,0.3883841701701203,0.21779339296131373,1.052048096905019,1.0535156945381192,poly2
0.796,0.7147468074407087,3.9175089030847907,-26.137478012336658,0.393987702709199,0.22171390928419626,1.0541509564449505,1.0562507071254732,poly2
0.8,0.7113085406648834,3.92129125769269,-26.247108154989913,0.39983459698999996,0.2258025724385904,1.0560862766177292,1.0589767789239786,poly2
0.804,0.7077436264391995,3.9262711475885115,-26.36135191342114,0.4059275488153154,0.2300638940638918,1.057849809296734,1.061692528865907,poly2
0.808,0.7040531660810139,3.932487616597584,-26.480259930903827,0.4122692591381768,0.2345024159941779,1.0594372521779993,1.064396602562227,poly2
0.812,0.7002383360443775,3.9399798954245226,-26.603883131270074,0.41886244387462174,0.2391227120651086,1.060844244629962,1.0670876723915936,poly2
0.8160000000000001,0.6963004004727168,3.94878741333401,-26.732272919107643,0.42570984458078553,0.24392939027739974,1.0620663635486816,1.0697644375495883,poly2
0.8200000000000001,0.6922407249622986,3.958949809982882,-26.865481398967397,0.43281424014387077,0.24892709535253515,1.0630991192182724,1.0724256240607979,poly2
0.8240000000000001,0.6880607916457885,3.9705069480212125,-27.00356161655381,0.44017845964553887,0.25412051171687744,1.063937951175979,1.075069984756236,poly2
0.8280000000000001,0.6837622157159594,3.983498927133952,-27.1465678250541,0.4478053965660168,0.25951436695061225,1.0645782240810535,1.0776962992185435,poly2
0.8320000000000001,0.6793467635212954,3.997966100243752,-27.29455577996406,0.45569802450801644,0.2651134357380008,1.0650152235862953,1.080303373697312,poly2
0.836,0.67481637237797,4.013949092639193,-27.447583065992582,0.46385941463150265,0.27092254435521085,1.0652441522108524,1.0828900409968023,poly2
0.84,0.6701731722564254,4.0314888248301495,-27.60570945987944,0.4722927550038213,0.27694657573153686,1.0652601252126288,1.0854551603382319,poly2
0.844,0.6654195095156039,4.050626539962768,-27.768997333243817,0.4810013720847824,0.2831904751190834,1.0650581664584584,1.0879976171987351,poly2
0.848,0.6605579728736996,4.071403836650449,-27.93751209990441,0.4899887545835415,0.2896592564049541,1.0646332042900526,1.0905163231289994,poly2
0.852,0.6555914218210718,4.093862708093834,-28.11132271247956,0.4992585799437294,0.2963580090986508,1.0639800673836763,1.0930102155514954,poly2
0.856,0.6505230176985624,4.11804558837246,-28.29050221349717,0.508814743735746,0.3032919060256945,1.0630934806015615,1.0954782575411446,poly2
0.86,0.6453562576826244,4.143995406793487,-28.475128346729264,0.5186613922610097,0.3104662117564185,1.0619680608332447,1.0979194375901657,poly2
0.864,0.6400950119371681,4.171755651179404,-28.6652842350245,0.5288029587027372,0.31788629179639805,1.0605983128253782,1.10033276935877,poly2
0.868,0.6347435642103176,4.201370440967362,-28.861059131557617,0.5392442031922599,0.3255576225620241,1.058978624999136,1.1027172914132803,poly2
0.872,0.6293066561717949,4.232884610978909,-29.062549252162203,0.5499902571997511,0.3334858021612331,1.0571032652551617,1.1050720669531833,poly2
0.876,0.6237895358025278,4.266343806701293,-29.269858697279528,0.5610466727044383,0.3416765619952879,1.05496637676717,1.1073961835285253,poly2
0.88,0.6181980101611789,4.301794591901379,-29.48310047306184,0.5724194766530103,0.3501357791926659,1.0525619737668503,1.1096887527490036,poly2
0.884,0.6125385028611856,4.339284569372028,-29.70239762233734,0.5841152312772684,0.35886948988042566,1.0498839373247442,1.111948909986016,poly2
0.888,0.606818116594633,4.378862515589752,-29.92788447750347,0.5961411009145683,0.36788390329173704,1.0469260111343608,1.1141758140688656,poly2
0.892,0.6010447010334724,4.42057853004304,-30.15970804899718,0.6085049260589772,0.37718541670038275,1.0436817973100874,1.1163686469762464,poly2
0.896,0.5952269264211699,4.464484199974301,-30.39802956483556,0.621215305469451,0.38678063116374345,1.0401447522135652,1.1185266135240692,poly2
0.9,0.5893743631350533,4.510632781266101,-30.64302617886942,0.6342816872759665,0.39667636804477896,1.0363081823283529,1.1206489410506164,poly2
0.904,0.5834975674467342,4.559079396195422,-30.894892867902264,0.6477144701583911,0.40687968627047344,1.0321652402090449,1.1227348790999585,poly2
0.908,0.5776081736294262,4.609881248779035,-31.153844540757415,0.6615251158291662,0.41739790026871204,1.027708920538856,1.1247836991045037,poly2
0.912,0.5717189924500122,4.6630978584392455,-31.42011838580229,0.675726274233602,0.4282385985070917,1.022932056339285,1.1267946940674922,poly2
0.916,0.565844115932575,4.7187913127327565,-31.693976487446236,0.6903319230953154,0.43940966253513725,1.0178273153872652,1.1287671782461943,poly2
0.92,0.5599990280798548,4.777026539906189,-31.975708746822043,0.705357523684668,0.45091928640506623,1.0123871969095857,1.1307004868365214,poly2
0.924,0.5542007209799615,4.837871602069364,-32.26563614736027,0.7208201949813391,0.4627759963147369,1.0066040286419475,1.1325939756597052,poly2
0.928,0.5484678153972631,4.901398009811012,-32.56411441241509,0.7367389087461488,0.47498867027867614,1.000469964361469,1.1344470208516595,poly2
0.932,0.5428206845384015,4.967681059119698,-32.87153810967077,0.7531347084209893,0.48756655758783557,0.9939769820275963,1.1362590185555888,poly2
0.936,0.5372815791876705,5.036800191513147,-33.18834526594597,0.7700309552497557,0.5005192977644547,0.9871168826983199,1.1380293846183682,poly2
0.9400000000000001,0.5318747518139,5.108839378319292,-33.515022566457574,0.7874536055702066,0.5138569386532874,0.979881290427571,1.1397575542911842,poly2
0.9440000000000001,0.5266265765616721,5.183887530088286,-33.852111224879245,0.8054315238812526,0.5275899532122998,0.9722616533973399,1.1414429819348815,poly2
0.9480000000000001,0.5215656612587452,5.26203893214175,-34.20021362495296,0.8239968370594132,0.5417292544721475,0.9642492465963932,1.143085140730426,poly2
0.9520000000000001,0.5167229467156744,5.343393707277788,-34.560000851355724,0.8431853360018353,0.5562862080211949,0.9558351764289933,1.1446835223948737,poly2
0.9560000000000001,0.5121317876945597,5.428058306640105,-34.932221247410254,0.8630369320338879,0.5712726412378067,0.9470103877248769,1.1462376369031817,poly2
0.96,0.5078280090329933,5.516146029717828,-35.317710160532975,0.8835961766622401,0.5867008483297105,0.9377656737298903,1.1477470122161937,poly2
0.964,0.5038499296015727,5.607777574357593,-35.717401063559606,0.904912854707493,0.6025835900461105,0.9280916897900917,1.1492111940150844,poly2
0.968,0.5002383461501023,5.703081617527075,-36.13233827182921,0.9270426625432494,0.6189340866956815,0.9179789716071614,1.1506297454425356,poly2
0.972,0.49703646878650626,5.8021954273516645,-36.563691512697844,0.9500479851306399,0.6357660028251474,0.9074179591476365,1.1520022468508853,poly2
0.976,0.49428979998300276,5.905265506631812,-37.01277264648199,0.9739987877948577,0.6530934215800823,0.8963990275431156,1.1533282955574728,poly2
0.98,0.4920459497764734,6.012448267610898,-37.48105488603273,0.9989736412609322,0.6709308063715068,0.8849125266363201,1.154607505607385,poly2
0.984,0.49035438137612775,6.123910737169609,-37.97019491619974,1.0250609013490626,0.6892929469966252,0.8729488312257343,1.1558395075437782,poly2
0.988,0.4892660838273931,6.239831290832189,-38.48205837373025,1.0523600678917169,0.7081948867954295,0.8604984045614168,1.1570239481859501,poly2
0.992,0.48883317175143354,6.3604004129333385,-39.0187492109374,1.0809833507834465,0.7276518267503145,0.8475518782749317,1.1581604904153064,poly2
0.996,0.489108416421414,6.485821478951418,-39.58264352921016,1.1110574744203483,0.7476790016341802,0.834100152724307,1.1592488129693557,poly2
1.0,0.4901447173450983,6.616311554290357,-40.1764285245481,1.1427257547786769,0.7682915223617715,0.8201345227489982,1.1602886102438554,poly2
1.004,0.4919945287359634,6.75210220159982,-40.803147225301075,1.1761504854085865,0.7895041775743404,0.8056468351237507,1.1612795921032149,poly2
1.008,0.4947092602604228,6.893440285952624,-41.4662497027897,1.211515668645426,0.8113311861612498,0.790629685657922,1.162221483699254,poly2
1.012,0.4983386756316296,7.0405887637200815,-42.16965136645119,1.249030124659373,0.8337858908632514,0.7750766660191079,1.1631140252983974,poly2
1.016,0.5029303153425346,7.193827436644502,-42.91779876443701,1.2889310007926351,0.8568803812780715,0.7589826731135252,1.1639569721173908,poly2
1.02,0.5085289705398728,7.353453647219613,-43.71574291406184,1.3314876824855193,0.8806250324656816,0.742344297424803,1.1647500941675957,poly2
1.024,0.5151762333852715,7.519782884838154,-44.56921944938421,1.3770060677799492,0.9050279428950627,0.7251603113546881,1.165493176107927,poly2
1.028,0.5229101451734939,7.693149264001701,-45.484733580642164,1.4258330984532117,0.9300942526569226,0.707432284662488,1.1661860171064884,poly2
1.032,0.53176495726441,7.873905825926592,-46.46964567121945,1.4783613240863935,0.9558253196665494,0.6891653620082316,1.1668284307109442,poly2
1.036,0.5417710121340692,8.062424602805121,-47.53224961326664,1.5350330820641511,0.9822177279916641,0.6703692479397545,1.1674202447276738,poly2
1.04,0.5529547433845665,8.259096369452246,-48.68183027582347,1.5963435614501174,1.0092620984805623,0.6510594581476232,1.1679613011097403,poly2
1.044,0.5653387852782114,8.46432998973392,-49.92867678820134,1.6628415114283146,1.0369416675934255,0.631258913316173,1.1684514558537042,poly2
1.048,0.57894217511106,8.678551244699692,-51.284013271863046,1.7351255470328901,1.065230595869779,0.6109999743980526,1.168890578905306,poly2
1.052,0.5937806261394264,8.902201005454605,-52.759784774448995,1.8138327323872883,1.0940919629968464,0.590327046543287,1.1692785540740422,poly2
1.056,0.6098668451579237,9.135732586354207,-54.368199104638066,1.8996141454251707,1.1234754022945999,0.5692999136487138,1.1696152789566532,poly2
1.06,0.62721086723328,9.379608083167064,-56.12086884029492,1.9930891186901147,1.153314324084414,0.5479980055705935,1.1699006648695374,poly2
1.064,0.6458203803002637,9.63429346686306,-58.02731441109205,2.094765404379242,1.1835226755597135,0.5265258411237113,1.1701346367901033,poly2
1.068,0.6657010139264348,9.900252167659682,-60.092471942033804,2.2049062603918737,1.213991185417179,0.5050199206031912,1.170317133307077,poly2
1.072,0.6868565690792696,10.177936847732868,-62.31269888845999,2.3233174192298036,1.2445830459910079,0.48365733614412504,1.1704481065797634,poly2
1.076,0.7092891687300357,10.467779027597427,-64.66961088918406,2.4490183894544884,1.2751289957666112,0.46266627533757365,1.170527522306279,poly2
1.08,0.7329993122417156,10.770176205229632,-67.12099963598331,2.5797580792587222,1.305421783269604,0.4423383186013212,1.1705553597007536,poly2
1.084,0.7579858194859004,11.085476095323353,-69.58828483105736,2.7113455728717764,1.3352100223483065,0.4230418184528317,1.170531611479509,poly2
1.088,0.7842456534415007,11.413957628117883,-71.94086462915821,2.836815494133759,1.3641914922839304,0.40523448666284306,1.1704562838562116,poly2
1.092,0.8117736127241769,11.755808395702623,-73.9799888329812,2.9455679171136766,1.3920059979147785,0.38947141985346495,1.1703293965460082,poly2
1.096,0.8405618882964192,12.111098334825403,-75.42889129601403,3.0228420984612234,1.4182279891334992,0.37640229116745816,1.1701509827786354,poly2
1.1,0.870599481849386,12.479749608670371,-75.9410435750668,3.0501566686954704,1.4423592493362727,0.36674932239331237,1.1699210893205054,poly2
1.104,0.9018714874559306,12.861502917982472,-75.14035156796767,3.0074534357734986,1.463822100831448,0.36125837154668194,1.1696397765057667,poly2
1.108,0.9343582435537143,13.25588085666773,-72.6982333536564,2.8772081704229064,1.4819537410163317,0.3606223380603856,1.169307118276326,poly2
1.112,0.9680343696200353,13.662149446936816,-68.42885411372411,2.6495097614234413,1.496002510338814,0.36538991453054326,1.1689232022308356,poly2
1.116,1.0028677114743358,14.079279651686257,-62.35855770240748,2.3257632031219395,1.5051270878994272,0.37588695966619484,1.1684881296826308,poly2
1.12,1.0388182312514946,14.505911454035004,-54.727213651983334,1.9187614351467268,1.5083997884923672,0.39217971295525184,1.1680020157266058,poly2
1.124,1.0758368926820248,14.940323969718131,-45.917996352656644,1.4489402618889808,1.504815258130948,0.41409225998853133,1.1674649893150204,poly2
1.1280000000000001,1.1138646088636583,15.380415925099056,-36.35570559086057,0.9389554911554773,1.493305881685286,0.44126574151920184,1.1668771933422188,poly2
1.1320000000000001,1.152831337007562,15.823701542737593,-26.422593858471657,0.40919375981892187,1.4727650625535842,0.4732323497572605,1.1662387847382418,poly2
1.1360000000000001,1.1926554206487288,16.267327219839547,-16.415782210716742,0.12449860230237954,1.4420791430804956,0.5094802502707974,1.1655499345713098,poly2
1.1400000000000001,1.2332432915792977,16.708114110885703,-6.542022183165969,0.6510949346421324,1.4001680504085987,0.5494981646440449,1.1648108281591567,poly2
1.1440000000000001,1.2744896475816978,17.14263057911996,3.066740396216531,1.1635581825342758,1.3460337554356692,0.5927996176677434,1.1640216651891757,poly2
1.1480000000000001,1.3162782138533455,17.56729627325988,12.33181386788268,1.6576914909622689,1.2788143657364148,0.6389323125050986,1.1631826598473538,poly2
1.1520000000000001,1.3584831722293746,17.978516286110782,21.208574002171687,2.1311149200038035,1.1978402688055838,0.6874788463512532,1.162294040955945,poly2
1.156,1.4009713009050004,18.3728396862022,29.672608482764737,2.582526489845563,1.102687431288855,0.7380535826062331,1.1613560521198454,poly2
1.16,1.4436048091457219,18.747132222373732,37.71119658854482,3.0112477674421574,0.9932220545190227,0.7902987192440455,1.1603689518816152,poly2
1.164,1.4862447810987667,19.098749015818584,45.31896482368276,3.4169921686364284,0.8696306187222695,0.8438811593638629,1.1593330138850835,poly2
1.168,1.5287550690230542,19.425690555027955,52.49633347032748,3.7997821082974372,0.7324301737572845,0.8984908225372609,1.1582485270474845,poly2
1.172,1.571006410935818,19.726725170344185,59.249524512551396,4.159949422927517,0.5824556234311956,0.9538404443360127,1.157115795740029,poly2
1.176,1.6128805036301828,20.00146384818279,65.59117494470345,4.498168080180063,0.4208235072220257,1.0096665791888977,1.1559351399768454,poly2
1.18,1.6542737497592017,20.25037856000378,71.54089098625423,4.81548373674872,0.24887494051624348,1.0657313616562625,1.154706895612181,poly2
1.184,1.695100422244001,20.47476233284002,77.12535279720832,5.1133193231448075,0.06810329017463419,1.12182453885009,1.1534314145457674,poly2
1.188,1.735295048210098,20.676636673942802,82.3778171594885,5.39344852024948,0.11992580202153055,1.1777653270293273,1.1521090649362193,poly2
1.192,1.774813898180512,20.85861816954141,87.3370509742454,5.657938879624161,0.31365371620971,1.233403741144761,1.1507402314223452,poly2
1.196,1.8136355595393188,21.02375993451532,92.04584944871735,5.909072794107096,0.511599835066719,1.2886211719768312,1.1493253153522145,poly2
1.2,1.8517606603436207,21.17538458418489,96.54934733877721,6.149257431467945,0.7124184246691135,1.343330117427315,1.147864735019818,poly2
1.204,1.8892108772315108,21.316923753019253,100.89332900873276,6.380934604983083,0.9149381361514599,1.3974730919756084,1.146358925909143,poly2
1.208,1.9260274018368075,21.451775677974492,105.12270143255049,6.6064993341507785,1.1181834238637567,1.451020827128489,1.144808340945462,poly2
1.212,1.9622690525395237,21.583188017975196,109.28023443169475,6.828232657912134,1.3213793383015258,1.503969929550131,1.1432134507536127,poly2
1.216,1.9980102066574164,21.714168841955573,113.40561236997326,7.0482510587798,1.523942619072274,1.5563401834950965,1.1415747439230282,poly2
1.22,2.033338699618231,21.847425247576435,117.53479291397437,7.268472263667542,1.7254627203919255,1.6081716765427112,1.1398927272792512,poly2
1.224,2.0683538003985276,21.98532668227084,121.69963626349863,7.490595469671073,1.9256764545706238,1.6595219014225426,1.1381679261616438,poly2
1.228,2.1031643337513604,22.12988873709273,125.92775212289985,7.7160931826047054,2.1244395336428776,1.7104629510446387,1.1364008847069682,poly2
1.232,2.137886984668967,22.282772786925914,130.2425082566913,7.946211673296711,2.321697637688447,1.7610788862791145,1.1345921661385017,poly2
1.236,2.172644792130741,22.445297090288864,134.66314939647944,8.181977319241835,2.5174589182702007,1.8114633218351248,1.1327423530602965,poly2
1.24,2.2075658185676166,22.61845557244431,139.20498454717819,8.424206594186346,2.711769178431493,1.8617172477116222,1.1308520477561845,poly2
1.244,2.242781968383699,22.802941280536025,143.87961137417713,8.673518035348168,2.904690422154641,1.9119470831770025,1.1289218724930754,poly2
1.248,2.2784279222913653,22.99917226850502,148.69515642871255,8.930345055334415,3.09628305689255,1.962262946823002,1.1269524698280675,poly2
1.252,2.3146401527971907,23.20731835368818,153.65651848907376,9.194948920235504,3.2865917545635805,2.012777118929663,1.1249445029188498,poly2
1.256,2.351555988571307,23.42732774535563,158.76560890428073,9.467431567852325,3.4756348060208557,2.0636026698673846,1.1228986558368312,poly2
1.26,2.3893127004426957,23.658952969442126,164.0215875533784,9.747748192091514,3.6633967134055854,2.114852229225384,1.1208156338823878,poly2
1.264,2.4280465883996496,23.9017758136685,169.4210960985553,10.0357196830325,3.8498237273220877,2.1666368736098014,1.1186961639015809,poly2
1.268,2.4678920564563684,24.15523121236897,174.95849190284048,10.331045102438448,4.034822029309379,2.21906511562003,1.1165409946036304,poly2
1.272,2.5089806699624284,24.418630102426313,180.62608659154648,10.63331440693168,4.218258268036468,2.272241981621531,1.1143508968784008,poly2
1.276,2.5514401973975667,24.691181331535038,186.41439301878899,10.942021619436279,4.3999621687459936,2.326268171010272,1.1121266641130845,poly2
1.28,2.5953936455166002,24.97201270565838,192.31238357656565,11.256578605552347,4.5797309430094995,2.381239294289456,1.1098691125072162,poly2
1.284,2.6409583025618684,25.26019123898821,198.30776154083736,11.576329545231523,4.757335226772798,2.4372451911626594,1.1075790813850956,poly2
1.288,2.688244808874092,25.55474262895868,204.38724564824832,11.900566110080929,4.932526268638568,2.4943693328012437,1.1052574335046301,poly2
1.292,2.737356277397509,25.854669930353282,210.53686648211743,12.22854327048989,5.1050440789775156,2.5526883143655192,1.1029050553615425,poly2
1.296,2.7883874881517343,26.15897135362477,216.74227164762087,12.559495571509792,5.274626236657579,2.6122714447193442,1.1005228574878283,poly2
1.3,2.8414241806740623,26.46665706883997,222.9890352525498,12.892653638362772,5.4410170374705,2.6731804401117465,1.098111774743269,poly2
1.304,2.8965424667587696,26.776764862335675,229.26296598722413,13.227260607239316,5.603976660389506,2.735469227499164,1.09567276659874,poly2
1.308,2.9538083826695285,27.088374471115543,235.55040720329328,13.562588129373262,5.763290027958203,2.799183861289672,1.093206817409978,poly2
1.312,3.013277595607102,27.400620411930788,241.83852189200817,13.897951569761673,5.9187750480223436,2.8643625547873537,1.0907149366803903,poly2
1.316,3.074995273886768,27.712703128441255,248.11555539639025,14.2327240183687,6.070289947290554,2.9310358247096167,1.088198159311414,poly2
1.32,3.1389961243853084,28.023898300350478,254.37106906577026,14.566348751601536,6.2177394432568285,2.9992267440651075,1.0856575458388509,poly2
1.324,3.2053045947501126,28.333564191470447,260.5961388503168,14.898349823934096,6.361079548974011,3.068951295635757,1.0830941826535172,poly2
1.328,3.2739352320117656,28.64114695698123,266.78351398168695,15.228340530807488,6.500320862970763,3.1402188155075077,1.0805091822044708,poly2
1.332,3.3448931839584666,28.946183880742694,272.9277323121532,15.55602956000104,6.635530261195318,3.2130325137146394,1.0779036831829825,poly2
1.336,3.4181748252039865,29.24830456802207,279.0251904882482,15.881224734196817,6.766830975500623,3.287390057235842,1.075278850685339,poly2
1.34,3.4937684865167724,29.5472301739207,285.0741688065034,16.203834336608434,6.894401109804207,3.3632841993926106,1.072635876352478,poly2
1.344,3.571655263790203,29.842770799756472,291.07481222901964,16.523866098486238,7.018470706704002,3.440703439188611,1.0699759784843672,poly2
1.348,3.6518098820453875,30.134821235720203,297.0290705260736,16.84142400674846,7.139317530520848,3.5196326942812424,1.0673004021269483,poly2
1.352,3.734201590007645,30.423355265903083,302.9406017800203,17.15670315756375,7.257261774755734,3.600053972040258,1.0646104191293906,poly2
1.356,3.818795061957518,30.708418779650096,308.8146444708348,17.46998293430118,7.372659931054886,3.6819470244361496,1.061907328169311,poly2
1.36,3.9055512855498447,30.990121950279622,314.6578640359199,17.78161882411862,7.485898072283707,3.7652899742029255,1.059192454743534,poly2
1.364,3.9944284169149205,31.268630748444654,320.4781801480931,18.092033206195584,7.5973848045551025,3.85005990171343,1.0564671511218884,poly2
1.368,4.085382587390532,31.544158053407767,326.2845810017652,18.40170544707509,7.707544133256949,3.9362333841660018,1.0537327962614682,poly2
1.372,4.17836864947734,31.81695461242916,332.0869306725897,18.71116162659365,7.816808468172003,4.023786980891475,1.0509907956787068,poly2
1.3760000000000001,4.273340852878814,32.087300077890994,337.895775167744,19.020964193978813,7.925611965010331,4.112697660745507,1.048242581276559,poly2
1.3800000000000001,4.370253444626805,32.35549432549542,343.7221521671586,19.331701820795683,8.034384367592075,4.2029431695677175,1.0454896111240217,poly2
1.3840000000000001,4.469061190185666,32.62184922673776,349.57740872691545,19.64397967853911,8.143545479000792,4.294502337501676,1.0427333691851803,poly2
1.3880000000000001,4.569719814987782,32.886681016661505,355.4730304283888,19.95841032666057,8.2535003535264,4.387355327535143,1.0399753649949246,poly2
1.3920000000000001,4.672186368031168,33.15030336525996,361.420484657961,20.275605354219707,8.36463526603514,4.481483827914808,1.0372171332784494,poly2
1.3960000000000001,4.776419510944685,33.4130212291696,367.43107993140563,20.596167877244657,8.477314483024921,4.576871192108168,1.0344602335116408,poly2
1.4000000000000001,4.882379737301466,33.67512553058323,373.51584246396294,20.92068595585527,8.59187783109065,4.673502530735489,1.0317062494194373,poly2
1.4040000000000001,4.990029527958569,33.936888683387885,379.68541055205014,21.24972696133259,8.70863903445881,4.77136476039616,1.0289567884092672,poly2
1.408,5.099333448855195,34.19856096291762,385.9499467871213,21.58383289422878,8.827884773908389,4.870446614592677,1.0262134809366925,poly2
1.412,5.210258198055973,34.46036769567158,392.3190676707422,21.923516630534376,8.94987440472942,4.970738622042925,1.0234779798004279,poly2
1.416,5.322772608926368,34.72250722894825,398.8017898409459,22.26925905377349,9.074840261108744,5.072233057599772,1.0207519593639593,poly2
1.42,5.436847616220887,34.98514962748937,405.40649184759326,22.621507016372618,9.202988468047323,5.1749238707985885,1.0180371147010798,poly2
1.424,5.552456191596388,35.2484360346978,412.14089022017845,22.980672063287155,9.334500179089316,5.278806596758292,1.0153351606627528,poly2
1.428,5.669573254673151,35.51247862949962,419.0120284451771,23.34712984413129,9.469533158226543,5.383878253797437,1.0126478308628406,poly2
1.432,5.788175565291798,35.77736110612282,426.0262774010046,23.721220136375607,9.608223626785243,5.490137231717514,1.0099768765803914,poly2
1.436,5.908241602085368,36.04313960260602,433.1893457766054,24.103247401000743,9.750688300388605,5.597583174271366,1.007324065576344,poly2
1.44,6.029751431928798,36.309844004372486,440.5062990150611,24.493481792815107,9.897026546751874,5.706216858892006,1.0046911808227268,poly2
1.444,6.152686574263307,36.577479551363986,447.9815853679413,24.892160550009148,10.047322601697777,5.816040076319498,1.0020800191426398,poly2
1.448,6.277029863737184,36.84602868070433,455.6190677122072,25.29948969104334,10.20164778802955,5.927055512341002,0.9994923897595903,poly2
1.452,6.402765314069472,37.11545304136075,463.4220598633152,25.715645951331616,10.36006268947319,6.039266633459221,0.9969301127550233,poly2
1.456,6.529877985538216,37.38569562252781,471.3933662109335,26.14077889712933,10.522619239558594,6.152677577932621,0.9943950174332211,poly2
1.46,6.658353858026294,37.65668294323799,479.5353236035264,26.575013159359976,10.689362692852754,6.267293053290438,0.9918889405930962,poly2
1.464,6.7881797111296445,37.92832725679994,487.8498445119844,27.018450735657062,10.860333453227875,6.38311824111851,0.9894137247067745,poly2
1.468,6.919343012446884,38.20052872989764,496.3384606081489,27.47117331453356,11.035568740714767,6.500158709639335,0.9869712160052964,poly2
1.472,7.0518318148267065,38.47317756239723,505.00236599966615,27.933244581222358,11.215104084856627,6.618420334371303,0.9845632624721864,poly2
1.476,7.185634663049749,38.74615601996936,513.8424594666515,28.4047124702804,11.398974638262084,6.737909226946882,0.982191711746133,poly2
1.48,7.320740510163475,39.019340357433144,522.8593851469609,28.88561133545253,11.58721630920197,6.858631671996499,0.9798584089345049,poly2
1.484,7.45713864347035,39.29260261617124,532.0535712144434,29.37596401249511,11.779866716563678,6.980594071862017,0.9775651943399701,poly2
1.488,7.5948186199887155,39.565812283982595,541.4252661875099,29.87578375561762,11.97696597424878,7.103802898789166,0.9753139011030206,poly2
1.492,7.733770211059729,39.83883781027581,550.9745725929233,30.38507603287044,12.178557315170284,7.228264654159803,0.9731063527637906,poly2
1.496,7.873983355659539,40.111547973524324,560.7014777912202,30.903840170154236,12.384687567387255,7.353985834259899,0.9709443607471373,poly2
1.5,8.01544812189053,40.383813101384085,570.6058818450048,31.432070837517102,12.595407496633468,7.480972902035536,0.9688297217755579,poly2
1.504,8.158154676065687,40.65550614680867,580.687622379038,31.969759375015396,12.810772030593576,7.609232264264126,0.9667642152151366,poly2
1.508,8.302093258763003,40.92650362589251,590.9464964411967,32.516894958622274,13.030840380807483,7.738770253559267,0.964749600360333,poly2
1.512,8.447254167208936,41.19668642505023,601.3822794257488,33.07346560946094,13.255676078103065,7.869593114632621,0.9627876136640439,poly2
1.516,8.593627743348405,41.465940486527664,611.9947411648876,33.639459052013,13.485346937038338,8.00170699425259,0.9608799659199915,poly2
1.52,8.741204366970798,41.73415738217589,622.7836593311109,34.21486342890631,13.719924964050733,8.135117934365109,0.9590283394050981,poly2
1.524,8.889974453284053,42.00123478594896,633.7488303220226,34.799667881433066,13.959486222939113,8.2698318678746,0.9572343849900975,poly2
1.528,9.039928454359691,42.267076855756315,644.8900778207702,35.39386300610283,14.204110670018366,8.405854616620928,0.9554997192272013,poly2
1.532,9.1910568639085,42.53159453516562,656.2072592400852,35.997441198321994,14.453881969859314,8.543191891129524,0.953825921424183,poly2
1.536,9.343350224887114,42.79470578506247,667.7002702662987,36.61039689473926,14.708887301023916,8.681849291754997,0.9522145307147418,poly2
1.54,9.496799139478531,43.056335754782474,679.3690477224042,37.232726725941184,14.969217159687929,8.82183231088226,0.9506670431354699,poly2
1.544,9.651394281032882,43.31641690148834,691.2135709669533,37.86442959105929,15.234965167560162,8.963146335892421,0.9491849087201613,poly2
1.548,9.807126407597538,43.57488906571657,703.2338620390177,38.50550666550137,15.506227889102082,9.105796652642283,0.9477695286225538,poly2
1.552,9.963986376706615,43.831699510106894,715.4299847494025,39.155961352483196,15.783104661755988,9.249788449245726,0.9464222522788907,poly2
1.556,10.121965161138666,44.086802927390956,727.8020429054999,39.81579918835484,16.065697441727806,9.39512681998193,0.9451443746219091,poly2
1.56,10.281053865387083,44.34016142278611,740.3501778423399,40.485027710924406,16.354110666855867,9.541816769188864,0.9439371333580224,poly2
1.564,10.441243742620165,44.59174447504345,753.0745654161974,41.16365629911839,16.648451137237167,9.689863215030533,0.9428017063195231,poly2
1.568,10.602526211936958,44.84152887955601,765.9754126001726,41.85169599141402,16.94882791357694,9.83927099305316,0.9417392089036364,poly2
1.572,10.764892875750437,45.08949867616182,779.0529538040032,42.54915928956422,17.25535223266991,9.990044859468586,0.9407506916101425,poly2
1.576,10.928335537151936,45.33564506358582,792.3074470234611,43.25605995323368,17.56813743900268,10.142189494122961,0.9398371376891121,poly2
1.58,11.092846217129665,45.57996630186422,805.7391699084121,43.97241279029708,17.887298931172214,10.295709503125426,0.9389994609100106,poly2
1.584,11.258417171530375,45.82246760358535,819.3484158232908,44.698233446732715,18.212954121629995,10.450609421125089,0.9382385034630667,poly2
1.588,11.425040907666629,46.06316101436439,833.1354899595613,45.43353819928879,18.54522240816871,10.606893713235573,0.937555034003337,poly2
1.592,11.592710200483367,46.302065282640946,847.1007055468892,46.17834375341416,18.88422515555111,10.764566776614947,0.9369497458473485,poly2
1.596,11.761418108206671,46.53920571864503,861.244380198305,46.93266704833525,19.230085685723594,10.923632941715255,0.936423255331567,poly2
1.6,11.931157987405307,46.7746140422102,875.5668324146311,47.69652507062705,19.582929275143975,11.084096473220525,0.935976100341224,poly2
1.604,12.101923507401812,47.008328219016946,890.0683782648807,48.46993467716905,19.94288315787149,11.245961570695115,0.9356087390172314,poly2
1.608,12.273708663975329,47.240392284814064,904.7493282521214,49.25291242799271,20.310076533204764,11.409232368966165,0.9353215486480582,poly2
1.612,12.446507792302889,47.47085615718443,919.6099843684,50.04547442921199,20.68464057680094,11.573912938264586,0.9351148247525004,poly2
1.616,12.620315579089999,47.699775434483875,934.6506373375888,50.847636185976356,21.06670845435811,11.74000728414907,0.9349887803582976,poly2
1.62,12.795127073845096,47.92721118168013,949.8715640413628,51.65941246519061,21.456415337087712,11.9075193472369,0.9349435454805095,poly2
1.624,12.970937699256144,48.153229702944714,965.2730251207904,52.480817167600804,21.853898418339,12.076453002764197,0.9349791668024985,poly2
1.6280000000000001,13.147743260631339,48.37790230099695,980.855262744111,53.311863208743304,22.259296930861186,12.246812059996953,0.9350956075612592,poly2
1.6320000000000001,13.325539954369564,48.60130502335866,996.6184985300414,54.15256240818868,22.672752164298487,12.418600261512434,0.9352927476377264,poly2
1.6360000000000001,13.504324375430249,48.82351839584494,1012.5629316152953,55.0029253864769,23.0944074826079,12.591821282368942,0.9355703838515641,poly2
1.6400000000000001,13.684093523776333,49.04462714378464,1028.68873685477,55.86296146912809,23.524408341170464,12.766478729180145,0.9359282304588253,poly2
1.6440000000000001,13.864844809768492,49.26471990162984,1044.9960631430135,56.73267859712141,23.962902303432884,12.942576139108494,0.9363659198497675,poly2
1.6480000000000001,14.046576058493233,49.48388891177207,1061.4850318459637,57.61208324325522,24.41003905696981,13.120116978790604,0.9368830034430331,poly2
1.6520000000000001,14.229285513012329,49.702229713530784,1078.1557353325702,58.50118033383421,24.86597042889968,13.299104643205945,0.9374789527713695,poly2
1.6560000000000001,14.412971836525939,49.919840823415065,1095.008235596598,59.39997317516612,25.330850400618516,13.47954245449882,0.9381531607530598,poly2
1.6600000000000001,14.59763411344682,50.13682340787916,1112.0425629597205,60.308463384393946,25.804835121839726,13.661433660762214,0.938904943142311,poly2
1.6640000000000001,14.783271849388157,50.35328094989518,1129.2587148478178,61.22665082423241,26.2880829239444,13.844781434791079,0.9397335401509602,poly2
1.668,14.969884970072695,50.56931891075221,1146.6566546332217,62.15453354122145,26.780754332657217,14.029588872811457,0.9406381182330606,poly2
1.672,15.157473819175866,50.78504438855663,1164.2363105364436,63.09210770715222,27.283012080069206,14.215858993191024,0.9416177720231805,poly2
1.676,15.346039155120701,51.000565774957025,1181.9975745816662,64.03936756336043,27.795021116031222,14.40359473513578,0.9426715264186055,poly2
1.68,15.535582146847089,51.21599241164526,1199.9403016009937,64.9963053676201,28.316948618942703,14.592798957376983,0.9437983387950661,poly2
1.684,15.72610436858259,51.431434248196254,1218.0643082830866,65.96291134340444,28.84896400595812,14.78347443685176,0.9449971013451575,poly2
1.688,15.917607793646424,51.647001502801196,1236.369372262394,66.9391736313121,29.391238942631514,14.975623867380339,0.9462666435282212,poly2
1.692,16.11009478732229,51.8628043274253,1254.855231245722,67.92507824248433,29.943947352015716,15.169249858342448,0.9476057346201849,poly2
1.696,16.30356809883954,52.07895247888024,1273.5215821733223,68.92060901386357,30.507265423229548,15.36435493335498,0.949013086351648,poly2
1.7,16.498030852505497,52.295554997247294,1292.3680804121145,69.92574756516552,31.0813716195023,15.560941528952736,0.9504873556224017,poly2
1.704,16.693486538034847,52.51271989301873,1311.3943389789954,70.94047325745608,31.666446685701672,15.759011993273848,0.9520271472805428,poly2
1.708,16.889939000124656,52.73055384424516,1330.5999277925027,71.9647631532403,32.262673655347434,15.958568584751125,0.95363101695441,poly2
1.712,17.087392427325636,52.949161904886004,1349.98437295138,72.9985919779862,32.8702378571109,16.15961347081051,0.9552974739257076,poly2
1.716,17.285851340262337,53.16864722546148,1369.5471560388053,74.04193208301726,33.489326920796586,16.362148726577576,0.9570249840324043,poly2
1.72,17.48532057925604,53.38911078699775,1389.2877134512637,75.09475340971923,34.120130782801155,16.56617633359292,0.958811972590273,poly2
1.724,17.685805291405337,53.61065114914548,1409.2054357512106,76.1570234550158,34.76284169104222,16.77169817853713,0.9606568273222909,poly2
1.728,17.88731091717983,53.83336421323547,1429.2996670428186,77.22870723807532,35.41765420934762,16.978716051965968,0.9625579012855249,poly2
1.732,18.089843176582594,54.05734300091717,1449.5697043702428,78.30976726821858,36.0847652212952,17.187231647056315,0.9645135157855802,poly2
1.736,18.293408054936947,54.282677448905694,1470.0147971379365,79.40016351400259,36.76437393349116,17.397246558363303,0.9665219632691897,poly2
1.74,18.49801178835234,54.50945422024422,1490.6341465526566,80.49985337346101,37.45668187827449,17.60876228058905,0.9685815101860611,poly2
1.744,18.703660848923715,54.73775653237037,1511.4269050868743,81.60879164548635,38.16189291583426,17.82178020736343,0.9706903998116577,poly2
1.748,18.910361929717027,54.96766400216078,1532.392175963392,82.72693050234312,38.88021323572545,18.036301630037055,0.9728468550231882,poly2
1.752,19.11812192959276,55.19925250801642,1553.529012661009,83.85421946330345,39.611851357769275,18.252327736486894,0.9750490810216744,poly2
1.756,19.32694793791714,55.432594068945214,1574.83641844116,84.99060536940145,40.35701813232261,18.469859609934687,0.9772952679935929,poly2
1.76,19.536847219209196,55.66775674049754,1596.313345895475,86.13603235930314,41.115926739901624,18.68889822777845,0.9795835937062046,poly2
1.764,19.747827197769723,55.904804527315626,1617.9586965142648,87.29044184629268,41.88879269014407,18.909444460437186,0.9819122260313073,poly2
1.768,19.959895442335778,56.143797311970665,1639.7713202759705,88.45377249637639,42.675833820094375,19.131499070209145,0.9842793253927629,poly2
1.772,20.17305965080241,56.38479079968046,1661.7500152576474,89.62596020750878,43.477270291795946,19.355062710143628,0.9866830471337545,poly2
1.776,20.387327635050497,56.6278364784283,1683.8935272665717,90.80693808994505,44.29332458917444,19.58013592292666,0.9891215438003286,poly2
1.78,20.6027073059173,56.872981593938874,1706.200549493105,91.99663644772735,45.12422151419635,19.806719139780608,0.9915929673383371,poly2
1.784,20.819206658343827,57.1202691389099,1728.6697221849483,93.19498276131183,45.97018818228661,20.03481267937788,0.9940954712014637,poly2
1.788,21.036833756730278,57.36973785584946,1751.2996323429513,94.4019016713452,46.83145401698872,20.2644167467689,0.9966272123685327,poly2
1.792,21.255596720528537,57.62142225282808,1774.088813438651,95.61731496360025,47.70825074385224,20.49553143232448,0.999186353268815,poly2
1.796,21.475503710097975,57.87535263142123,1797.0357451537345,96.84114155508074,48.600812383530496,20.72815671069268,1.001771063614511,poly2
1.8,21.696562912848268,58.13155512609181,1820.1388531416214,98.07329748130577,49.50937524407294,20.96229243977033,1.004379522140046,poly2
1.804,21.918782529690585,58.39005175424423,1843.3965088113805,99.3136958847855,50.43417791239627,21.19793835968936,1.007009918248224,poly2
1.808,22.142170761815866,58.650860476168916,1866.8070291342021,100.56224700469976,51.37546124491746,21.435094091817977,1.0096604535636724,poly2
1.812,22.366735797816844,58.91399526409114,1890.3686764726413,101.81885816779103,52.333468357333906,21.673759137776916,1.0123293433943714,poly2
1.816,22.592485801167886,59.17946617953864,1914.0796584328755,103.08343378048502,53.30844461353341,21.913932878470806,1.0150148181023781,poly2
1.82,22.819428898074815,59.44727945824769,1937.9381277402015,104.35587532225043,54.300637613619635,22.155614573134844,1.0177151243851532,poly2
1.824,23.047573165704673,59.717437601839045,1961.942182138006,105.63608134021088,55.31029718103596,22.398803358396822,1.0204285264691637,poly2
1.828,23.276926620803387,59.989939475510035,1986.0898643104538,106.92394744502154,56.337675348772905,22.643498247354717,1.0231533072176635,poly2
1.832,23.507497208707626,60.26478041100875,2010.3791618291273,108.21936630802335,57.383026344643355,22.88969812866988,1.025887769154771,poly2
1.836,23.73929279275509,60.54195231417882,2034.8080071238471,109.52222765968672,58.44660657560994,23.137401765676017,1.028630235408124,poly2
1.84,23.972321144096185,60.8214437763898,2059.3742774779253,110.83241828935847,59.52867461114946,23.386607795504055,1.031379050572569,poly2
1.844,24.206589931908198,61.103240189195915,2084.075795048062,112.14982204632284,60.62949116563912,23.637314728223,1.0341325814974462,poly2
1.848,24.44210671401196,61.38732386159694,2108.9103269091256,113.47431984218984,61.749319079749576,23.88952094599695,1.0368892180001583,poly2
1.852,24.678878927889436,61.673674139307096,2133.875585124044,114.80578965462279,62.88842330082947,24.143224702258372,1.039647373508775,poly2
1.856,24.916913882099667,61.962267525471056,2158.9692268390154,116.14410653241606,64.04707086226725,24.39842412089774,1.0424054856365075,poly2
1.86,25.156218748089447,62.25307780230073,2184.1888544042563,117.48914260193503,65.22553086181564,24.655117195469728,1.045162016690915,poly2
1.864,25.396800552393866,62.54607615314141,2209.5320155205036,118.8407670749294,66.42407443886354,24.91330178841601,1.0479154541207434,poly2
1.868,25.638666169221374,62.841231284510144,2234.99620341145,120.19884625772974,67.64297475064201,25.172975630304826,1.0506643109032996,poly2
1.872,25.88182231341688,63.13850954768552,2260.578857022326,121.56324356183833,68.88250694735014,25.43413631908746,1.053407125875269,poly2
1.8760000000000001,26.12627553379598,63.43787505946114,2286.2773612448045,122.93381951592417,70.14294814618643,25.69678131937176,1.0561424640098616,poly2
1.8800000000000001,26.37203220684259,63.73928982171003,2312.0890471684033,124.31043177923075,71.42457740427247,25.96090796171273,1.058868916643141,poly2
1.8840000000000001,26.619098530761946,64.04271383944013,2338.0111923585473,125.69293515640615,72.72767569045524,26.22651344192049,1.0615851016523685,poly2
1.8880000000000001,26.867480519880317,64.3481052370533,2364.0410211614626,127.0811816137638,74.05252585597539,26.493594820385574,1.0642896635891197,poly2
1.8920000000000001,27.1171839993825,64.65542037255132,2390.175705036038,128.47502029698163,75.39941260398773,26.76214902142181,1.0669812737699034,poly2
1.8960000000000001,27.368214600377875,64.96461394946238,2416.412362912791,129.87429755024684,76.76862245792155,27.0321728326268,1.0696586303269278,poly2
1.9000000000000001,27.62057775528542,65.27563912629019,2442.7480615800705,131.27885693685312,78.1604437286683,27.303662904260246,1.0723204582216017,poly2
1.9040000000000001,27.87427869352817,65.58844762331464,2469.179816097595,132.6885392612559,79.57516648058504,27.576615748640137,1.0749655092232868,poly2
1.9080000000000001,28.129322437527122,65.90298982659938,2495.704590237456,134.10318259259236,81.01308249630041,27.85102773955701,1.077592561855727,poly2
1.9120000000000001,28.38571379898485,66.21921488908507,2522.3192969526463,135.52262228966933,82.47448524031256,28.126895111706332,1.0802004213135135,poly2
1.9160000000000001,28.643457375448776,66.53707082867008,2549.0207988732095,136.94669102742446,83.9596698213678,28.404213960139213,1.0827879193508536,poly2
1.92,28.90255754714427,66.85650462320203,2575.805908830073,138.37521882486377,85.46893295360798,28.68298023973149,1.0853539141448298,poly2
1.924,29.163018474067588,67.17746230232233,2602.67139040661,139.80803307447795,87.00257291647635,28.963189764671327,1.0878972901352417,poly2
1.928,29.42484409332892,67.49988903612454,2629.613958517969,141.24495857313977,88.56088951337254,29.244838207965508,1.0904169578430518,poly2
1.932,29.688038116735747,67.8237292206042,2656.630280018193,142.68581755448355,90.14418402904441,29.527921100964463,1.092911853669349,poly2
1.936,29.952604028606984,68.14892655989271,2683.716974335165,144.1304297227685,91.75275918571003,29.812433832906184,1.0953809396766794,poly2
1.94,30.218545083808387,68.47542414528134,2710.8706141333178,145.57861228822316,93.38691909789706,30.09837165047913,1.0978232033544868,poly2
1.944,30.485864306000003,68.80316453105497,2738.087726004143,147.03018000387206,95.04696922599354,30.385729657404262,1.1002376573703383,poly2
1.948,30.754564486086544,69.13208980716564,2765.364791184436,148.48494520384193,96.73321632850028,30.674502814036295,1.1026233393085123,poly2
1.952,31.024648180861778,69.46214166878583,2792.69824630224,149.94271784314512,98.44596841297586,30.964685936984264,1.1049793113974622,poly2
1.956,31.296117711838274,69.79326148279107,2820.084484150404,151.40330553893548,100.18553468566815,31.256273698751556,1.1073046602275702,poly2
1.96,31.56897516425399,70.1253903512285,2847.519854487703,152.86651361323462,101.95222549982438,31.549260627395483,1.1095984964605417,poly2
1.964,31.843222386247536,70.45846917183526,2875.000664867397,154.33214513712136,103.74635230267167,31.84364110620648,1.111859954531709,poly2
1.968,32.11886098819402,70.7924386956756,2902.5231814931194,155.8000009763786,105.56822758106313,32.13940937340709,1.11408819234645,poly2
1.972,32.39589234219382,71.12723958197186,2930.0836301019835,157.26987983859217,107.41816480578298,32.436559521870755,1.116282390971838,poly2
1.976,32.67431758170657,71.46281245020688,2957.678196874737,158.7415783216918,109.29647837450439,32.7350854988606,1.1184417543245924,poly2
1.98,32.95413760132339,71.79909792957983,2985.3030293728166,160.2148909639272,111.20348355339637,33.034981105788184,1.1205655088563227,poly2
1.984,33.23535305666995,72.13603670589968,3012.9542375021097,161.68961029526795,113.13949641737297,33.33623999799246,1.1226529032369972,poly2
1.988,33.51796436443389,72.47356956600235,3040.627894503246,163.165526890219,115.10483378898363,33.63885568453883,1.12470320803751,poly2
1.992,33.8019717025098,72.81163743977913,3068.320037968191,164.64242942203836,117.0998131759376,33.942821528038685,1.1267157154121625,poly2
1.996,34.08737501025571,73.15018143990412,3096.026670882898,166.12010471834466,119.12475270726183,34.24813074448906,1.1286897387818218,poly2
2.0,34.37417398885467,73.48914289935018,3123.743762695813,167.59833781810391,121.17997106808947,34.554776403133,1.1306246125184605,poly2
2.004,34.66236810177586,73.82846340678064,3151.4672504119053,169.07691202997705,123.26578743307397,34.86275142634027,1.1325196916317444,poly2
2.008,34.95195657532954,74.16808483990565,3179.1930397120045,170.55560899201762,125.38252139843368,35.17204858950876,1.1343743514582736,poly2
2.012,35.24293839931029,74.50794939688964,3206.9170060971037,172.03420873270073,127.5304929126181,35.48266052098653,1.1361879873540552,poly2
2.016,35.53531232772359,74.84799962589575,3234.6349960573098,173.51248973326656,129.71002220560072,35.794579702014545,1.1379600143907236,poly2
2.02,35.82907687959052,75.1881784528518,3262.342828265128,174.9902289913617,131.9214297167973,36.107798466690305,1.1396898670560023,poly2
2.024,36.12423033982607,75.52842920752045,3290.0362947927274,176.46720208595949,134.16503602161018,36.42230900195216,1.1413769989588574,poly2
2.028,36.42077076018625,75.86869564795398,3317.711162352775,177.94318324353725,136.44116175659886,36.738103347584676,1.14302088253975,poly2
2.032,36.71869596027975,76.20892198341339,3345.3631735625277,179.41794540549407,138.75012754328154,37.055173396244875,1.1446210087863793,poly2
2.036,37.01800352863997,76.5490528958268,3372.988048230674,180.8912602967817,141.09225391056594,37.373510893509454,1.1461768869552573,poly2
2.04,37.31869082385329,76.88903355986344,3400.5814846666326,182.3628984957334,143.46786121581917,37.693107437943084,1.1476880442994424,poly2
2.044,37.62075497573983,77.22880966169282,3428.139161011722,183.8326295050589,145.87726956457135,38.01395448118773,1.1491540258027226,poly2
2.048,37.92419288658303,77.5683274165005,3455.6567365918886,185.30022182398952,148.32079872886706,38.3360433280731,1.150574393920522,poly2
2.052,38.22900123240441,77.90753358482544,3483.1298532913906,186.76544302154056,150.79876806426196,38.65936513674824,1.1519487283277654,poly2
2.056,38.535176464280234,78.2463754877846,3510.554136947053,188.22805981087114,153.31149642547632,38.983910918834226,1.1532766256739397,poly2
2.06,38.8427148096968,78.58480102124557,3537.92519876252,189.6878381247102,155.85930208070602,39.309671539598085,1.154557699345536,poly2
2.064,39.15161227394132,78.92275866900609,3565.2386367419904,191.14454319182192,158.44250262460412,39.63663771814789,1.1557915792360747,poly2
2.068,39.46186464152528,79.26019751503767,3592.490037142922,192.59793961448264,161.06141488993603,39.96480002764905,1.1569779115238634,poly2
2.072,39.77346747763764,79.59706725484652,3619.674975947144,194.04779144693953,163.71635485792035,40.2941488955618,1.15811635845765,poly2
2.076,40.0864161296249,79.93331820600257,3646.789020349742,195.49386227481713,166.40763756726028,40.624674603899926,1.1592065981502946,poly2
2.08,40.400705728495694,80.26890131788637,3673.8277302652377,196.93591529544645,169.135577021881,40.95636728951068,1.1602483243805932,poly2
2.084,40.71633119044711,80.60376818069913,3700.7866598503497,198.373713399078,171.900486097378,41.28921694437589,1.16124124640335,poly2
2.088,41.0332872184105,80.9378710337797,3727.6613590427814,199.80701925095005,174.70267644619406,41.62321341593429,1.1621850887678011,poly2
2.092,41.351568303614464,81.2711627732702,3754.4473751153914,201.23559537417682,177.54245840152774,41.95834640742498,1.163079591144478,poly2
2.096,41.67116872716255,81.60359695916873,3781.1402542450546,202.65920423342067,180.42014087999706,42.29460547825211,1.16392450816058,poly2
2.1,41.99208256162385,81.93512782180584,3807.735543095612,204.07760831931517,183.33603128306322,42.63198004437057,1.1647196092439298,poly2
2.104,42.314303672634,82.26571026777945,3834.2287904141717,205.49057023360064,186.2904353972335,42.97045937869295,1.1654646784755684,poly2
2.108,42.637825720504914,82.59529988537973,3860.6155486401094,206.89785277493675,189.28365729305543,43.31003261151738,1.1661595144510424,poly2
2.112,42.96264216184106,82.9238529495344,3886.891375526025,208.2992190253529,192.31599922292017,43.65068873097654,1.1668039301504294,poly2
2.116,43.28874625116049,83.25132642630253,3913.0518357699834,209.69443243730024,195.38776151769164,43.9924165835076,1.1673977528171473,poly2
2.12,43.61613104251869,83.57767797694184,3939.0925026582318,211.08325692126274,198.4992424821744,44.33520487434304,1.167940823845567,poly2
2.124,43.944789391133476,83.90286596157479,3965.008959717743,212.46545693389203,201.6507382894479,44.67904216802243,1.1684329986774789,poly2
2.128,44.274713955009204,84.22684944247399,3990.7968023776957,213.840797566619,204.8425428740715,45.023916888924965,1.168874146707423,poly2
2.132,44.60589719655853,84.54958818698874,4016.4516396392833,215.20904463470944,208.074947824197,45.36981732182282,1.169264151196912,poly2
2.136,44.9383313842199,84.87104267012995,4041.9690957529206,216.56996476671463,211.34824227259259,45.71673161245512,1.1696029091975644,poly2
2.14,45.27200859406942,85.19117407683054,4067.34481190213,217.9233254942776,214.66271278661287,46.064647768122555,1.1698903314831661,poly2
2.144,45.606920711425076,85.50994430389672,4092.5744478932975,219.26889534225288,218.01864325712756,46.413553658302575,1.1701263424906667,poly2
2.148,45.94305943244192,85.82731596166313,4117.6536838504535,220.60644391909403,221.41631478643555,46.76343701528496,1.170310880270133,poly2
2.152,46.28041626569651,86.14325237536444,4142.578221914322,221.93574200746892,224.85600557519075,47.1142854348278,1.1704438964436539,poly2
2.156,46.61898253375907,86.45771758623248,4167.34378794465,223.2565616550499,228.33799080835337,47.46608637683376,1.17052535617322,poly2
2.16,46.95874937475162,86.7706763523301,4191.946133225231,224.5686762654476,231.8625425402103,47.81882716604646,1.170555238137567,poly2
2.164,47.29970774389072,87.08209414912648,4216.381036170439,225.87186068922543,235.4299295784639,48.17249499276704,1.1705335345179988,poly2
2.168,47.64184841501291,87.39193716982372,4240.6443040328095,227.1658913149698,239.04041736745262,48.52707691359056,1.1704602509931867,poly2
2.172,47.985161982081586,87.70017232543469,4264.731774610314,228.450546160344,242.694267870481,48.882559852162345,1.1703354067429466,poly2
2.176,48.329638860673384,88.00676724462222,4288.639317953038,229.72560496311047,246.3917394513494,49.238930599954024,1.1701590344609931,poly2
2.18,48.675269289442696,88.31169027329477,4312.362838067746,230.99084927203995,250.13308675504607,49.59617581705923,1.1699311803766728,poly2
2.184,49.022043331562536,88.61491047396684,4335.898274620073,232.24606253769437,253.91856058769184,49.95428203300877,1.1696519042856632,poly2
2.188,49.36995087614013,88.91639762487792,4359.241604632863,233.4910302030044,257.74840779571707,50.31323564760509,1.1693212795896468,poly2
2.192,49.718981639605516,89.21612221887492,4382.388844180355,234.72553979362513,261.6228711443535,50.67302293177612,1.1689393933449372,poly2
2.196,50.06912516707158,89.51405546204933,4405.3360500766385,235.9493810079863,265.54218919540676,51.03363002844802,1.168506346320065,poly2
2.2,50.42037083366364,89.81016927213322,4428.079321558239,237.1623458070294,269.5065961844272,51.39504295343704,1.1680222530622981,poly2
2.204,50.77270784581686,90.10443627664287,4450.614801959167,238.36422850354325,273.51632189722227,51.75724759636004,1.1674872419730977,poly2
2.208,51.126125242539786,90.39682981077081,4472.938680378204,239.55482585108473,277.5715915458285,52.120229721563696,1.166901455392481,poly2
2.212,51.480611896642046,90.68732391501436,4495.04719333686,240.73393713240296,281.6726256439009,52.48397496907222,1.1662650496922817,poly2
2.216,51.836156515924486,90.97589333254031,4516.9366264278215,241.90136424735545,285.8196398816376,52.84846885555335,1.1655781953782838,poly2
2.22,52.19274764432965,91.26251350627007,4538.603315952184,243.05691180022663,290.0128450001842,53.21369677530251,1.1648410772012021,poly2
2.224,52.55037366305093,91.54716057568334,4560.043650545273,244.20038718643755,294.2524466656523,53.579644001244915,1.1640538942764846,poly2
2.228,52.90902279159803,91.82981137332538,4581.254072789611,245.33160067857028,298.538645342701,53.946295685955576,1.163216860212892,poly2
2.232,53.26868308881718,92.11044342101074,4602.231080814478,246.45036551167678,302.8716361677932,54.31363686269679,1.162330203249833,poly2
2.236,53.62934245386348,92.38903492570974,4622.971229880922,247.55649796781245,307.251608822113,54.6816524464732,1.1613941664033895,poly2
2.24,53.99098862712379,92.66556477510633,4643.471133951414,248.6498174597503,311.67874740421814,55.050327235103985,1.1604090076209987,poly2
2.244,54.35360919108751,92.94001253281577,4663.727467243358,249.73014661383397,316.1532303024571,55.41964591031223,1.159374999944722,poly2
2.248,54.717191571163404,93.21235843324415,4683.736965765167,250.79731135190147,320.6752300671782,55.78959303883104,1.1582924316830396,poly2
2.2520000000000002,55.08172303643997,93.48258337608212,4703.496428834659,251.85114097226528,325.2449132828151,56.16015307352643,1.157161606591093,poly2
2.2560000000000002,55.447190700387104,93.7506689204093,4723.002720578067,252.89146822965924,329.86244043982464,56.53131035453656,1.1559828440592932,poly2
2.2600000000000002,55.813581521496694,94.01659727840294,4742.252771409687,253.91812941415222,334.5279658066123,56.90304911042728,1.154756479310199,poly2
2.2640000000000002,56.18088230385977,94.2803513086246,4761.243579490312,254.93096442893088,339.2416373013722,57.27535345936375,1.1534828636035588,poly2
2.2680000000000002,56.54907969767757,94.54191450887807,4779.972212164642,255.92981686696072,344.0035963640305,57.648207410297765,1.1521623644493957,poly2
2.2720000000000002,56.918160199704246,94.80127100861029,4798.435807375638,256.9145340864178,348.81397782817174,58.021594864170794,1.1507953658290055,poly2
2.2760000000000002,57.2881101536185,95.05840556084935,4816.631575056284,257.8849672849155,353.6729097931817,58.39549961513232,1.14938226842372,poly2
2.2800000000000002,57.65891575032148,95.31330353364685,4834.5567984964055,258.84097157240063,358.5805134964409,58.769905351773424,1.1479234898512694,poly2
2.2840000000000003,58.03056302815858,95.56595090102206,4852.208835685411,259.78240604276635,363.53690318586166,59.14479565837515,1.146419464909569,poly2
2.2880000000000003,58.40303787306205,95.81633423337098,4869.585120628284,260.7091338440371,368.54218599253585,59.5201540161717,1.144870645827723,poly2
2.2920000000000003,58.77632601861208,96.06444068733892,4886.683164635955,261.62102224718853,373.59646180385704,59.89596380462798,1.143277502524035,poly2
2.2960000000000003,59.15041304601339,96.3102579951182,4903.500557587222,262.51794271344886,378.6998231368217,60.272208302731464,1.1416405228707724,poly2
2.3000000000000003,59.52528438398456,96.55377445317038,4920.03496916357,263.3997709601559,383.852355011929,60.648870690297876,1.139960212965433,poly2
2.3040000000000003,59.90092530855747,96.79497891033171,4936.28415005379,264.26638702500236,389.05413482733525,61.025934049290775,1.1382370974082103,poly2
2.308,60.2773209427838,97.03386075530642,4952.245933130299,265.1176753287731,394.3052322337428,61.403381365154466,1.1364717195853529,poly2
2.312,60.65445625634599,97.27040990349731,4967.918234593161,265.9535247363582,399.60570900958555,61.78119552816023,1.1346646419580622,poly2
2.316,61.032316065069665,97.50461678319199,4983.299055085147,266.7738286162232,404.95561893714773,62.15935933476551,1.1328164463565595,poly2
2.32,61.41088503033494,97.73647232103755,4998.386480772015,267.5784848980231,410.3550076789489,62.53785548898575,1.1309277342789104,poly2
2.324,61.79014765838353,97.96596792684339,5013.178684393639,268.36739612866216,415.80391265534155,62.916666603778786,1.128999127194159,poly2
2.328,62.170088299519136,98.19309547762042,5027.673926277468,269.1404695263448,421.30236292226164,63.295775202441355,1.1270312668493019,poly2
2.332,62.55069114719831,98.41784730092947,5041.870555323348,269.8976170330989,426.85037905057135,63.675163720017586,1.125024815579565,poly2
2.336,62.93194023700906,98.64021615740725,5055.767009946854,270.63875536508647,432.44797300531303,64.05481450471912,1.1229804566214399,poly2
2.34,63.313819445534754,98.86019522260055,5069.361818996181,271.36380606150396,438.0951480271277,64.43470981935667,1.1208988944278584,poly2
2.344,63.69631248910064,99.07777806790074,5082.653602621389,272.07269553094187,443.79189851305375,64.81483184278264,1.118780854984864,poly2
2.348,64.07940292240059,99.2929586408212,5095.641073122809,272.7653550966327,449.53820990049627,65.19516267134472,1.1166270861290697,poly2
2.352,64.46307413700194,99.50573124426094,5108.323035741199,273.441721038592,455.33405854942384,65.57568432034986,1.1144383578651613,poly2
2.356,64.84730935972587,99.7160905152101,5120.6983894389905,274.10173463528463,461.17941162962086,65.95637872553887,1.1122154626826242,poly2
2.36,65.23209165090186,99.92403140225204,5132.7661276039,274.7453422011507,467.0742270037818,66.33722774457065,1.1099592158708438,poly2
2.364,65.61740390249379,100.129549142734,5144.525338768525,275.37249512498335,473.0184531193118,66.71821315851658,1.1076704558316497,poly2
2.368,66.00322883609635,100.33263923837683,5155.9752072139545,275.9831499021211,479.0120288910081,67.09931667336397,1.1053500443883175,poly2
2.372,66.3895490008006,100.53329743105317,5167.1150136427295,276.57726817033904,485.0548835999074,67.48051992152925,1.1029988670899846,poly2
2.376,66.77634677092668,100.73151967626374,5177.9441356550105,277.1548167352439,491.1469367723725,67.86180446337929,1.100617833510354,poly2
2.38,67.16360434362406,100.92730211788961,5188.462048411745,277.71576760564295,497.2880980913686,68.2431517887623,1.0982078775395088,poly2
2.384,67.55130373633712,101.12064105901126,5198.668324922828,278.2600980089123,503.47826726431623,68.62454331854607,1.0957699576675686,poly2
2.388,67.939426784138,101.31153293650894,5208.562636789267,278.78779043057887,509.7173339590988,69.0059604061654,1.0933050572588636,poly2
2.392,68.3279551369238,101.49997428797579,5218.1447541612515,279.2988326120838,516.0051776421989,69.38738433917572,1.0908141848152038,poly2
2.396,68.71687025648323,101.68596172828093,5227.41454677864,279.7932176062751,522.3416675689463,69.76879634081673,1.0882983742267622,poly2
2.4,69.1061534134268,101.86949190942767,5236.371983247805,280.27094373883926,528.7266625458863,70.15017757157914,1.0857586850089964,poly2
2.404,69.49578568399293,102.05056150436607,5245.017132938364,280.73201470945975,535.1600110493122,70.53150913078498,1.0831962025239539,poly2
2.408,69.88574794671467,102.22916715157878,5253.35016367544,281.1764394687383,541.6415507932613,70.91277205816374,1.0806120381842215,poly2
2.412,70.27602087897759,102.40530545989692,5261.371345960831,281.6042324433224,548.1711091696161,71.29394733545243,1.078007329637697,poly2
2.416,70.6665849534266,102.57897291565459,5269.08104666537,282.0154131995003,554.7485023054453,71.67501588797302,1.0753832409312696,poly2
2.42,71.0574204343001,102.75016594576292,5276.47973957703,282.4100070057623,561.3735363485089,72.05595858626273,1.072740962651412,poly2
2.424,71.44850737357301,102.91888072569196,5283.567988394457,282.7880439257961,568.0460051400904,72.43675624763192,1.0700817120396005,poly2
2.428,71.839825607119,103.08511340572025,5290.346474909978,283.1495603215691,574.7656938184696,72.81738963785722,1.067406733080388,poly2
2.432,72.23135475055332,103.24885964176521,5296.815952038986,283.4945963482485,581.5323726050289,73.1978394726604,1.0647172965598812,poly2
2.436,72.62307419534865,103.41011529162134,5302.97732275093,283.8232001638205,588.3458070173649,73.57808641956491,1.062014700092274,poly2
2.44,73.0149631042289,103.56887513743929,5308.831505707627,284.13542076319095,595.2057403436115,73.95811109911567,1.0593002681120198,poly2
2.444,73.40700040758357,103.72513498261083,5314.379665419732,284.43132025309933,602.1119234274618,74.33789408721529,1.056575351829144,poly2
2.448,73.79916479788778,103.87888792395881,5319.622813133531,284.71095256625034,609.0640630029164,74.71741591551591,1.0538413291451212,poly2
2.452,74.19143472746565,104.03013077513195,5324.562504043622,284.974400645694,616.0619116094654,75.09665707525828,1.0510996045266712,poly2
2.456,74.5837884001406,104.1788526325951,5329.199606087401,285.2217107810554,623.1051090964197,75.47559801497047,1.0483516088347737,poly2
2.46,74.97620377377137,104.32505515387244,5333.5364922449635,285.4530095302629,630.1934640884078,75.85421914923003,1.0455987991061328,poly2
2.464,75.36865854293798,104.46871599762176,5337.573098268428,285.66829346679015,637.3264489981412,76.23250084733515,1.0428426582842738,poly2
2.468,75.76113015796811,104.60985508430383,5341.314073983045,285.86781057933825,644.504113872493,76.61042345881265,1.040084694897432,poly2
2.472,76.15359577677211,104.74841315154627,5344.755689374473,286.0513619353964,651.725417088956,76.98796727079932,1.0373264426803357,poly2
2.476,76.54603234208986,104.88447610936535,5347.910022277195,286.2195916809966,658.9913017706527,77.36511259255869,1.0345694601369895,poly2
2.48,76.93841642279997,105.01785659459166,5350.759873129357,286.37158251349365,666.2989747881853,77.74183960065982,1.031815330041549,poly2
2.484,77.33072450338021,105.14888114936956,5353.343545789329,286.5093772890312,673.6526400883973,78.1181286386909,1.0290656588743878,poly2
2.488,77.72293241524824,105.276896038931,5355.5940090251315,286.6294010371,681.0431831027258,78.49395964623734,1.026322076190483,poly2
2.492,78.11501642621425,105.40312815555974,5357.646691639887,286.73887656955895,688.4869602630838,78.86931327034021,1.0235862339172843,poly2
2.496,78.50695109940948,105.52515928476828,5359.245334164502,286.824136823792,695.9510910949523,79.24416869805997,1.020859805579295,poly2
2.5,78.89871350122785,105.64769105771552,5360.898778462086,286.9123198159253,703.4985871673125,79.61850793360054,1.0181444854466748,poly2
2.504,79.29027482704575,105.76139298832294,5361.609459903115,286.9502225236337,711.0040043296715,79.99230730164555,1.0154419876052658,poly2
2.508,79.68161717346926,105.88481781029793,5363.371680286795,287.0442068607283,718.7152983301369,80.36555448247552,1.012754044945585,poly2
2.512,80.07269963550989,105.98063870769025,5362.188674588338,286.98111372698736,726.1342550060305,80.73821408953295,1.0100824080684583,poly2
2.516,80.46352737358745,106.12444387505695,5366.161440660996,287.1929928933098,734.2660672788973,81.11029781559337,1.007428844105158,poly2
2.52,80.8540097323138,106.16176190166925,5358.762281199598,286.79837420459376,741.0616236659068,81.48172033744774,1.0047951354501004,poly2
2.524,81.24425406258864,106.41072101248724,5374.019657510697,287.61209444735164,750.7277366236527,81.85259775439079,1.0021830784043972,poly2
2.528,81.63395237175756,106.21075282602236,5341.363726461405,285.8704586903844,754.5529542492856,82.22262458107808,0.9995944817288048,poly2
2.532,82.02367221628268,106.94474478073484,5408.483275689047,289.4501394151489,770.7167885966377,82.59238502280931,0.9970311651049132,poly2
2.536,82.41211943600597,105.69601307927311,5264.460127073251,281.76896612133993,760.9701393984511,82.96057240765852,0.9944949575037288,poly2
2.54,82.80199395818477,108.6722602034199,5571.801163724787,298.1603572658078,806.4080567179136,83.32993764958125,0.9919876954611604,poly2
2.544,83.187390670058,102.59208760435034,4920.537783423729,263.4265875066902,733.6732528784896,83.69449036257981,0.9895112212602954,poly2
2.548,83.58124117878617,116.2396106337925,6395.0220890657,342.0651229052655,915.9570854605091,84.06737388834327,0.9870673810207696,poly2
2.552,83.9556680111932,87.59463434120839,3484.687252925642,186.84850367250795,542.1900741169687,84.42027090172766,0.9846580226959694,poly2
2.556,84.37540719849375,154.0984173887243,11442.990905302977,611.2879779249031,1382.3966840043888,84.8189075537642,0.9822849939792828,poly2
2.56,84.71106791779185,56.6376326104502,1284.3917235403871,69.5003452602316,495.5741706703361,85.13165195290608,0.9799501401211129,poly2
2.564,85.32575519010005,362.77969877098377,64893.23893121364,3461.945123182319,3605.2668267142935,85.7264781005812,0.9776553016588884,poly2
2.568,85.80203990647261,543.6339442234037,146735.709080067,7826.842030718618,7286.03436997537,86.17242733560074,0.975402312062863,poly2
2.572,88.85018383887854,2162.3216734538773,2331812.508490251,124363.3413217099,22177.30019525709,89.21706451807985,0.973192995301061,poly2
2.576,,,,,,,0.9710291633273145,poly2
2.58,,,,,,,0.9689126134969478,poly2
2.584,,,,,,,0.9668451259152724,poly2
2.588,,,,,,,0.9648284607246792,poly2
2.592,,,,,,,0.9628643553367412,poly2
2.596,,,,,,,0.960954521616349,poly2
2.6,,,,,,,0.9591006430255175,poly2
2.604,,,,,,,0.9573043717350928,poly2
2.608,,,,,,,0.9555673257131532,poly2
2.612,,,,,,,0.9538910857994475,poly2
2.616,,,,,,,0.9522771927757107,poly2
2.62,,,,,,,0.9507271444421707,poly2
2.624,,,,,,,0.9492423927109581,poly2
2.628,,,,,,,0.9478243407275087,poly2
2.632,,,,,,,0.9464743400313241,poly2
2.636,,,,,,,0.9451936877677025,poly2
2.64,,,,,,,0.9439836239621877,poly2
2.644,,,,,,,0.9428453288695757,poly2
2.648,,,,,,,0.9417799204093006,poly2
2.652,,,,,,,0.9407884516989289,poly2
2.656,,,,,,,0.9398719086973145,poly2
2.66,,,,,,,0.9390312079686829,poly2
2.664,,,,,,,0.9382671945785538,poly2
2.668,,,,,,,0.9375806401319602,poly2
2.672,,,,,,,0.9369722409638602,poly2
2.676,,,,,,,0.9364426164910269,poly2
2.68,,,,,,,0.9359923077339677,poly2
2.684,,,,,,,0.9356217760166455,poly2
2.688,,,,,,,0.9353314018509044,poly2
2.692,,,,,,,0.9351214840115722,poly2
2.696,,,,,,,0.9349922388072334,poly2
2.7,,,,,,,0.9349437995506266,poly2
2.704,,,,,,,0.9349762162315566,poly2
2.708,,,,,,,0.9350894553941043,poly2
2.712,,,,,,,0.9352834002188126,poly2
2.716,,,,,,,0.935557850809395,poly2
2.72,,,,,,,0.9359125246823975,poly2
2.724,,,,,,,0.9363470574571461,poly2
2.728,,,,,,,0.9368610037422307,poly2
2.732,,,,,,,0.9374538382137356,poly2
2.736,,,,,,,0.9381249568794348,poly2
2.74,,,,,,,0.9388736785222243,poly2
2.744,,,,,,,0.9396992463151947,poly2
2.748,,,,,,,0.9406008295999322,poly2
2.7520000000000002,,,,,,,0.9415775258189062,poly2
2.7560000000000002,,,,,,,0.9426283625921621,poly2
2.7600000000000002,,,,,,,0.9437522999279612,poly2
2.7640000000000002,,,,,,,0.9449482325565477,poly2
2.7680000000000002,,,,,,,0.9462149923758305,poly2
2.7720000000000002,,,,,,,0.9475513509974823,poly2
2.7760000000000002,,,,,,,0.9489560223817538,poly2
2.7800000000000002,,,,,,,0.9504276655491863,poly2
2.7840000000000003,,,,,,,0.9519648873573937,poly2
2.7880000000000003,,,,,,,0.9535662453311248,poly2
2.7920000000000003,,,,,,,0.9552302505339757,poly2
2.7960000000000003,,,,,,,0.9569553704703208,poly2
2.8000000000000003,,,,,,,0.958740032006322,poly2
2.8040000000000003,,,,,,,0.9605826242992179,poly2
2.8080000000000003,,,,,,,0.9624815017245003,poly2
2.8120000000000003,,,,,,,0.9644349867910387,poly2
2.816,,,,,,,0.9664413730347089,poly2
2.82,,,,,,,0.9684989278816206,poly2
2.824,,,,,,,0.9706058954725983,poly2
2.828,,,,,,,0.9727604994411645,poly2
2.832,,,,,,,0.9749609456378726,poly2
2.836,,,,,,,0.9772054247944606,poly2
2.84,,,,,,,0.9794921151219133,poly2
2.844,,,,,,,0.9818191848371424,poly2
2.848,,,,,,,0.9841847946136177,poly2
2.852,,,,,,,0.9865870999518761,poly2
2.856,,,,,,,0.9890242534664372,poly2
2.86,,,,,,,0.991494407086229,poly2
2.864,,,,,,,0.9939957141661739,poly2
2.868,,,,,,,0.9965263315081219,poly2
2.872,,,,,,,0.9990844212898206,poly2
2.876,,,,,,,1.0016681529010891,poly2
2.88,,,,,,,1.0042757046868074,poly2
2.884,,,,,,,1.0069052655967552,poly2
2.888,,,,,,,1.009555036742721,poly2
2.892,,,,,,,1.0122232328636533,poly2
2.896,,,,,,,1.0149080836999589,poly2
2.9,,,,,,,1.017607835278344,poly2
2.904,,,,,,,1.0203207511088581,poly2
2.908,,,,,,,1.0230451132960388,poly2
2.912,,,,,,,1.025779223566262,poly2
2.916,,,,,,,1.0285214042135802,poly2
2.92,,,,,,,1.031269998966494,poly2
2.924,,,,,,,1.0340233737782125,poly2
2.928,,,,,,,1.0367799175430945,poly2
2.932,,,,,,,1.0395380427420111,poly2
2.936,,,,,,,1.0422961860194664,poly2
2.94,,,,,,,1.0450528086953363,poly2
2.944,,,,,,,1.0478063972141236,poly2
2.948,,,,,,,1.0505554635346332,poly2
2.952,,,,,,,1.0532985454629769,poly2
2.956,,,,,,,1.0560342069317918,poly2
2.96,,,,,,,1.058761038228531,poly2
2.964,,,,,,,1.0614776561756534,poly2
2.968,,,,,,,1.0641827042654848,poly2
2.972,,,,,,,1.0668748527524665,poly2
2.976,,,,,,,1.0695527987054532,poly2
2.98,,,,,,,1.0722152660226438,poly2
2.984,,,,,,,1.0748610054116634,poly2
2.988,,,,,,,1.0774887943372262,poly2
2.992,,,,,,,1.0800974369387486,poly2
2.996,,,,,,,1.0826857639201712,poly2
3.0,,,,,,,1.0852526324141867,poly2
3.004,,,,,,,1.0877969258229758,poly2
3.008,,,,,,,1.0903175536374599,poly2
3.012,,,,,,,1.0928134512370022,poly2
3.016,,,,,,,1.0952835796714055,poly2
3.02,,,,,,,1.0977269254269468,poly2
3.024,,,,,,,1.1001425001781377,poly2
3.028,,,,,,,1.1025293405267846,poly2
3.032,,,,,,,1.1048865077298649,poly2
3.036,,,,,,,1.1072130874176391,poly2
3.04,,,,,,,1.1095081893033516,poly2
3.044,,,,,,,1.1117709468857944,poly2
3.048,,,,,,,1.1140005171459348,poly2
3.052,,,,,,,1.116196080238734,poly2
3.056,,,,,,,1.1183568391812266,poly2
3.06,,,,,,,1.1204820195378518,poly2
3.064,,,,,,,1.1225708691039762,poly2
3.068,,,,,,,1.124622657588481,poly2
3.072,,,,,,,1.1266366762962319,poly2
3.076,,,,,,,1.128612237811196,poly2
3.08,,,,,,,1.1305486756809158,poly2
3.084,,,,,,,1.1324453441030007,poly2
3.088,,,,,,,1.1343016176142566,poly2
3.092,,,,,,,1.1361168907830148,poly2
3.096,,,,,,,1.1378905779051978,poly2
3.1,,,,,,,1.139622112704604,poly2
3.104,,,,,,,1.1413109480378643,poly2
3.108,,,,,,,1.1429565556044894,poly2
3.112,,,,,,,1.1445584256623842,poly2
3.116,,,,,,,1.146116066749187,poly2
3.12,,,,,,,1.147629005409754,poly2
3.124,,,,,,,1.1490967859300802,poly2
3.128,,,,,,,1.1505189700779337,poly2
3.132,,,,,,,1.1518951368504444,poly2
3.136,,,,,,,1.1532248822288698,poly2
3.14,,,,,,,1.1545078189407472,poly2
3.144,,,,,,,1.15574357622961,poly2
3.148,,,,,,,1.15693179963244,poly2
3.152,,,,,,,1.1580721507650018,poly2
3.156,,,,,,,1.1591643071151974,poly2
3.16,,,,,,,1.1602079618445618,poly2
3.164,,,,,,,1.161202823598008,poly2
3.168,,,,,,,1.1621486163219186,poly2
3.172,,,,,,,1.1630450790906717,poly2
3.176,,,,,,,1.163891965941676,poly2
3.18,,,,,,,1.1646890457189831,poly2
3.184,,,,,,,1.1654361019255415,poly2
3.188,,,,,,,1.1661329325841372,poly2
3.192,,,,,,,1.1667793501070725,poly2
3.196,,,,,,,1.1673751811746236,poly2
3.2,,,,,,,1.1679202666223096,poly2
3.204,,,,,,,1.1684144613370016,poly2
3.208,,,,,,,1.1688576341619037,poly2
3.212,,,,,,,1.1692496678104234,poly2
3.216,,,,,,,1.1695904587889516,poly2
3.22,,,,,,,1.1698799173285679,poly2
3.224,,,,,,,1.1701179673256852,poly2
3.228,,,,,,,1.170304546291646,poly2
3.232,,,,,,,1.1704396053112747,poly2
3.236,,,,,,,1.1705231090103976,poly2
3.24,,,,,,,1.1705550355323342,poly2
3.244,,,,,,,1.170535376523363,poly2
3.248,,,,,,,1.1704641371271653,poly2
3.2520000000000002,,,,,,,1.1703413359882464,poly2
3.2560000000000002,,,,,,,1.1701670052643345,poly2
3.2600000000000002,,,,,,,1.169941190647756,poly2
3.2640000000000002,,,,,,,1.169663951395783,poly2
3.2680000000000002,,,,,,,1.169335360369947,poly2
3.2720000000000002,,,,,,,1.168955504084315,poly2
3.2760000000000002,,,,,,,1.1685244827627173,poly2
3.2800000000000002,,,,,,,1.1680424104049152,poly2
3.2840000000000003,,,,,,,1.1675094148617022,poly2
3.2880000000000003,,,,,,,1.1669256379189143,poly2
3.2920000000000003,,,,,,,1.16629123539034,poly2
3.2960000000000003,,,,,,,1.165606377219501,poly2
3.3000000000000003,,,,,,,1.1648712475902832,poly2
3.3040000000000003,,,,,,,1.1640860450463872,poly2
3.3080000000000003,,,,,,,1.163250982619567,poly2
3.3120000000000003,,,,,,,1.1623662879666117,poly2
3.3160000000000003,,,,,,,1.1614322035150337,poly2
3.3200000000000003,,,,,,,1.1604489866174057,poly2
3.3240000000000003,,,,,,,1.1594169097142888,poly2
3.3280000000000003,,,,,,,1.1583362605056928,poly2
3.332,,,,,,,1.1572073421309865,poly2
3.336,,,,,,,1.1560304733571733,poly2
3.34,,,,,,,1.1548059887754458,poly2
3.344,,,,,,,1.153534239005904,poly2
3.348,,,,,,,1.1522155909103255,poly2
3.352,,,,,,,1.1508504278128537,poly2
3.356,,,,,,,1.1494391497284535,poly2
3.36,,,,,,,1.147982173598978,poly2
3.364,,,,,,,1.1464799335366638,poly2
3.368,,,,,,,1.1449328810748538,poly2
3.372,,,,,,,1.1433414854257318,poly2
3.376,,,,,,,1.1417062337448278,poly2
3.38,,,,,,,1.1400276314020286,poly2
3.384,,,,,,,1.1383062022588057,poly2
3.388,,,,,,,1.1365424889513465,poly2
3.392,,,,,,,1.13473705317924,poly2
3.396,,,,,,,1.132890475999346,poly2
3.4,,,,,,,1.1310033581244385,poly2
3.404,,,,,,,1.1290763202261809,poly2
3.408,,,,,,,1.1271100032419525,poly2
3.412,,,,,,,1.125105068685011,poly2
3.416,,,,,,,1.1230621989574243,poly2
3.42,,,,,,,1.1209820976651776,poly2
3.424,,,,,,,1.118865489934795,poly2
3.428,,,,,,,1.1167131227307836,poly2
3.432,,,,,,,1.1145257651731448,poly2
3.436,,,,,,,1.1123042088541544,poly2
3.44,,,,,,,1.1100492681535397,poly2
3.444,,,,,,,1.1077617805511446,poly2
3.448,,,,,,,1.105442606936093,poly2
3.452,,,,,,,1.1030926319114047,poly2
3.456,,,,,,,1.1007127640929497,poly2
3.46,,,,,,,1.0983039364015577,poly2
3.464,,,,,,,1.0958671063470249,poly2
3.468,,,,,,,1.093403256302687,poly2
3.472,,,,,,,1.0909133937691518,poly2
3.476,,,,,,,1.0883985516257006,poly2
3.48,,,,,,,1.0858597883677952,poly2
3.484,,,,,,,1.083298188329034,poly2
3.488,,,,,,,1.0807148618858236,poly2
3.492,,,,,,,1.078110945642947,poly2
3.496,,,,,,,1.0754876025981166,poly2
3.5,,,,,,,1.0728460222835217,poly2
3.504,,,,,,,1.0701874208822844,poly2
3.508,,,,,,,1.0675130413176628,poly2
3.512,,,,,,,1.0648241533127425,poly2
3.516,,,,,,,1.062122053418282,poly2
3.52,,,,,,,1.0594080650062951,poly2
3.524,,,,,,,1.0566835382268713,poly2
3.528,,,,,,,1.0539498499256672,poly2
3.532,,,,,,,1.051208403519421,poly2
3.536,,,,,,,1.0484606288267955,poly2
3.54,,,,,,,1.0457079818517767,poly2
3.544,,,,,,,1.0429519445168278,poly2
3.548,,,,,,,1.040194024342935,poly2
3.552,,,,,,,1.037435754073672,poly2
3.556,,,,,,,1.034678691240379,poly2
3.56,,,,,,,1.0319244176655433,poly2
3.564,,,,,,,1.029174538901493,poly2
3.568,,,,,,,1.0264306836015162,poly2
3.572,,,,,,,1.0236945028205797,poly2
3.576,,,,,,,1.020967669242868,poly2
3.58,,,,,,,1.018251876333445,poly2
3.584,,,,,,,1.0155488374114452,poly2
3.588,,,,,,,1.0128602846423211,poly2
3.592,,,,,,,1.0101879679468233,poly2
3.596,,,,,,,1.0075336538245656,poly2
3.6,,,,,,,1.0048991240902228,poly2
3.604,,,,,,,1.002286174520644,poly2
3.608,,,,,,,0.9996966134114184,poly2
3.612,,,,,,,0.9971322600417178,poly2
3.616,,,,,,,0.9945949430465633,poly2
3.62,,,,,,,0.9920864986960044,poly2
3.624,,,,,,,0.9896087690810882,poly2
3.628,,,,,,,0.9871636002068993,poly2
3.632,,,,,,,0.9847528399933966,poly2
3.636,,,,,,,0.9823783361852386,poly2
3.64,,,,,,,0.9800419341722949,poly2
3.644,,,,,,,0.9777454747230572,poly2
3.648,,,,,,,0.975490791633715,poly2
3.652,,,,,,,0.9732797092962349,poly2
3.656,,,,,,,0.9711140401893641,poly2
3.66,,,,,,,0.9689955822970878,poly2
3.664,,,,,,,0.9669261164596809,poly2
3.668,,,,,,,0.9649074036631177,poly2
3.672,,,,,,,0.9629411822732223,poly2
3.676,,,,,,,0.9610291652215651,poly2
3.68,,,,,,,0.9591730371507156,poly2
3.684,,,,,,,0.957374451527057,poly2
3.688,,,,,,,0.9556350277299367,poly2
3.692,,,,,,,0.9539563481264745,poly2
3.696,,,,,,,0.9523399551418478,poly2
3.7,,,,,,,0.9507873483353515,poly2
3.704,,,,,,,0.9492999814929302,poly2
3.708,,,,,,,0.9478792597472546,poly2
3.712,,,,,,,0.9465265367367043,poly2
3.716,,,,,,,0.9452431118148538,poly2
3.72,,,,,,,0.9440302273222118,poly2
3.724,,,,,,,0.942889065932047,poly2
3.728,,,,,,,0.9418207480821259,poly2
3.732,,,,,,,0.9408263295040982,poly2
3.736,,,,,,,0.9399067988620863,poly2
3.74,,,,,,,0.9390630755117683,poly2
3.744,,,,,,,0.938296007390873,poly2
3.748,,,,,,,0.9376063690515645,poly2
3.7520000000000002,,,,,,,0.936994859844643,poly2
3.7560000000000002,,,,,,,0.9364621022648648,poly2
3.7600000000000002,,,,,,,0.93600864046597,poly2
3.7640000000000002,,,,,,,0.9356349389532194,poly2
3.7680000000000002,,,,,,,0.9353413814603776,poly2
3.7720000000000002,,,,,,,0.9351282700171588,poly2
3.7760000000000002,,,,,,,0.9349958242121597,poly2
3.7800000000000002,,,,,,,0.9349441806552842,poly2
3.7840000000000003,,,,,,,0.9349733926425859,poly2
3.7880000000000003,,,,,,,0.9350834300253614,poly2
3.7920000000000003,,,,,,,0.9352741792842132,poly2
3.7960000000000003,,,,,,,0.9355454438076729,poly2
3.8000000000000003,,,,,,,0.9358969443738637,poly2
3.8040000000000003,,,,,,,0.9363283198325743,poly2
3.8080000000000003,,,,,,,0.9368391279840361,poly2
3.8120000000000003,,,,,,,0.937428846649658,poly2
3.8160000000000003,,,,,,,0.9380968749289719,poly2
3.8200000000000003,,,,,,,0.9388425346361025,poly2
3.8240000000000003,,,,,,,0.939665071908189,poly2
3.8280000000000003,,,,,,,0.9405636589773863,poly2
3.8320000000000003,,,,,,,0.9415373960973296,poly2
3.8360000000000003,,,,,,,0.9425853136142983,poly2
3.84,,,,,,,0.9437063741727523,poly2
3.844,,,,,,,0.9448994750444281,poly2
3.848,,,,,,,0.9461634505698039,poly2
3.852,,,,,,,0.9474970747004384,poly2
3.856,,,,,,,0.9488990636304939,poly2
3.86,,,,,,,0.9503680785056273,poly2
3.864,,,,,,,0.9519027281974158,poly2
3.868,,,,,,,0.9535015721315322,poly2
3.872,,,,,,,0.9551631231580244,poly2
3.876,,,,,,,0.9568858504522625,poly2
3.88,,,,,,,0.9586681824354009,poly2
3.884,,,,,,,0.9605085097035391,poly2
3.888,,,,,,,0.9624051879551749,poly2
3.892,,,,,,,0.9643565409069891,poly2
3.896,,,,,,,0.9663608631885,poly2
3.9,,,,,,,0.9684164232066572,poly2
3.904,,,,,,,0.9705214659720116,poly2
3.908,,,,,,,0.9726742158786799,poly2
3.912,,,,,,,0.9748728794309339,poly2
3.916,,,,,,,0.977115647909855,poly2
3.92,,,,,,,0.9794006999741203,poly2
3.924,,,,,,,0.981726204189608,poly2
3.928,,,,,,,0.9840903214831199,poly2
3.932,,,,,,,0.9864912075161388,poly2
3.936,,,,,,,0.9889270149751159,poly2
3.94,,,,,,,0.9913958957753718,poly2
3.944,,,,,,,0.9938960031762425,poly2
3.948,,,,,,,0.9964254938056342,poly2
3.952,,,,,,,0.9989825295926571,poly2
3.956,,,,,,,1.001565279607486,poly2
3.96,,,,,,,1.0041719218080474,poly2
3.964,,,,,,,1.006800644693544,poly2
3.968,,,,,,,1.0094496488652258,poly2
3.972,,,,,,,1.0121171484951683,poly2
3.976,,,,,,,1.014801372704147,poly2
3.98,,,,,,,1.017500566849994,poly2
3.984,,,,,,,1.0202129937280864,poly2
3.988,,,,,,,1.022936934685859,poly2
3.992,,,,,,,1.02567069065343,poly2
3.996,,,,,,,1.02841258309263,poly2
4.0,,,,,,,1.0311609548668514,poly2
4.0040000000000004,,,,,,,1.033914171034301,poly2
4.008,,,,,,,1.036670619567305,poly2
4.0120000000000005,,,,,,,1.0394287120004435,poly2
4.016,,,,,,,1.042186884010317,poly2
4.0200000000000005,,,,,,,1.044943595929823,poly2
4.024,,,,,,,1.0476973331998323,poly2
4.0280000000000005,,,,,,,1.0504466067611704,poly2
4.032,,,,,,,1.0531899533898155,poly2
4.0360000000000005,,,,,,,1.0559259359781887,poly2
4.04,,,,,,,1.0586531437654156,poly2
4.0440000000000005,,,,,,,1.0613701925193648,poly2
4.048,,,,,,,1.0640757246732562,poly2
4.0520000000000005,,,,,,,1.0667684094195455,poly2
4.056,,,,,,,1.0694469427637583,poly2
4.0600000000000005,,,,,,,1.0721100475408514,poly2
4.064,,,,,,,1.0747564733966282,poly2
4.0680000000000005,,,,,,,1.077384996736647,poly2
4.072,,,,,,,1.0799944206449743,poly2
4.0760000000000005,,,,,,,1.0825835747750694,poly2
4.08,,,,,,,1.0851513152149874,poly2
4.0840000000000005,,,,,,,1.0876965243290044,poly2
4.088,,,,,,,1.090218110577685,poly2
4.0920000000000005,,,,,,,1.092715008318326,poly2
4.096,,,,,,,1.095186177587617,poly2
4.1,,,,,,,1.0976306038682797,poly2
4.104,,,,,,,1.1000472978413596,poly2
4.108,,,,,,,1.1024352951257634,poly2
4.112,,,,,,,1.104793656006549,poly2
4.116,,,,,,,1.1071214651533992,poly2
4.12,,,,,,,1.10941783133063,poly2
4.124,,,,,,,1.111681887100017,poly2
4.128,,,,,,,1.113912788517631,poly2
4.132,,,,,,,1.1161097148258332,poly2
4.136,,,,,,,1.118271868141477,poly2
4.14,,,,,,,1.1203984731413343,poly2
4.144,,,,,,,1.122488776745672,poly2
4.148,,,,,,,1.1245420478008592,poly2
4.152,,,,,,,1.1265575767618279,poly2
4.156,,,,,,,1.1285346753751495,poly2
4.16,,,,,,,1.1304726763634427,poly2
4.164,,,,,,,1.1323709331117746,poly2
4.168,,,,,,,1.1342288193566712,poly2
4.172,,,,,,,1.1360457288783117,poly2
4.176,,,,,,,1.1378210751964353,poly2
4.18,,,,,,,1.139554291270451,poly2
4.184,,,,,,,1.1412448292042008,poly2
4.188,,,,,,,1.1428921599557964,poly2
4.192,,,,,,,1.1444957730529108,poly2
4.196,,,,,,,1.1460551763138813,poly2
4.2,,,,,,,1.1475698955749432,poly2
4.204,,,,,,,1.1490394744238903,poly2
4.208,,,,,,,1.1504634739404402,poly2
4.212,,,,,,,1.15184147244354,poly2
4.216,,,,,,,1.1531730652458463,poly2
4.22,,,,,,,1.154457864415579,poly2
4.224,,,,,,,1.1556954985459367,poly2
4.228,,,,,,,1.156885612532237,poly2
4.232,,,,,,,1.1580278673569377,poly2
4.236,,,,,,,1.1591219398826693,poly2
4.24,,,,,,,1.1601675226534074,poly2
4.244,,,,,,,1.1611643237038887,poly2
4.248,,,,,,,1.162112066377369,poly2
4.252,,,,,,,1.163010489151814,poly2
4.256,,,,,,,1.1638593454745954,poly2
4.26,,,,,,,1.1646584036057637,poly2
4.264,,,,,,,1.165407446469955,poly2
4.268,,,,,,,1.16610627151699,poly2
4.272,,,,,,,1.1667546905912047,poly2
4.276,,,,,,,1.167352529809558,poly2
4.28,,,,,,,1.1678996294485515,poly2
4.284,,,,,,,1.1683958438399882,poly2
4.288,,,,,,,1.168841041275602,poly2
4.292,,,,,,,1.1692351039205742,poly2
4.296,,,,,,,1.16957792773596,poly2
4.3,,,,,,,1.1698694224100394,poly2
4.304,,,,,,,1.1701095112986104,poly2
4.308,,,,,,,1.1702981313742256,poly2
4.312,,,,,,,1.1704352331843924,poly2
4.316,,,,,,,1.1705207808187368,poly2
4.32,,,,,,,1.1705547518851394,poly2
4.324,,,,,,,1.1705371374948446,poly2
4.328,,,,,,,1.1704679422565498,poly2
4.332,,,,,,,1.1703471842794682,poly2
4.336,,,,,,,1.1701748951853754,poly2
4.34,,,,,,,1.1699511201296262,poly2
4.344,,,,,,,1.1696759178311475,poly2
4.348,,,,,,,1.1693493606113974,poly2
4.352,,,,,,,1.1689715344422846,poly2
4.356,,,,,,,1.1685425390030428,poly2
4.36,,,,,,,1.1680624877460455,poly2
4.364,,,,,,,1.1675315079715505,poly2
4.368,,,,,,,1.1669497409113598,poly2
4.372,,,,,,,1.1663173418213757,poly2
4.376,,,,,,,1.1656344800830305,poly2
4.38,,,,,,,1.1649013393135674,poly2
4.384,,,,,,,1.1641181174851447,poly2
4.388,,,,,,,1.1632850270527226,poly2
4.392,,,,,,,1.1624022950907018,poly2
4.396,,,,,,,1.161470163438266,poly2
4.4,,,,,,,1.1604888888533786,poly2
4.404,,,,,,,1.159458743175371,poly2
4.408,,,,,,,1.158380013496066,poly2
4.412,,,,,,,1.157253002339353,poly2
4.416,,,,,,,1.1560780278491387,poly2
4.42,,,,,,,1.154855423985569,poly2
4.424,,,,,,,1.153585540729431,poly2
4.428,,,,,,,1.1522687442946047,poly2
4.432,,,,,,,1.1509054173484383,poly2
4.436,,,,,,,1.149495959239901,poly2
4.44,,,,,,,1.1480407862353523,poly2
4.444,,,,,,,1.1465403317617437,poly2
4.448,,,,,,,1.1449950466570609,poly2
4.452,,,,,,,1.1434053994277846,poly2
4.456,,,,,,,1.141771876513132,poly2
4.46,,,,,,,1.1400949825558149,poly2
4.464,,,,,,,1.1383752406790284,poly2
4.468,,,,,,,1.1366131927693517,poly2
4.472,,,,,,,1.1348093997652227,poly2
4.476,,,,,,,1.1329644419506095,poly2
4.48,,,,,,,1.1310789192534707,poly2
4.484,,,,,,,1.1291534515485702,poly2
4.488,,,,,,,1.127188678964159,poly2
4.492,,,,,,,1.1251852621920155,poly2
4.496,,,,,,,1.1231438828002818,poly2
4.5,,,,,,,1.1210652435484922,poly2
4.5040000000000004,,,,,,,1.1189500687041518,poly2
4.508,,,,,,,1.1167991043601584,poly2
4.5120000000000005,,,,,,,1.11461311875233,poly2
4.516,,,,,,,1.1123929025762254,poly2
4.5200000000000005,,,,,,,1.1101392693024057,poly2
4.524,,,,,,,1.1078530554892156,poly2
4.5280000000000005,,,,,,,1.1055351210921054,poly2
4.532,,,,,,,1.1031863497684469,poly2
4.5360000000000005,,,,,,,1.1008076491767365,poly2
4.54,,,,,,,1.0983999512689975,poly2
4.5440000000000005,,,,,,,1.0959642125751325,poly2
4.548,,,,,,,1.0935014144778996,poly2
4.5520000000000005,,,,,,,1.0910125634770975,poly2
4.556,,,,,,,1.0884986914414905,poly2
4.5600000000000005,,,,,,,1.085960855846893,poly2
4.564,,,,,,,1.0834001399987754,poly2
4.5680000000000005,,,,,,,1.080817653237657,poly2
4.572,,,,,,,1.078214531125464,poly2
4.5760000000000005,,,,,,,1.0755919356109558,poly2
4.58,,,,,,,1.0729510551722192,poly2
4.5840000000000005,,,,,,,1.070293104934165,poly2
4.588,,,,,,,1.067619326758849,poly2
4.5920000000000005,,,,,,,1.0649309893063803,poly2
4.596,,,,,,,1.062229388064072,poly2
4.6000000000000005,,,,,,,1.0595158453414308,poly2
4.604,,,,,,,1.0567917102284818,poly2
4.6080000000000005,,,,,,,1.0540583585148675,poly2
4.612,,,,,,,1.05131719256708,poly2
4.616,,,,,,,1.0485696411611234,poly2
4.62,,,,,,,1.0458171592678502,poly2
4.624,,,,,,,1.0430612277881557,poly2
4.628,,,,,,,1.0403033532351882,poly2
4.632,,,,,,,1.0375450673606856,poly2
4.636,,,,,,,1.0347879267225417,poly2
4.64,,,,,,,1.0320335121906956,poly2
4.644,,,,,,,1.0292834283884407,poly2
4.648,,,,,,,1.026539303066278,poly2
4.652,,,,,,,1.0238027864054802,poly2
4.656,,,,,,,1.0210755502485787,poly2
4.66,,,,,,,1.0183592872540874,poly2
4.664,,,,,,,1.0156557099728492,poly2
4.668,,,,,,,1.0129665498435383,poly2
4.672,,,,,,,1.0102935561049826,poly2
4.676,,,,,,,1.0076384946231518,poly2
4.68,,,,,,,1.0050031466308544,poly2
4.684,,,,,,,1.0023893073784098,poly2
4.688,,,,,,,0.9997987846938274,poly2
4.692,,,,,,,0.9972333974513049,poly2
4.696,,,,,,,0.9946949739471737,poly2
4.7,,,,,,,0.9921853501827748,poly2
4.704,,,,,,,0.9897063680541188,poly2
4.708,,,,,,,0.9872598734485989,poly2
4.712,,,,,,,0.9848477142494615,poly2
4.716,,,,,,,0.982471738249212,poly2
4.72,,,,,,,0.9801337909736257,poly2
4.724,,,,,,,0.9778357134185629,poly2
4.728,,,,,,,0.9755793397023282,poly2
4.732,,,,,,,0.9733664946368883,poly2
4.736,,,,,,,0.9711989912218493,poly2
4.74,,,,,,,0.9690786280656948,poly2
4.744,,,,,,,0.9670071867394047,poly2
4.748,,,,,,,0.9649864290681897,poly2
4.752,,,,,,,0.9630180943677035,poly2
4.756,,,,,,,0.9611038966317107,poly2
4.76,,,,,,,0.9592455216787984,poly2
4.764,,,,,,,0.9574446242663124,poly2
4.768,,,,,,,0.9557028251802729,poly2
4.772,,,,,,,0.9540217083105662,poly2
4.776,,,,,,,0.9524028177212184,poly2
4.78,,,,,,,0.9508476547260217,poly2
4.784,,,,,,,0.9493576749802087,poly2
4.788,,,,,,,0.9479342855992204,poly2
4.792,,,,,,,0.9465788423159288,poly2
4.796,,,,,,,0.9452926466878974,poly2
4.8,,,,,,,0.9440769433664288,poly2
4.804,,,,,,,0.9429329174392279,poly2
4.808,,,,,,,0.941861691858511,poly2
4.812,,,,,,,0.9408643249662985,poly2
4.816,,,,,,,0.9399418081284611,poly2
4.82,,,,,,,0.9390950634888137,poly2
4.824,,,,,,,0.9383249418542011,poly2
4.828,,,,,,,0.9376322207210654,poly2
4.832,,,,,,,0.937017602453448,poly2
4.836,,,,,,,0.9364817126217546,poly2
4.84,,,,,,,0.9360250985109034,poly2
4.844,,,,,,,0.9356482278056871,poly2
4.848,,,,,,,0.9353514874603263,poly2
4.852,,,,,,,0.935135182758262,poly2
4.856,,,,,,,0.9349995365672594,poly2
4.86,,,,,,,0.93494468879386,poly2
4.864,,,,,,,0.9349706960401608,poly2
4.868,,,,,,,0.9350775314647907,poly2
4.872,,,,,,,0.935265084848849,poly2
4.876,,,,,,,0.935533162866443,poly2
4.88,,,,,,,0.9358814895583454,poly2
4.884,,,,,,,0.9363097070061881,poly2
4.888,,,,,,,0.9368173762035268,poly2
4.892,,,,,,,0.9374039781190706,poly2
4.896,,,,,,,0.9380689149463683,poly2
4.9,,,,,,,0.9388115115332997,poly2
4.904,,,,,,,0.9396310169838377,poly2
4.908,,,,,,,0.9405266064237345,poly2
4.912,,,,,,,0.9414973829210451,poly2
4.916,,,,,,,0.94254237955175,poly2
4.92,,,,,,,0.9436605616001674,poly2
4.924,,,,,,,0.9448508288833644,poly2
4.928,,,,,,,0.9461120181883828,poly2
4.932,,,,,,,0.9474429058108034,poly2
4.936,,,,,,,0.9488422101829577,poly2
4.94,,,,,,,0.9503085945799773,poly2
4.944,,,,,,,0.9518406698918486,poly2
4.948,,,,,,,0.9534369974496779,poly2
4.952,,,,,,,0.9550960918945238,poly2
4.956,,,,,,,0.9568164240773419,poly2
4.96,,,,,,,0.9585964239788823,poly2
4.964,,,,,,,0.9604344836387056,poly2
4.968,,,,,,,0.9623289600828976,poly2
4.972,,,,,,,0.9642781782404987,poly2
4.976,,,,,,,0.9662804338391704,poly2
4.98,,,,,,,0.9683339962711445,poly2
4.984,,,,,,,0.9704371114210649,poly2
4.988,,,,,,,0.9725880044479283,poly2
4.992,,,,,,,0.9747848825139139,poly2
4.996,,,,,,,0.9770259374535336,poly2
5.0,,,,,,,0.9793093483771325,poly2
0.0,0.0,0.0,-18.750149632983685,0.0,0.0,1.1705554002218517,1.1705554002218517,forest
0.004,0.0005014725912835262,0.0005040428396707303,-18.751580499882085,7.631229224337865e-05,4.493520926625812e-05,1.17051019614292,1.1705296074086908,forest
0.008,0.001046537606170132,0.0009000868655967983,-18.752085745527786,0.00010325851163848949,6.057899632855858e-05,1.1704444506708862,1.1704522357178782,forest
0.012,0.0015511331380910361,0.0012876740352676197,-18.751450954847723,6.94032788809452e-05,4.0101760103522876e-05,1.170359188711435,1.1703233053999127,forest
0.016,0.00197196835470378,0.0017891177000734161,-18.753595980988496,0.00018380376009098631,0.00010669996111899101,1.170178941662481,1.1701428502205848,forest
0.02,0.0024842402252942047,0.0020969629958059346,-18.75354432116265,0.00018104859136659635,0.00010398815264705974,1.1700071442404478,1.1699109174834248,forest
0.024,0.002994020886317869,0.0021882566971080804,-18.75225305540208,0.00011218163372378638,6.163599309415848e-05,1.169821127953333,1.169627568061111,forest
0.028,0.0034911001230350856,0.0024799154473037154,-18.751908145760215,9.378659962456825e-05,4.873063981985253e-05,1.1695785373547383,1.1692928764358548,forest
0.032,0.004035575160080855,0.00268128880986283,-18.75063938977466,2.612015373527594e-05,6.177875775313127e-06,1.1693257024893984,1.1689069307487372,forest
0.036000000000000004,0.00459768333643433,0.003030875782096459,-18.750427382637145,1.4813196635574672e-05,4.8653147397271075e-06,1.169027552155716,1.1684698328580023,forest
0.04,0.005101803763847261,0.0037791793732264638,-18.750878137536937,3.8853266107792406e-05,4.609371770206071e-06,1.1686723821888383,1.1679816984062896,forest
0.044,0.005579777626152787,0.004561753153717634,-18.749848464735955,1.606217836261708e-05,3.2971583278419264e-05,1.1683031863924846,1.1674426568967917,forest
0.048,0.006112108112649202,0.005493897150702544,-18.74789431205179,0.00012028282312621752,9.989446498632903e-05,1.1679284209502427,1.1668528517783268,forest
0.052000000000000005,0.006683768450124534,0.006671759419292179,-18.74550296336549,0.00024782040192482344,0.0001814437486512358,1.1675408278898793,1.166212440539303,forest
0.056,0.007243561025532974,0.007685113475770931,-18.7417464796481,0.0004481646013535476,0.00030512872430320823,1.1671369394571007,1.1655215948105528,forest
0.06,0.007692791081197883,0.008471732006206888,-18.736264336272278,0.0007405432480912977,0.0004836697870749357,1.1666968655906509,1.164780500477016,forest
0.064,0.008150498095595716,0.009770791818089462,-18.732931172618848,0.0009183105576154055,0.0005965336683217818,1.1661955512939948,1.1639893577982372,forest
0.068,0.008603641616828526,0.01081145739710677,-18.728165470960047,0.0011724792843768054,0.0007532288365304198,1.1656744253687614,1.1631483815376422,forest
0.07200000000000001,0.009144789551213284,0.01211552605583243,-18.723001667665685,0.0014478799289283795,0.0009223965669565923,1.165156889227102,1.162257801100563,forest
0.076,0.009538721487543617,0.013059457581589155,-18.718629734883613,0.0016810478165264766,0.0010661408922692495,1.1645335516788349,1.1613178606809536,forest
0.08,0.00996270112677419,0.014585178245960428,-18.713656060817073,0.0019463083165169222,0.001232079745341924,1.1639112003143866,1.1603288194167511,forest
0.084,0.010354198431213478,0.016083290059969783,-18.710398295671126,0.002120054404399626,0.0013435157514234877,1.1632090172022391,1.1592909515538266,forest
0.088,0.010733673783951863,0.01694027805908628,-18.71022255025251,0.0021294274185918454,0.0013517048027801802,1.1623857285809034,1.158204546618449,forest
0.092,0.011025786911981663,0.019172697515637833,-18.71419589522818,0.001917517377688491,0.0012403608020772393,1.1614701676241008,1.1570699095981964,forest
0.096,0.011320301980316807,0.02057546831046345,-18.714046678909483,0.0019254755178429674,0.001253342085659064,1.1605587024934771,1.1558873611312244,forest
0.1,0.011564899483497917,0.02188434129461508,-18.713387506570168,0.00196063109538329,0.001282702770189201,1.1595941767814255,1.1546572377037918,forest
0.10400000000000001,0.011827737004231996,0.02323613857324949,-18.712267247480654,0.0020203777700201608,0.0013256891787338306,1.1586080309795408,1.1533798918559472,forest
0.108,0.012010363808839613,0.024909509905373377,-18.709766022527877,0.002153775369598619,0.0014182707291775013,1.1575907370746896,1.1520556923952463,forest
0.112,0.012227046406140175,0.02619996478770504,-18.70534912021483,0.002389341613042172,0.0015667488059116158,1.1565607906224153,1.1506850246183697,forest
0.116,0.012467445012155548,0.02797767539351442,-18.702080367594647,0.0025636736948743736,0.001681816265775147,1.155503394057041,1.1492682905404958,forest
0.12,0.012575038664525126,0.030063333517184966,-18.702975454891252,0.002515936086688527,0.00167157389038113,1.1542923979563708,1.1478059091322594,forest
0.124,0.012710777923673412,0.031878745342169224,-18.704085453727096,0.002456736621213797,0.0016502358473385185,1.1530391240658517,1.1462983165641154,forest
0.128,0.012821126452395953,0.03340203118904623,-18.703358884440892,0.0024954866739027664,0.0016849464102217503,1.1517515758522654,1.1447459664579103,forest
0.132,0.01293782552879539,0.035322990801328134,-18.704339247337337,0.0024432010700203865,0.0016687868832046396,1.1504186368526097,1.143149330145432,forest
0.136,0.013014725282651258,0.03731155438464243,-18.70505217885738,0.0024051783590555917,0.0016635337538130697,1.1490342520559615,1.1415088969337053,forest
0.14,0.013152628558344237,0.0392721738772144,-18.704831530821334,0.002416946160399256,0.001684610497429119,1.1476543837156459,1.1398251743767551,forest
0.14400000000000002,0.013217637960020371,0.041248574244519894,-18.705608635843557,0.0023755008899649255,0.001677238514071143,1.1461839018399984,1.1380986885535562,forest
0.148,0.013181641087900884,0.043178102960926945,-18.708417164420798,0.0022257138945427643,0.0016094130119724756,1.144588875464435,1.136329984351841,forest
0.152,0.013110192060324148,0.04558726695880816,-18.713371633573153,0.001961477648468212,0.0014814273669451399,1.1429251818575725,1.1345196257574228,forest
0.156,0.013009904618286956,0.04806019005967644,-18.72044357856978,0.0015843102586045915,0.0012890030809771496,1.1411800207873084,1.132668196148655,forest
0.16,0.012972137965208106,0.05040602930608397,-18.72523345720773,0.001328852103245415,0.001164917285410595,1.13945714082167,1.1307762985956136,forest
0.164,0.012765105106310346,0.05283202887920927,-18.73505961682102,0.0008047944394065794,0.0008923406226887452,1.1375341622169726,1.128844556163555,forest
0.168,0.012763098972950348,0.055532649753484466,-18.73990038185688,0.0005466223644836955,0.0007708336041577147,1.1357713926314366,1.126873612220168,forest
0.17200000000000001,0.01276075905376625,0.05758810643463958,-18.743429135400504,0.00035842367739611264,0.0006827913042379849,1.1339600242587013,1.1248641307460954,forest
0.176,0.012650497959345069,0.059363318048672245,-18.749108650304326,5.551863317019109e-05,0.0005301669870083871,1.1320048529290887,1.122816796648159,forest
0.18,0.012633547014416161,0.06134085679167162,-18.75183987501775,9.0145522417182e-05,0.00046808572420883724,1.1301150645088114,1.1207323160746785,forest
0.184,0.012708810939106922,0.06352887965878562,-18.753125775116004,0.00015872631368676077,0.00044893712812358135,1.1282727863531576,1.1186114167322303,forest
0.188,0.012892222203137535,0.06549824956633712,-18.752716954736595,0.00013692273412012769,0.00047279950054234904,1.1264747876867685,1.1164548482031396,forest
0.192,0.012988362321799255,0.06745874121521273,-18.752121823411102,0.00010518265005987223,0.0005079770629444643,1.124584952946187,1.114263382262949,forest
0.196,0.013146693605381971,0.06988679378707485,-18.749671410903133,2.550497408890661e-05,0.0006042169494864789,1.12273804049749,1.1120378131970519,forest
0.2,0.01329001143587954,0.07206592429490362,-18.748903249745094,6.647324224008495e-05,0.0006441480461180346,1.120818677297083,1.109778958115623,forest
0.20400000000000001,0.013591813350103232,0.07429726600389118,-18.7440735972417,0.00032405265349431326,0.0008007650925740019,1.1190147764877556,1.107487657265918,forest
0.20800000000000002,0.013866900660853602,0.07657927360199925,-18.74134094169823,0.00046979311940850785,0.0008930104932135488,1.117141347059219,1.1051647743409527,forest
0.212,0.014174542729837524,0.0786862597872889,-18.736628532372052,0.0007211196111122442,0.0010413511655722454,1.1152679485960382,1.1028111967835064,forest
0.216,0.014770798867132623,0.08082256079732747,-18.72325192167757,0.0014345331548074683,0.0014386315461853573,1.1136432665787865,1.100427836084324,forest
0.22,0.015408359329794247,0.08325960254380033,-18.709038004498904,0.002192602687951958,0.0018615126020485957,1.1120325770206896,1.0980156280733313,forest
0.224,0.01620463173864856,0.08585007775969723,-18.691008274161053,0.003154180632169243,0.0023911097617366696,1.110542106013904,1.0955755332025892,forest
0.228,0.017148054548917012,0.0884416762047655,-18.66769095516218,0.004397761054474575,0.0030713387470353935,1.1091680757262916,1.0931085368196545,forest
0.232,0.018000178131204532,0.09141162962585314,-18.648730931758518,0.005408954232917707,0.003625059243718338,1.1076745753833561,1.0906156494299248,forest
0.23600000000000002,0.01888835553351368,0.09469246067344385,-18.6289958209044,0.006461485078826338,0.004202447638315358,1.1061902202302338,1.0880979069464731,forest
0.24,0.019605861769971346,0.09855512120366551,-18.614948360349793,0.007210676996201567,0.004624084671573605,1.1045165246864543,1.0855563709257918,forest
0.244,0.020371509206940096,0.10255386807278305,-18.599480932024115,0.008035599923668191,0.005086141993525007,1.1028568553295757,1.0829921287877864,forest
0.248,0.020659501450365828,0.10566683788671495,-18.59789318183353,0.008120279258055531,0.005136850911481274,1.1006811679653363,1.0804062940182741,forest
0.252,0.021165284850642938,0.10849318542653426,-18.58891507567924,0.008599107765029044,0.005392629017300654,1.0986830895023096,1.0778000063521544,forest
0.256,0.022033639574545218,0.11258249720436303,-18.569735513270885,0.009622009596949086,0.005956887754485218,1.0970208022801755,1.0751744319353314,forest
0.26,0.023137962492611353,0.11761155907712095,-18.543697709978975,0.011010681356992348,0.0067282272447892495,1.0955621879405832,1.072530763463389,forest
0.264,0.02381708814829195,0.12249121504050833,-18.532880606847236,0.01158758892005043,0.0070585016733149975,1.093640040607737,1.0698702202949235,forest
0.268,0.024370577083355452,0.1273137281226985,-18.524279645444437,0.012046303200797744,0.0073291600289462884,1.0915540514697761,1.0671940485373534,forest
0.272,0.024952052501364168,0.13251674529974017,-18.515471308972323,0.012516077396979061,0.007609502544691297,1.0894553348870328,1.064503521102952,forest
0.276,0.025090221896830592,0.1382861885259421,-18.520619969220288,0.012241484375123502,0.0075108170128030255,1.0868682283087916,1.0617999377327458,forest
0.28,0.025145018326932396,0.14282684055031353,-18.53180614597922,0.011644893042366595,0.007213270536883069,1.0841578756177088,1.0590846249858556,forest
0.28400000000000003,0.02468735216527486,0.14822697844477992,-18.561009331634327,0.010087402236867396,0.00643482698701142,1.0808819250557444,1.05635893619178,forest
0.28800000000000003,0.024607602793532083,0.15441398988900903,-18.581041829157098,0.009019010895204144,0.005923583028501549,1.0779385896735885,1.0536242513630336,forest
0.292,0.024477337059864313,0.16079876161366763,-18.606302963724655,0.007671761136561138,0.005269809679200923,1.0748985035894536,1.0508819770654907,forest
0.296,0.02494852596358503,0.1660309266318808,-18.610907664550023,0.007426179052391111,0.005166579007076192,1.072451965887561,1.0481335462437351,forest
0.3,0.02546662308464068,0.1713738590955873,-18.615521430262948,0.007180113511409566,0.00506276681737109,1.0700209341738685,1.0453804179986337,forest
0.304,0.025950393052671182,0.17663013923535625,-18.620995035411372,0.006888190233165675,0.004936733182061385,1.0675229774203134,1.0426240773143203,forest
0.308,0.02576070182297337,0.1825526591826851,-18.654394016924723,0.005106925434371858,0.004060590404528248,1.0642750992165497,1.039866034731741,forest
0.312,0.025309686944345388,0.1883104638524535,-18.698563803538843,0.002751222281133018,0.0028999757042870657,1.0607135733873276,1.0371078259658693,forest
0.316,0.02469968441842256,0.1939314679118284,-18.754225322173543,0.00021736835543369995,0.0014314713679538969,1.056948071667324,1.0343510114636842,forest
0.32,0.024246726094605365,0.19861795257284207,-18.80203179077691,0.0027670263335902233,0.00017809891916563,1.0533319110818964,1.0315971759000166,forest
0.324,0.02347325744363431,0.20361992095445755,-18.868597604735488,0.006317174746351817,0.0015635084389109502,1.049320113542122,1.0288479276083538,forest
0.328,0.02292125680374722,0.2082378160784759,-18.924622336247253,0.009305136581771609,0.0030076127897822515,1.0455218536449713,1.0261048979437373,forest
0.332,0.022791175184254674,0.21247616660630386,-18.965824031400665,0.011502542787049715,0.004059697682644934,1.0421885523569134,1.023369740574922,forest
0.336,0.02291919497081212,0.21633113821741706,-18.990626314615668,0.012825320668852464,0.00466693171744424,1.0391414165902981,1.0206441307030347,forest
0.34,0.022911222170691407,0.22068803178751079,-19.028889723410295,0.014866019518920168,0.005624008547314799,1.035911554265806,1.0179297642040381,forest
0.34400000000000003,0.023166445810876162,0.22418207194303033,-19.049759826525804,0.01597908280236173,0.006124973999328221,1.0330124574057118,1.0152283566924218,forest
0.34800000000000003,0.023390805216492255,0.2275038142740875,-19.072277691660226,0.017180026025492602,0.006666678698133274,1.0300816145899867,1.0125416425036704,forest
0.352,0.02360100997253654,0.23052052558712627,-19.093919301365396,0.018334235998681322,0.007182523304429088,1.0271456084154094,1.0098713735931946,forest
0.356,0.023695720981196048,0.2331736391946693,-19.121832431084542,0.019822924370002,0.007861501863649664,1.0240886168898948,1.0072193183496048,forest
0.36,0.024035994871615396,0.235988398843535,-19.140235155892384,0.02080439519386517,0.008294247618158236,1.0213280389984192,1.0045872603204034,forest
0.364,0.024164050592878565,0.2390353303376477,-19.17074034270708,0.02243132550705236,0.009027583400446525,1.0183029022277883,1.0019769968484016,forest
0.368,0.024236776139599524,0.2425065168791734,-19.205103305509738,0.024264002230986792,0.009844351709252479,1.0151991482629477,0.9993903376174335,forest
0.372,0.02451995336459179,0.24591150514157933,-19.230704758685643,0.025629402170562195,0.010438892469563508,1.0123707742879533,0.99682910310623,forest
0.376,0.02447846827297616,0.2489465377303257,-19.271240975420582,0.02779131647676223,0.011402847947725123,1.0091679297240244,0.9942951229496356,forest
0.38,0.0240947817344049,0.2511004647563436,-19.324939095930972,0.030655193382359225,0.012688958713859465,1.0055937655412996,0.9917902342067042,forest
0.384,0.024025085747976144,0.2528638218311835,-19.36167291087041,0.032614314544508215,0.013550533597778395,1.0024669558229053,0.9893162795355934,forest
0.388,0.024039009008406276,0.2538317694329728,-19.390706493845883,0.034162759945946454,0.014223950208341538,0.999525640895347,0.9868751052755955,forest
0.392,0.024137272022564372,0.25491907946636744,-19.41677713209155,0.03555318288954822,0.014820295025832774,0.9967171495416794,0.9844685594370787,forest
0.396,0.024177395764274016,0.25536241810803556,-19.440818121495372,0.03683535875877603,0.015364130936511646,0.9939150767807895,0.9820984896005955,forest
0.4,0.02447211530822205,0.2562374162573642,-19.457287803968452,0.03771373481419201,0.015725312410774465,0.9914404541185485,0.9797667407269102,forest
0.404,0.024697422332507355,0.2566466153599046,-19.47428409921822,0.03862019666022816,0.016098591060148087,0.9889437781177381,0.9774751528802241,forest
0.40800000000000003,0.02483722489519376,0.25632174835017096,-19.48992315547433,0.03945427300426962,0.016438467007968933,0.9864339183985283,0.9752255588674372,forest
0.41200000000000003,0.025245569664580424,0.2572963477912062,-19.501140391442462,0.04005252081496442,0.016666063049214194,0.9842029247818426,0.9730197817968433,forest
0.41600000000000004,0.025818227979151374,0.2578671532084843,-19.502689283250213,0.040135127718806195,0.01666717906270392,0.9822314645199955,0.9708596325602583,forest
0.42,0.02636043888442399,0.25861028573171096,-19.50489224398771,0.04025261802051684,0.01667836435795112,0.9802474087506836,0.9687469072431826,forest
0.424,0.027061296921700256,0.260574144687539,-19.509640883407123,0.04050587676843945,0.016747439591867593,0.9783794461353548,0.9666833844682073,forest
0.428,0.0277540067225346,0.26122741196185917,-19.504746239720447,0.04024483118840495,0.01659213811118737,0.976634115734004,0.9646708226775074,forest
0.432,0.028491710710300825,0.26172589776342503,-19.495606718627513,0.03975739395340519,0.016336064106770354,0.9749860380152386,0.9627109573608756,forest
0.436,0.029183992639392795,0.2610643182782559,-19.48747054198019,0.03932346799512854,0.01612008395277636,0.9733634599077685,0.9608054982363765,forest
0.44,0.029974053834238585,0.26133742286621214,-19.48097320867054,0.038976946317337766,0.0159380537728216,0.9718073785139811,0.9589561263912989,forest
0.444,0.030761072169708335,0.26195893296841877,-19.477184933724953,0.038774906599269375,0.01581763540264522,0.9702503855259622,0.9571644913916876,forest
0.448,0.03154413623078816,0.26272428723068136,-19.473211109944007,0.0385629710222884,0.015689600580334803,0.9687189844205286,0.9554322083692899,forest
0.452,0.032335507024063716,0.2627397031982059,-19.465444142331936,0.03814873605541605,0.015478559209329352,0.9672768404098512,0.9537608550953008,forest
0.456,0.033171086809450356,0.2625325488557038,-19.457524235908338,0.037726344417022585,0.015269432614703062,0.9659074018311634,0.9521519690507895,forest
0.46,0.03396725685343815,0.2626851191993534,-19.448835421632456,0.03726294468710272,0.015033540842360625,0.9645426230502452,0.9506070445041467,forest
0.464,0.03486567561185769,0.262665213749973,-19.44042113211793,0.03681418616094544,0.014812727356099318,0.9632850509353458,0.9491275296063075,forest
0.468,0.03563132850609604,0.2628086501161579,-19.436664194469127,0.03661381775203454,0.014695326024635066,0.9619475130795383,0.947714823514854,forest
0.47200000000000003,0.0364938895920024,0.26265084067984523,-19.428298452890722,0.03616764842847411,0.014474310697103088,0.9607513650922532,0.9463702735583911,forest
0.47600000000000003,0.03728100219191239,0.26214324820363083,-19.424536055327422,0.03596698882644719,0.01436463169920206,0.9595283720425162,0.9450951724528175,forest
0.48,0.03815028001074985,0.2619965250718724,-19.4235846870787,0.0359162495914361,0.014321750323996813,0.9583613332546543,0.9438907555812533,forest
0.484,0.03899616386333282,0.26157651392001713,-19.426737584301357,0.03608440276804377,0.01437814567227676,0.9571973222798557,0.9427581983494638,forest
0.488,0.03973848112306358,0.26057844687946097,-19.420420657328638,0.03574750268477154,0.014206712152487368,0.9561207471800778,0.9416986136285952,forest
0.492,0.040539608490278475,0.2595497280775673,-19.40957733109129,0.035169196567241955,0.013929308092268756,0.9551590317172354,0.9407130492969445,forest
0.496,0.04138024651097459,0.2585917306850043,-19.402152637787367,0.03477321608445901,0.013734254755479377,0.9542321260713947,0.9398024858922929,forest
0.5,0.042227077295221495,0.2575444033939607,-19.39324722759419,0.03429826466447087,0.013504439997161142,0.9533712496759759,0.9389678343860477,forest
0.504,0.04314669939999901,0.2560325376947054,-19.385746125971423,0.03389820910387027,0.013314357855355842,0.9525771593199605,0.9382099340900723,forest
0.508,0.043969275165090735,0.254443908173903,-19.37916325947434,0.033547125692487585,0.013142054306766992,0.9517927329506756,0.9375295507066129,forest
0.512,0.04477986153175541,0.25263945252630776,-19.374349809480996,0.03329041040820659,0.013011977463973208,0.9510419050767233,0.9369273745311851,forest
0.516,0.0455908417252571,0.2507268978687562,-19.366444851688527,0.0328688160237776,0.012808847913244244,0.9503736957385888,0.9364040188176359,forest
0.52,0.04638453414654263,0.24849061468092581,-19.358176751732415,0.032427854211847976,0.012598323965578098,0.9497605376765537,0.9359600183138875,forest
0.524,0.0471409428670602,0.24644468290579008,-19.355698815554497,0.032295698670349836,0.01252024446967897,0.9491351350895763,0.9355958279760598,forest
0.528,0.047969249359548195,0.24427625497093822,-19.355925801092834,0.03230780446911837,0.012507319218672189,0.94854775310981,0.9353118218678053,forest
0.532,0.04879851184443247,0.24134992173366665,-19.346291692891562,0.03179398946551303,0.012267615281801005,0.9481157790299318,0.9351082922507543,forest
0.536,0.0495397425723058,0.23897895307661246,-19.341939937039093,0.03156189767223939,0.012144342221449398,0.9476708487286604,0.9349854488709816,forest
0.54,0.05025094403272191,0.23648577854884803,-19.335401283057216,0.03121317224285,0.01196941866581544,0.9473039488281245,0.9349434184453665,forest
0.544,0.050983637246496676,0.23372108185477375,-19.3252966150811,0.03067426091819902,0.01171326604925499,0.9470341542491528,0.9349822443506488,forest
0.548,0.051792435847608,0.2298374319391124,-19.29990008536687,0.029319790142693484,0.011109477441317177,0.9469878343124217,0.9351018865168789,forest
0.552,0.052546514931680784,0.22695252234481247,-19.302171679199322,0.029440940846923478,0.011140692724450714,0.9466916223955668,0.9353022215258463,forest
0.556,0.05328429242158144,0.22344280385633547,-19.28972131269587,0.028776926599189193,0.01083256756035973,0.9466111824328461,0.9355830429139481,forest
0.56,0.053993244576231586,0.2202473579858982,-19.28313823305852,0.028425831820416258,0.010657808804963309,0.9465219049039884,0.935944061677841,forest
0.5640000000000001,0.05466814529323331,0.21695201655428775,-19.27384620541813,0.02793026096779531,0.010419720894993031,0.9465213879220495,0.9363849069801192,forest
0.5680000000000001,0.05535950272123828,0.21370320110605723,-19.268240487961528,0.027631291756011398,0.010266847370933642,0.9465309139029796,0.9369051270511848,forest
0.5720000000000001,0.056072230626739814,0.21002136759091697,-19.25727250084266,0.02704633711119227,0.009992006212290374,0.9466482394183496,0.9375041902824454,forest
0.5760000000000001,0.05680861522528347,0.20582910610169936,-19.24443303524216,0.02636157107722346,0.009675828480276203,0.9468280691544635,0.9381814865049737,forest
0.58,0.05752488415610616,0.2014044885042479,-19.23256600242445,0.025728667711117183,0.00938183418687889,0.9470454271457789,0.938936328446836,forest
0.584,0.058134792059795846,0.1973169294677905,-19.214412773926956,0.02476050325094887,0.008939411862950587,0.9474162453576256,0.9397679533614206,forest
0.588,0.05873182202481408,0.19364929466474232,-19.201867424902453,0.024091423309184873,0.008625106402971802,0.9477794549724964,0.9406755248182942,forest
0.592,0.05940779769373884,0.1889748081735484,-19.18090531719655,0.022973453153414643,0.008120722137231744,0.9482544737961112,0.9416581346473971,forest
0.596,0.06007460281299545,0.18415522578014368,-19.170177515280255,0.022401308283838524,0.00785179891961929,0.9486478804440795,0.942714805026736,forest
0.6,0.060687695023281286,0.1795444213622719,-19.15929053746037,0.02182067410048611,0.007577375455767425,0.9491061786084956,0.9438444907031869,forest
0.604,0.06124403040221441,0.17486500718806658,-19.142268310360382,0.020912829233475275,0.007160052046762075,0.9497008222447929,0.9450460813355455,forest
0.608,0.06187284226543627,0.1688377225007327,-19.1294577642004,0.0202296055573587,0.0068427401048214735,0.9502254889648093,0.9463184039485938,forest
0.612,0.06240760993677239,0.1646310799845032,-19.12188520486904,0.019825738949380445,0.0066423675259912026,0.9507948330242588,0.9476602254866594,forest
0.616,0.06298607191287908,0.1595798448372406,-19.117655796230206,0.019600172288760563,0.0065211948691960885,0.9513181674006946,0.9490702554549578,forest
0.62,0.06354475465330427,0.15539768612462482,-19.11294979775741,0.019349187706508543,0.006388817169133097,0.9519027458393323,0.9505471486368967,forest
0.624,0.06403480100178599,0.1514145238590796,-19.104719755177094,0.018910255605090114,0.006173491593301906,0.9526007826683313,0.9520895078755067,forest
0.628,0.06453416778522396,0.14635578381665862,-19.096750941692214,0.018485255610910797,0.005964835478613305,0.9532915518884613,0.9536958869072311,forest
0.632,0.06500534258095156,0.14185503659124635,-19.08485913621056,0.017851031046604696,0.005665062549249761,0.9540799764285612,0.9553647932364445,forest
0.636,0.06547175921771896,0.13809068502072122,-19.07191003592319,0.01716041787599868,0.005341459874294702,0.9549189349033093,0.9570946910393013,forest
0.64,0.06591496940057538,0.1337108685135357,-19.06081976077194,0.016568941254833942,0.005060015540982963,0.955750247210726,0.9588840040857883,forest
0.644,0.06631440824424999,0.1293856182558213,-19.051992895624313,0.01609817887051152,0.004829910181503065,0.9565963409128424,0.9607311186692212,forest
0.648,0.06669827371008497,0.12566516267623848,-19.036523516494515,0.015273151900988843,0.004445758260097129,0.957550840586356,0.9626343865328216,forest
0.652,0.06701606850624126,0.12088491076651724,-19.02845029789256,0.014842583678335722,0.004229807870307784,0.9584449846598387,0.9645921277834757,forest
0.656,0.06732576854276869,0.11767372388896358,-19.017880666687866,0.014278874512724441,0.003957569572574569,0.9594133673559025,0.9666026337832705,forest
0.66,0.0675880640026008,0.11539195086316548,-19.001294849196643,0.013394304639103488,0.0035442247414207016,0.9605082736534316,0.9686641700099468,forest
0.664,0.06777461429796688,0.11314530516707612,-18.982565819870338,0.012395431046470454,0.0030770016735518755,0.9616830687690866,0.9707749788779694,forest
0.668,0.06795162126583178,0.1125378415702461,-18.965141039412153,0.011466116838356985,0.0026419251711711027,0.9628937445639405,0.9729332825125104,forest
0.672,0.06807137879879724,0.11170461302187384,-18.947974845362022,0.010550593795280417,0.002208962522224263,0.9641308885726628,0.9751372854692416,forest
0.676,0.06823712216907535,0.11269690998249614,-18.931604648501825,0.00967752359687514,0.001799276171482936,0.965357800414644,0.9773851773934561,forest
0.68,0.06827356337895575,0.11246169571930516,-18.918852737010347,0.008997427078122804,0.001465359313195246,0.9666113924430481,0.9796751356126573,forest
0.684,0.06825530219213183,0.11453847350244076,-18.896445014552906,0.007802358084218721,0.0009057016292427998,0.968085867994154,0.9820053276573741,forest
0.6880000000000001,0.06805378856325718,0.11567153381482326,-18.868367699642416,0.006304913239240044,0.00019803453751862874,0.9697478890298883,0.9843739137055788,forest
0.6920000000000001,0.06793710844542405,0.11885083468064338,-18.845027068993616,0.0050600895388605484,0.00038997283490890084,0.9713500153672094,0.9867790489466903,forest
0.6960000000000001,0.06773782643819436,0.12197930480504052,-18.819494016737053,0.00369833761920401,0.0010372562366402075,0.9730385377908244,0.9892188858617322,forest
0.7000000000000001,0.06762563916999663,0.1257647044678911,-18.802708844810937,0.0028031355939044655,0.001472672907073181,0.9745489787031766,0.9916915764167934,forest
0.704,0.06742780381078983,0.12922062431390816,-18.78715044032179,0.001973360643107309,0.0018865545327039776,0.9761012352880265,0.9941952741674875,forest
0.708,0.06697274513338097,0.13323991733858062,-18.754216102609316,0.0002168766492656325,0.0027278753332267477,0.9781617407135311,0.9967281362726386,forest
0.712,0.06659605705922059,0.13803377167869563,-18.726059394881034,0.0012848024455375023,0.003452165421171337,0.9801017080461452,0.9992883254159185,forest
0.716,0.06643397026218208,0.1421962696659898,-18.726467369054,0.0012630439966210317,0.00348440245470448,0.981458512821612,1.0018740116346418,forest
0.72,0.06629663119189616,0.14747247717051817,-18.7248360915117,0.001350044771240376,0.003558033229560131,0.982838327349112,1.004483374055366,forest
0.724,0.0660928631945576,0.15171575044674196,-18.732163869516178,0.0009592330631787765,0.0034229045100667623,0.9841752718666374,1.0071146025363582,forest
0.728,0.06601804919401108,0.15465236392823034,-18.76678865231163,0.0008874072822690094,0.002626465952937992,0.9850692476750118,1.009765899217382,forest
0.732,0.06598899016166855,0.15653671118466922,-18.81937171305547,0.003691814808241097,0.0013955301657515148,0.9857388995400165,1.0124354799776019,forest
0.736,0.06601260606985167,0.15936931629071746,-18.87123529470811,0.0064578504222399195,0.00017358896485524083,0.9863674414178937,1.015121575802738,forest
0.74,0.06599900518236969,0.16449257721280042,-18.903732422827574,0.008191016757205941,0.0005860581551513305,0.9871940791159229,1.0178224340628805,forest
0.744,0.06588032466955758,0.17011774745454308,-18.92788000416106,0.009478877483981627,0.001141574355238915,0.9882174350182309,1.0205363197026533,forest
0.748,0.06570943279880338,0.17610081339893208,-18.94859321819134,0.010583573416319332,0.00161327484753907,0.9893360171398933,1.0232615163456367,forest
0.752,0.06543444753058526,0.1827130869597772,-18.962390948653585,0.011319446501725118,0.0019104723638617184,0.9905968898788149,1.0259963273151704,forest
0.756,0.06519385489115061,0.19110331433372355,-18.968352059245536,0.011637369862798702,0.002020228084587303,0.9918412138997689,1.0287390765738351,forest
0.76,0.0650823395925351,0.19835212706150002,-18.993657596855986,0.012986987764830506,0.0026054355595071634,0.9928567881278269,1.0314881095840598,forest
0.764,0.0649629801988532,0.20642560927827602,-19.01552188846281,0.014153074011329732,0.0031062471000906007,0.9939004643683712,1.0342417940924364,forest
0.768,0.06474079924094522,0.21573398930147816,-19.024471819615425,0.014630399863538935,0.003287986994249023,0.9951378026487052,1.0369985208404195,forest
0.772,0.06463082172206824,0.22492429094959757,-19.04164911228763,0.015546514828402367,0.0036758388484657467,0.9962419779769889,1.0397567042041798,forest
0.776,0.06447897160473254,0.23382721953897942,-19.05957573959556,0.016502593988239802,0.00408012625775393,0.9974361745142104,1.0425147827664354,forest
0.78,0.06409466524374546,0.24396220726022433,-19.057707452394915,0.016402952799384585,0.003988796017825795,0.9989978510917006,1.0452712198231309,forest
0.784,0.06369913556816807,0.25463645694523845,-19.05475267603294,0.016245365984355824,0.0038646082638825086,1.0005918553243727,1.0480245038278637,forest
0.788,0.06310810120918142,0.26615134071925645,-19.034631701957736,0.01517225593088672,0.003310315895821152,1.00251031492274,1.0507731487769618,forest
0.792,0.06228446014183274,0.27799526205289526,-18.999985154630092,0.013324454819652071,0.0023842946597461227,1.0047836667787104,1.0535156945381192,forest
0.796,0.06124347913271016,0.28967956238888104,-18.95220841778649,0.01077638252269519,0.0011215677618853586,1.007405308674767,1.0562507071254732,forest
0.8,0.05980638805751056,0.30156540103390866,-18.879552432269666,0.006901427552255145,0.0007825756617724804,1.0106068825424173,1.0589767789239786,forest
0.804,0.0577579816246321,0.3123695678709236,-18.77550173239346,0.0013521011781782771,0.003505072207255972,1.0146959968917055,1.061692528865907,forest
0.808,0.055357754325117095,0.32212607976221147,-18.65360908989448,0.005148787875238008,0.006711609231142199,1.0193308480366077,1.064396602562227,forest
0.812,0.053205811300002834,0.3315921361207161,-18.54338341853231,0.011027443433712565,0.009642414088376445,1.0236889183006017,1.0670876723915936,forest
0.8160000000000001,0.051235043353879066,0.34164187346153835,-18.435277201778707,0.01679306231514449,0.01253583732156925,1.0278459622236562,1.0697644375495883,forest
0.8200000000000001,0.049615521559498256,0.35030897779574444,-18.345516733291113,0.021580249097360598,0.014958258952470658,1.0316083421250835,1.0724256240607979,forest
0.8240000000000001,0.048190574280268225,0.3586105557718299,-18.262562550732603,0.026004436860245627,0.01720853151067473,1.0351497023993477,1.075069984756236,forest
0.8280000000000001,0.04698997122751718,0.36618338519732735,-18.190764527878937,0.02983363418714939,0.019170511976456167,1.0384293621447067,1.0776962992185435,forest
0.8320000000000001,0.04608345437950988,0.3733086371784457,-18.133307424695015,0.032897988568772435,0.020754037927862224,1.0413373027825583,1.080303373697312,forest
0.836,0.04514492639046961,0.37961700442642193,-18.076403828198934,0.03593282282929381,0.022332895840241132,1.0443154317395753,1.0828900409968023,forest
0.84,0.044047094438541476,0.3850892886203388,-18.018318755486405,0.039030668651833335,0.02396762792867478,1.0475107889739508,1.0854551603382319,forest
0.844,0.04325702686051913,0.39295750075033836,-17.980628066354296,0.04104082269699396,0.025089135853300023,1.0501586896179926,1.0879976171987351,forest
0.848,0.042384281207307216,0.402299585747317,-17.935627806498648,0.04344081740298219,0.026422971812838307,1.052874285835707,1.0905163231289994,forest
0.852,0.041301482364943715,0.4097675343122479,-17.873654548393333,0.04674603145825015,0.028201341874478564,1.0559800239295425,1.0930102155514954,forest
0.856,0.04048652081308972,0.4171881090541689,-17.8221938166941,0.049490581912861334,0.029693499323238105,1.0587528199890661,1.0954782575411446,forest
0.86,0.040320739261128294,0.4262297845294535,-17.794699380188117,0.0509569401576839,0.03052316767902498,1.060678239440765,1.0979194375901657,forest
0.864,0.039943161454638776,0.43322064779935515,-17.75489019291114,0.05308007986889704,0.03168053857601547,1.0629732014024942,1.10033276935877,forest
0.868,0.03922267387292695,0.4382021338259055,-17.702391471555462,0.055879989330063565,0.03319276373431483,1.0657460177820648,1.1027172914132803,forest
0.872,0.0378085237513525,0.44463886315490153,-17.621001249126316,0.06022076655170084,0.03554640338125997,1.0692753169900573,1.1050720669531833,forest
0.876,0.03623413921775748,0.4501176687904644,-17.531567934478396,0.06499050526837734,0.03813395900655326,1.0730187192662428,1.1073961835285253,forest
0.88,0.03463810062477482,0.4544776958763667,-17.44960804335522,0.0693616645779009,0.04054648840540886,1.0767915032459503,1.1096887527490036,forest
0.884,0.033074492558466256,0.4594795106492252,-17.366372271071413,0.07380087033961842,0.0430095787674039,1.0804949805161774,1.111948909986016,forest
0.888,0.032266430359261314,0.46328349830270565,-17.31061672053967,0.07677447597067226,0.0446671843903945,1.0833353982428693,1.1141758140688656,forest
0.892,0.03158901573586023,0.46642269959001503,-17.26216669874234,0.07935845651193152,0.046121912633064026,1.0860204597450194,1.1163686469762464,forest
0.896,0.031258780939232504,0.47011008509407315,-17.222876569877663,0.08145391332874338,0.04730110953416383,1.0882742894397575,1.1185266135240692,forest
0.9,0.031217278554997754,0.4729928309640659,-17.19903644223694,0.08272537665609643,0.04804121088731714,1.0902037585636042,1.1206489410506164,forest
0.904,0.03143468970865335,0.4757234380572902,-17.186830539559182,0.08337635293717573,0.04844883708174109,1.0918405834862943,1.1227348790999585,forest
0.908,0.03157665521294015,0.4784562974146257,-17.17185260634974,0.08417516966678157,0.04894277618694166,1.093562244026367,1.1247836991045037,forest
0.912,0.031815191456173696,0.4808924286066362,-17.15908056826178,0.08485633959544686,0.04936583559377763,1.095186591323421,1.1267946940674922,forest
0.916,0.032254698464758515,0.48374733673605963,-17.150443673932816,0.08531697028362915,0.04966215942919549,1.0965996451413542,1.1287671782461943,forest
0.92,0.03282102599983941,0.48642447140173095,-17.14733616151793,0.08548270295647242,0.049802856123870407,1.0978960645375542,1.1307004868365214,forest
0.924,0.033101374351613,0.48902427292256495,-17.13675287850216,0.08604714021286382,0.05018263444392587,1.0994929949217656,1.1325939756597052,forest
0.928,0.03346121763464822,0.49101286783081116,-17.131415853322643,0.08633177928423046,0.050413944272986524,1.101013316668421,1.1344470208516595,forest
0.932,0.03349538462911922,0.49329241834926596,-17.114120880211992,0.08725417048905729,0.05100681055656943,1.1028509722240283,1.1362590185555888,forest
0.936,0.0337673287099371,0.49512157799402623,-17.10421436016498,0.08778251400849162,0.051372835810039465,1.1044492475652024,1.1380293846183682,forest
0.9400000000000001,0.03376924726772471,0.49669927364574856,-17.087494653388582,0.0886742245870028,0.051952485202681316,1.1062902390125764,1.1397575542911842,forest
0.9440000000000001,0.033585263699259765,0.49821967811884893,-17.063743356266706,0.08994095032449212,0.052740002908804186,1.1082839915255958,1.1414429819348815,forest
0.9480000000000001,0.033939257834842106,0.4997348376322334,-17.054592556999005,0.09042898905734595,0.05307972289314785,1.1097664560583291,1.143085140730426,forest
0.9520000000000001,0.0342079737400277,0.5012319345669524,-17.041514794297168,0.09112646416862887,0.05353467294319049,1.1113165052842147,1.1446835223948737,forest
0.9560000000000001,0.03454676499864169,0.5025833671677156,-17.030035259806922,0.09173870112219705,0.053939237188162015,1.1127876102474454,1.1462376369031817,forest
0.96,0.034843839214386,0.5039919939965354,-17.016923953142097,0.0924379652305624,0.05439653794020895,1.1142855638250821,1.1477470122161937,forest
0.964,0.03523568581145239,0.5053327944257617,-17.005423306514064,0.09305132815582684,0.054800993594366416,1.1156881582560305,1.1492111940150844,forest
0.968,0.03589000389984752,0.5064583946844726,-17.001852038750982,0.09324179424985735,0.05496535333705476,1.1168536735534895,1.1506297454425356,forest
0.972,0.03654212264857357,0.5074505980882765,-16.998375590126262,0.0934272033635321,0.05512858025929774,1.1180078036044678,1.1520022468508853,forest
0.976,0.03642688179188221,0.5084356285803681,-16.974401888258242,0.09470579059282264,0.055924051125637426,1.1197557568930192,1.1533282955574728,forest
0.98,0.03554138551979569,0.5091263768418354,-16.93272321666003,0.09692863533881309,0.057271681393914226,1.122048582272794,1.154607505607385,forest
0.984,0.03526242488474031,0.5092643729900119,-16.911191271495134,0.0980769965831958,0.058007690961375355,1.1237886077158776,1.1558395075437782,forest
0.988,0.0354833095608475,0.5090208217553103,-16.903735761405564,0.09847462061476384,0.05830488712354232,1.1250828702345317,1.1570239481859501,forest
0.992,0.03575944202788923,0.5090684995578798,-16.895285156769,0.09892531593197341,0.058628135096888766,1.1263223904589308,1.1581604904153064,forest
0.996,0.03604528326030673,0.5091621688796669,-16.886891094506296,0.09937299567997587,0.05895061420355406,1.1275268895392643,1.1592488129693557,forest
1.0,0.036192579310378566,0.5089598836384734,-16.875949456801095,0.09995654503394763,0.05934729928024179,1.1287726323551224,1.1602886102438554,forest
1.004,0.036637459069778416,0.509054888577191,-16.86973092422717,0.10028819745782941,0.059594432115687136,1.1298048428621352,1.1612795921032149,forest
1.008,0.03743347759236865,0.5095199374387539,-16.867482535184664,0.10040811058313862,0.05971027480071003,1.1306204366203327,1.162221483699254,forest
1.012,0.03823339146173015,0.5096467792684215,-16.867263950611306,0.10041976833401718,0.05976607625298293,1.1313891222678047,1.1631140252983974,forest
1.016,0.03883349378248964,0.5093931052649042,-16.86590086519029,0.10049246564298253,0.05986419120049592,1.1322216241182563,1.1639569721173908,forest
1.02,0.03907605002054681,0.5088795428980751,-16.858307309355755,0.1008974520555271,0.06015370495493685,1.133203058153327,1.1647500941675957,forest
1.024,0.039374885388447266,0.5081473787213887,-16.85366162696871,0.10114521980554408,0.06035221410994931,1.1340862857971792,1.165493176107927,forest
1.028,0.0397488155740225,0.507530638580702,-16.849414332922933,0.10137174034692176,0.060535711981262084,1.134903849146976,1.1661860171064884,forest
1.032,0.039826831888933115,0.506684858178986,-16.84259178229803,0.10173560680977396,0.060804452247716675,1.135792710888122,1.1668284307109442,forest
1.036,0.04002896902646007,0.5056770423470022,-16.83887042704066,0.10193407750628632,0.06097238576037765,1.1365542030819,1.1674202447276738,forest
1.04,0.04038875292091138,0.5046063240062819,-16.838160794394184,0.10197192427873168,0.06104356199817753,1.1371925249940846,1.1679613011097403,forest
1.044,0.040849117838434666,0.5032892557537612,-16.84152495045786,0.10179250405385212,0.060989033828333025,1.1377103809727553,1.1684514558537042,forest
1.048,0.04117795285748173,0.5021692830122837,-16.840086607111907,0.1018692150867829,0.06107645451358235,1.1382728785645013,1.168890578905306,forest
1.052,0.04144373284987192,0.5010364196789028,-16.83851522487496,0.10195302147060942,0.06116852416251736,1.1388036236041577,1.1692785540740422,forest
1.056,0.041871066599654935,0.4996522744275215,-16.840515500010937,0.10184634098137971,0.06114515539233077,1.1392094344386559,1.1696152789566532,forest
1.06,0.042258310245350296,0.4984435881894995,-16.83982511380413,0.10188316128523431,0.0612006403474818,1.139618111114913,1.1699006648695374,forest
1.064,0.04270793894991125,0.4972868906929515,-16.838554908120138,0.1019509050477566,0.06126942567527321,1.1399877045541054,1.1701346367901033,forest
1.068,0.04312342979920951,0.49591348096123655,-16.839360429956137,0.10190794422601558,0.061275190365481715,1.1402869926892825,1.170317133307077,forest
1.072,0.043569113787178704,0.4947423940682904,-16.83753955396306,0.10200505683731297,0.06135687064797716,1.140586420508026,1.1704481065797634,forest
1.076,0.04403887183147671,0.49359597715153064,-16.835208399219365,0.10212938409812565,0.061451706956868926,1.1408535916057372,1.170527522306279,forest
1.08,0.044531862960746106,0.4924752569526324,-16.831914263680996,0.10230506992479094,0.06157301481007236,1.1410991319309183,1.1705553597007536,forest
1.084,0.0448732868160319,0.4915955715723796,-16.825492304103584,0.10264757170227626,0.06178966319438471,1.1413536146570513,1.170531611479509,forest
1.088,0.0452872871317491,0.48997094593720847,-16.827936034962658,0.10251724042989135,0.0617358182648226,1.141415363485864,1.1704562838562116,forest
1.092,0.04580086607147617,0.4880271087356796,-16.833608413430554,0.10221471599254406,0.061580854321796163,1.141386882088017,1.1703293965460082,forest
1.096,0.04642542096980856,0.4857012039390403,-16.843215191402873,0.10170235858951727,0.06130408489731365,1.1412606727947088,1.1701509827786354,forest
1.1,0.04706939747736262,0.4834328429448248,-16.851180359758164,0.10127755300069789,0.061074971146151874,1.1411312241080926,1.1699210893205054,forest
1.104,0.04777197885028009,0.4808439148908117,-16.861916466188013,0.10070496522726684,0.06075987484392226,1.140925579989826,1.1696397765057667,forest
1.108,0.048462497420885764,0.47801170488235406,-16.875184660314623,0.09999733385438063,0.06036680841581929,1.1406358954062106,1.169307118276326,forest
1.112,0.04917298743915949,0.4751454926470503,-16.887867517916366,0.09932092018035683,0.05999001038738757,1.1403269573114967,1.1689232022308356,forest
1.116,0.04992093694076905,0.4720170354730893,-16.902471033185034,0.09854207224823268,0.0595536272357128,1.1399588513606478,1.1684881296826308,forest
1.12,0.05068556335542417,0.46863881818046627,-16.91895959860165,0.09766268911053172,0.059058877053080036,1.1395288848311595,1.1680020157266058,forest
1.124,0.05150166443202973,0.46528831978064283,-16.93359430153879,0.0968821778493631,0.058619632520595884,1.1391142259725122,1.1674649893150204,forest
1.1280000000000001,0.05234020579018394,0.46191269548747044,-16.946754364733614,0.09618031341348283,0.05822399210123607,1.1387061156959986,1.1668771933422188,forest
1.1320000000000001,0.05317807872216571,0.4581939013565187,-16.96329537513602,0.09529813323219466,0.057725193403206226,1.1382042710109574,1.1662387847382418,forest
1.1360000000000001,0.05403408817300557,0.45401754397189104,-16.984491844740198,0.094167663874932,0.05708502785662623,1.13758995715755,1.1655499345713098,forest
1.1400000000000001,0.054881785974792825,0.44992086632858475,-17.002539363720174,0.09320513721070588,0.05653927632834144,1.1370153828283978,1.1648108281591567,forest
1.1440000000000001,0.05574728086203353,0.4458314234236332,-17.018563178294144,0.09235054058680578,0.05605420876714459,1.1364601709688338,1.1640216651891757,forest
1.1480000000000001,0.056763123756762214,0.44131169183969177,-17.03421787817869,0.09151562992257258,0.05558070196176644,1.1359551387735678,1.1631826598473538,forest
1.1520000000000001,0.05768403016510197,0.4369809140363607,-17.0486115086357,0.09074797575773907,0.05514415597901073,1.1354055771237797,1.162294040955945,forest
1.156,0.05848723910116818,0.43225605785056814,-17.070455738904833,0.08958295944071167,0.05448210832570065,1.1346401464974218,1.1613560521198454,forest
1.16,0.05929679772414463,0.4275665399307039,-17.090249486451196,0.08852730132950688,0.05388166739878026,1.1338895206291426,1.1603689518816152,forest
1.164,0.06021861968914837,0.42245346530497085,-17.110338138973997,0.08745591507840929,0.05327310451358311,1.1331639951111485,1.1593330138850835,forest
1.168,0.06106828720340063,0.41755113958566453,-17.12718379498678,0.08655748726089735,0.052761371098083515,1.1324570261535298,1.1582485270474845,forest
1.172,0.061927417181553715,0.4125274365018954,-17.142385229506296,0.08574675055654733,0.05229914809099274,1.131781422668644,1.157115795740029,forest
1.176,0.06295989369724825,0.4069606804619034,-17.155308508731988,0.08505751449824098,0.05190663324021966,1.1312326761007347,1.1559351399768454,forest
1.18,0.06396289426629785,0.40098791442679416,-17.171610390365938,0.08418808774949262,0.051413163542929394,1.1306093673684965,1.154706895612181,forest
1.184,0.06499472754832039,0.39532781817550267,-17.179339402571138,0.08377587705483215,0.0511761531385251,1.1301509044737021,1.1534314145457674,forest
1.188,0.06597985257183386,0.3896789080951869,-17.185960334220837,0.0834227635181779,0.05097167339893901,1.1296802127286711,1.1521090649362193,forest
1.192,0.06691090946106147,0.38342059956170854,-17.20096297928064,0.08262262883373726,0.05051645693906288,1.1290156207924529,1.1507402314223452,forest
1.196,0.06782494209683425,0.3768666024226149,-17.218392555925725,0.08169305883103048,0.04998882441326199,1.1282850340063708,1.1493253153522145,forest
1.2,0.06868151401156133,0.3701264209458932,-17.2404314918246,0.08051765829662046,0.049323017161392015,1.1273975875875994,1.147864735019818,forest
1.204,0.06957278900440611,0.3631746697730177,-17.258487457030125,0.07955468117062672,0.04877764827348318,1.1266369231108768,1.146358925909143,forest
1.208,0.07042551643030986,0.3558040160032563,-17.280807624136035,0.0783642817582057,0.04810629077323727,1.1257856210633113,1.144808340945462,forest
1.212,0.07128457610263941,0.34820567869403785,-17.30235568211216,0.0772150611707486,0.04745898565414805,1.124961356502922,1.1432134507536127,forest
1.216,0.07213484505781008,0.34047660715465944,-17.32212237726625,0.07616084584228434,0.04686578478229476,1.12418299533465,1.1415747439230282,forest
1.22,0.07298271461958826,0.33253726271669054,-17.341136223933905,0.0751467821126698,0.046295842828715385,1.1234300237234742,1.1398927272792512,forest
1.224,0.07374028169411767,0.3246732806652084,-17.362294795082207,0.07401833399025687,0.04566208220585016,1.1225638187849667,1.1381679261616438,forest
1.228,0.07450648797509411,0.3168548512383442,-17.377840440234444,0.07318923953199771,0.04519572037770767,1.121832692684572,1.1364008847069682,forest
1.232,0.07527325391359631,0.308722836296513,-17.394333368415673,0.07230962371537424,0.04470188413084771,1.1210918777924208,1.1345921661385017,forest
1.236,0.07599074600147449,0.30048811805408193,-17.411925232060273,0.07137139847509912,0.044176332147759546,1.1203151959546174,1.1327423530602965,forest
1.24,0.0767475962371335,0.2918435234056176,-17.429164458424324,0.07045198040636406,0.04366149604215485,1.1195711554456662,1.1308520477561845,forest
1.244,0.07750632490388491,0.2830808275734535,-17.44400386619327,0.06966055164129215,0.04321808677198575,1.118888948283348,1.1289218724930754,forest
1.248,0.078135204876044,0.27481030171182047,-17.457489320601198,0.06894133314587252,0.04281556623654449,1.1181804749853297,1.1269524698280675,forest
1.252,0.07881262461106683,0.26631780716102316,-17.46691689329674,0.0684385332813339,0.0425328674042994,1.117595228269308,1.1249445029188498,forest
1.256,0.07939636888946877,0.25755255283129824,-17.485304389806533,0.06745787462688528,0.0419858264350264,1.1167571579254538,1.1228986558368312,forest
1.26,0.08003913761440266,0.24875471944087058,-17.49528449394103,0.06692560665410392,0.041687273741550124,1.116162512851742,1.1208156338823878,forest
1.264,0.08064337801753467,0.2395663225918609,-17.510483438918662,0.0661150027242613,0.041235531231047916,1.1154560621955882,1.1186961639015809,forest
1.268,0.08122872785028842,0.2305344236219885,-17.52216441647431,0.06549202222627631,0.040888000122236,1.1148379512011741,1.1165409946036304,forest
1.272,0.0817042839886574,0.22179795866796642,-17.53746567326424,0.06467596170999051,0.04043477163397315,1.1140928221984625,1.1143508968784008,forest
1.276,0.08218703811294446,0.21302729254223465,-17.55068200088501,0.06397109652867365,0.040043303150998646,1.1134205151134984,1.1121266641130845,forest
1.28,0.08265001818075036,0.20421141385265795,-17.564680933608333,0.06322449274164595,0.0396291726683617,1.112737298659793,1.1098691125072162,forest
1.284,0.08314094470102958,0.19565365875121873,-17.572360579913507,0.06281491487397577,0.03940099807318418,1.1122427673957802,1.1075790813850956,forest
1.288,0.08349816896649054,0.187750067982679,-17.585351438443546,0.06212207461486733,0.03901805053305429,1.1115764352984276,1.1052574335046301,forest
1.292,0.08386300043393305,0.1796751169219383,-17.60113632413662,0.06128022076292232,0.038555015939688866,1.110936229311726,1.1029050553615425,forest
1.296,0.08422033897642117,0.17240290054973761,-17.610963187756063,0.0607561255523882,0.03826552287520825,1.1103948887190935,1.1005228574878283,forest
1.3,0.08452629129362964,0.16600753083055705,-17.620609910885396,0.060241637757988804,0.03798192923695426,1.1098541551781302,1.098111774743269,forest
1.304,0.08486945842987136,0.16006502591898558,-17.626686212017212,0.05991757095048303,0.03780244476764449,1.1094334144137188,1.09567276659874,forest
1.308,0.0851351045946405,0.15506615658242148,-17.63646321027198,0.059396135204841334,0.03751521796603405,1.1089082543794275,1.093206817409978,forest
1.312,0.08537296816500015,0.1513174267908998,-17.64489166689973,0.058946621105341865,0.0372676819621801,1.1084168840072277,1.0907149366803903,forest
1.316,0.08552779831785606,0.14863484161045057,-17.6580240395699,0.0582462334856577,0.03688296033701032,1.1077798660286113,1.088198159311414,forest
1.32,0.08568668420915043,0.1475818481701636,-17.66759313192593,0.05773588596612655,0.03660282006065355,1.1072572973175663,1.0856575458388509,forest
1.324,0.0857514594916495,0.1484169783010281,-17.6816209763723,0.0569877402328416,0.036194141596729325,1.1066293947341377,1.0830941826535172,forest
1.328,0.08576537919835008,0.150945768310359,-17.694874974476072,0.05628086597513138,0.035807816294750536,1.1059678966599469,1.0805091822044708,forest
1.332,0.08562076862402512,0.15515399390983747,-17.71682034688882,0.055110455453492455,0.03516989252380186,1.105035312122851,1.0779036831829825,forest
1.336,0.08552826324328983,0.1606615835041972,-17.73472582592603,0.05415550419242557,0.034650107121982694,1.104253950238735,1.075278850685339,forest
1.34,0.08532429055881101,0.16760550098620797,-17.758311155541403,0.052897629984644166,0.033966762492405225,1.1032963432366092,1.072635876352478,forest
1.344,0.08510078380246794,0.17582887312572354,-17.781125818572477,0.051680857666681415,0.03330677328932849,1.1023497271014695,1.0699759784843672,forest
1.348,0.08481875213335895,0.18515500766470866,-17.80596880346578,0.05035590904602601,0.03258930699563955,1.101327555121072,1.0673004021269483,forest
1.352,0.08457214657972449,0.1954417523653196,-17.827092708030385,0.049229309793322205,0.031980095340336114,1.1004118982430608,1.0646104191293906,forest
1.356,0.0842597169904614,0.20668521419586622,-17.8513002201517,0.047938252783370085,0.031283340067688,1.0994050708841052,1.061907328169311,forest
1.36,0.08389455979843326,0.2186842373989602,-17.878517800036626,0.04648666010716833,0.030501502630288488,1.0983217061921025,1.059192454743534,forest
1.364,0.08349737036357723,0.23135946790607526,-17.907152876261726,0.0449594682294711,0.029680593066427254,1.0972006897874553,1.0564671511218884,forest
1.368,0.0831172620610194,0.24472202501551066,-17.934180428871873,0.04351801026037832,0.028907376880185763,1.096132673952507,1.0537327962614682,forest
1.372,0.08270529079936514,0.2584308268354211,-17.96170428480832,0.04205008299178576,0.02812121221575147,1.095011572009528,1.0509907956787068,forest
1.3760000000000001,0.08223049009577829,0.2725582399893648,-17.99384271536998,0.040336047040567334,0.02720518538801353,1.0937795817577105,1.048242581276559,forest
1.3800000000000001,0.08194019101204804,0.28743952560001645,-18.012788659912367,0.039325604728733206,0.026666520269781193,1.0928931460172044,1.0454896111240217,forest
1.3840000000000001,0.08167981645682311,0.30324660810603066,-18.0316408944596,0.0383201602434226,0.026131860792758234,1.092072623513194,1.0427333691851803,forest
1.3880000000000001,0.08145646021928657,0.31939617606959075,-18.04733245390821,0.03748328375146069,0.025687608467366882,1.0912936365512422,1.0399753649949246,forest
1.3920000000000001,0.08062131623976226,0.3348061310554399,-18.100988328061714,0.03462165996691683,0.024168559554972525,1.0894499539193887,1.0372171332784494,forest
1.3960000000000001,0.07977493086143495,0.34951312384285493,-18.153717765274273,0.03180944575824717,0.022680186254415664,1.0875295128525395,1.0344602335116408,forest
1.4000000000000001,0.07919814514281025,0.36554457862618067,-18.19628433778911,0.029539246674611233,0.02148296176450178,1.0860620749950713,1.0317062494194373,forest
1.4040000000000001,0.07878154914443031,0.38100804566113644,-18.223964728607843,0.028062970945587667,0.020707000086545763,1.084786089736883,1.0289567884092672,forest
1.408,0.07846365641936523,0.3986780260769305,-18.25584269524645,0.026362826292740203,0.019815496188391676,1.083702288699902,1.0262134809366925,forest
1.412,0.07826621561789744,0.4156866978583616,-18.279155612646,0.02511948062052537,0.01916524759541245,1.0827064617991558,1.0234779798004279,forest
1.416,0.07798659651416295,0.4318320326601516,-18.30628529382672,0.023672575837803352,0.01840933279659665,1.0814922280548696,1.0207519593639593,forest
1.42,0.0777243485057106,0.44791942759183845,-18.334378721726488,0.02217427164025447,0.017628109426577176,1.0802357613022084,1.0180371147010798,forest
1.424,0.07747332674894274,0.46411681732622234,-18.365440724639242,0.02051764470549587,0.01676573086180904,1.0789344120623927,1.0153351606627528,forest
1.428,0.07739551762213491,0.4813413424903485,-18.391001822319172,0.01915439704186311,0.016058601620612508,1.077829325499919,1.0126478308628406,forest
1.432,0.07744558222409445,0.4986535578225482,-18.41278878336115,0.01799243505924228,0.01545751940621879,1.0768081017627322,1.0099768765803914,forest
1.436,0.07743482514190307,0.5153735571658115,-18.441304340749017,0.01647161746866135,0.014670635305013285,1.0756029045133562,1.007324065576344,forest
1.44,0.07739458680040506,0.531526499526399,-18.4742074412434,0.014716799446489237,0.013763850847550134,1.074262590922491,1.0046911808227268,forest
1.444,0.07745827610172734,0.5479418770523491,-18.505057470222145,0.01307147769799102,0.012916122925624534,1.0729739526857263,1.0020800191426398,forest
1.448,0.07766297725257405,0.5649503741106331,-18.533114424579008,0.011575118740539944,0.012147526873802581,1.0717799138606074,0.9994923897595903,forest
1.452,0.0779602451837633,0.5822668781064546,-18.56078400814708,0.0100994193936185,0.01139142279617273,1.0706053342488793,0.9969301127550233,forest
1.456,0.07840136865877409,0.5987319015763435,-18.58388188869759,0.008867542261828735,0.010762039940536285,1.069478867461271,0.9943950174332211,forest
1.46,0.07882094492020518,0.6156554784908006,-18.614412797339067,0.007239240128827623,0.009930056952388603,1.0682414447140702,0.9918889405930962,forest
1.464,0.07932135036730159,0.6331812522017131,-18.64667895102443,0.005518392332039745,0.00905268552389202,1.0670040252082154,0.9894137247067745,forest
1.468,0.0800059085761323,0.6512270872541427,-18.675963247330355,0.003956575659685843,0.008258697909545485,1.065868595564806,0.9869712160052964,forest
1.472,0.08072424864455464,0.6687076687927737,-18.70817046278036,0.002238871210365186,0.007386330531974553,1.0646591637694522,0.9845632624721864,forest
1.476,0.08158090231538032,0.6870266686691947,-18.739082457161118,0.0005902446667998496,0.006551783066076659,1.0634960446999635,0.982191711746133,forest
1.48,0.08252420410764638,0.705294496994129,-18.77234959767344,0.001183988668053191,0.005654508727942974,1.0623159614944144,0.9798584089345049,forest
1.484,0.08360374884347206,0.7232615335443046,-18.802882965952726,0.0028124219806905785,0.004833481796660539,1.0611688504590386,0.9775651943399701,forest
1.488,0.08477260302566575,0.7408829690427733,-18.835366166085286,0.004544845495616488,0.0039606750089476875,1.060009866610826,0.9753139011030206,forest
1.492,0.08599636334814961,0.759729875869318,-18.872458045027102,0.006523063252159967,0.0029656705064301406,1.0588008981427899,0.9731063527637906,forest
1.496,0.08734119722015397,0.777894168175111,-18.907076125231992,0.00836934612896393,0.0020396175701037577,1.0576145440319393,0.9709443607471373,forest
1.5,0.08873923254795221,0.7951754471007304,-18.942601170699238,0.010264000100404942,0.0010909595779254357,1.0563936266964866,0.9688297217755579,forest
1.504,0.09029709604433815,0.8125719640645698,-18.97873347910547,0.012191041170128977,0.00012690366813573653,1.0552330929177383,0.9667642152151366,forest
1.508,0.09193501671201645,0.8295754582496112,-19.014296083309446,0.014087698258209987,0.0008195448953258407,1.0540678140020334,0.964749600360333,forest
1.512,0.09368170235250144,0.8466014036060189,-19.048568851265934,0.015915564628737378,0.0017291468076840724,1.0529239410507372,0.9627876136640439,forest
1.516,0.0953935958887868,0.8643552729002612,-19.089946530433913,0.018122356573223586,0.0028263634114796656,1.0516576245177884,0.9608799659199915,forest
1.52,0.09722991203318634,0.8814663523602605,-19.12761204199972,0.020131167825564063,0.003821909878029969,1.0504470228145366,0.9590283394050981,forest
1.524,0.09919866972550921,0.8987308706039463,-19.16502394773978,0.022126453541804397,0.004809265819965159,1.0492828009301953,0.9572343849900975,forest
1.528,0.1012489742784167,0.9160917334470197,-19.203107532272195,0.02415756184109083,0.005812678454615254,1.0481242368781187,0.9554997192272013,forest
1.532,0.10353597454149513,0.9329628282586407,-19.235088177559028,0.025863182644808316,0.006653199202243301,1.0471234515486367,0.953825921424183,forest
1.536,0.10596332907177117,0.9491388573258176,-19.263699642582004,0.027389115268441646,0.007403482960584664,1.0462042000229916,0.9522145307147418,forest
1.54,0.10860942033220307,0.9655270868253244,-19.287319428494737,0.028648827130750325,0.008021224351817154,1.0454148243059787,0.9506670431354699,forest
1.544,0.11134248525662072,0.9815954462187724,-19.312282853165534,0.02998019915494389,0.008674649979568079,1.0446453973984378,0.9491849087201613,forest
1.548,0.11417733028175067,0.9971093330962351,-19.335809882997566,0.031234964065760644,0.009289762286351888,1.043924652863358,0.9477695286225538,forest
1.552,0.11719054677844382,1.0133606009951195,-19.355513949101628,0.032285839204879534,0.009803591104405788,1.0432916739667508,0.9464222522788907,forest
1.556,0.12048474853850834,1.0293775166785206,-19.367887942612228,0.03294578025883427,0.01012494182143312,1.0428471626569111,0.9451443746219091,forest
1.56,0.12393065224688146,1.0459813720102018,-19.37727870734062,0.033446617047457605,0.01036782553621419,1.042470084019128,0.9439371333580224,forest
1.564,0.1275175659164303,1.0635149422478483,-19.38282331976833,0.03374232735037481,0.010509389939807722,1.0421550392061005,0.9428017063195231,forest
1.568,0.13125677974676975,1.0804761278998927,-19.38494247130319,0.03385534786361551,0.010561610880163191,1.0419358149354128,0.9417392089036364,forest
1.572,0.13463241954911023,1.0956923651667176,-19.401951134690822,0.03476246933840691,0.011005217638212588,1.041432122957994,0.9407506916101425,forest
1.576,0.1381231679847945,1.1102752772700473,-19.416191560155035,0.03552195263549814,0.011376130617986256,1.0410050499895915,0.9398371376891121,forest
1.58,0.14177834457965213,1.1249430730923402,-19.428419700635192,0.03617411492324047,0.011694858110002213,1.0406585321870208,0.9389994609100106,forest
1.584,0.14560692598207892,1.1401956142679994,-19.432300409367194,0.03638108440390931,0.011794088323581699,1.040440925440515,0.9382385034630667,forest
1.588,0.149424211004496,1.1556682255436694,-19.440307058426303,0.036808102279277305,0.012002518398440458,1.0401750994974186,0.937555034003337,forest
1.592,0.15326609530063964,1.1697752538299895,-19.44952053673956,0.03729948386788334,0.012242818438411787,1.0399243099217512,0.9369497458473485,forest
1.596,0.157150141624091,1.183357412617281,-19.4552966671085,0.03760754169579415,0.012392643050424632,1.0397261202477146,0.936423255331567,forest
1.6,0.161104117461878,1.1963915408298964,-19.458849345513965,0.03779701636533047,0.01248422003527525,1.0395809037298271,0.935976100341224,forest
1.604,0.16504473161652689,1.2090565024050217,-19.460529000076555,0.03788659722710852,0.012526583769765955,1.0394572920944154,0.9356087390172314,forest
1.608,0.16906501137038663,1.2217878704844811,-19.45924639351218,0.03781819208957739,0.012491592004107724,1.03939194683007,0.9353215486480582,forest
1.612,0.1730779308825482,1.2344187556877508,-19.460269516677045,0.03787275822290911,0.012517748018270457,1.0393090030952148,0.9351148247525004,forest
1.616,0.1770544174719994,1.245723642553272,-19.46574213144725,0.03816462868140287,0.012660686512980149,1.0391877139188208,0.9349887803582976,forest
1.62,0.18110441348488407,1.2568746730499873,-19.468019169145133,0.038286069722805426,0.01271994057240799,1.0391265389085418,0.9349435454805095,forest
1.624,0.18517666691739718,1.2677657673453626,-19.467425965188333,0.03825443243092181,0.012704030744598999,1.0391133545800366,0.9349791668024985,forest
1.6280000000000001,0.1891928993055464,1.278126978080745,-19.46894409169965,0.038335398532048134,0.01274384262330173,1.0390799187961806,0.9350956075612592,forest
1.6320000000000001,0.19322516188666494,1.2883233964078395,-19.473508582572993,0.03857883610255758,0.012864047777957665,1.0390221036052836,0.9352927476377264,forest
1.6360000000000001,0.1973927555514686,1.2981679334841716,-19.469054521618087,0.03834128808069696,0.012747259521731348,1.0391027832471222,0.9355703838515641,forest
1.6400000000000001,0.2016535354864906,1.3098492452601895,-19.46615774028089,0.03818679430897261,0.012672836536562301,1.0391755382808487,0.9359282304588253,forest
1.6440000000000001,0.20597960619436262,1.3217874325334467,-19.456857460738597,0.037690783358428806,0.012430779926853635,1.03934879028657,0.9363659198497675,forest
1.6480000000000001,0.2102772029667272,1.332957447794118,-19.445819698862046,0.037102107422897365,0.012143152864350117,1.0395601386490771,0.9368830034430331,forest
1.6520000000000001,0.214376916503506,1.3432391911906247,-19.456734928567226,0.03768424836144107,0.012432642767311926,1.0394825678834352,0.9374789527713695,forest
1.6560000000000001,0.2184923441686072,1.3528006407267865,-19.45851173907756,0.037779010832414105,0.012482020268411043,1.0395425942849021,0.9381531607530598,forest
1.6600000000000001,0.22255322281992188,1.3609189069624426,-19.45878116207858,0.03779337994446346,0.012491279147427386,1.0396352541208147,0.938904943142311,forest
1.6640000000000001,0.2266052120139619,1.3681333932107345,-19.454094126160335,0.037543406690383405,0.01237000305961158,1.0398060695204507,0.9397335401509602,forest
1.668,0.23063468946892,1.3747879826156193,-19.445757312823453,0.03709878019405845,0.012152871920248793,1.040040259518098,0.9406381182330606,forest
1.672,0.2345819001352308,1.381776205469569,-19.442535382151675,0.036926945262879554,0.012071404191630459,1.0402219401588508,0.9416177720231805,forest
1.676,0.23845910201232456,1.3884499051414831,-19.437301155679314,0.036647788745474856,0.011937853560919181,1.0404573463132363,0.9426715264186055,forest
1.68,0.2423291819052597,1.3946403830348928,-19.431289188832874,0.03632715307247391,0.011783713607708479,1.0407128876950584,0.9437983387950661,forest
1.684,0.2461733919912398,1.4017132302917015,-19.4286554212994,0.03618668659167093,0.011719923767033276,1.0409407965735675,0.9449971013451575,forest
1.688,0.2500246601255705,1.4095643463083503,-19.426771750909694,0.03608622497261312,0.011677114185855741,1.0411742410015603,0.9462666435282212,forest
1.692,0.2538239353757194,1.4166117754913217,-19.423537559409574,0.03591373613580776,0.011598884238609037,1.0414452501964493,0.9476057346201849,forest
1.696,0.25755911484566946,1.4225029998208167,-19.418514926891277,0.03564586453922796,0.011473290706358018,1.0417600094401185,0.949013086351648,forest
1.7,0.26122520893523316,1.4284953650428498,-19.410411655884293,0.03521369353443077,0.011268237987063752,1.0421625170489026,0.9504873556224017,forest
1.704,0.26484280184875286,1.4341637922038746,-19.398838300398673,0.034596452834374646,0.010972489767248657,1.0426483254542578,0.9520271472805428,forest
1.708,0.2684745609636339,1.4404817262127385,-19.391461227865726,0.034203012105775366,0.010787888093440676,1.0430719561842487,0.95363101695441,forest
1.712,0.2721385070987087,1.447557432205288,-19.382554542764492,0.0337279926912334,0.010563869791936686,1.043524825251162,0.9552974739257076,forest
1.716,0.2757052670993927,1.453415885955052,-19.369205627827938,0.03301605624283987,0.010222787663482127,1.0440855281807915,0.9570249840324043,forest
1.72,0.2791065641242961,1.4581965952374463,-19.35578588234032,0.03230034219520313,0.009881305009290237,1.044722519240033,0.958811972590273,forest
1.724,0.28245915142812533,1.4625897830378594,-19.340106624313606,0.03146412177384001,0.009480371077976744,1.0454237566275717,0.9606568273222909,forest
1.728,0.28579629437130805,1.4671379058799503,-19.322398609313765,0.030519701844055034,0.009026191230388152,1.0461767466537422,0.9625579012855249,forest
1.732,0.28918487765904266,1.4730807288098753,-19.31259000604229,0.029996580510973918,0.008781640302648224,1.0467789186198468,0.9645135157855802,forest
1.736,0.29247735826329146,1.4771220476648999,-19.298905113183697,0.029266725383070367,0.008432320032784124,1.0474586810007738,0.9665219632691897,forest
1.74,0.2956580705201034,1.480390125454158,-19.280541234092357,0.02828732631422054,0.007959941841289295,1.0482820992593542,0.9685815101860611,forest
1.744,0.2988259798331188,1.4833758108687758,-19.260122587876868,0.027198340539964606,0.007431558605967844,1.0491306077896185,0.9706903998116577,forest
1.748,0.3019560584361602,1.4866300163404993,-19.237531645554316,0.02599349989790319,0.006846163215229969,1.050048578125019,0.9728468550231882,forest
1.752,0.3050048768842039,1.4892406917352903,-19.21544596509171,0.024815606339989676,0.006273380137723617,1.0509892970279926,0.9750490810216744,forest
1.756,0.3080129243218692,1.4921740049896675,-19.19617880624699,0.023788032735412856,0.005775938700324142,1.0519008666052325,0.9772952679935929,forest
1.76,0.3109551177818957,1.494472995119149,-19.169548923594423,0.022367783661468257,0.0050816788157947886,1.0529843060463873,0.9795835937062046,forest
1.764,0.31385691771886365,1.4962571810292502,-19.144954909469313,0.02105611337581642,0.00443892262570728,1.0540131868794527,0.9819122260313073,forest
1.768,0.3167278623124169,1.4990467995579493,-19.116762273823255,0.01955251814069023,0.0037024416426250425,1.055172150105306,0.9842793253927629,forest
1.772,0.31958178833155737,1.50189239759336,-19.089341263944704,0.018090075951412182,0.002984580454253926,1.056300164651581,0.9866830471337545,forest
1.776,0.32233183241960056,1.5034313734004205,-19.061615501874623,0.016611380441627698,0.0022555587327763443,1.0574607736965969,0.9891215438003286,forest
1.78,0.3250527493350775,1.504742670463399,-19.029732247980043,0.014910953804045338,0.0014124125334997683,1.058690772993457,0.9915929673383371,forest
1.784,0.32771754620196697,1.506164348177268,-19.00006250818268,0.013328580309533562,0.0006278232140562365,1.059905396243167,0.9940954712014637,forest
1.788,0.3303485351559912,1.5083196412861988,-18.970458612614667,0.011749718479229244,0.0001542652529526067,1.0611597038895733,0.9966272123685327,forest
1.792,0.33298258336099695,1.5111367911279245,-18.942021180995106,0.010233067563039383,0.0009065578269560031,1.062352882978428,0.999186353268815,forest
1.796,0.3355692507871369,1.5136987376700617,-18.911231151258356,0.00859094574857736,0.0017247198259762817,1.063592668165855,1.001771063614511,forest
1.8,0.33808885408160605,1.5159627546300898,-18.882462121120646,0.007056609719221005,0.002490420346786515,1.0647993796755562,1.004379522140046,forest
1.804,0.3405981137701393,1.5191586253808913,-18.853228953560823,0.005497519891564436,0.003268541334571798,1.066016690835073,1.007009918248224,forest
1.808,0.34304608142298987,1.5219594738200728,-18.82046270872542,0.0037500007796228223,0.004144900208664608,1.067325261956958,1.0096604535636724,forest
1.812,0.34540199636113417,1.5241657622928022,-18.791111164571014,0.002184597583971922,0.0049310955880004885,1.068583877365621,1.0123293433943714,forest
1.816,0.34774321169633865,1.527169010946024,-18.761826828832902,0.0006227788085848136,0.005715995062331791,1.0698261268986762,1.0150148181023781,forest
1.82,0.34994006773436187,1.5287588749028216,-18.735447983790106,0.0007840816996850792,0.006424327146924862,1.0710888435333223,1.0177151243851532,forest
1.824,0.3521019301497015,1.5302713987939436,-18.70438611955783,0.0024407012382104145,0.0072634135333994425,1.0724301796814866,1.0204285264691637,forest
1.828,0.35424535121716794,1.5328102727588175,-18.6771134974723,0.0038952294750175262,0.007998855868883924,1.0736665113151396,1.0231533072176635,forest
1.832,0.3562787363341264,1.5345703824110883,-18.653923359361773,0.0051320269707415675,0.00862465840293845,1.0748489473291951,1.025887769154771,forest
1.836,0.3582625032895516,1.5363192576104199,-18.626445980005883,0.00659747550815239,0.009369328696886694,1.0761539583756978,1.028630235408124,forest
1.84,0.360207551895002,1.5379214894384672,-18.592580595153844,0.00840361495316597,0.010292472484363945,1.0776093833473097,1.031379050572569,forest
1.844,0.3621177946818432,1.540491267720573,-18.565712012221756,0.009836594607089572,0.011023283937660394,1.0788619091223999,1.0341325814974462,forest
1.848,0.3639875044202025,1.5436616034989543,-18.54259091501873,0.011069709950465356,0.011651883683087257,1.079962458726571,1.0368892180001583,forest
1.852,0.3657597997361824,1.545861210444377,-18.516515508893995,0.012460387178921522,0.012365242423642722,1.081172122864208,1.039647373508775,forest
1.856,0.3674658541638632,1.5473277558145435,-18.483891704200506,0.014200309543919645,0.013264272359008447,1.0825306529423224,1.0424054856365075,forest
1.86,0.3691042680767398,1.5489816591943897,-18.455283698406312,0.015726057676823554,0.014053972168622829,1.0837604991241407,1.045162016690915,forest
1.864,0.3706803593694663,1.551523384890709,-18.434901624164734,0.016813092961369947,0.014612955920342487,1.084835338265894,1.0479154541207434,forest
1.868,0.372212484247493,1.5544233830056433,-18.413010098895004,0.017980631658299613,0.015215809886040639,1.0858616324666812,1.0506643109032996,forest
1.872,0.3736504478916076,1.5567802197765106,-18.391332945276854,0.019136737291719046,0.015815145704649126,1.0868802869839669,1.053407125875269,forest
1.8760000000000001,0.37497749994478563,1.5576982088863158,-18.366299734133776,0.020471831231398455,0.016510806216385555,1.0881304346831189,1.0561424640098616,forest
1.8800000000000001,0.37623348190951245,1.5586462119335949,-18.342764929552025,0.021727010792224458,0.017166569752729094,1.089302954037828,1.058868916643141,forest
1.8840000000000001,0.37744169765104923,1.5608711954353753,-18.32593908470172,0.022624382022836263,0.017633177843048853,1.0902181275660234,1.0615851016523685,forest
1.8880000000000001,0.3785791998052611,1.5638387766432806,-18.313845671119353,0.023269358933372113,0.01796687464244511,1.0909124047039567,1.0642896635891197,forest
1.8920000000000001,0.37967072982197075,1.5664676261043666,-18.292359781348623,0.024415263909668087,0.01856640515415649,1.0918539799273823,1.0669812737699034,forest
1.8960000000000001,0.380753630694557,1.5677210419032899,-18.25451038259558,0.02643388240039528,0.0196280800291852,1.0935505949491824,1.0696586303269278,forest
1.9000000000000001,0.38180624629010423,1.569313633781703,-18.21464728695837,0.028559897201209727,0.020750682898408236,1.0952263642907225,1.0723204582216017,forest
1.9040000000000001,0.382886466544992,1.5712166933005618,-18.166367146475974,0.031134817477977385,0.0221142907691576,1.0972319843775558,1.0749655092232868,forest
1.9080000000000001,0.38377439167868005,1.5741319882461047,-18.144378571971366,0.0323075320927945,0.022734419533686608,1.0982708853892473,1.077592561855727,forest
1.9120000000000001,0.3847400706976206,1.5769406734635476,-18.104739114901662,0.034421619598526916,0.02385786026994206,1.0999776774045282,1.0802004213135135,forest
1.9160000000000001,0.3857395824570085,1.57962837103965,-18.04997391487197,0.03734240695765038,0.025419674452768392,1.1020293228208486,1.0827879193508536,forest
1.92,0.3866146666509669,1.5824094996405944,-18.01104970898848,0.03941834803787607,0.026531804998603862,1.1037062278819276,1.0853539141448298,forest
1.924,0.38737527237907915,1.5851154472989453,-17.97895321823389,0.04113014721723454,0.02745172313084523,1.1051266797807553,1.0878972901352417,forest
1.928,0.3881252971795816,1.588527748370499,-17.945964200694675,0.042889547445229714,0.028398054001487053,1.1065878085705398,1.0904169578430518,forest
1.932,0.3888025389340009,1.5917960520858743,-17.913717095876486,0.044609379310542575,0.029326241527441115,1.107998526972049,1.092911853669349,forest
1.936,0.38914354145747493,1.5934620141939093,-17.90670175234847,0.0449835279795043,0.02953021731594587,1.1086384708318295,1.0953809396766794,forest
1.94,0.3894127270361548,1.594925595237577,-17.899124722632124,0.04538763300611268,0.029750941822201945,1.1093033375507784,1.0978232033544868,forest
1.944,0.38974647424646086,1.5966135234650702,-17.877558493511287,0.04653782271355366,0.030377050108095417,1.1104032748723538,1.1002376573703383,forest
1.948,0.39023341616309415,1.5986851697669229,-17.83704299733786,0.0486986319319588,0.03155457387671184,1.1121454199723801,1.1026233393085123,forest
1.952,0.3905753808481849,1.6006240471584219,-17.80846116538123,0.05022298413799934,0.03238817744527276,1.1135335080535098,1.1049793113974622,forest
1.956,0.39087439855640654,1.6040860808589281,-17.7920139620825,0.05110016131368435,0.03286508562654693,1.114647021708241,1.1073046602275702,forest
1.96,0.39093004180854907,1.6057017632704356,-17.782821955649975,0.05159039774445685,0.03313548927322377,1.1154554394903768,1.1095984964605417,forest
1.964,0.39107128976762195,1.6086072643649685,-17.76784805449082,0.052388999433096974,0.03357219775542314,1.1164889802948577,1.111859954531709,forest
1.968,0.3911262952989786,1.611138938492587,-17.7517962325634,0.05324508977059393,0.03404240159496102,1.1174982209978266,1.11408819234645,forest
1.972,0.39105645048106735,1.6129227746820884,-17.74051396219756,0.05384680605481988,0.0343750278989535,1.1183782115491387,1.116282390971838,forest
1.976,0.3908802309612393,1.6139929283034924,-17.731266568882138,0.0543399964291066,0.03464986915614877,1.1191980465249984,1.1184417543245924,forest
1.98,0.3908613589223306,1.6157244912599664,-17.707200040685656,0.05562353435640643,0.03535995721026525,1.1205089724341506,1.1205655088563227,forest
1.984,0.39084427299181845,1.6176888188860694,-17.677075309304858,0.05723017387504822,0.03625035231236672,1.1219377547576328,1.1226529032369972,forest
1.988,0.39072786657523917,1.619416423078528,-17.653151664074773,0.058506091438287285,0.03696006992975125,1.1231985791425911,1.12470320803751,forest
1.992,0.3907146517990478,1.6219355771495236,-17.621831970998116,0.0601764617387761,0.03788902242392255,1.1247136848461958,1.1267157154121625,forest
1.996,0.39065610802156103,1.624410593268601,-17.5924318671064,0.061744454766415685,0.03876368516966911,1.1261739180812131,1.1286897387818218,forest
2.0,0.3905987598775121,1.6269466243531723,-17.55742907125051,0.06361125564753048,0.03980759220869429,1.1277421412588182,1.1306246125184605,forest
2.004,0.3905199156523879,1.6297327516054316,-17.524765402618904,0.06535330407226131,0.04078418636945019,1.1292617832954306,1.1325196916317444,forest
2.008,0.3904572381054054,1.6328189930081547,-17.490741501832396,0.06716789763297913,0.04180369866016552,1.1308299015477778,1.1343743514582736,forest
2.012,0.39043081579824257,1.6363741773312053,-17.453066028310392,0.0691772401854102,0.042934859111490954,1.1324873806347386,1.1361879873540552,forest
2.016,0.390360935546887,1.640534024016094,-17.421006446772452,0.07088707088892328,0.04389935523865228,1.1339891708228775,1.1379600143907236,forest
2.02,0.3902120502694458,1.6441776149432072,-17.392538985324897,0.07240532338315817,0.044759258636740976,1.1353939767895689,1.1396898670560023,forest
2.024,0.38999478896890394,1.6474485307286832,-17.36277363843217,0.07399279588206381,0.04566099990207141,1.1367762279665774,1.1413769989588574,forest
2.028,0.38977396168113465,1.6520221691142587,-17.335493191196186,0.07544774145689778,0.04648726253221762,1.138060010182874,1.14302088253975,forest
2.032,0.38955566302216976,1.6565097679999565,-17.306684008417406,0.07698421894335478,0.04736208366418527,1.1393924452296624,1.1446210087863793,forest
2.036,0.38924015346225554,1.6600140831004842,-17.280464769500306,0.07838256719285237,0.0481620402262641,1.1406494547680426,1.1461768869552573,forest
2.04,0.3888907254547433,1.6637800941867273,-17.259491666848724,0.07950112374104583,0.04880386217832754,1.1417912635406011,1.1476880442994424,forest
2.044,0.3885160422078837,1.667335451101224,-17.237440843452045,0.08067715827027908,0.04947997837830788,1.142947423220928,1.1491540258027226,forest
2.048,0.388028763882202,1.6711230214844164,-17.21847083221705,0.081688884128809,0.0500624344864769,1.143945033362485,1.150574393920522,forest
2.052,0.3875749452756162,1.6758965480430765,-17.201609600101065,0.08258814266519553,0.05058013130667039,1.1449068237358142,1.1519487283277654,forest
2.056,0.3871648761665848,1.6807640500909462,-17.180434756300816,0.08371745865545303,0.051230531681010064,1.1459819622744305,1.1532766256739397,forest
2.06,0.3867002619948732,1.685922379373354,-17.15897101274848,0.08486218250952714,0.05189012668658851,1.1470062232972273,1.154557699345536,forest
2.064,0.38617417685594757,1.6891183778947392,-17.144286827123395,0.08564533282632539,0.05234654553543175,1.1479663582668724,1.1557915792360747,forest
2.068,0.38563749126276475,1.6935976974018578,-17.129000793950723,0.08646058142283694,0.0528197370542492,1.148871539805948,1.1569779115238634,forest
2.072,0.385074971113239,1.6988151734557382,-17.111482705247244,0.08739487203098562,0.053360696336666645,1.14976307783503,1.15811635845765,forest
2.076,0.3845375562986108,1.7034961608731236,-17.088983315413433,0.08859482991261405,0.054056414834409254,1.1507771687403712,1.1592065981502946,forest
2.08,0.38391965027831504,1.708783952815797,-17.070018995256344,0.08960625224941121,0.054643185757152594,1.1516481030256347,1.1602483243805932,forest
2.084,0.3833666235482986,1.7143438346707505,-17.04927389068132,0.09071264899722868,0.05528573361434241,1.1525857249839937,1.16124124640335,forest
2.088,0.382794905735636,1.7199579590604928,-17.02778280372836,0.09185883115436487,0.05595207214355141,1.1535169024949787,1.1621850887678011,forest
2.092,0.3821879865548483,1.725951345963238,-17.00783025365392,0.09292295866614432,0.05657125234541636,1.1543809263760638,1.163079591144478,forest
2.096,0.3815565385373268,1.7317205977570462,-16.991607867647474,0.09378814568192739,0.057076327469884586,1.1551715050617721,1.16392450816058,forest
2.1,0.3808520931529488,1.737891091675683,-16.97668113097893,0.09458423195114243,0.05754099892494962,1.1558768158556791,1.1647196092439298,forest
2.104,0.38015579190082627,1.7440214023093163,-16.959073217901043,0.09552331315436179,0.05808924676449935,1.1566290460526223,1.1654646784755684,forest
2.108,0.3794633131409674,1.7500022932996488,-16.94326155685934,0.0963665950135043,0.058582772027402974,1.1573521912512528,1.1661595144510424,forest
2.112,0.3788090245610049,1.7557975489738105,-16.924959840410757,0.09734267876786476,0.0591544041479689,1.1581352743905227,1.1668039301504294,forest
2.116,0.3780644434188561,1.7616657848523094,-16.910374468107076,0.09812055908291163,0.0596107200601572,1.158795199202112,1.1673977528171473,forest
2.12,0.3773136868189311,1.7671291938768607,-16.896625891814956,0.09885381063349842,0.06004176400302552,1.159438478136814,1.167940823845567,forest
2.124,0.37646539001564217,1.7719854222494273,-16.889344504405237,0.099242148196251,0.06027214868704513,1.159929479982238,1.1684329986774789,forest
2.128,0.37553259990320115,1.7783827167910915,-16.87933343087496,0.09977606785695947,0.06058558672099072,1.1603755839895264,1.168874146707423,forest
2.132,0.37465720063850655,1.7846369957645676,-16.866232933596947,0.10047475546929557,0.0609956657274392,1.1608976877525927,1.169264151196912,forest
2.136,0.3737605697782162,1.7893158344425082,-16.85650978566686,0.10099331922054078,0.06130183792283315,1.161379370943949,1.1696029091975644,forest
2.14,0.37282888800933817,1.7952624908616721,-16.849930601559503,0.10134420623937192,0.061509191508686174,1.161753528528435,1.1698903314831661,forest
2.144,0.37196523050514424,1.8010420324549696,-16.837826246258885,0.1019897667035575,0.06188888704366026,1.162242234122822,1.1701263424906667,forest
2.148,0.3710293746312052,1.806695307344859,-16.83030882489561,0.10239069264337246,0.062125475609176584,1.1626124320472677,1.170310880270133,forest
2.152,0.3699907577537939,1.8128132873551177,-16.82591496690554,0.10262502986606539,0.06226409333499486,1.1628704758047506,1.1704438964436539,forest
2.156,0.36898322311689263,1.8187756133020092,-16.82434207622795,0.10270891669941754,0.062314854764822215,1.1630839965410924,1.17052535617322,forest
2.16,0.3679791158421342,1.8249753066921872,-16.819811740804706,0.10295053266045895,0.0624575863385349,1.16333388882724,1.170555238137567,forest
2.164,0.36692256601021467,1.8313849108587124,-16.816603208443343,0.10312165302078496,0.06255881684695024,1.1635311058656324,1.1705335345179988,forest
2.168,0.36602336819892933,1.8370253819161682,-16.814898482372485,0.10321257101899976,0.06261343227418345,1.1637462780975887,1.1704602509931867,forest
2.172,0.36500171367401935,1.84370352988102,-16.810964802955425,0.10342236558032633,0.06273701567273461,1.1639364290615997,1.1703354067429466,forest
2.176,0.3641303266632144,1.849850478501166,-16.807978000213737,0.10358166045530877,0.06283111492761317,1.164142910413075,1.1701590344609931,forest
2.18,0.3632946496145499,1.855850989711421,-16.806429323677484,0.10366425587809559,0.06287999849919797,1.1643161145657315,1.1699311803766728,forest
2.184,0.36254203790271317,1.862080568451898,-16.80407866204745,0.1037896234978772,0.06295356532580099,1.1644995805311165,1.1696519042856632,forest
2.188,0.3616269265623387,1.8688301867670003,-16.799787973448666,0.10401845839694566,0.06308749196640326,1.1646594460198436,1.1693212795896468,forest
2.192,0.36062162830586497,1.8756185692910212,-16.79548107550887,0.10424815778730247,0.06322177274422303,1.1647863528618962,1.1689393933449372,forest
2.196,0.3598728862153766,1.882345812376265,-16.791071353246164,0.1044833410977839,0.0633587620431161,1.1649409702405418,1.168506346320065,forest
2.2,0.3592200567161002,1.889203883946714,-16.786362101446983,0.10473449918939169,0.06350459648622173,1.1650914564322714,1.1680222530622981,forest
2.204,0.3584375911224599,1.896289789454461,-16.78339782627603,0.10489259260352309,0.06359592393771864,1.165173372181209,1.1674872419730977,forest
2.208,0.35782732843502096,1.9030946643626991,-16.780715850172097,0.10503563018756534,0.06367734319679147,1.1652489622365318,1.166901455392481,forest
2.212,0.3574699285524099,1.9096704622864793,-16.780605777041664,0.1050415007076725,0.06367657712722702,1.16527408927825,1.1662650496922817,forest
2.216,0.3573210285505723,1.9164649197294399,-16.779446005788486,0.10510335468088762,0.06370668883980395,1.1652960172976847,1.1655781953782838,forest
2.22,0.35709594916379495,1.9233033273090703,-16.778096544782343,0.10517532536019192,0.06374183721210797,1.1652827873609592,1.1648410772012021,forest
2.224,0.35680830684190024,1.9302099760685754,-16.780294686338237,0.10505809207944906,0.06366547348782592,1.1651716617609655,1.1640538942764846,forest
2.228,0.3565837358200676,1.937451951979217,-16.779745975610766,0.105087356418039,0.06367381306570731,1.1650779092873271,1.163216860212892,forest
2.232,0.35633792344031184,1.9447488597615605,-16.78109422595342,0.10501545030693878,0.06362209827880483,1.1649204143417746,1.162330203249833,forest
2.236,0.35602600283294594,1.9523911110705683,-16.77874389813172,0.10514080012375131,0.0636861271041521,1.1648014932188497,1.1613941664033895,forest
2.24,0.35581739066453894,1.9602251085996205,-16.77465308964913,0.10535897483502887,0.06380279699075526,1.1646795305901125,1.1604090076209987,forest
2.244,0.3556703098161148,1.9680259870702312,-16.770435143212023,0.10558393018310187,0.0639214897398701,1.1645242983190616,1.159374999944722,forest
2.248,0.35554410575458467,1.9758831449080982,-16.77020299969415,0.10559631107191704,0.06391451215546375,1.164266024284988,1.1582924316830396,forest
2.2520000000000002,0.3555037431702795,1.984002321137528,-16.768335883111664,0.10569588982830203,0.06395672603391968,1.1639962332391962,1.157161606591093,forest
2.2560000000000002,0.3554979767251013,1.992241639295901,-16.76708671095475,0.10576251181166564,0.06397813377839368,1.1636794708273315,1.1559828440592932,forest
2.2600000000000002,0.3553179283395959,2.000622069101495,-16.76528832998153,0.10585842469814505,0.06401882440420344,1.1633725709524598,1.154756479310199,forest
2.2640000000000002,0.3550937740904073,2.009364382475032,-16.76498107824098,0.10587481132686884,0.06401420758996189,1.1630268648170476,1.1534828636035588,forest
2.2680000000000002,0.3549881440917439,2.017878862677655,-16.764377456281647,0.10590700424112004,0.06401497475162392,1.1626350835436583,1.1521623644493957,forest
2.2720000000000002,0.3549757295456569,2.0267415289782105,-16.765061989822584,0.10587049607695408,0.06397393734642341,1.162175276484272,1.1507953658290055,forest
2.2760000000000002,0.3548509836571653,2.0359685158133547,-16.767321812083715,0.1057499731848511,0.06388695243444659,1.1617006237896432,1.14938226842372,forest
2.2800000000000002,0.3548052644945862,2.045100566483428,-16.76791225666987,0.10571848305822744,0.0638490102177096,1.1612112475432281,1.1479234898512694,forest
2.2840000000000003,0.354814666458696,2.054367432654552,-16.767717338776333,0.1057288785962553,0.06383383982975417,1.1606997697526371,1.146419464909569,forest
2.2880000000000003,0.35463539431774704,2.064060252556338,-16.76853318883072,0.10568536694059619,0.06379344212394017,1.160225836561425,1.144870645827723,forest
2.2920000000000003,0.3545017861819257,2.0737330888387673,-16.76991178162701,0.10561184257821649,0.06373407796368397,1.1597142769748285,1.143277502524035,forest
2.2960000000000003,0.35441001068227523,2.0836750036355043,-16.769910673570458,0.10561190167409427,0.06371733773575299,1.159208211431305,1.1416405228707724,forest
2.3000000000000003,0.3543582177915761,2.0937589600053212,-16.773263156372245,0.10543310401821371,0.06359603896552611,1.1586204246881207,1.139960212965433,forest
2.3040000000000003,0.3543808220360459,2.1037472966282267,-16.77613104437308,0.10528015121213098,0.06348686776122989,1.1579957206822136,1.1382370974082103,forest
2.308,0.35455882428488467,2.1139962874976423,-16.78268482146745,0.10493061922317881,0.06325954171971473,1.1572225632166722,1.1364717195853529,forest
2.312,0.35470859073947747,2.1232394598445254,-16.78950317966021,0.10456697635492321,0.06301969776254046,1.1564193085630854,1.1346646419580622,forest
2.316,0.3550220844641159,2.133413610496415,-16.79447806766697,0.10430165111197107,0.06283511697642609,1.1555704280011057,1.1328164463565595,forest
2.32,0.3552850748754705,2.143900272488328,-16.805126007675064,0.10373376551017491,0.062478734888352795,1.1546406663817865,1.1309277342789104,forest
2.324,0.3554921872343819,2.1524315658231643,-16.811305847024297,0.10340417670847478,0.06225126637652909,1.1537539911585786,1.128999127194159,forest
2.328,0.35580287974474756,2.162458992580637,-16.817146838726742,0.10309265963704989,0.062037979109746115,1.152844885643937,1.1270312668493019,forest
2.332,0.3561342631705299,2.1742028423159723,-16.824278818243123,0.10271229043168449,0.0617946170215075,1.1519605241256723,1.125024815579565,forest
2.336,0.3566918990565293,2.1854552878998574,-16.84597958323682,0.10155492553495206,0.06108984990997139,1.1505948634565422,1.1229804566214399,forest
2.34,0.3573630020121671,2.1974646510156943,-16.877972869572183,0.09984863054735983,0.060069382371651305,1.1489488939822732,1.1208988944278584,forest
2.344,0.35784053270616095,2.208796801416512,-16.894298019969632,0.09897796280779515,0.059536077837709964,1.1477269337966869,1.118780854984864,forest
2.348,0.3582817994811543,2.2201394082631256,-16.90564115051211,0.09837300067338507,0.059158048692631575,1.1466306563353286,1.1166270861290697,forest
2.352,0.3587713546868588,2.231929398642319,-16.91830703152725,0.09769749241008793,0.058740993162080854,1.1454917705422916,1.1144383578651613,forest
2.356,0.3592935394948297,2.2438210523034585,-16.931702869882315,0.09698305339934524,0.05830165548754369,1.1443197722514276,1.1122154626826242,forest
2.36,0.3598489081276148,2.256096399018909,-16.947396736960982,0.09614605383476257,0.057794512179607904,1.1431002328734825,1.1099592158708438,forest
2.364,0.36042924082257854,2.267822060197587,-16.962146006168556,0.0953594324212658,0.05731190307869106,1.141850957771433,1.1076704558316497,forest
2.368,0.3610381003854521,2.2802520407730995,-16.97593389281514,0.09462408433517222,0.056863724784499456,1.1406458716069627,1.1053500443883175,forest
2.372,0.36171040677075167,2.29290761065256,-16.99241953766828,0.09374485695961353,0.05633285377633886,1.1393425226071567,1.1029988670899846,forest
2.376,0.3624295144616725,2.3056169862286144,-17.008792691285578,0.09287162906875468,0.05580437837777582,1.138001983896173,1.100617833510354,forest
2.38,0.3631486171335786,2.317934321800521,-17.027133815294796,0.09189344359459962,0.055215192961576245,1.1366142774972312,1.0982078775395088,forest
2.384,0.363932748176219,2.330322709412283,-17.05259720634705,0.09053540690952384,0.05440818814684617,1.1350006694974741,1.0957699576675686,forest
2.388,0.364745935421115,2.3428230588727934,-17.07610871436895,0.08928146982197434,0.053661372571726415,1.1334059109286423,1.0933050572588636,forest
2.392,0.3655566345614063,2.3552099259506223,-17.094958558814803,0.08827615280772,0.05305732298475313,1.1319359736237873,1.0908141848152038,forest
2.396,0.36637308598618407,2.3673692153843726,-17.10723979911428,0.08762115855221433,0.052651474101082084,1.1306245162681838,1.0882983742267622,forest
2.4,0.36721278766959997,2.3792452421258767,-17.11917889438587,0.08698441188590574,0.05225370545510694,1.1293003697885118,1.0857586850089964,forest
2.404,0.368130250538584,2.392090735333565,-17.144814562097444,0.08561718718565695,0.051448929879711065,1.1276490542724007,1.0831962025239539,forest
2.408,0.36908721211452733,2.4051344863450135,-17.16161535729133,0.08472115192605936,0.05091139879574419,1.1261985357270619,1.0806120381842215,forest
2.412,0.3700551505526223,2.4178935990857564,-17.182590723937953,0.0836024746324272,0.050248789926268723,1.1246629905960943,1.078007329637697,forest
2.416,0.3710984905961803,2.431308016290336,-17.20015925884023,0.08266549358181348,0.049690780114082476,1.1231779874244021,1.0753832409312696,forest
2.42,0.3722377247118917,2.4458169672370533,-17.222923341980778,0.08145141883648437,0.048981524632490545,1.1215175100081247,1.072740962651412,forest
2.424,0.3733685260447484,2.459874001445842,-17.24435322852523,0.0803085006750871,0.048314217576305885,1.1199537774597643,1.0700817120396005,forest
2.428,0.3745445352310703,2.4741026676648894,-17.265509223442177,0.07918018995058335,0.04765685803281631,1.1183942190932519,1.067406733080388,forest
2.432,0.3757902214877461,2.488641926158571,-17.288969514492734,0.07792898441303987,0.04692830710159989,1.1166583576352458,1.0647172965598812,forest
2.436,0.3770325804604133,2.5028526155400095,-17.307068380268227,0.0769637192749071,0.046366340127841923,1.1152357491927964,1.062014700092274,forest
2.44,0.3783449239039452,2.5174195102991828,-17.322911003692454,0.07611878610187481,0.04587302764563617,1.113864350626996,1.0593002681120198,forest
2.444,0.3797120337224298,2.532349401413955,-17.343815952137383,0.07500386441569502,0.04523129231244163,1.112339112441925,1.056575351829144,forest
2.448,0.3811450762297834,2.5477106313947675,-17.364198963901394,0.07391677913035122,0.044608386035559264,1.1108378291625367,1.0538413291451212,forest
2.452,0.38263170634558824,2.562944279330498,-17.380194900493986,0.07306366932025918,0.04411680336645174,1.1095068729696955,1.0510996045266712,forest
2.456,0.3841695734070065,2.578580043830392,-17.40244107237929,0.07187721628811006,0.04344156969045529,1.1079562195674861,1.0483516088347737,forest
2.46,0.3857495564972109,2.5943462929444365,-17.427818568343348,0.07052376063784602,0.042676791432733216,1.1063387629951758,1.0455987991061328,forest
2.464,0.38736522232946663,2.610171839433886,-17.456024556586584,0.06901945326988673,0.04182909343614455,1.1045992291674271,1.0428426582842738,forest
2.468,0.38897987266946293,2.6258503858641746,-17.49170203461763,0.06711666962658787,0.0407632489330858,1.102622061631238,1.040084694897432,forest
2.472,0.39061717187988293,2.6421186950646405,-17.53338511703249,0.06489358963892024,0.039527094138520874,1.1004229485108885,1.0373264426803357,forest
2.476,0.39231928597396987,2.6579127609753455,-17.565555659888176,0.06317784104568805,0.03857034085207887,1.0985402151404182,1.0345694601369895,forest
2.48,0.39392464528898424,2.6732312200461092,-17.61741425648759,0.060412071299072945,0.03704382550850827,1.0960855070717326,1.031815330041549,forest
2.484,0.39555708848765636,2.6886421863095302,-17.668847849380374,0.057668968235921526,0.035537062663558244,1.0936545329018164,1.0290656588743878,forest
2.488,0.39723274286926935,2.70401161586862,-17.713105742608676,0.055308566100759515,0.034239031495569824,1.0913190256590732,1.026322076190483,forest
2.492,0.39888414157028107,2.7204189142982376,-17.770148488786404,0.052266310583108405,0.03258629365025054,1.0886095940805973,1.0235862339172843,forest
2.496,0.4005675823780269,2.736646286953263,-17.823994881111393,0.04939452591050683,0.031032563509621896,1.0860193589075622,1.020859805579295,forest
2.5,0.40230825667554576,2.7531051797365182,-17.87172042163319,0.046849184062256126,0.02965943488318962,1.0835511884547495,1.0181444854466748,forest
2.504,0.4040309878177859,2.7688456576601803,-17.92210350279583,0.04416210784426087,0.028214803816728334,1.0810584614773604,1.0154419876052658,forest
2.508,0.4056391696447055,2.784745071123944,-17.989442812590834,0.04057070664943814,0.02630092428688525,1.0780707725818894,1.012754044945585,forest
2.512,0.40709576574891315,2.800873606674266,-18.073895824930624,0.03606658193614908,0.02392016761835943,1.0745358566998169,1.0100824080684583,forest
2.516,0.4085070494222086,2.8163971109262316,-18.15864440494337,0.031546693739434965,0.021545047072836054,1.0710000138813025,1.007428844105158,forest
2.52,0.41015201910845506,2.8313351795391446,-18.213008873390134,0.028647278560841923,0.020022888955757708,1.0683457767646183,1.0047951354501004,forest
2.524,0.4118140336408279,2.846063710810349,-18.269104222159417,0.02565555050174395,0.018461198546544773,1.0657251879238756,1.0021830784043972,forest
2.528,0.4135539121619573,2.860770664108941,-18.31781564950197,0.023057628442665328,0.017109649193795297,1.063306668545128,0.9995944817288048,forest
2.532,0.4153251427356807,2.875809548933069,-18.363986327241776,0.02059521194767448,0.015834812727414726,1.060903288168785,0.9970311651049132,forest
2.536,0.4172467775758287,2.891156167416463,-18.39929392835089,0.01871215491611864,0.014863073014483915,1.0588257267360315,0.9944949575037288,forest
2.54,0.4191805481073891,2.9063136299107444,-18.43864209926347,0.016613602548122563,0.013785321279866515,1.0567089218382646,0.9919876954611604,forest
2.544,0.4212428652726213,2.920799335937871,-18.463308852649178,0.015298052866198023,0.013104378079146212,1.054945830383675,0.9895112212602954,forest
2.548,0.4233224047697827,2.935354074102585,-18.49083210504103,0.013830157786393687,0.012348816588323113,1.05312041880461,0.9870673810207696,forest
2.552,0.425507560077306,2.950063637234612,-18.511433608201592,0.012731419719561269,0.011782139487178982,1.0514623611392124,0.9846580226959694,forest
2.556,0.4277129253037623,2.9649688304925883,-18.536648961691082,0.011386611598929916,0.011094568423818674,1.0497265456363736,0.9822849939792828,forest
2.56,0.43003219389587277,2.9801432873957636,-18.552238922193848,0.010555153674170687,0.010666924158168854,1.0481732837957536,0.9799501401211129,forest
2.564,0.43236998049445013,2.995366137003349,-18.572863935375945,0.009455161749529394,0.010106532968355744,1.0465486534153015,0.9776553016588884,forest
2.568,0.43481808564039565,3.010922035728294,-18.584415577811097,0.00883907906959011,0.009789906539150262,1.0450861053336893,0.975402312062863,forest
2.572,0.4374152528824293,3.0262468778542284,-18.587060872203697,0.00869799782787314,0.009708893208000864,1.0438712583677008,0.973192995301061,forest
2.576,0.4399740947174271,3.0421961600237992,-18.597945644290572,0.008117481282675676,0.009412014331685254,1.0424348346051089,0.9710291633273145,forest
2.58,0.4426473593844559,3.0579695039733075,-18.603163494012612,0.00783919818498447,0.009264510109173533,1.0411631039504885,0.9689126134969478,forest
2.584,0.44545674012260295,3.0744515947333824,-18.606113522746842,0.007681864574748102,0.009180569453593908,1.0400041413220826,0.9668451259152724,forest
2.588,0.4483715824226821,3.0910104990193212,-18.605218624653027,0.007729592092198992,0.009197930475000197,1.0389549026965674,0.9648284607246792,forest
2.592,0.45134213526578965,3.107498225801412,-18.60225988170677,0.007887390456701131,0.009268311858339023,1.03793932891597,0.9628643553367412,forest
2.596,0.45448845639942864,3.1243640433570152,-18.59325170120098,0.00836782291628774,0.00949904211624903,1.0371197104139607,0.960954521616349,forest
2.6,0.4576486718771258,3.141213127217201,-18.586821270550185,0.008710776480747999,0.009660707771940003,1.036236664594408,0.9591006430255175,forest
2.604,0.46086931281730803,3.158218155648979,-18.579148529386323,0.00911998607715383,0.009854600790567304,1.0353756818815754,0.9573043717350928,forest
2.608,0.4640858635395031,3.1753219768006096,-18.57480287249152,0.009351752595281123,0.009960750545951153,1.0344305577777764,0.9555673257131532,forest
2.612,0.4673082505004519,3.1926541644604636,-18.574690975442824,0.009357720390252755,0.00995675451640695,1.0334080555439595,0.9538910857994475,forest
2.616,0.4706491663926855,3.210055931285682,-18.57115381419506,0.009546367484649324,0.010042577903604194,1.0325063786453055,0.9522771927757107,forest
2.62,0.47395225230527654,3.227068085277681,-18.568629741753593,0.009680983607233599,0.010099230460670254,1.0315366218749682,0.9507271444421707,forest
2.624,0.4774065019306607,3.244711192753127,-18.564280597403435,0.009912936121495531,0.010206685790872725,1.0306865192217707,0.9492423927109581,forest
2.628,0.48084550797831316,3.2621568786253183,-18.562592795900045,0.010002951483315432,0.01024361821318966,1.029777405570697,0.9478243407275087,forest
2.632,0.48437308012633873,3.2799022871736563,-18.55894860328106,0.010197306871955884,0.010332766018530242,1.0289378080833083,0.9464743400313241,forest
2.636,0.48797164309321295,3.298280941261431,-18.555186950965027,0.01039792672777911,0.010427637726237421,1.0281238582061778,0.9451936877677025,forest
2.64,0.4915550915641407,3.3161043246637356,-18.55164953965528,0.01058658715870837,0.01051400347456902,1.0272947451649295,0.9439836239621877,forest
2.644,0.4951446479427507,3.3341079308701125,-18.550727923103164,0.010635739649230086,0.010533502777362784,1.0264293932090174,0.9428453288695757,forest
2.648,0.4988300680319669,3.3524344141168827,-18.551371107393578,0.010601436760826317,0.010514775832468482,1.025612770992083,0.9417799204093006,forest
2.652,0.5024550340524149,3.369622990710314,-18.549083330708733,0.010723450543629458,0.010566860073158171,1.0247989883551216,0.9407884516989289,forest
2.656,0.506121373397428,3.3877689441437773,-18.546133453626876,0.010880776065803843,0.010639787181237275,1.0239947061343493,0.9398719086973145,forest
2.66,0.5098238328071393,3.4059939770120318,-18.54605381779762,0.010885023276136252,0.010639766734249228,1.02319063873245,0.9390312079686829,forest
2.664,0.5135223669368082,3.423734936109513,-18.545120178662977,0.010934816965942404,0.01066024698747133,1.0224078223303399,0.9382671945785538,forest
2.668,0.517126663108738,3.441260699860063,-18.550621219526136,0.010641430461256497,0.010515094461084848,1.0215083462196743,0.9375806401319602,forest
2.672,0.5207604499447709,3.458449718600335,-18.554843542128687,0.010416241719555804,0.010402605007104366,1.0206620922167882,0.9369722409638602,forest
2.676,0.5243477153953429,3.475262560615941,-18.560154412262506,0.010132997572827691,0.010261723194696976,1.0197975175445313,0.9364426164910269,forest
2.68,0.5278534994887767,3.4912226084542897,-18.565009049089397,0.009874085674953995,0.010130401753096343,1.0189218830358664,0.9359923077339677,forest
2.684,0.5315145124799024,3.5083403987199455,-18.56697538141812,0.009769215454331062,0.01007792497743836,1.01816873473607,0.9356217760166455,forest
2.688,0.5350569026564624,3.5244531245352446,-18.57514051613626,0.00933374507793611,0.009865020967048907,1.0173239354161216,0.9353314018509044,forest
2.692,0.5386116990014489,3.5405388559071564,-18.578244833340012,0.009168182814993278,0.009781809948056091,1.016563509573283,0.9351214840115722,forest
2.696,0.5422570868256058,3.557399639939598,-18.58057284843365,0.0090440230008474,0.009721479368160672,1.0158735370862977,0.9349922388072334,forest
2.7,0.5457367623851108,3.5734254866298807,-18.588253079895512,0.008634413925069605,0.00952303851831896,1.0150837025221788,0.9349437995506266,forest
2.704,0.549290000179407,3.589311653862146,-18.595171720403687,0.008265422709340614,0.009344930894934675,1.0143742922473995,0.9349762162315566,forest
2.708,0.5528005188808893,3.605689246957034,-18.597527906352887,0.008139760461554867,0.009283549964738203,1.0137167718222455,0.9350894553941043,forest
2.712,0.5562491637900007,3.6203712322668227,-18.603202269341775,0.007837130183932658,0.00913527479962873,1.0130586092245302,0.9352834002188126,forest
2.716,0.55958862694079,3.6345312346575374,-18.606895135561032,0.007640178890660787,0.009036111603986294,1.012417707014665,0.935557850809395,forest
2.72,0.5629161620871576,3.6482851411712094,-18.610234809908025,0.007462064346917732,0.008945745313612698,1.0118218701550805,0.9359125246823975,forest
2.724,0.566156353916033,3.661208236898802,-18.622894777027767,0.006786871488858004,0.008619331834618866,1.0111429486154955,0.9363470574571461,forest
2.728,0.5694421352882566,3.674892050111868,-18.629933257747318,0.0064114888461952796,0.008436419543534164,1.0105754830251412,0.9368610037422307,forest
2.732,0.5727319302086249,3.6879566166632145,-18.634190681381543,0.006184428064411643,0.008323216167317649,1.0100904467569578,0.9374538382137356,forest
2.736,0.5759409436821931,3.700436854059177,-18.63967375418039,0.005891999848841534,0.008178291944416634,1.0096153752982073,0.9381249568794348,forest
2.74,0.5791291574348633,3.712194003053178,-18.645344257067396,0.0055895754416767016,0.008028256188324865,1.0091842395189126,0.9388736785222243,forest
2.744,0.5822994233679091,3.723620605642817,-18.647051340018866,0.005498531744165807,0.007977575489651015,1.0088396614492086,0.9396992463151947,forest
2.748,0.5855884542419225,3.7360799547063226,-18.649604552896243,0.0053623614774024175,0.00790659486278329,1.0085529668740858,0.9406008295999322,forest
2.7520000000000002,0.5888924822678524,3.748347963157746,-18.644936325545483,0.005611331615888527,0.008016519808581545,1.0083983394902076,0.9415775258189062,forest
2.7560000000000002,0.5921017211056913,3.759555134584371,-18.637725479309886,0.005995907012711656,0.008188933663387854,1.0083036279346387,0.9426283625921621,forest
2.7600000000000002,0.5953226325309232,3.7709628541621543,-18.629418096785347,0.00643896387823794,0.008388074958729777,1.0082664954579876,0.9437522999279612,forest
2.7640000000000002,0.5986235916431388,3.7829196140205017,-18.62048538387984,0.006915371431263271,0.00860236636316971,1.0082915230973026,0.9449482325565477,forest
2.7680000000000002,0.6019475063796582,3.7946748925368925,-18.602270515047653,0.007886823349713202,0.0090490154552609,1.0084753635968984,0.9462149923758305,forest
2.7720000000000002,0.6052789886276955,3.806387860570063,-18.583932800803844,0.00886482697116439,0.009497720806713844,1.0087041739320233,0.9475513509974823,forest
2.7760000000000002,0.6085284181185923,3.817784177831624,-18.573538038992144,0.009419209843577,0.009744956293651644,1.0088716686560897,0.9489560223817538,forest
2.7800000000000002,0.6117249190447445,3.8289257390333895,-18.55413627120365,0.01045396253452963,0.010216696290330651,1.009189425827513,0.9504276655491863,forest
2.7840000000000003,0.614866498110391,3.839616521844832,-18.544972713027047,0.010942681737094444,0.010429668475878532,1.0094250979121617,0.9519648873573937,forest
2.7880000000000003,0.6179026073963763,3.8493055400630274,-18.536720037886074,0.011382820898781754,0.010618636824205569,1.0096915228871617,0.9535662453311248,forest
2.7920000000000003,0.6207378373200353,3.858201800283607,-18.562742946613383,0.009994943509177763,0.009942140533789967,1.0095686278635456,0.9552302505339757,forest
2.7960000000000003,0.6236972519926313,3.866980534189673,-18.562729463388166,0.009995662608783961,0.009921102561874643,1.009818304949029,0.9569553704703208,forest
2.8000000000000003,0.6264962051734462,3.874967554459259,-18.57221279569079,0.009489888922266817,0.00965842790853574,1.0099949329719378,0.958740032006322,forest
2.8040000000000003,0.6292428766858634,3.882455920388404,-18.58257251264298,0.00893737509411223,0.009372002072683834,1.0102057924592882,0.9605826242992179,forest
2.8080000000000003,0.6319535454706299,3.8894480321574547,-18.60260820952008,0.007868813121579662,0.008840526919229177,1.0103310984727216,0.9624815017245003,forest
2.8120000000000003,0.6345620340614787,3.8953322796273553,-18.62854001854424,0.006485794344036641,0.008160046682187143,1.0104254426392942,0.9644349867910387,forest
2.816,0.6370278784210571,3.8997041657522398,-18.66786836924671,0.004388299045477211,0.007142545211009949,1.010390198186649,0.9664413730347089,forest
2.82,0.6394355319117002,3.9035933527789117,-18.694443427195193,0.002970973932415934,0.00644416070246198,1.0105677402968136,0.9684989278816206,forest
2.824,0.6417396367779779,3.9058054708031382,-18.720070989604697,0.0016041815114945528,0.0057721641828128644,1.010802186936344,0.9706058954725983,forest
2.828,0.6439985797176538,3.9069330105427458,-18.73513833489708,0.0008005961755205886,0.0053680656066606505,1.0112141530314145,0.9727604994411645,forest
2.832,0.6462655564896408,3.908337638936135,-18.738926674665986,0.000598553000236145,0.005245193223899356,1.0118110964281029,0.9749609456378726,forest
2.836,0.6484887850785125,3.9097711514791293,-18.737714775009444,0.0006631871327771887,0.0052452078522437825,1.0125226809913828,0.9772054247944606,forest
2.84,0.6506453605630218,3.9106055131623,-18.74213861495922,0.00042725088499416216,0.005102356696768051,1.0131993235622272,0.9794921151219133,forest
2.844,0.6526986882421008,3.909846889568214,-18.748199438052335,0.00010400956629804436,0.004922311869609051,1.0138973567993896,0.9818191848371424,forest
2.848,0.6546104865756779,3.907959988606522,-18.752814314127843,0.0001421151935486326,0.004779157476045533,1.0146870004552067,0.9841847946136177,forest
2.852,0.6565033448615255,3.905622694017499,-18.757627079740203,0.00039879397780186464,0.004631843059415204,1.0154958833416612,0.9865870999518761,forest
2.856,0.6583783582475544,3.9033566972808167,-18.760076370999904,0.0005294218025202648,0.0045420524787737025,1.0163678225967772,0.9890242534664372,forest
2.86,0.6601508001554818,3.900357883321478,-18.766385832531533,0.0008659237321117887,0.004353808201120555,1.0172419615278518,0.991494407086229,forest
2.864,0.6618670937383633,3.896330981788992,-18.771885544431132,0.0011592393593068144,0.004189949241838624,1.018153094872402,0.9939957141661739,forest
2.868,0.6635274757229382,3.891077788669209,-18.772120961522706,0.0011717948373260183,0.004166053935069968,1.0191628444958614,0.9965263315081219,forest
2.872,0.6651380861534107,3.8861401715006667,-18.777343729947333,0.0014503402637283454,0.00400996131115976,1.0201395885130844,0.9990844212898206,forest
2.876,0.6667474506596581,3.882123720166769,-18.785361707500098,0.0018779623206030343,0.0037744715487747884,1.0210956379892449,1.0016681529010891,forest
2.88,0.6683168104675087,3.8775008663698283,-18.791827985303954,0.0022228277179693074,0.003580680960956982,1.0220877369167538,1.0042757046868074,forest
2.884,0.6697840450655984,3.871734981260352,-18.79567735255057,0.002428125666090453,0.003457296293216001,1.0231731444268262,1.0069052655967552,forest
2.888,0.6712330500379188,3.8662866744755977,-18.80295200065794,0.0028161038022527576,0.0032423190656262453,1.0242140880711053,1.009555036742721,forest
2.892,0.6726209664756987,3.860711442727734,-18.80323956598902,0.002831440497517087,0.003203587278244562,1.025423525528276,1.0122232328636533,forest
2.896,0.6739682024830272,3.8551256337246613,-18.804853280052164,0.002917504560723542,0.003128515280430228,1.0266379984859817,1.0149080836999589,forest
2.9,0.6752732657632515,3.8495930901548507,-18.80816410470887,0.0030940804665968743,0.0030066497004355023,1.0278534217105713,1.017607835278344,forest
2.904,0.6765077499804169,3.8433246304052195,-18.81446421287288,0.003430083553896496,0.0028102926933653623,1.0290431176337993,1.0203207511088581,forest
2.908,0.6776433099163909,3.8357071128269142,-18.81884735475832,0.003663849255569989,0.0026700138643162806,1.0303050615107707,1.0230451132960388,forest
2.912,0.678765128792549,3.828723870028662,-18.82084489563969,0.00377038391905123,0.002584707476557697,1.0316276018777357,1.025779223566262,forest
2.916,0.6798215837203808,3.821443952516402,-18.82165658196051,0.0038136735106922242,0.002528672072551061,1.033025500017817,1.0285214042135802,forest
2.92,0.6808511544522983,3.814216309568419,-18.82321987455329,0.0038970484502728413,0.002451930767575526,1.0344107484608798,1.031269998966494,forest
2.924,0.6818510728566712,3.807163982810846,-18.82230751962401,0.0038483899090272972,0.0024363106794279862,1.0358637730436553,1.0340233737782125,forest
2.928,0.6828449965077502,3.801117533715032,-18.81828726135638,0.003633977845853253,0.0024905632361131693,1.0374215992924738,1.0367799175430945,forest
2.932,0.683761220967928,3.793859142248885,-18.815559003136862,0.003488471902011583,0.0025202543584897873,1.038963537280531,1.0395380427420111,forest
2.936,0.684604822088127,3.7858413579331818,-18.81715133587149,0.0035733956367975067,0.002442086647750375,1.0404331817224473,1.0422961860194664,forest
2.94,0.6854320997657867,3.777922966916235,-18.812965414211845,0.0033501482632255783,0.0025146843952327316,1.042009426909068,1.0450528086953363,forest
2.944,0.686184020525047,3.76946328011611,-18.813182938032156,0.003361749441059816,0.0024741731434915312,1.043531515251951,1.0478063972141236,forest
2.948,0.6869450876596903,3.7619090989418873,-18.808474494963587,0.0031106344814070875,0.0025551610571647814,1.0451564246738494,1.0505554635346332,forest
2.952,0.687671337235689,3.754144554704872,-18.800900144267466,0.002706672334737237,0.002714188489818098,1.04683614100009,1.0532985454629769,forest
2.956,0.6883616664838955,3.7463164328805103,-18.791894225533213,0.002226360502003336,0.0029116984920500863,1.0485589223935465,1.0560342069317918,forest
2.96,0.6889655715344899,3.7377558112898854,-18.78636494862394,0.001931468086875886,0.0030211762219288095,1.0502634198582925,1.058761038228531,forest
2.964,0.6895757404924809,3.7297037908579713,-18.77502851464841,0.0013268630998528918,0.0032824699752752005,1.0520703290494549,1.0614776561756534,forest
2.968,0.6901744956096142,3.7219295808196877,-18.76040134868336,0.0005467538073210906,0.0036311007604986527,1.0539373840698005,1.0641827042654848,forest
2.972,0.6906963226427673,3.7139326041099587,-18.753403067477198,0.00017351512159609982,0.003775565765383326,1.055710816942325,1.0668748527524665,forest
2.976,0.6912143920487144,3.7063375723845815,-18.74323994942382,0.00036851351563136616,0.004004156437596204,1.0575157333496978,1.0695527987054532,forest
2.98,0.6917148743609702,3.6986625731719722,-18.727247891664327,0.0012214164562757426,0.004392809148493773,1.0594270186775412,1.0722152660226438,forest
2.984,0.6922081286257752,3.6915021331313365,-18.709738627696773,0.0021552364155977316,0.004820428210010148,1.0613613963808124,1.0748610054116634,forest
2.988,0.6927200433637074,3.685441029383694,-18.690450815025898,0.0031839115487788225,0.005290489717770912,1.0632918351623366,1.0774887943372262,forest
2.992,0.6931945509514136,3.679079240039381,-18.668714937385285,0.0043431491050688435,0.005834069700764691,1.0652521532545098,1.0800974369387486,forest
2.996,0.6935834822326755,3.671710858993662,-18.64894542914846,0.005397514463415112,0.006333670028062796,1.067236924649015,1.0826857639201712,forest
3.0,0.693909840525249,3.6639099585111223,-18.632839193148936,0.006256506861597899,0.0067349387359420705,1.069252701766964,1.0852526324141867,forest
3.004,0.6941953586817918,3.6558601374513904,-18.61622175472194,0.0071427631716682125,0.007155539633336625,1.071277699319518,1.0877969258229758,forest
3.008,0.6944657478009448,3.648786811254591,-18.602997918173756,0.00784802882591788,0.0074790525095999386,1.0731629142677561,1.0903175536374599,forest
3.012,0.6946711164590547,3.6406219035403105,-18.58937663236,0.008574491605169198,0.007819476330019127,1.0751996954400365,1.0928134512370022,forest
3.016,0.694859673053192,3.6319817499096794,-18.569697346488326,0.009624045142441064,0.008334366857746339,1.0773837602845155,1.0952835796714055,forest
3.02,0.6950770976882733,3.6228791150642032,-18.54181963194212,0.011110844719611749,0.009075937542254199,1.079947426009981,1.0977269254269468,forest
3.024,0.6952526708710841,3.6163205389340947,-18.53109784894299,0.01168266858283395,0.009331221774787667,1.081879061961596,1.1001425001781377,forest
3.028,0.69550851853315,3.6098017927935895,-18.510177861575915,0.012798392338460708,0.009861712761455274,1.0842831576035898,1.1025293405267846,forest
3.032,0.6959631505926549,3.602094558281977,-18.45653684180999,0.015659223895322833,0.01131381080582606,1.0877325519834267,1.1048865077298649,forest
3.036,0.6964211379310545,3.59407242608002,-18.402845426496988,0.018522743193246257,0.012784954893039,1.0911750108971159,1.1072130874176391,forest
3.04,0.6969338886920972,3.587121726765825,-18.348013061303128,0.021447112665871893,0.014295252564946107,1.0945632737296114,1.1095081893033516,forest
3.044,0.6973804196822797,3.5815622942375755,-18.30882075379768,0.023537352385159506,0.015365696874533817,1.0974387549825828,1.1117709468857944,forest
3.048,0.697674903897967,3.576784792527404,-18.289211497686825,0.024583171031660297,0.015883718154293694,1.0996866457707801,1.1140005171459348,forest
3.052,0.6978440043358931,3.571613844492348,-18.28085413209233,0.025028893639643845,0.016088328555607073,1.101639009684109,1.116196080238734,forest
3.056,0.6979855919965321,3.566134936647044,-18.26951277947048,0.025633760952377033,0.016385036449763534,1.1036331764101186,1.1183568391812266,forest
3.06,0.6977837817603374,3.559461098501399,-18.286793429391004,0.02471213364492752,0.015876826309111136,1.1048157730054962,1.1204820195378518,forest
3.064,0.6974406502001953,3.5524445754508327,-18.31365466547636,0.023279545819702704,0.015094785732611134,1.1057496316675832,1.1225708691039762,forest
3.068,0.6969867191800921,3.5451881807235983,-18.34344331207932,0.02169083067950148,0.01423055921932034,1.1065506074010016,1.124622657588481,forest
3.072,0.6965222798302007,3.5380697235571974,-18.369976777523778,0.02027572381561901,0.013455103213430226,1.1074509408584723,1.1266366762962319,forest
3.076,0.696054342347701,3.5310183465459195,-18.39325252542593,0.019034360500778787,0.012769027521969782,1.1084631104250608,1.128612237811196,forest
3.08,0.6957299233527411,3.5240076898486032,-18.401305859852915,0.018604852758994195,0.012514817053566867,1.1099761091979827,1.1305486756809158,forest
3.084,0.6952276727571988,3.51643242637634,-18.418083872253536,0.01771003257200716,0.012017470212451064,1.111171061586057,1.1324453441030007,forest
3.088,0.694683603017165,3.5102081107174765,-18.44832625516628,0.016097118355069773,0.011110935164469319,1.112109896910368,1.1343016176142566,forest
3.092,0.6941604731437268,3.50473296962085,-18.481582230441475,0.014323480494777975,0.010102812669094765,1.1130574090516807,1.1361168907830148,forest
3.096,0.6936384318991444,3.4990815984983543,-18.505565932835783,0.013044359908341836,0.009365889508574919,1.1141680728519636,1.1378905779051978,forest
3.1,0.6930497105027427,3.4929913509636297,-18.530043419041107,0.011738904395482069,0.008617477263383912,1.115248975955676,1.139622112704604,forest
3.104,0.692480172900257,3.486570526110116,-18.545183726602538,0.01093142776954637,0.008143562729930939,1.116530556024856,1.1413109480378643,forest
3.108,0.691814808330398,3.4790906895972706,-18.560345564416448,0.010122802872642169,0.007679249849030853,1.1177836615826668,1.1429565556044894,forest
3.112,0.691218823076502,3.471750959825609,-18.56433897779352,0.00990982252553892,0.007540138910082095,1.1192849437388306,1.1445584256623842,forest
3.116,0.6907801589832645,3.4650159467295816,-18.558831164832522,0.010203570205893808,0.007670118097370948,1.1210965163950124,1.146116066749187,forest
3.12,0.690374785685057,3.4589443099991484,-18.550454005994244,0.010650348445121426,0.007881363008557924,1.1229445289648379,1.147629005409754,forest
3.124,0.6898149793752096,3.452126253631243,-18.548013277675302,0.010780519583310512,0.007930160985650159,1.124569667656013,1.1490967859300802,forest
3.128,0.6892632106322854,3.445407929142492,-18.544784043082622,0.010952744053828867,0.008002080277157668,1.1262156987585967,1.1505189700779337,forest
3.132,0.6887336634679015,3.4389498542602825,-18.54115265140849,0.011146416730858894,0.008083801244356334,1.1278832938288472,1.1518951368504444,forest
3.136,0.6881298736236044,3.4322534189280307,-18.53759686416138,0.01133605720395964,0.008170110913361762,1.129471950143263,1.1532248822288698,forest
3.14,0.6877159969089001,3.4263867052960437,-18.52429493886223,0.01204548755835798,0.008536982430830023,1.1313577774724504,1.1545078189407472,forest
3.144,0.6872399531263597,3.4211688045236355,-18.51521081491748,0.012529970302366017,0.008778312841993707,1.1330682441428281,1.15574357622961,forest
3.148,0.6868604432485432,3.416614869226386,-18.506046279567954,0.013018741620404204,0.00901508902132252,1.1348438972946564,1.15693179963244,forest
3.152,0.6865118020656873,3.412927792606402,-18.49703221033763,0.013499488142792927,0.009243375650630409,1.1365871775830978,1.1580721507650018,forest
3.156,0.6859977883212229,3.4080152660481593,-18.49154967773194,0.0137918875482913,0.009381408425535039,1.138163759611739,1.1591643071151974,forest
3.16,0.6854866935349936,3.403645938386281,-18.48486112455446,0.014148607537646131,0.009554904768352043,1.1397174988208902,1.1602079618445618,forest
3.164,0.6849649388292549,3.400557505582707,-18.48342085640793,0.014225421225788529,0.009562666379203002,1.1411124115773026,1.161202823598008,forest
3.168,0.6844313570106022,3.396454929216956,-18.47658043329536,0.014590240880375952,0.009743528961476297,1.1426117682042338,1.1621486163219186,forest
3.172,0.683877927714593,3.3919528503217666,-18.47140144627734,0.014866451317060131,0.009878111969913101,1.1440757591940527,1.1630450790906717,forest
3.176,0.6833185774995072,3.3880396431626316,-18.46839670172855,0.015026703080784928,0.009944309830564343,1.145460337858716,1.163891965941676,forest
3.18,0.6826954570833084,3.3842501569652685,-18.467413430104273,0.01507914381558038,0.009951399389709278,1.1467387564088491,1.1646890457189831,forest
3.184,0.6820266199208931,3.3822122180265812,-18.471072549127108,0.014883992358420904,0.00980910894328825,1.147817421298907,1.1654361019255415,forest
3.188,0.6813911647064608,3.3794581239695507,-18.471885762006174,0.014840621350989807,0.009757616867320369,1.1489882036757564,1.1661329325841372,forest
3.192,0.6807694741656336,3.3767086988011807,-18.469406469523594,0.01497284922815929,0.009808395487168876,1.1502027880740533,1.1667793501070725,forest
3.196,0.6801448592494322,3.374215643220923,-18.469790612053366,0.014952361790069958,0.009770529128982151,1.1513464602128065,1.1673751811746236,forest
3.2,0.6795616871626085,3.371491123858279,-18.46764379381233,0.015066857849197979,0.009811797010986547,1.152550414023282,1.1679202666223096,forest
3.204,0.6789415957520606,3.3693476266835916,-18.46485703801705,0.015215483638849022,0.009873107791826435,1.1536892740324471,1.1684144613370016,forest
3.208,0.6782971938678498,3.3673323352277174,-18.462121053802534,0.015361401632468895,0.009934495713171638,1.1547842728353235,1.1688576341619037,forest
3.212,0.6776505758490933,3.365619783749637,-18.460421174945232,0.015452061114690396,0.009963703392471228,1.1558305489514855,1.1692496678104234,forest
3.216,0.6770146313801078,3.364110197010398,-18.457682060626144,0.015598146045888446,0.010025386098629725,1.1568711259389974,1.1695904587889516,forest
3.22,0.6763908224723323,3.3625395263776694,-18.455339293522343,0.01572309262763093,0.010075917960711694,1.1578935565092765,1.1698799173285679,forest
3.224,0.6757264193446454,3.3613438770997273,-18.454556366562144,0.015764848398946013,0.01007890279895367,1.1588281568287233,1.1701179673256852,forest
3.228,0.6751019909018426,3.3603003875589836,-18.45161053850886,0.015921957974653237,0.010148863483796863,1.159792972349319,1.170304546291646,forest
3.232,0.6744652687124885,3.35859112087265,-18.449440622311144,0.01603768591497315,0.010198635493741889,1.1607339792634077,1.1704396053112747,forest
3.236,0.6737764866837719,3.3580486303982666,-18.44605311029044,0.016218351780953544,0.010285206502802168,1.1615986253354829,1.1705231090103976,forest
3.24,0.6730871546120951,3.3574595917681838,-18.443156164564886,0.016372854319986977,0.01035786567299021,1.1624324772159802,1.1705550355323342,forest
3.244,0.6723846415994272,3.356931384294061,-18.439897996700466,0.016546621886016872,0.01044322552743518,1.1632375035116218,1.170535376523363,forest
3.248,0.671717414732641,3.3565704839714723,-18.435161861404364,0.01679921375268503,0.01057480559500209,1.1640531510483954,1.1704641371271653,forest
3.2520000000000002,0.6710027324366132,3.3563011173679467,-18.434056462363262,0.016858167897731258,0.010594502044182115,1.1647569236535018,1.1703413359882464,forest
3.2560000000000002,0.6701719308814253,3.3560850848668817,-18.439030284528144,0.016592899499225676,0.010426653602311205,1.1652795440740604,1.1701670052643345,forest
3.2600000000000002,0.6692806702854952,3.3559631082912964,-18.44578378284477,0.01623271579675822,0.01020456663481775,1.1657188730753463,1.169941190647756,forest
3.2640000000000002,0.6685383722685944,3.3565388130487217,-18.44619892462938,0.016210575078271516,0.010177423022355194,1.1662858402889886,1.169663951395783,forest
3.2680000000000002,0.6677724555225729,3.3566441125454545,-18.443850271664722,0.016335835570087782,0.010239669170899336,1.1668714410218763,1.169335360369947,forest
3.2720000000000002,0.6670625134767162,3.3575894190383435,-18.444025023008862,0.016326515572777856,0.010220518474824134,1.1673919401036081,1.168955504084315,forest
3.2760000000000002,0.6663544301304172,3.358824068950171,-18.44151236789925,0.016460522775855968,0.010286375186597986,1.1679227011574114,1.1685244827627173,forest
3.2800000000000002,0.6657848337462777,3.359807464384967,-18.436262624560104,0.016740506852884928,0.010436980526265297,1.168528286600699,1.1680424104049152,forest
3.2840000000000003,0.6651674049719617,3.361669275501988,-18.431636128699534,0.016987251329656027,0.010568815981317118,1.1690549886099735,1.1675094148617022,forest
3.2880000000000003,0.6645842539295006,3.363683517179094,-18.428679184802302,0.01714495374564262,0.010648251753219451,1.1695327981292507,1.1669256379189143,forest
3.2920000000000003,0.6638794115190103,3.36585303940297,-18.42777690161538,0.01719307513158259,0.010665890261778745,1.1699037311767522,1.16629123539034,forest
3.2960000000000003,0.6632334512914057,3.368167495470151,-18.426744266382805,0.017248148571143825,0.01068731929781728,1.170264344408303,1.165606377219501,forest
3.3000000000000003,0.6626247618548005,3.3705270497742377,-18.424177455798517,0.017385044043155006,0.010757243324082401,1.1706318631126496,1.1648712475902832,forest
3.3040000000000003,0.6620068231936158,3.373283957974073,-18.42351933892142,0.017420143329826304,0.01076772971035437,1.1709273542010694,1.1640860450463872,forest
3.3080000000000003,0.661498996462809,3.3763541482998387,-18.420589024595255,0.017576425513356697,0.010848780036522104,1.1712555442622905,1.163250982619567,forest
3.3120000000000003,0.6610561950950824,3.379406346530171,-18.420303879689662,0.01759163312029182,0.010846092180410888,1.1715219126569336,1.1623662879666117,forest
3.3160000000000003,0.6605670406067884,3.3827123568247606,-18.4208916515717,0.01756028553675016,0.01081722651895074,1.1717261713458578,1.1614322035150337,forest
3.3200000000000003,0.6600732962111967,3.3863805979603545,-18.421096349370714,0.017549368407926116,0.010801137874385512,1.1719009887994845,1.1604489866174057,forest
3.3240000000000003,0.6596350513216995,3.3905482589811085,-18.417499248084447,0.017741212278864604,0.01090511839308567,1.1721156810426347,1.1594169097142888,forest
3.3280000000000003,0.6592023777286207,3.394885144753063,-18.413299558130397,0.017965193955611417,0.011028826657373455,1.1723093127177193,1.1583362605056928,forest
3.332,0.6588566288589007,3.399495808183048,-18.408782311104126,0.018206111874384978,0.01116216765384279,1.172488910842781,1.1572073421309865,forest
3.336,0.6585471608992273,3.404343281775243,-18.40456290587203,0.018431145024236404,0.011286347122261097,1.172635276254113,1.1560304733571733,forest
3.34,0.6582864500413902,3.4092802258824615,-18.400966926479892,0.018622929061298813,0.011390847899895501,1.1727429959438722,1.1548059887754458,forest
3.344,0.6581464111100801,3.4141379178538833,-18.39746951454753,0.018809456209125358,0.011491007602894551,1.1728265677811927,1.153534239005904,forest
3.348,0.6580966959967176,3.4190398202468675,-18.39528486771235,0.018925969777173875,0.011548771967296863,1.172857227792632,1.1522155909103255,forest
3.352,0.6580137708251816,3.424315701211484,-18.393782765970023,0.01900608123077437,0.011586133457412462,1.1728343653155464,1.1508504278128537,forest
3.356,0.6579072772050635,3.4296685400102875,-18.393485786741362,0.019021919996569547,0.011585954299157063,1.1727526188814952,1.1494391497284535,forest
3.36,0.6578004846522589,3.434993214308633,-18.39438371553703,0.018974030842976324,0.01154798411767611,1.1726138509712978,1.147982173598978,forest
3.364,0.657804424518277,3.440642942638667,-18.392132158634233,0.019094112919486157,0.0116084815400425,1.1724977746178091,1.1464799335366638,forest
3.368,0.6578080574638145,3.4468612454068968,-18.396254289823414,0.01887426767718848,0.011469426516252905,1.1722311115864388,1.1449328810748538,forest
3.372,0.6579307533834148,3.4534693097464553,-18.394183413373057,0.01898471353980253,0.011524993782889065,1.1720386649859107,1.1433414854257318,forest
3.376,0.6582206849887541,3.4600698371931915,-18.387292871928096,0.01935220615078623,0.011729796830977945,1.171886815189387,1.1417062337448278,forest
3.38,0.6585128016269008,3.467029885371424,-18.380517495957953,0.019713556652129673,0.0119313338946591,1.1716960583256881,1.1400276314020286,forest
3.384,0.6587677089326665,3.4747681008200524,-18.377511305573357,0.019873885526482116,0.01201704288434973,1.1714067072227488,1.1383062022588057,forest
3.388,0.6590776414791126,3.482875853505181,-18.372016517764116,0.02016693853762047,0.01218124074484243,1.171125445534576,1.1365424889513465,forest
3.392,0.6592909735657203,3.491250514043411,-18.36542779160509,0.020518334461812813,0.012381509457002442,1.170850495617769,1.13473705317924,forest
3.396,0.6595537081504553,3.5002087179728743,-18.36198146549627,0.020702137054126848,0.012484453945476199,1.1704862399119744,1.132890475999346,forest
3.4,0.6599330583800106,3.5094736593278797,-18.360491788619115,0.02078158585353994,0.012525362530763777,1.1700381587339888,1.1310033581244385,forest
3.404,0.6604644490447319,3.5190765486245685,-18.358530478546786,0.020886188222626008,0.012580202656698491,1.1695377289322455,1.1290763202261809,forest
3.408,0.6610390473695718,3.5290416047494766,-18.355386180529795,0.021053882778591586,0.012672693396198318,1.1690206155250036,1.1271100032419525,forest
3.412,0.6616798578730737,3.5393795838239708,-18.351283521894988,0.021272689492943864,0.01279523667674308,1.1684802348520043,1.125105068685011,forest
3.416,0.6623453256703117,3.5497611530974282,-18.346834182073145,0.021509985723050525,0.01292750658882456,1.167907781361326,1.1230621989574243,forest
3.42,0.6631326467704186,3.5606390505622842,-18.343387035086828,0.021693832095148476,0.013028395419928847,1.1672522903755624,1.1209820976651776,forest
3.424,0.6637816099886888,3.5722028395486443,-18.340270494679167,0.021860046257097237,0.013123811186565446,1.166629339724716,1.118865489934795,forest
3.428,0.664580275271861,3.5838843730467183,-18.33871526270199,0.021942991300609997,0.013168185455800587,1.1658918262239413,1.1167131227307836,forest
3.432,0.6653461812385062,3.595899255660742,-18.334475811966932,0.022169093535420903,0.013297676087400795,1.16520601509641,1.1145257651731448,forest
3.436,0.6662544329725879,3.6084317008968916,-18.334472978350718,0.02216924466041297,0.013295311469146741,1.1643585603438331,1.1123042088541544,forest
3.44,0.6672205766554825,3.620829432653442,-18.332525695280346,0.022273098928698193,0.013350366580754813,1.1634891392312632,1.1100492681535397,forest
3.444,0.6682884274681463,3.633743811631231,-18.330509957672625,0.022380604076506445,0.013407955351002226,1.1625529713323615,1.1077617805511446,forest
3.448,0.6693755896483332,3.6466149578892684,-18.32992666242884,0.022411712907913293,0.013418813159441455,1.161542429882575,1.105442606936093,forest
3.452,0.6704353956674848,3.6587910319159915,-18.32484193066842,0.022682896437642295,0.013562285706610116,1.1605877832083156,1.1030926319114047,forest
3.456,0.6715770167873159,3.6728468086328863,-18.3252124137163,0.022663137499440048,0.013548193723928077,1.1595078996880324,1.1007127640929497,forest
3.46,0.6728252531140201,3.6863648918759675,-18.324340927643146,0.022709616385753684,0.01356423718940196,1.1583216781381247,1.0983039364015577,forest
3.464,0.6739450485696803,3.6989966872849336,-18.322690088635234,0.022797660430213345,0.013597063451976175,1.1571859054631675,1.0958671063470249,forest
3.468,0.675162244282547,3.713571403521606,-18.319710734303495,0.022956558059835343,0.013683350833544812,1.1560674108012141,1.093403256302687,forest
3.472,0.6765681129611293,3.7281347693650986,-18.329676274439056,0.022425066827465128,0.013365032413198462,1.154449243296298,1.0909133937691518,forest
3.476,0.67795176492412,3.743288872406825,-18.33953136775171,0.021899466045308215,0.013054786377506991,1.1528479330165773,1.0883985516257006,forest
3.48,0.6792287819237631,3.7584076045172448,-18.337074546731706,0.022030495454037978,0.013122829214175506,1.1516163721373005,1.0858597883677952,forest
3.484,0.6805258728253443,3.7735396166095923,-18.33441576379105,0.02217229607924363,0.013194414166016102,1.150356320124736,1.083298188329034,forest
3.488,0.6818705253864692,3.7888682596415744,-18.331202811769053,0.02234365215292236,0.013281144302246271,1.14905362222214,1.0807148618858236,forest
3.492,0.6832632549150005,3.8048888812309203,-18.329603361855618,0.022428955467548792,0.013321967492151851,1.1476914383791001,1.078110945642947,forest
3.496,0.6846791399168969,3.8211615806951924,-18.329211291806303,0.022449865703306364,0.013325830656059579,1.1462801706950025,1.0754876025981166,forest
3.5,0.6861495468797443,3.8376306372892173,-18.328944710497726,0.022464083259634945,0.013323847465277535,1.144795343341816,1.0728460222835217,forest
3.504,0.6876338414056347,3.8541965864870944,-18.32645732256159,0.022596742890881805,0.013387705295300366,1.1433480885608183,1.0701874208822844,forest
3.508,0.6891664181606239,3.871443063721784,-18.329137943147305,0.022453777600567607,0.013298535345071723,1.1417437515127264,1.0675130413176628,forest
3.512,0.6907479823875581,3.889039560991437,-18.335391674949143,0.022120247899511954,0.013101345865657246,1.1399799251964906,1.0648241533127425,forest
3.516,0.692351759585647,3.906697496961923,-18.34147286512928,0.02179592034484332,0.01290752450113591,1.1381670128898258,1.062122053418282,forest
3.52,0.6940172235149846,3.925008629441263,-18.351332955701793,0.02127005304428761,0.012603003629037754,1.1361664282030244,1.0594080650062951,forest
3.524,0.6957050482841575,3.9434744919305396,-18.358233376615395,0.020902033532514547,0.012386981523444899,1.1341917146176403,1.0566835382268713,forest
3.528,0.6973896798211261,3.9621846606160798,-18.366041360599816,0.020485611043240884,0.012145911823600192,1.1322214365173535,1.0539498499256672,forest
3.532,0.699086069804943,3.9809745178654046,-18.371516317418383,0.020193615676497998,0.011974061277632673,1.1303007771297438,1.051208403519421,forest
3.536,0.7007798128209191,3.9992041235943203,-18.37452648252841,0.02003307481848098,0.01186650434729613,1.128381049916658,1.0484606288267955,forest
3.54,0.7025073321209386,4.017716943303258,-18.37847648116065,0.01982240990595719,0.0117297928109095,1.1263426071357678,1.0457079818517767,forest
3.544,0.7042693822664288,4.037076984645598,-18.38384424843477,0.019536131269296236,0.011559248399024728,1.1242945755911833,1.0429519445168278,forest
3.548,0.7060542840528858,4.0565419338518245,-18.385551794086897,0.019445062894613837,0.011496632985584381,1.1223522394201426,1.040194024342935,forest
3.552,0.7079074893391879,4.07679122245543,-18.383341524593064,0.019562942993551564,0.011555396689067368,1.1204841824705392,1.037435754073672,forest
3.556,0.7097859898751143,4.097095871315926,-18.380528947681032,0.019712945898439527,0.011628017941736549,1.1185641581637267,1.034678691240379,forest
3.56,0.7116959224845973,4.117711387482496,-18.376740777104494,0.01991498005020299,0.011730996619406613,1.1167074942906547,1.0319244176655433,forest
3.564,0.7136343827380843,4.138785830966152,-18.3760944174365,0.01994945229072612,0.011742242292903406,1.1146886473843447,1.029174538901493,forest
3.568,0.7156083173630411,4.160073859921915,-18.37339474365824,0.020093433743200193,0.011811930581461879,1.1126725787232712,1.0264306836015162,forest
3.572,0.7176177301475529,4.18164607226672,-18.369334687840983,0.02030996832541566,0.011921311497882772,1.110677475923352,1.0236945028205797,forest
3.576,0.7196647309205552,4.203614649507085,-18.364382296402283,0.02057409376097953,0.012056933007246364,1.1086568359613163,1.020967669242868,forest
3.58,0.7217399492477707,4.225898720439925,-18.35982140073147,0.02081733958888431,0.012181719506385419,1.1066191219576285,1.018251876333445,forest
3.584,0.7237778591597738,4.247046631935417,-18.35576971917053,0.021033427547660414,0.01227515359838169,1.1045746583793434,1.0155488374114452,forest
3.588,0.7259060250243633,4.269336001034092,-18.347619243620308,0.02146811610800588,0.012495679398641697,1.1025774117017395,1.0128602846423211,forest
3.592,0.7280245131689214,4.291636881330342,-18.3451761180524,0.02159841509845286,0.012550682539220636,1.1004873898207153,1.0101879679468233,forest
3.596,0.7301760662618868,4.314224843178903,-18.342113193204522,0.02176176978669973,0.01262369512252902,1.0983897815273953,1.0075336538245656,forest
3.6,0.7323347058322894,4.33754512502529,-18.34395584655819,0.02166349572543972,0.01256222977326794,1.0961252898120242,1.0048991240902228,forest
3.604,0.7345142180312102,4.360548364275837,-18.34401530777998,0.02166032448558534,0.012546547309832802,1.0939295067045791,1.002286174520644,forest
3.608,0.7366713029775254,4.383559313599504,-18.34750655193394,0.021474126283315097,0.01243020645784013,1.091591172373665,0.9996966134114184,forest
3.612,0.7388544570113621,4.407506540624051,-18.35277448225939,0.021193172241423867,0.01227313922259503,1.0891611292600787,0.9971322600417178,forest
3.616,0.7409593246858269,4.431276120699149,-18.367016266817732,0.02043361645989094,0.011860299410831915,1.0864844697658158,0.9945949430465633,forest
3.62,0.7430684524565134,4.455102857298748,-18.380462001495083,0.019716516333196574,0.011471228571444204,1.0838014614367117,0.9920864986960044,forest
3.624,0.7451804823098063,4.4793820498147765,-18.39191555104557,0.019105665232022426,0.011142145908593424,1.0810673223186533,0.9896087690810882,forest
3.628,0.7472177595976844,4.503730607122058,-18.41260372417565,0.01800230480370424,0.010558860547304778,1.0781149395023144,0.9871636002068993,forest
3.632,0.7492827962148769,4.527778289333343,-18.42868477739103,0.017144655476624103,0.010103133488394724,1.0752882998631739,0.9847528399933966,forest
3.636,0.751425962387609,4.5518788075508265,-18.436345909681744,0.016736065015178544,0.009883122849384356,1.0726753476116817,0.9823783361852386,forest
3.64,0.7535918201355617,4.5762249309457355,-18.444949452650437,0.016277213052015627,0.009642315509550784,1.0700805173534467,0.9800419341722949,forest
3.644,0.7557445999350606,4.6009851425711075,-18.45585354015109,0.01569566635963774,0.009344188227402425,1.0674034722992785,0.9777454747230572,forest
3.648,0.7577930539016242,4.625937698995102,-18.475178714783393,0.014664998604415759,0.008819230251550297,1.064461396838846,0.975490791633715,forest
3.652,0.7597138075539585,4.650746540806219,-18.505198018565398,0.013063981846170924,0.008006391974657436,1.061251381312467,0.9732797092962349,forest
3.656,0.7615142718252764,4.675138474381692,-18.54186709214363,0.011108313529064473,0.007015200944927783,1.05784837103781,0.9711140401893641,forest
3.66,0.7633641964355746,4.698697876925261,-18.572030260411584,0.009499624059467192,0.006199195867580804,1.054674928770282,0.9689955822970878,forest
3.664,0.7648740237837992,4.722122617210259,-18.627714751428908,0.0065298082389380315,0.004705599991995903,1.0508061965045752,0.9669261164596809,forest
3.668,0.7664665121337997,4.74533385802192,-18.669065893064328,0.004324431618226751,0.003604870490324787,1.0472480670801876,0.9649074036631177,forest
3.672,0.7680954092312963,4.768084341439842,-18.7046319514567,0.0024275903082348503,0.002663724707217708,1.0438736595307228,0.9629411822732223,forest
3.676,0.7699629616276481,4.790037437499781,-18.718970457083046,0.0016628761109080375,0.002282677335650963,1.041107149451718,0.9610291652215651,forest
3.68,0.7724818159914076,4.812097555824116,-18.686688437641845,0.0033845700745878367,0.003133641071279924,1.0396445778205017,0.9591730371507156,forest
3.684,0.7748579659421636,4.834466616195365,-18.666995103813527,0.004434872830234928,0.003653328358898166,1.0378241941727933,0.957374451527057,forest
3.688,0.777542642326398,4.8577488422102455,-18.628991751869332,0.006461702092298105,0.004661685720787127,1.036492699368342,0.9556350277299367,forest
3.692,0.780010520880087,4.88069217619342,-18.608692271664154,0.0075443323967234735,0.005198753043859568,1.0347111859337454,0.9539563481264745,forest
3.696,0.7823341807249228,4.903864279891101,-18.596204688853696,0.008210331498324813,0.005530870302701192,1.0326482679803588,0.9523399551418478,forest
3.7,0.7846238470834744,4.926665926870245,-18.591061031655855,0.008484657692969846,0.005670117785954832,1.030507052207492,0.9507873483353515,forest
3.704,0.7866202333735058,4.94902351777603,-18.598293945243423,0.008098905380100574,0.0054811811418965725,1.0279243853596345,0.9492999814929302,forest
3.708,0.7884860884233735,4.970609088158892,-18.61375578052035,0.00727428074618684,0.005076008615599205,1.0251820773909297,0.9478792597472546,forest
3.712,0.7903811031154538,4.991820209131891,-18.62524430233874,0.006661564472276167,0.004774650347212837,1.0225559033237266,0.9465265367367043,forest
3.716,0.7922010200660295,5.012764710736544,-18.63871783389126,0.005942981857403643,0.0044244433927234615,1.0198720025659966,0.9452431118148538,forest
3.72,0.7940984803157625,5.033833293958404,-18.64716093131956,0.005492686921439546,0.004210314904329168,1.0173486204909366,0.9440302273222118,forest
3.724,0.7958030934837534,5.054069757778505,-18.664483609969924,0.004568818099620117,0.0037662971139781074,1.0146100087286307,0.942889065932047,forest
3.728,0.7975225853733864,5.074267545079311,-18.677491695133398,0.0038750590940604492,0.0034374930348055745,1.0119689402897132,0.9418207480821259,forest
3.732,0.7992787232235484,5.0936556162877045,-18.686461250242772,0.0033966866391763805,0.003208261217249957,1.0094726094060098,0.9408263295040982,forest
3.736,0.8009329911774591,5.112770126334687,-18.69742273295523,0.002812078893264094,0.0029310060481739244,1.0069082176913873,0.9399067988620863,forest
3.74,0.8024869698624683,5.131222945144466,-18.713197508975956,0.0019707642195413025,0.0025334734617525373,1.0042766292622913,0.9390630755117683,forest
3.744,0.8039865023790397,5.148941310524381,-18.72900988115871,0.0011274444331787162,0.00213469118176365,1.0016687385074603,0.938296007390873,forest
3.748,0.8054474914770968,5.166437610205551,-18.747060566897265,0.00016474887650959726,0.0016867128766047093,0.999069260081234,0.9376063690515645,forest
3.7520000000000002,0.8069334962935817,5.183312648646081,-18.762131961768834,0.0006390524352973616,0.0013144195878351309,0.9965936134927076,0.936994859844643,forest
3.7560000000000002,0.8085017905876734,5.1996089253449504,-18.768355256906446,0.0009709588605487602,0.0011608386920616324,0.9943378265864258,0.9364621022648648,forest
3.7600000000000002,0.8102224693357555,5.214912077218089,-18.765874642355328,0.000838660473619937,0.0012175600571863734,0.9923670522665433,0.93600864046597,forest
3.7640000000000002,0.8119145870727347,5.230082206413807,-18.763705705516212,0.0007229847653418347,0.001269951549077051,0.9904154855333441,0.9356349389532194,forest
3.7680000000000002,0.8135476360804551,5.244793548506411,-18.757994418744573,0.00041838523502169743,0.0014074609058109472,0.9885026357070721,0.9353413814603776,forest
3.7720000000000002,0.8150830484702658,5.259024486826188,-18.75952608649,0.000500073529536998,0.0013698849768699096,0.9865098809785282,0.9351282700171588,forest
3.7760000000000002,0.8166498978444113,5.272270178147182,-18.76118631065045,0.00058861811147103,0.0013268848660842626,0.9846182916673871,0.9349958242121597,forest
3.7800000000000002,0.8183285583187487,5.286832235883142,-18.75534560962661,0.0002771165427812458,0.0014815158693260292,0.9828955536936846,0.9349441806552842,forest
3.7840000000000003,0.8200888884782657,5.300686767921257,-18.751904791011647,9.360768112879644e-05,0.0015784452215987818,0.9812798769239243,0.9349733926425859,forest
3.7880000000000003,0.8216653241537817,5.31311735971047,-18.74697218718501,0.0001694624235471473,0.001701270023906994,0.9796248330471614,0.9350834300253614,forest
3.7920000000000003,0.8233670872328952,5.324953621879207,-18.73273639004122,0.0009286988788522473,0.002046400522865747,0.9782056973928888,0.9352741792842132,forest
3.7960000000000003,0.8249303717196934,5.335103838951791,-18.72411615705091,0.0013884409693978204,0.0022472373003696966,0.9767260721283667,0.9355454438076729,forest
3.8000000000000003,0.8265153255371973,5.344523938554965,-18.71350295350234,0.0019544739748039754,0.002494481043344473,0.9753449481611843,0.9358969443738637,forest
3.8040000000000003,0.8281188629404717,5.3544063029467015,-18.70011175475945,0.002668665541538501,0.002815155498348614,0.9740417047263891,0.9363283198325743,forest
3.8080000000000003,0.8295614466433747,5.363099578945948,-18.695720015160074,0.002902889784296103,0.002917334433616991,0.9726325528535257,0.9368391279840361,forest
3.8120000000000003,0.8309542413571829,5.370709412136379,-18.690844365234152,0.003162922371841134,0.0030277033791958133,0.9712748530753602,0.937428846649658,forest
3.8160000000000003,0.8323135479661757,5.377591413924299,-18.685050899631676,0.003471904738162356,0.003159287248562247,0.9699768021694117,0.9380968749289719,forest
3.8200000000000003,0.8335948329119292,5.384500783697358,-18.677260455755075,0.0038873917624843873,0.0033417983627889196,0.9687111523092798,0.9388425346361025,forest
3.8240000000000003,0.8348031928842837,5.389719803928738,-18.673361683337983,0.004095324632003103,0.0034263436656406313,0.9674602328575734,0.939665071908189,forest
3.8280000000000003,0.8359160187344715,5.394731054272254,-18.670748176540908,0.004234710548821502,0.0034837577449431923,0.9662135369141156,0.9405636589773863,forest
3.8320000000000003,0.8371106330977138,5.399629865033555,-18.66376375970116,0.004607209807572114,0.0036477916596267244,0.9651154313340352,0.9415373960973296,forest
3.8360000000000003,0.8382139829040014,5.403533092932983,-18.65652113566611,0.004993480006840645,0.003815579917005234,0.9640533534595366,0.9425853136142983,forest
3.84,0.8392738181573399,5.406529247836965,-18.65037493591414,0.005321274711004438,0.003956701584917989,0.9630381519304642,0.9437063741727523,forest
3.844,0.8402892030702526,5.40909566669806,-18.64770452996851,0.005463695224861657,0.004018654299952244,0.962041288082275,0.9448994750444281,forest
3.848,0.841147741685619,5.410481391335569,-18.64247106513727,0.005742811121730883,0.0041375331530968,0.961085064897105,0.9461634505698039,forest
3.852,0.842004465030433,5.411460068425939,-18.637415471060404,0.006012440654071854,0.004254203033232737,0.9601997348257212,0.9474970747004384,forest
3.856,0.8427703051333645,5.411288335257614,-18.635859450972937,0.006095427729797878,0.004287919980548591,0.9593273715316527,0.9488990636304939,forest
3.86,0.8435775465126857,5.410614118203835,-18.630272586098513,0.006393391478556222,0.004416633652006487,0.9585817774699309,0.9503680785056273,forest
3.864,0.8441977831067723,5.40880173712396,-18.627438671219824,0.00654453239925074,0.004480092096277832,0.9578266227766127,0.9519027281974158,forest
3.868,0.8447121869861581,5.405764085009025,-18.627626708044534,0.006534503848631642,0.0044723904953566235,0.9570904305874414,0.9535015721315322,forest
3.872,0.8452264107414206,5.402493387326961,-18.625114160726294,0.006668505302882442,0.004529714488140953,0.9564531641074668,0.9551631231580244,forest
3.876,0.8456347763828399,5.398250882429825,-18.62722734834195,0.006555802862794252,0.0044800912244580965,0.9558193698606379,0.9568858504522625,forest
3.88,0.8459558577664894,5.392976711618164,-18.631944996636946,0.006304196961650035,0.004370334304932458,0.955215845285089,0.9586681824354009,forest
3.884,0.8463085942059128,5.3876403434535955,-18.637170566990083,0.006025502100253081,0.004251472372049392,0.9546826644284047,0.9605085097035391,forest
3.888,0.8464687125074459,5.381022625045231,-18.644735310111717,0.005622052353466707,0.0040784632096342605,0.9541670575905103,0.9624051879551749,forest
3.892,0.8465570185421832,5.373744709306155,-18.654571752080418,0.005097446301715623,0.0038542185788802553,0.9536904454615048,0.9643565409069891,forest
3.896,0.8466031651527725,5.365501240375851,-18.66256276263525,0.004671262473252991,0.0036728972881095116,0.9533007292195131,0.9663608631885,forest
3.9,0.8465246871926722,5.356487561938849,-18.671255758975985,0.004207639701654289,0.0034765876926249333,0.9529633759071742,0.9684164232066572,forest
3.904,0.8463841776585896,5.346918297536623,-18.677755447594055,0.003860992408416847,0.0033319771605909224,0.9527165217161621,0.9705214659720116,forest
3.908,0.8462445317291158,5.33717688968035,-18.676575730211713,0.003923910166697944,0.003365400237553752,0.9526214055822515,0.9726742158786799,forest
3.912,0.8460743645956098,5.32686581481525,-18.6725673722373,0.004137687552632096,0.003464612547508995,0.9526243867604297,0.9748728794309339,forest
3.916,0.8458260831929197,5.316029366627476,-18.662885238466682,0.00465406389949524,0.003695684009069058,0.9527587455584475,0.977115647909855,forest
3.92,0.8455642635797653,5.304614495656173,-18.648365101333866,0.005428465033194658,0.004039036773775493,0.9530126475614723,0.9794006999741203,forest
3.924,0.845289358712417,5.293180334337082,-18.627917307935093,0.006519005311486795,0.004520177256232144,0.9533994466032806,0.981726204189608,forest
3.928,0.844994300658415,5.281261036346493,-18.610065883363593,0.007471073690722409,0.004942033913965195,0.9538199850410836,0.9840903214831199,forest
3.932,0.844667635700719,5.2690614828038695,-18.596719968434034,0.00818285014001975,0.005260218189347836,0.9542527747483545,0.9864912075161388,forest
3.936,0.844283045818391,5.256170684884143,-18.57830375346042,0.00916504043364899,0.005697298994055592,0.9548103905253507,0.9889270149751159,forest
3.94,0.8438780453846451,5.242823592373391,-18.561665797025174,0.010052391028759905,0.006094170447765958,0.9554055139945573,0.9913958957753718,forest
3.944,0.8433586294969779,5.229066719377578,-18.547321877474797,0.010817393966397523,0.006439360727341056,0.9560570459278989,0.9938960031762425,forest
3.948,0.8428073917368477,5.214910528552092,-18.534354134229716,0.011509001420146554,0.006753465194971099,0.9567541636701679,0.9964254938056342,forest
3.952,0.8422136406601559,5.200101176135941,-18.517604975908608,0.012402282735173738,0.0071575967490639875,0.9575588569159281,0.9989825295926571,forest
3.956,0.8415931369349208,5.185152850263956,-18.50527559556191,0.013059844439375313,0.007458997664058505,0.9583678384224031,1.001565279607486,forest
3.96,0.8408970779499916,5.169412748142178,-18.49010142753636,0.013869126942318965,0.007829827269322926,0.9592846111271731,1.0041719218080474,forest
3.964,0.8402161192938384,5.1537142377280345,-18.48385370640101,0.014202336077053465,0.00799072681518663,0.9601237719239486,1.006800644693544,forest
3.968,0.8394586997265383,5.13737510991311,-18.476434270974057,0.014598036141969322,0.008181357594647776,0.9610491889097351,1.0094496488652258,forest
3.972,0.8387036947079145,5.120757167779479,-18.47306020255648,0.014777985021504816,0.008276963685512536,0.9619481945189475,1.0121171484951683,forest
3.976,0.8378685160299116,5.10358688071176,-18.470257044958252,0.014927485566998865,0.00836110370145245,0.962911890265609,1.014801372704147,forest
3.98,0.837027368265821,5.086247706016825,-18.468805745416034,0.015004887591549379,0.008413048648300196,0.9638828666878856,1.017500566849994,forest
3.984,0.836130049379881,5.0686424555495755,-18.46443448979622,0.015238019364115415,0.008534898991794338,0.9649545214941405,1.0202129937280864,forest
3.988,0.8352178571527805,5.051417115118874,-18.466061973352293,0.015151220933813216,0.00851154853629551,0.9659841176812595,1.022936934685859,forest
3.992,0.8342400337368863,5.033349478122168,-18.463947564667393,0.015263988497074705,0.008580606562131488,0.9671177659036222,1.02567069065343,forest
3.996,0.8331911702294911,5.015183146539986,-18.461961663419856,0.015369902385038728,0.008646618892287123,0.9683321871980635,1.02841258309263,forest
4.0,0.8320660306646157,4.996689140635417,-18.45907283741949,0.015523971875518081,0.0087355971925503,0.9696490479865687,1.0311609548668514,forest
4.0040000000000004,0.8310325558077968,4.979094401867659,-18.46154096189386,0.015392339620699847,0.008689128435682527,0.9708170914002783,1.033914171034301,forest
4.008,0.8298364877038765,4.959743087254671,-18.46158075376335,0.015390217404596562,0.008711175777826527,0.9721511365324262,1.036670619567305,forest
4.0120000000000005,0.8286319023834353,4.940581827860308,-18.465184903940745,0.015197997595798077,0.008645146716479389,0.973443551391589,1.0394287120004435,forest
4.016,0.8274008006278448,4.92157085426193,-18.46879376157093,0.015005526724854454,0.008576695060559745,0.9747713444562603,1.042186884010317,forest
4.0200000000000005,0.8261210335940791,4.902131584920007,-18.474962321355118,0.014676539495155861,0.00844803362806348,0.976089559056774,1.044943595929823,forest
4.024,0.8247844452692047,4.88246884468422,-18.479208039439442,0.014450103004384882,0.008366231333878326,0.9775020630748155,1.0476973331998323,forest
4.0280000000000005,0.8234097256819657,4.862769081686772,-18.485008724963862,0.014140735578632924,0.008245706114904836,0.9789284999235258,1.0504466067611704,forest
4.032,0.8219930317627193,4.8425921503842515,-18.49405870388394,0.01365807388807455,0.008048437712567597,0.9803028465916735,1.0531899533898155,forest
4.0360000000000005,0.8205200902090689,4.822255776645346,-18.504187759780663,0.013117861884704471,0.007824521460128023,0.9817190426404383,1.0559259359781887,forest
4.04,0.8190241410996332,4.802119922055891,-18.513088757272385,0.012643145806915742,0.007627404560696934,0.983173272824717,1.0586531437654156,forest
4.0440000000000005,0.8174679839179839,4.781447218504291,-18.52515199408429,0.01199977831129405,0.007355779008356162,0.9845973617466699,1.0613701925193648,forest
4.048,0.8158616447523271,4.760607639971488,-18.533764895859893,0.011540427215745894,0.00716864248506724,0.986144914609749,1.0640757246732562,forest
4.0520000000000005,0.8142132508650334,4.739774493762307,-18.543084461621195,0.01104338767506361,0.0069626580766831946,0.9877302269373144,1.0667684094195455,forest
4.056,0.8125218124699488,4.7187081437554275,-18.553124527151432,0.010507921786696742,0.0067397594010734875,0.9893232005622841,1.0694469427637583,forest
4.0600000000000005,0.8108013015355314,4.697747131406669,-18.563236251101785,0.009968634146422949,0.006512940450361076,0.9909312392267273,1.0721100475408514,forest
4.064,0.8090461121383432,4.676783429783543,-18.567770944441108,0.009726785765045433,0.006422997017136149,0.9927315723621777,1.0747564733966282,forest
4.0680000000000005,0.8072582156786435,4.655922050052698,-18.575332177493895,0.009323523220436952,0.006256107357740789,0.994522277536619,1.077384996736647,forest
4.072,0.8054387910948642,4.634930154384238,-18.58240948666919,0.008946069743327402,0.006101885389438672,0.9963410709093526,1.0799944206449743,forest
4.0760000000000005,0.8036172289911155,4.614264749922284,-18.583158957085715,0.008906098306768428,0.006102098482264169,0.9983300741443237,1.0825835747750694,forest
4.08,0.8017852879105914,4.593618244208956,-18.578670083343944,0.00914550299577818,0.006233855975153763,1.0004886665483375,1.0851513152149874,forest
4.0840000000000005,0.7999322275726277,4.572892439333936,-18.57407167403331,0.00939074953517356,0.006370628471830739,1.0026740520713933,1.0876965243290044,forest
4.088,0.7980570440907314,4.552204523138076,-18.572392756166085,0.009480291106845644,0.006435050075261775,1.0048147062006287,1.090218110577685,forest
4.0920000000000005,0.796156046252265,4.531449398961544,-18.571965183812033,0.009503094783745383,0.006470012053067225,1.006928490249943,1.092715008318326,forest
4.096,0.7942659635776268,4.511123677407509,-18.568006039798178,0.009714247446062835,0.006591096389596888,1.0091689918727904,1.095186177587617,forest
4.1,0.7923164576397786,4.490355375556979,-18.57145763807098,0.009530163673913515,0.006529778217839478,1.011267113540837,1.0976306038682797,forest
4.104,0.7903039805130321,4.468682086793342,-18.576749464227273,0.009247935197881377,0.006431696990188669,1.0133778308463208,1.1000472978413596,forest
4.108,0.7882571245386294,4.4464889756414046,-18.584703242663313,0.008823737066574302,0.006269006388382865,1.0156308301284718,1.1024352951257634,forest
4.112,0.7862512712795535,4.425601824079582,-18.594771796500183,0.008286751813978857,0.006036755955328011,1.0178889158663518,1.104793656006549,forest
4.116,0.7842313934136821,4.404545782307132,-18.599203940172774,0.008050372704513248,0.005954949848551041,1.0201230835553412,1.1071214651533992,forest
4.12,0.7822206428251097,4.384039111648082,-18.60225812495757,0.00788748414924425,0.00590448278342167,1.0223540816092798,1.10941783133063,forest
4.124,0.7802664565469616,4.36358462319136,-18.59122005283247,0.008476176631232903,0.00622139507800299,1.0249333670441525,1.111681887100017,forest
4.128,0.7783188602025877,4.342440362803142,-18.578194654711485,0.009170858987157724,0.0066006808907729505,1.0277111495206392,1.113912788517631,forest
4.132,0.776378422691542,4.3228623694419985,-18.571177175404056,0.009545121563445868,0.006811264133562482,1.0302113715798156,1.1161097148258332,forest
4.136,0.774527212621941,4.303492793099267,-18.552758267561043,0.010527455475630372,0.007322296923677319,1.0330703770068503,1.118271868141477,forest
4.14,0.7726210427894737,4.284219307872965,-18.545552347355862,0.010911768152927857,0.007542296282552689,1.0356596081701508,1.1203984731413343,forest
4.144,0.770766254486935,4.265033542891573,-18.53002260584878,0.01174001442354758,0.007986505319390784,1.0384445080739448,1.122488776745672,forest
4.148,0.7689022137486562,4.246035195186072,-18.515846875037916,0.012496047366662292,0.008399087397390058,1.041155234152089,1.1245420478008592,forest
4.152,0.7671059412126147,4.227643625167008,-18.491968231241756,0.013769564872578834,0.009071374350972477,1.0440205432797265,1.1265575767618279,forest
4.156,0.7654113468234086,4.210434401888303,-18.46271550706003,0.015329697711746613,0.009881803770162274,1.047029991814514,1.1285346753751495,forest
4.16,0.7638212414135034,4.193640678964095,-18.425392576591204,0.01732023811805728,0.010914613670466254,1.050276404949808,1.1304726763634427,forest
4.164,0.7622135032165428,4.178576910586706,-18.400863148871025,0.01862846382293531,0.011590988427661928,1.0531504200614799,1.1323709331117746,forest
4.168,0.7606363395437785,4.163659110258274,-18.373602430668264,0.020082357191061107,0.012348598288978913,1.0560733503193613,1.1342288193566712,forest
4.172,0.7591456428283875,4.148747286519264,-18.341502595566684,0.021794334734168936,0.013246953509165117,1.0591963838935092,1.1360457288783117,forest
4.176,0.7577457822711638,4.13426100206595,-18.304053428671786,0.023791607696141515,0.014297977158559324,1.0624647632902529,1.1378210751964353,forest
4.18,0.7563865420836988,4.120192019216637,-18.266030400303503,0.025819486359114734,0.015372280232693256,1.0657224854838503,1.139554291270451,forest
4.184,0.7549546939557314,4.1064433909794085,-18.23806763505302,0.027310821937647528,0.016175381458819003,1.0686721638856012,1.1412448292042008,forest
4.188,0.753340644891614,4.092324006749456,-18.227067561422547,0.027897487849428998,0.016518976305435733,1.071134160705173,1.1428921599557964,forest
4.192,0.7518471425465022,4.078856737016878,-18.20963620982707,0.028827152515401196,0.017039440228256084,1.0738026182426894,1.1444957730529108,forest
4.196,0.7503409612921956,4.065490210902527,-18.19654907206059,0.02952512762614153,0.017443120261457216,1.0763729425403503,1.1460551763138813,forest
4.2,0.7488199138215154,4.052171909500097,-18.178846646691245,0.030469249444679238,0.01798269878654914,1.0789376993520245,1.1475698955749432,forest
4.204,0.7475689275941428,4.04008039647506,-18.145457992280576,0.03224996346905874,0.0189583462007355,1.0819662288016627,1.1490394744238903,forest
4.208,0.7466876057273901,4.028915611779149,-18.09116159317982,0.03514574831150305,0.02052955450979775,1.085649258575108,1.1504634739404402,forest
4.212,0.7455995725461558,4.017511174404155,-18.050791666821155,0.03729879386841152,0.02172185557278962,1.0888270653531216,1.15184147244354,forest
4.216,0.7444477076770687,4.0069101501016995,-18.019699745057512,0.03895701646248346,0.02264989027193945,1.0917033323212728,1.1531730652458463,forest
4.22,0.7433453191297053,3.997588793974084,-17.991025125736385,0.040486317288471775,0.02350251616064737,1.0944871650066461,1.154457864415579,forest
4.224,0.7421843541354892,3.9892278069483194,-17.972556400444862,0.041471308110040184,0.02405642654571578,1.096977408616697,1.1556954985459367,forest
4.228,0.7408744277180075,3.97981685388069,-17.964643270505526,0.041893338338823846,0.02432245323139298,1.099198123081579,1.156885612532237,forest
4.232,0.7395063703410348,3.970510756795911,-17.962471966532906,0.04200914029321468,0.02442387975456786,1.1012522223237735,1.1580278673569377,forest
4.236,0.7381397238014051,3.9620254923485567,-17.96213339097975,0.0420271975119453,0.024464836107118092,1.1032173437650843,1.1591219398826693,forest
4.24,0.7367974295266045,3.953021233810444,-17.957785187195846,0.04225909986307409,0.024632465838530813,1.1052726539214468,1.1601675226534074,forest
4.244,0.735490140217065,3.9438903341394687,-17.953182129443036,0.04250459431740702,0.02481282079605892,1.1073556004560767,1.1611643237038887,forest
4.248,0.7340844049506016,3.935871685409068,-17.960485242870536,0.0421150980429531,0.024632302957685773,1.1090952505514369,1.162112066377369,forest
4.252,0.732751888316429,3.927433999721447,-17.963782615142666,0.04193923959186485,0.024576963808141433,1.1109685512015814,1.163010489151814,forest
4.256,0.7316720397307115,3.919532047854003,-17.95474250174403,0.04242137512547863,0.024883962080107427,1.1131999311978635,1.1638593454745954,forest
4.26,0.730604117348123,3.912353517360764,-17.946581098471782,0.042856646493014294,0.02516079200744095,1.1153542472590303,1.1646584036057637,forest
4.264,0.7294879593103939,3.904915706031305,-17.939807431716392,0.04321790583696501,0.02540316630919886,1.1174203901925084,1.165407446469955,forest
4.268,0.72848188549625,3.8981115368304637,-17.932928744027805,0.04358476625265401,0.02564608527776534,1.1195218582460624,1.16610627151699,forest
4.272,0.7274531449883538,3.8916286393402175,-17.92678977631548,0.043912175251114766,0.025866732367215733,1.121537562835221,1.1667546905912047,forest
4.276,0.7262954554894532,3.884876337148881,-17.92295374480752,0.04411676196551699,0.02602378796000974,1.1233846151535103,1.167352529809558,forest
4.28,0.725403130171468,3.879388458168545,-17.912947135298243,0.04465044354700543,0.026357440324322728,1.1254469081140985,1.1678996294485515,forest
4.284,0.7242987907937971,3.8733207588785707,-17.915222399943058,0.04452909706767851,0.02633020885841873,1.1271521144691017,1.1683958438399882,forest
4.288,0.7232963311268227,3.868083628933726,-17.911500596203602,0.04472759168304462,0.02647748195105988,1.1289501008669196,1.168841041275602,forest
4.292,0.7223356472115289,3.863260581504726,-17.908715933137355,0.04487610586137143,0.026595351348452624,1.130712399612737,1.1692351039205742,forest
4.296,0.7214037117184302,3.8592143960537735,-17.906093889384124,0.04501594707888462,0.0267030729847378,1.1324219303526708,1.16957792773596,forest
4.3,0.7206373197644016,3.85613779555654,-17.901102561207047,0.04528214912392306,0.026876979031709984,1.1342085586529058,1.1698694224100394,forest
4.304,0.7197056408991358,3.8523097913120132,-17.90403285815339,0.045125867867309113,0.026819572023838358,1.1357538828269276,1.1701095112986104,forest
4.308,0.7187806123993091,3.848768366966509,-17.905875154668145,0.04502761283730578,0.026794217694796986,1.1372712608495672,1.1702981313742256,forest
4.312,0.7178259335866752,3.8456394268860357,-17.9066870763407,0.044984310693672445,0.02679760715048761,1.1387311666156834,1.1704352331843924,forest
4.316,0.7168927697865365,3.8422393862472735,-17.90695595297904,0.04496997072073337,0.02682270372120724,1.140188162184535,1.1705207808187368,forest
4.32,0.7159651021580534,3.8390894030903806,-17.90812165596617,0.0449078003908988,0.02682000588757814,1.1415886828291555,1.1705547518851394,forest
4.324,0.7151934425177529,3.8362259115460855,-17.908059764869183,0.044911101223062716,0.02685598092409693,1.1430545705440733,1.1705371374948446,forest
4.328,0.7143739242539436,3.8340516959288395,-17.91070154434859,0.04477020744188667,0.026803731325518533,1.1443857650452345,1.1704679422565498,forest
4.332,0.7135557121883638,3.8317455327477306,-17.91310225103844,0.04464217077354859,0.026761907892474162,1.1456864682273302,1.1703471842794682,forest
4.336,0.712699988312065,3.829576725103567,-17.919367335944525,0.04430803557843177,0.02660117859320801,1.1468631084141079,1.1701748951853754,forest
4.34,0.7119223928898581,3.8278130061629962,-17.92533174824821,0.04398993612747087,0.02644814301064899,1.1480354353871638,1.1699511201296262,forest
4.344,0.711222499239298,3.826912947422584,-17.92886879383033,0.04380129520185952,0.026364458466891293,1.1492173760435802,1.1696759178311475,forest
4.348,0.7108020152286415,3.8267009777716456,-17.925367144982754,0.04398804831669413,0.026497193491035437,1.1505860291961727,1.1693493606113974,forest
4.352,0.7106370036688932,3.8266301753461147,-17.915777149362924,0.0444995106680644,0.026822733895663663,1.1521188640971227,1.1689715344422846,forest
4.356,0.7103843126875751,3.8268291982246416,-17.909661251703756,0.04482568927350919,0.027039813688923726,1.1534969888797388,1.1685425390030428,forest
4.36,0.7099130499450068,3.8253840885485855,-17.913881776509267,0.04460059641355213,0.026949185920601172,1.1546080659896825,1.1680624877460455,forest
4.364,0.7096285415459823,3.825766832822851,-17.917841525593744,0.04438941148105908,0.02685518244007148,1.1557075199764373,1.1675315079715505,forest
4.368,0.7093774960671159,3.8259913514557358,-17.91790837354792,0.044385846285288105,0.026884732668721042,1.1568381937899566,1.1669497409113598,forest
4.372,0.7089795679105635,3.826218656912006,-17.92057556648923,0.044243597130293744,0.026832507624174273,1.15781976900268,1.1663173418213757,forest
4.376,0.708670553427878,3.8268212212107513,-17.92594761824049,0.04395708999000892,0.026695433558823485,1.1587353998752208,1.1656344800830305,forest
4.38,0.7083040008738999,3.8287477455623673,-17.933883218224352,0.04353386136841415,0.026468776527326713,1.1595160982913157,1.1649013393135674,forest
4.384,0.7079026060702274,3.830618350796155,-17.93939606054901,0.04323984545747115,0.026318438468070682,1.1602827512837182,1.1641181174851447,forest
4.388,0.7079280447417212,3.8329369979712093,-17.937374066617107,0.04334768427323974,0.026407095739942925,1.1612545961464742,1.1632850270527226,forest
4.392,0.7080566178323443,3.8354817703519393,-17.93437848985115,0.04350744709244884,0.02652720088243849,1.1622173433719871,1.1624022950907018,forest
4.396,0.7080470831385182,3.839004524692406,-17.934067799871833,0.043524017092443336,0.026556365243060456,1.1630282187126293,1.161470163438266,forest
4.4,0.7079908252951199,3.8427021517921705,-17.93575487117856,0.04343404067413473,0.026522519095234,1.1637434248874783,1.1604888888533786,forest
4.404,0.7081759752453811,3.8464434297241334,-17.935788182285407,0.043432264095947394,0.026544504238949787,1.1644984151910924,1.159458743175371,forest
4.408,0.70843657134175,3.8501921788683733,-17.941402458866065,0.04313283840119016,0.02639333145368834,1.1651258592873928,1.158380013496066,forest
4.412,0.7086107984142609,3.8550865267316423,-17.939370816231424,0.04324119181033134,0.02647461461662396,1.165799907570295,1.157253002339353,forest
4.416,0.7083824444975585,3.860536208501342,-17.94045788808032,0.04318321510773563,0.02645065483265868,1.1662934091715265,1.1560780278491387,forest
4.42,0.7083252429786325,3.8659886244651576,-17.94343030709622,0.04302468735867319,0.026371142070909473,1.166747465917925,1.154855423985569,forest
4.424,0.7085320360286629,3.871485319664573,-17.946904175249756,0.042839415869030055,0.02628038625870611,1.167191493213653,1.153585540729431,forest
4.428,0.708462462941513,3.8775639065990517,-17.949891287317246,0.04268010449680315,0.026198641339513995,1.1675607173801883,1.1522687442946047,forest
4.432,0.7084201585224762,3.883439021048359,-17.955637644165165,0.04237363457734128,0.02603233089655186,1.167850761748646,1.1509054173484383,forest
4.436,0.708514483732792,3.8887079345230564,-17.96338320813723,0.04196054112882607,0.025808357078564548,1.1680839287321971,1.149495959239901,forest
4.44,0.7086250845802401,3.894526068275464,-17.966428949859775,0.04179810286661684,0.02572999495592748,1.1683565354250118,1.1480407862353523,forest
4.444,0.7085698788024641,3.900850716638579,-17.969368312975803,0.04164133808481175,0.025650697287387347,1.1685825588973318,1.1465403317617437,forest
4.448,0.7085400033702217,3.9074465990374634,-17.972973673484482,0.04144905372552658,0.02555025260284495,1.1687636679850468,1.1449950466570609,forest
4.452,0.7085829607157449,3.914509101683839,-17.973010183422254,0.041447106544384764,0.025561573556683172,1.1689772282041497,1.1434053994277846,forest
4.456,0.708762017320857,3.921626663076627,-17.975550467343837,0.04131162581642757,0.025496382205818836,1.1691142825561773,1.141771876513132,forest
4.46,0.7090080126462008,3.9291671085048345,-17.9690108132449,0.04166040458496779,0.025715870330037933,1.1693802669720699,1.1400949825558149,forest
4.464,0.7093254778341537,3.9369770613566177,-17.96907007695038,0.041657243879232586,0.025728597792306157,1.1694907231530232,1.1383752406790284,forest
4.468,0.7095841141262921,3.9449996722723464,-17.976993501038653,0.041234664633553735,0.025493012341881824,1.1694280108111204,1.1366131927693517,forest
4.472,0.7097865965041869,3.9532468174506716,-17.984654463299954,0.040826083240271156,0.025264064511171167,1.169346226060388,1.1348093997652227,forest
4.476,0.7101303279601939,3.962026911978087,-17.988958829326236,0.04059651888422406,0.025141360349113757,1.1692850767805454,1.1329644419506095,forest
4.48,0.7104794771809475,3.971121832529367,-17.99453444196329,0.040299155250003015,0.024978070031384,1.1691732305754903,1.1310789192534707,forest
4.484,0.7108138431417457,3.9807537071704835,-18.001681779907088,0.039917966935045464,0.02476402209282746,1.1690144892824967,1.1291534515485702,forest
4.488,0.7111422098261382,3.991020508802969,-18.009532808671057,0.039499248742516556,0.024526715232526235,1.1688268366120695,1.127188678964159,forest
4.492,0.7115763159047521,4.001510953566028,-18.017116894388433,0.03909476739885653,0.02429909615826363,1.1686059731819596,1.1251852621920155,forest
4.496,0.7120609631403061,4.0122454286097895,-18.023519610163177,0.038753291949323,0.02410866399587841,1.1683808541550598,1.1231438828002818,forest
4.5,0.7125494701687776,4.023289243449952,-18.030145693486233,0.038399903658949054,0.023910617971573626,1.168136932895432,1.1210652435484922,forest
4.5040000000000004,0.7130463890336848,4.034879235152483,-18.033882729800432,0.03820059664607994,0.023801925966141012,1.1679424464951156,1.1189500687041518,forest
4.508,0.713613786534262,4.046391174559568,-18.036875060423682,0.03804100695310029,0.02371730172001309,1.1677294828230484,1.1167991043601584,forest
4.5120000000000005,0.71429517676128,4.058337478826718,-18.038831974564864,0.03793663903180436,0.02366617634883467,1.1674949210413146,1.11461311875233,forest
4.516,0.7149540548639302,4.070777244765439,-18.04339164008841,0.03769345881123037,0.023532142532352657,1.167220740281227,1.1123929025762254,forest
4.5200000000000005,0.7157005937060579,4.0833973044267164,-18.047790326585137,0.03745886407023746,0.02340401662387029,1.1669136147264563,1.1101392693024057,forest
4.524,0.7164580062884592,4.096286591817177,-18.05321276735096,0.03716966953728907,0.023243098011528227,1.166585692425361,1.1078530554892156,forest
4.5280000000000005,0.7173689023845448,4.10953688501671,-18.061393212859848,0.03673338259190398,0.022998805592148064,1.166133039969704,1.1055351210921054,forest
4.532,0.7183546677770187,4.123345785316141,-18.065909925056907,0.03649249319712742,0.022869048698451345,1.1657311222585116,1.1031863497684469,forest
4.5360000000000005,0.7193651611736096,4.137172373025345,-18.072716341240593,0.036129487230939686,0.022667507013793917,1.1652697843246467,1.1008076491767365,forest
4.54,0.7204511753539624,4.150346907132325,-18.080358038771273,0.035721933281757476,0.022440657904610344,1.1647235875878017,1.0983999512689975,forest
4.5440000000000005,0.7216153252481575,4.164827485200474,-18.09460118289128,0.03496230499084755,0.022010207975042533,1.1640264684420953,1.0959642125751325,forest
4.548,0.7228540542358297,4.179587834416712,-18.10278867845261,0.034525642045666174,0.021768164712541643,1.1634254591204247,1.0935014144778996,forest
4.5520000000000005,0.7241883786688953,4.19414935070329,-18.112222034983205,0.034022533712386595,0.021488803584304633,1.1627191953320386,1.0910125634770975,forest
4.556,0.7255398002318699,4.209747333440518,-18.11927820467794,0.03364620766524282,0.021282330079722585,1.16210481467649,1.0884986914414905,forest
4.5600000000000005,0.726987195613805,4.226073299511745,-18.127149073611477,0.03322643133878133,0.021052427009202863,1.1614368411041833,1.085960855846893,forest
4.564,0.7284900850844938,4.242170067938693,-18.128976428641156,0.0331289731816227,0.02100847990054331,1.1608651877867349,1.0834001399987754,forest
4.5680000000000005,0.7300822668097572,4.258439000270171,-18.126294220575275,0.03327202313687014,0.021103938639006517,1.1603435012947088,1.080817653237657,forest
4.572,0.7317823615862891,4.274641359643696,-18.123082812657927,0.033443296858958145,0.02121635484902541,1.1597386708352972,1.078214531125464,forest
4.5760000000000005,0.7334993152986403,4.2923475738462225,-18.13154156066191,0.032992167232285645,0.02096986762486079,1.158945083471629,1.0755919356109558,forest
4.58,0.7352768015220192,4.310366273521941,-18.143136226767588,0.03237378997489655,0.020627647030152966,1.1580523396790916,1.0729510551722192,forest
4.5840000000000005,0.7371084887823218,4.328573947175717,-18.151800880000398,0.03191167882365712,0.020375373505762292,1.1572126233413618,1.070293104934165,forest
4.588,0.7390260256232405,4.346919653726929,-18.162634828582547,0.03133387284374689,0.02005812951323535,1.1562409042893877,1.067619326758849,forest
4.5920000000000005,0.7410141126031055,4.365955708583994,-18.169595171333803,0.030962657526136195,0.019860632041705188,1.1553621536832672,1.0649309893063803,forest
4.596,0.7430775411106917,4.385601468724012,-18.174734385102457,0.03068856831248994,0.019719910413607288,1.1545176709777931,1.062229388064072,forest
4.6000000000000005,0.7451748587757294,4.405094258255929,-18.181337121984825,0.03033642515568267,0.01953285143531711,1.1536241869115507,1.0595158453414308,forest
4.604,0.747332141177221,4.4243051563485585,-18.188423288907714,0.029958499269138083,0.019330459170562118,1.15263698728869,1.0567917102284818,forest
4.6080000000000005,0.749551867410506,4.444363625478395,-18.19775646145947,0.029460734038756257,0.019061279847119694,1.1516102307290788,1.0540583585148675,forest
4.612,0.7518487682362013,4.46472985492525,-18.204970168366458,0.029076006074009862,0.018857476696362008,1.1505919588981237,1.05131719256708,forest
4.616,0.7542090475184081,4.485458070158223,-18.21307318051731,0.02864384887476293,0.018627546900254366,1.1495191572507326,1.0485696411611234,forest
4.62,0.7566356602033193,4.505972803018477,-18.216884694133256,0.028440569770832896,0.018526563799485564,1.1484840807965715,1.0458171592678502,forest
4.624,0.7591406523811635,4.526720317597124,-18.21894871501354,0.028330489535704946,0.018479282624922797,1.1474078397371101,1.0430612277881557,forest
4.628,0.7617262291996075,4.5490519841203545,-18.22626155618215,0.02794047445253222,0.018278050415141158,1.146247719443369,1.0403033532351882,forest
4.632,0.7643885196108305,4.571660512795418,-18.23021284703588,0.027729740622078922,0.018178724832808427,1.1451382144405289,1.0375450673606856,forest
4.636,0.7671162941604964,4.595121411629892,-18.235999402508106,0.027421126793096582,0.018025459133486212,1.144047574501804,1.0347879267225417,forest
4.64,0.7698235944313211,4.617293196510703,-18.244608996071932,0.02696195213410185,0.017780867173674497,1.1427914565026893,1.0320335121906956,forest
4.644,0.7725667609115088,4.639653935617417,-18.256116903487257,0.026348201969938822,0.017449832981834203,1.1414083542731974,1.0292834283884407,forest
4.648,0.7754029718888501,4.662835644924814,-18.265016635098682,0.025873553405227127,0.017200953374441236,1.1400510618385329,1.026539303066278,forest
4.652,0.7782552850169312,4.6859597945943445,-18.276898465552687,0.02523986083815004,0.016861118071561418,1.13862195875425,1.0238027864054802,forest
4.656,0.7812287442884444,4.710466755321796,-18.286193670189846,0.024744120547053522,0.016604704380346183,1.1372963756761445,1.0210755502485787,forest
4.66,0.7842834030660492,4.735707620315689,-18.294781132378883,0.024286126218627937,0.016373552331838112,1.1359321567788214,1.0183592872540874,forest
4.664,0.7872731800087289,4.75939177831531,-18.307994337217465,0.023581427584365388,0.015994652374474356,1.1344326379269007,1.0156557099728492,forest
4.668,0.7903126756270652,4.783882749816848,-18.323462037486326,0.0227564901533781,0.015554443701037321,1.1328026843083157,1.0129665498435383,forest
4.672,0.7934801490662963,4.809718270836034,-18.33418576711674,0.02218456247064915,0.015263416160138559,1.1312433512653028,1.0102935561049826,forest
4.676,0.7966987986719353,4.835489813737424,-18.342435458235652,0.02174458245553501,0.015044410913402532,1.1297282174855374,1.0076384946231518,forest
4.68,0.799868619080208,4.860570391740929,-18.35814558591411,0.020906715665884402,0.014599466062781483,1.1280547717159193,1.0050031466308544,forest
4.684,0.8030716447776849,4.885172963979469,-18.3730671588944,0.020110904791178472,0.014173224641651952,1.1264565323577993,1.0023893073784098,forest
4.688,0.806364102630659,4.910840579424337,-18.385313091033755,0.019457793622518132,0.013833740232763953,1.1248379198974663,0.9997987846938274,forest
4.692,0.8097251498885583,4.9360908308885865,-18.39276114627256,0.019060567179818074,0.01363068911666686,1.1233581720095445,0.9972333974513049,forest
4.696,0.8131177277075841,4.961563868918693,-18.402382069962876,0.018547455344518758,0.013364524189448168,1.1218218415846786,0.9946949739471737,forest
4.7,0.8165241510196537,4.988324233495114,-18.41928103583008,0.01764618435746086,0.012895504420308493,1.1200552934952304,0.9921853501827748,forest
4.704,0.819965819067867,5.0149132182888545,-18.432332403447816,0.01695011697276228,0.012538870264167841,1.1182987426853412,0.9897063680541188,forest
4.708,0.8235195356755226,5.041219061658209,-18.436657854332772,0.016719428099893408,0.012432622505412907,1.1167698588501345,0.9872598734485989,forest
4.712,0.8272194666271233,5.0674152118631905,-18.431708926579653,0.01698336880703388,0.012591686567992304,1.115509796123359,0.9848477142494615,forest
4.716,0.8310290826305423,5.09423039725277,-18.42506368695684,0.017337778758574916,0.012801242544871567,1.1143294439567348,0.982471738249212,forest
4.72,0.8349819266792131,5.122371559499706,-18.414066010270613,0.017924316834350088,0.013144257553188486,1.1132281836757631,0.9801337909736257,forest
4.724,0.8390665865534355,5.1516533118614225,-18.397871463613573,0.018788019096680413,0.01364373194802342,1.1121953290319984,0.9778357134185629,forest
4.728,0.8432657115068292,5.181902924031,-18.378221861890626,0.019835989491987574,0.014247389281164738,1.1112067877178546,0.9755793397023282,forest
4.732,0.8474103249085738,5.209980285373087,-18.367290485894532,0.020418991559174524,0.014578615807288697,1.110175479671157,0.9733664946368883,forest
4.736,0.8515893737144422,5.2375345045018955,-18.35524929738145,0.02106118315490978,0.014935558642546372,1.1091505090217066,0.9711989912218493,forest
4.74,0.8553564873209369,5.2655523935347635,-18.3752362786396,0.01999521932798702,0.014378664165704812,1.1071337080737333,0.9690786280656948,forest
4.744,0.8596700369880497,5.293452038098673,-18.36018357548463,0.020798023756197662,0.0148213033299581,1.1061773652184872,0.9670071867394047,forest
4.748,0.86414819655097,5.32124431456498,-18.340745183813283,0.0218347297053146,0.015384697768787209,1.1054330115804023,0.9649864290681897,forest
4.752,0.8687039129360798,5.349377157255675,-18.31897353950699,0.022995874801884517,0.016015190295458424,1.1046995129165773,0.9630180943677035,forest
4.756,0.8733219489629834,5.377741452162784,-18.296920426166484,0.024172031460480678,0.016653055004235216,1.1039556546149476,0.9611038966317107,forest
4.76,0.8780000494904674,5.406548991547648,-18.27419395548615,0.02538410022394025,0.017311327488312857,1.1031866557103265,0.9592455216787984,forest
4.764,0.8822722586194502,5.436574616232083,-18.283751824227757,0.024874351292401467,0.017059784088259318,1.1014895311533526,0.9574446242663124,forest
4.768,0.8864489658268315,5.4674569312888295,-18.303184654120862,0.02383794196909021,0.016536964168244968,1.0995194382205151,0.9557028251802729,forest
4.772,0.890912201914061,5.497886198244147,-18.312046077261652,0.023365336506507593,0.01631046528884653,1.0980185757204948,0.9540217083105662,forest
4.776,0.895416596186377,5.528670809431525,-18.31552689578634,0.023179694333361072,0.016240842306926472,1.0965416412226885,0.9524028177212184,forest
4.78,0.9000196321693934,5.559458886136753,-18.31533483669211,0.023189937403309383,0.016275215193037602,1.0951822310292572,0.9508476547260217,forest
4.784,0.9046563269702642,5.590231429078226,-18.311956334626142,0.023370122742205235,0.016399924760469368,1.0938484104786883,0.9493576749802087,forest
4.788,0.9086445221566734,5.619615527208215,-18.343890384120975,0.021666987027562343,0.015524969924766104,1.0915027469905394,0.9479342855992204,forest
4.792,0.9125110096497012,5.648274411241143,-18.366295760511,0.020472043156255195,0.014919702788640786,1.089115084204623,0.9465788423159288,forest
4.796,0.9172304360157821,5.677963188235235,-18.369250365613173,0.02031446547500969,0.014862357650598129,1.0878490164816559,0.9452926466878974,forest
4.8,0.9219877430396721,5.707262892481697,-18.365450645679378,0.020517115587577912,0.014992017717388765,1.0866579071604074,0.9440769433664288,forest
4.804,0.9264477522498105,5.735662023430165,-18.374094543025606,0.020056111408122034,0.01477096977230952,1.0850474836337263,0.9429329174392279,forest
4.808,0.930939631202163,5.763738935070041,-18.379919596564157,0.019745444365321257,0.014628068981629858,1.0834938343794613,0.941861691858511,forest
4.812,0.9354195546692367,5.791734734966131,-18.386239043824943,0.019408409867758127,0.014473320633080534,1.0819157821120644,0.9408643249662985,forest
4.816,0.940049045001162,5.822085097555496,-18.3925691314235,0.019070807890042663,0.014338894928156062,1.0803987365201242,0.9399418081284611,forest
4.82,0.944713300089027,5.852550649668506,-18.398289724853935,0.01876571200854781,0.014224469155349978,1.0789140969181419,0.9390950634888137,forest
4.824,0.94924455211603,5.881229605558452,-18.415278999727317,0.017859624579597617,0.013788299019725869,1.0772747452644411,0.9383249418542011,forest
4.828,0.9537660991927057,5.908849307081781,-18.440003133326552,0.016541014644040463,0.013134793568740725,1.0756087209958614,0.9376322207210654,forest
4.832,0.9583183857856971,5.936303077032667,-18.461966818689667,0.015369627439509655,0.012560934715464057,1.0740037043057946,0.937017602453448,forest
4.836,0.9628187614326092,5.963429873226659,-18.478838177061185,0.014469828840471342,0.012129946254887594,1.0724036915751645,0.9364817126217546,forest
4.84,0.9672602129855583,5.9894045594829795,-18.492859542454923,0.013722028653902549,0.011773157406005368,1.0708186604752234,0.9360250985109034,forest
4.844,0.9716652523401811,6.015101225835937,-18.50610255047532,0.013015740529294731,0.011440230796150745,1.069226273679078,0.9356482278056871,forest
4.848,0.9760433147706266,6.0405673436897755,-18.522173465834168,0.012158631883581388,0.011033132923299221,1.0676102194094843,0.9353514874603263,forest
4.852,0.9803810938224797,6.065377331723828,-18.533393021479288,0.011560260357767893,0.010758168494163957,1.0660368247126342,0.935135182758262,forest
4.856,0.9846416426923185,6.089949935797315,-18.549357239276283,0.010708842203274232,0.010357788065754884,1.0643849209787082,0.9349995365672594,forest
4.86,0.9888630475605386,6.112863517389196,-18.561938676483823,0.010037837573774735,0.0100417274362464,1.0628026308432055,0.93494468879386,forest
4.864,0.9929972586670244,6.134939545383283,-18.575113217969022,0.00933520096857007,0.009709014793131611,1.0611918502747941,0.9349706960401608,forest
4.868,0.9970938725336812,6.156873226061286,-18.59258135811484,0.00840357426223769,0.009264699945101379,1.0595464668132786,0.9350775314647907,forest
4.872,1.0010523080670906,6.177726505001952,-18.610323727525476,0.007457322111832103,0.008812231385851247,1.0578510209414624,0.935265084848849,forest
4.876,1.004946243338941,6.197986257122891,-18.628212284468987,0.006503273355226826,0.008357745329350097,1.0561553186974315,0.935533162866443,forest
4.88,1.0087606370286197,6.21803446216563,-18.65155752584255,0.005258203751489104,0.007762180185472372,1.0543951579055153,0.9358814895583454,forest
4.884,1.0125868716985222,6.237084009076138,-18.669114214459633,0.0043218544977103555,0.007319910802429707,1.0527621223986239,0.9363097070061881,forest
4.888,1.0163523332754114,6.2553928868482,-18.683578428519624,0.0035504359040929964,0.0069609784071999,1.0511718480854153,0.9368173762035268,forest
4.892,1.0200781777262755,6.2727197506876315,-18.69996538950374,0.002676471626213969,0.006549476799036398,1.0496020298074753,0.9374039781190706,forest
4.896,1.0237642571930743,6.290086325831802,-18.71188126806304,0.0020409631746793376,0.006262569314828122,1.0480878363553938,0.9380689149463683,forest
4.9,1.0274680749750325,6.306018390512804,-18.72290666384945,0.0014529467586920884,0.0059935742430490225,1.046670890503373,0.9388115115332997,forest
4.904,1.0310962751194432,6.322023319883548,-18.734518453976104,0.000833656227472665,0.00571507243032943,1.0452412023128228,0.9396310169838377,forest
4.908,1.034779683622289,6.336542980327444,-18.740318504606435,0.0005243226624685819,0.005583471576314448,1.0439786129234505,0.9405266064237345,forest
4.912,1.038252209539767,6.351037464082147,-18.75005356625599,5.123517922617582e-06,0.005354984509176373,1.0425920783777274,0.9414973829210451,forest
4.916,1.0416949413558765,6.365286574729746,-18.760257232741935,0.0005390676851169966,0.005116898383338953,1.0412379298477956,0.94254237955175,forest
4.92,1.0450648907584335,6.37860376027417,-18.7718107142328,0.0011552484472449054,0.004842405916178044,1.0398971886400414,0.9436605616001674,forest
4.924,1.048498927759975,6.390777440023004,-18.77711461031163,0.0014381206473420135,0.004727459395683068,1.0387268264012033,0.9448508288833644,forest
4.928,1.0519740889439957,6.402030947087309,-18.78387058205829,0.0017984362650251683,0.0045715644547073405,1.0376295850391568,0.9461120181883828,forest
4.932,1.0555188162485971,6.412315897852451,-18.784202496715032,0.0018161382387820483,0.004580035448587752,1.0366960827701597,0.9474429058108034,forest
4.936,1.05900765755856,6.422231940106587,-18.78541686538426,0.0018809040509487644,0.004566945077654012,1.0357734086249346,0.9488422101829577,forest
4.94,1.0626170193015112,6.431519711923057,-18.77971446973693,0.0015767787101409094,0.004731393978375313,1.0350344437497612,0.9503085945799773,forest
4.944,1.0659804624657474,6.440139330691646,-18.78179745412344,0.001687870324196287,0.004695428533553397,1.0341481413427152,0.9518406698918486,forest
4.948,1.0692167717135077,6.448708282920721,-18.78459312107543,0.0018369713717460712,0.004645179541060731,1.033241689788145,0.9534369974496779,forest
4.952,1.0722637615517954,6.455715573217167,-18.794167810994292,0.0023476174255790214,0.0044158877123191284,1.0322521411976227,0.9550960918945238,forest
4.956,1.0753202681288845,6.461928294791127,-18.79853248558967,0.0025803982129761205,0.004320353735518801,1.031383454857323,0.9568164240773419,forest
4.96,1.0783523788321596,6.467432074503575,-18.801996016826216,0.002765118404779378,0.004247332135689728,1.0305724209564593,0.9585964239788823,forest
4.964,1.0814615524839701,6.4723983237853835,-18.80062201080883,0.002691838668655626,0.00429787177819616,1.0298975420647716,0.9604344836387056,forest
4.968,1.0845736920431244,6.476885042539374,-18.797780031786296,0.002540267663721624,0.0043858261252388816,1.029289161741916,0.9623289600828976,forest
4.972,1.087712564373749,6.480658935193339,-18.794217175396884,0.0023502501727068336,0.004490234737478313,1.028748463478134,0.9642781782404987,forest
4.976,1.0909160517518415,6.484344607144213,-18.789142494595595,0.0020796026898535426,0.004633696336427248,1.0282854238155803,0.9662804338391704,forest
4.98,1.094004845955231,6.487298502240796,-18.78592524874579,0.0019080176138526364,0.004729058504994109,1.0278097254130372,0.9683339962711445,forest
4.984,1.0970637609465683,6.489528465556437,-18.781202381349935,0.0016561333628839065,0.0048618425919464605,1.0273860445086826,0.9704371114210649,forest
4.988,1.1000445987763885,6.491195388913626,-18.779575344236065,0.001569358742642578,0.0049147350766943,1.0269463796842062,0.9725880044479283,forest
4.992,1.1030935689163437,6.492613103276618,-18.773531893692944,0.001247043952552054,0.005080387709684538,1.0266111957171244,0.9747848825139139,forest
4.996,1.1060508386719645,6.493813556279092,-18.764898858486355,0.0007866190825871335,0.005314388163266081,1.0263180104819123,0.9770259374535336,forest
5.0,1.1090030473497379,6.49425364379797,-18.756821665219018,0.00035583887947196745,0.0055315898657057674,1.026053095856756,0.9793093483771325,forest
0.0,0.0,0.0,-18.750149632983685,0.0,0.0,1.1705554002218517,1.1705554002218517,mlp
0.004,0.0001281402264111541,0.00038845153956423763,-18.74667948279464,0.00018507319978614402,0.00011022839685136233,1.170579163445066,1.1705296074086908,mlp
0.008,0.0002512991056817576,0.0007686961904479859,-18.743333290401765,0.00036353536986873043,0.00021621094055071621,1.1705471076861558,1.1704522357178782,mlp
0.012,0.0003692063369704111,0.0011415791728256687,-18.740070867262695,0.0005375298820688304,0.0003192476468619563,1.170460206308653,1.1703233053999127,mlp
0.016,0.0004815865803707638,0.0015112998660093695,-18.736866835684893,0.0007084102025205484,0.00042023189479297915,1.1703189093094684,1.1701428502205848,mlp
0.02,0.000588200407996077,0.0018863421008417432,-18.733713487345504,0.0008765874384953229,0.0005195484463102194,1.1701230771800455,1.1699109174834248,mlp
0.024,0.0006889038331413244,0.0022783028519296894,-18.73061868726689,0.0010416421254813854,0.0006171144077948986,1.1698720635910087,1.169627568061111,mlp
0.028,0.0007837323981535777,0.002698603301768563,-18.727600385919494,0.0012026169126951552,0.0007125186366846346,1.1695649344695294,1.1692928764358548,mlp
0.032,0.0008729990017852824,0.003154622977666028,-18.72468016895082,0.0013583605747904434,0.0008051904753318207,1.169200771672196,1.1689069307487372,mlp
0.036000000000000004,0.0009573720485991717,0.0036473137380860533,-18.7218781355387,0.0015078011641706504,0.000894533947128658,1.168778984024572,1.1684698328580023,mlp
0.04,0.0010378881994229322,0.004171262389272544,-18.71921041580523,0.0016500784145226733,0.0009799931699746255,1.168299545087056,1.1679816984062896,mlp
0.044,0.0011158644227924424,0.004716618065373782,-18.716689292995515,0.001784537224668872,0.0010610539601530876,1.1677630960698377,1.1674426568967917,mlp
0.048,0.001192706815575535,0.005271648980807308,-18.714324754999332,0.001910644911405582,0.0011372183077780619,1.1671708875794282,1.1668528517783268,mlp
0.052000000000000005,0.001269654600807423,0.005825039458939556,-18.712125800229273,0.0020279215632244174,0.0012079998175835648,1.166524575358361,1.166212440539303,mlp
0.056,0.0013475267583006243,0.006367633123670938,-18.71010013082499,0.0021359564026221496,0.0012729751131796412,1.1658259223218448,1.1655215948105528,mlp
0.06,0.0014265424418469334,0.006893621495748164,-18.708251833002898,0.002234531499795864,0.0013318941280231057,1.165076482944927,1.164780500477016,mlp
0.064,0.0015062661171908517,0.007401144589065428,-18.706577859642046,0.002323809366565899,0.0013848145999721107,1.164277350177591,1.1639893577982372,mlp
0.068,0.0015856968831078158,0.007892173864185701,-18.7050650599601,0.0024044913723929935,0.0014321997898797529,1.1634290275298522,1.1631483815376422,mlp
0.07200000000000001,0.0016634903415054206,0.008371612345996775,-18.703689689809295,0.0024778438617184258,0.0014749172258574353,1.1625314534371514,1.162257801100563,mlp
0.076,0.0017382738686230173,0.008845777579586704,-18.702420613010553,0.0025455274175077494,0.0015141043629340756,1.161584161280399,1.1613178606809536,mlp
0.08,0.0018089918515181735,0.009320653916420138,-18.70122599824373,0.002609239696620582,0.0015509157668702153,1.1605865202847447,1.1603288194167511,mlp
0.084,0.001875201155824747,0.009800345019334907,-18.70008179394037,0.002670263439137574,0.0015862165811257388,1.159537982884233,1.1592909515538266,mlp
0.088,0.0019372389327912815,0.010286027856400027,-18.69897928898838,0.0027290632339963513,0.0016203169516126087,1.1584382695072533,1.158204546618449,mlp
0.092,0.0019962116129085593,0.010775541417624743,-18.69792909061243,0.0027850733670622893,0.0016528377368392382,1.1572874490177345,1.1570699095981964,mlp
0.096,0.0020538007953548884,0.01126363489757913,-18.696959895198056,0.0028367633766539506,0.001682759639641839,1.1560859108778767,1.1558873611312244,mlp
0.1,0.0021119327753193777,0.01174282390403097,-18.696112082247488,0.002881979706505323,0.0017086505251900773,1.1548342590344598,1.1546572377037918,mlp
0.10400000000000001,0.002172394702483293,0.012204693862067588,-18.69542778283594,0.0029184753838702488,0.0017290110575574353,1.1535331762978958,1.1533798918559472,mlp
0.108,0.002236489557859726,0.01264136121341309,-18.694940080206297,0.0029444859832087915,0.0017426461605785466,1.152183307633468,1.1520556923952463,mlp
0.112,0.0023048038242466633,0.013046742051734958,-18.694664106440506,0.0029592044665912565,0.001748968092179107,1.1507851950459522,1.1506850246183697,mlp
0.116,0.0023771257775530665,0.013417343916146083,-18.69459208820564,0.002963045408465158,0.0017481625878789189,1.1493392740279593,1.1492682905404958,mlp
0.12,0.0024525128447603316,0.013752460636598733,-18.694693216985556,0.002957651916578597,0.001741190276247355,1.1478459206802647,1.1478059091322594,mlp
0.124,0.0025294753142250394,0.014053826318595522,-18.694918002889374,0.002945663430714869,0.0017296368522671608,1.1463055254926893,1.1462983165641154,mlp
0.128,0.002606226857778717,0.01432489930478038,-18.695205848818755,0.002930311770327293,0.0017154562591312835,1.1447185661852106,1.1447459664579103,mlp
0.132,0.002680949938959265,0.014569979794203502,-18.695494108183865,0.0029149380602101725,0.0017006664280590001,1.1430856564173888,1.143149330145432,mlp
0.136,0.0027520325159915413,0.014793341097790812,-18.695726854118618,0.0029025250427511962,0.0016870575404959191,1.141407556411625,1.1415088969337053,mlp
0.14,0.002818246429031298,0.01499851293357498,-18.695861883178953,0.0028953235503376496,0.0016759620990957765,1.1396851423296699,1.1398251743767551,mlp
0.14400000000000002,0.002878852920815289,0.015187819011956736,-18.695874967070473,0.00289462574835865,0.001668118958951791,1.1379193410624642,1.1380986885535562,mlp
0.148,0.002933633775439465,0.015362239516034508,-18.695760934229053,0.002900707451366481,0.0016636439337640303,1.1361110443493438,1.136329984351841,mlp
0.152,0.002982856125518289,0.015521627508715411,-18.695531719740625,0.0029129321265245244,0.0016621007493521542,1.1342610200294259,1.1345196257574228,mlp
0.156,0.003027184964506498,0.015665247456551894,-18.695211998955084,0.0029299837656740243,0.0016626503221954983,1.132369838524244,1.132668196148655,mlp
0.16,0.003067560464090884,0.015792531968122848,-18.694833361246555,0.0029501776156400546,0.00166424545754731,1.1304378296033215,1.1307762985956136,mlp
0.164,0.0031050581580932568,0.015903892720783207,-18.69442814228733,0.002971789120996454,0.0016658334287172377,1.1284650787758388,1.128844556163555,mlp
0.168,0.0031407494744805672,0.016001398125538226,-18.69402399502774,0.0029933434694948955,0.0016665310174485749,1.1264514653658986,1.126873612220168,mlp
0.17200000000000001,0.003175578155769648,0.016089155240959302,-18.69364005431662,0.0030138201440087567,0.0016657448071669238,1.1243967368327075,1.1248641307460954,mlp
0.176,0.0032102648040231766,0.01617329971104054,-18.69328518775724,0.003032746209470986,0.0016632219784363518,1.1223006076074218,1.122816796648159,mlp
0.18,0.0032452472856023527,0.016261584396522356,-18.6929584031097,0.0030501745849206485,0.0016590309015624988,1.120162866802182,1.1207323160746785,mlp
0.184,0.0032806595934246133,0.016362641386318634,-18.69265108515181,0.0030665647452076845,0.001653483650360768,1.117983478247295,1.1186114167322303,mlp
0.188,0.003316346864626267,0.016485055795541367,-18.692350434299996,0.00308259932934155,0.0016470218899067492,1.1157626584076104,1.1164548482031396,mlp
0.192,0.003351910435404754,0.016636424617192936,-18.692043320507423,0.003098978600898547,0.0016400920845234808,1.1135009221750867,1.114263382262949,mlp
0.196,0.0033867745479468267,0.01682257751112104,-18.691719762899584,0.0031162348689375867,0.0016330353464751332,1.1111990922751112,1.1120378131970519,mlp
0.2,0.0034202655693023345,0.017047108759015966,-18.691375384455306,0.003134601572725001,0.00162601212007491,1.1088582738823136,1.109778958115623,mlp
0.20400000000000001,0.003451694952652951,0.01731131235853337,-18.691012437172795,0.0031539586066482183,0.0016189735334756657,1.1064798009919945,1.107487657265918,mlp
0.20800000000000002,0.0034804382104323575,0.017614531877120938,-18.690639298372567,0.0031738591838452956,0.0016116812964389806,1.1040651644406494,1.1051647743409527,mlp
0.212,0.0035060035523830743,0.01795484776123525,-18.690268647933905,0.0031936270494845828,0.0016037682712396015,1.1016159329098383,1.1028111967835064,mlp
0.216,0.003528085418545001,0.018329948517146217,-18.68991479405721,0.0032124991056346626,0.0015948240162198986,1.0991336778362548,1.100427836084324,mlp
0.22,0.0035465998454140605,0.018737989859283842,-18.68959077404433,0.0032297800350790523,0.0015844851050616237,1.096619911213569,1.0980156280733313,mlp
0.224,0.003561700367938401,0.019178250904766336,-18.689305885390162,0.003244973975380553,0.0015725097077167298,1.0940760423068188,1.0955755332025892,mlp
0.228,0.00357377484770835,0.019651449163455268,-18.689064193828784,0.003257864089118777,0.0015588198670461197,1.091503355885886,1.0931085368196545,mlp
0.232,0.003583425065005273,0.0201596636055704,-18.688864339146676,0.0032685229204358836,0.001543502358126267,1.088903011297388,1.0906156494299248,mlp
0.23600000000000002,0.0035914319891072926,0.020705914875707585,-18.688700662334213,0.0032772522807698796,0.0015267684612798138,1.0862760590334046,1.0880979069464731,mlp
0.24,0.003598710303978087,0.02129353712005595,-18.688565371792077,0.003284467718768217,0.0015088824280630776,1.0836234697709435,1.0855563709257918,mlp
0.244,0.003606256069280251,0.02192552356367897,-18.68845121851653,0.0032905558448782114,0.0014900758242345233,1.080946170288091,1.0829921287877864,mlp
0.248,0.0036150914563237288,0.0226040254200793,-18.688354016450702,0.0032957399136845974,0.001470468634545252,1.0782450811111814,1.0804062940182741,mlp
0.252,0.003626210435619871,0.0233301339375957,-18.688274357418823,0.0032999883614804005,0.001450017109193201,1.0755211518930308,1.0778000063521544,mlp
0.256,0.0036405291793209006,0.024103995489348187,-18.68821803253394,0.0033029923313679303,0.0014285028902187727,1.0727753919125727,1.0751744319353314,mlp
0.26,0.0036588447791353618,0.024925223337781806,-18.688194953932655,0.003304223180280392,0.001405569029281179,1.0700088942710984,1.072530763463389,mlp
0.264,0.0036818056081460914,0.025793498171007925,-18.688216715226517,0.0033030625872031124,0.0013807979386049635,1.0672228530402061,1.0698702202949235,mlp
0.268,0.003709896180398236,0.026709205605139626,-18.688293262609662,0.0032989800926820907,0.0013538163752712404,1.0644185727454802,1.0671940485373534,mlp
0.272,0.0037434385897300816,0.027673947394696256,-18.68842939577526,0.003291719715124481,0.0013244054682170754,1.0615974693653298,1.064503521102952,mlp
0.276,0.0037826114663166346,0.02869078420410716,-18.688621918247968,0.0032814519318546255,0.001292591232175587,1.0587610618723597,1.0617999377327458,mlp
0.28,0.0038274858504578134,0.029764119125150448,-18.68885817984408,0.003268851413952864,0.001258693694359208,1.0559109536327669,1.0590846249858556,mlp
0.28400000000000003,0.0038780754991753763,0.03089920687193948,-18.68911650771587,0.003255074037406691,0.0012233202604888423,1.0530488039268922,1.05635893619178,mlp
0.28800000000000003,0.003934397067342063,0.03210136168664701,-18.68936865288949,0.0032416264021315542,0.001187299777314723,1.050176291408417,1.0536242513630336,mlp
0.292,0.003996533612473536,0.03337501815898333,-18.689583960429815,0.003230143424953194,0.0011515657069872782,1.0472950731573842,1.0508819770654907,mlp
0.296,0.004064693329487083,0.034722850614200954,-18.689734588788358,0.0032221099766078782,0.0011170075056014233,1.0444067446079222,1.0481335462437351,mlp
0.3,0.004139254744157091,0.03614516029059062,-18.68980083614138,0.00321857681264286,0.001084316587316702,1.0415128065300814,1.0453804179986337,mlp
0.304,0.004220790168568591,0.03763969017230671,-18.689775535473515,0.0032199261708271945,0.0010538557357100355,1.0386146450328604,1.0426240773143203,mlp
0.308,0.004310061313967522,0.03920193667741806,-18.689666581632185,0.003225736995991955,0.0010255779597173901,1.0357135290906847,1.039866034731741,mlp
0.312,0.004407984601177644,0.040825919468250337,-18.689496943676776,0.00323478428141258,0.000999012966640577,1.0328106275315105,1.0371078259658693,mlp
0.316,0.004515568594250759,0.04250527240343376,-18.68930195152588,0.0032451837798012344,0.0009733278674991659,1.0299070442019138,1.0343510114636842,mlp
0.32,0.004633831362294034,0.044234450907888405,-18.68912415400992,0.0032546662383117013,0.0009474553658913847,1.0270038668024142,1.0315971759000166,mlp
0.324,0.004763710286123891,0.04600982449383667,-18.689006531180098,0.0032609394058397,0.0009202699038258308,1.024102222410353,1.0288479276083538,mlp
0.328,0.0049059795154729365,0.04783043965675666,-18.688985205573413,0.0032620767624529762,0.0008907825532655629,1.0212033316167524,1.0261048979437373,mlp
0.332,0.0050611898408780024,0.04969829409551554,-18.689082948610437,0.0032568638420796795,0.0008583209719012125,1.0183085538134993,1.023369740574922,mlp
0.336,0.005229641838691963,0.05161805048355787,-18.68930467298126,0.0032450386366725493,0.0008226626556984699,1.015419418307611,1.0206441307030347,mlp
0.34,0.005411396552945817,0.05359622456074666,-18.68963575290025,0.0032273811819071045,0.0007840977907122633,1.012537638942169,1.0179297642040381,mlp
0.34400000000000003,0.005606320448433131,0.055639989824635264,-18.69004349753893,0.003205634974721563,0.0007434105176998635,1.0096651128040428,1.0152283566924218,mlp
0.34800000000000003,0.005814155005646512,0.05775582621128712,-18.690481538745864,0.0031822729634572245,0.0007017815876994622,1.006803905507758,1.0125416425036704,mlp
0.352,0.006034597722424593,0.059948279740498336,-18.69089640880215,0.0031601467370320217,0.0006606281803539038,1.0039562260385382,1.0098713735931946,mlp
0.356,0.00626738090650998,0.062219079926341,-18.691235269372868,0.003142074317486,0.0006214057544423723,1.0011243934589469,1.0072193183496048,mlp
0.36,0.006512336783857937,0.06456678420158486,-18.691453640292565,0.0031304279613783735,0.0005854011996279057,0.9983107967347246,1.0045872603204034,mlp
0.364,0.006769440756245663,0.06698700414084915,-18.691522037869603,0.0031267801197143123,0.0005535466132802962,0.9955178484949971,1.0019769968484016,mlp
0.368,0.007038827883192244,0.06947314838528434,-18.691430604606598,0.0031316565214921667,0.000526279914362757,0.9927479343961885,0.9993903376174335,mlp
0.372,0.007320780308423522,0.07201752195271459,-18.691191035804465,0.003144433422307487,0.0005034734434705266,0.9900033619652783,0.99682910310623,mlp
0.376,0.007615685698911706,0.07461256877910787,-18.69083535487096,0.0031634029207097945,0.0004844453031133966,0.9872863157135419,0.9942951229496356,mlp
0.38,0.007923969567636847,0.07725203552504367,-18.690411369017255,0.0031860153191174438,0.0004680602960992793,0.9845988277795341,0.9917902342067042,mlp
0.384,0.008246008159563115,0.07993185991717651,-18.68997498571104,0.003209288909715788,0.00045291728095982913,0.9819427740579868,0.9893162795355934,mlp
0.388,0.008582033144973744,0.08265063338340188,-18.689580017072476,0.0032303537356662086,0.00043760715098106566,0.9793199036196742,0.9868751052755955,mlp
0.392,0.008932043444057219,0.08540954749019984,-18.68926663276777,0.003247067431868191,0.0004210110355688783,0.9767319037830802,0.9844685594370787,mlp
0.396,0.009295741272515519,0.08821180573720336,-18.689050163203273,0.0032586123831743357,0.0004025939173037514,0.9741804949831868,0.9820984896005955,mlp
0.4,0.009672507440552505,0.09106156822683323,-18.68891235387194,0.003265962155524361,0.00038263856590852233,0.9716675402489525,0.9797667407269102,mlp
0.404,0.010061424828573405,0.09396259200859541,-18.68879723587867,0.0032721017328357195,0.0003623634023112855,0.9691951462888189,0.9774751528802241,mlp
0.40800000000000003,0.010461350234320082,0.09691681625818759,-18.688613336393026,0.003281909627132275,0.0003438798360464353,0.9667657299198811,0.9752255588674372,mlp
0.41200000000000003,0.010871025934489496,0.09992318804467079,-18.68824294278105,0.0033016637954577065,0.00032997110852394615,0.9643820272409176,0.9730197817968433,mlp
0.41600000000000004,0.0112892155913988,0.10297700082229952,-18.68755766890002,0.003338211444113444,0.00032371242429414,0.9620470341181439,0.9708596325602583,mlp
0.42,0.01171484547466569,0.10606991365714291,-18.68643795272336,0.0033979291636291637,0.000327993039758701,0.959763883275105,0.9687469072431826,mlp
0.424,0.01214713082626182,0.10919065752260615,-18.684792763437507,0.0034856718919836394,0.0003450339808862984,0.9575356812859233,0.9666833844682073,mlp
0.428,0.012585667566072132,0.11232626649397248,-18.682575136148653,0.003603944403524166,0.00037600960487272055,0.9553653426666426,0.9646708226775074,mlp
0.432,0.013030471163069409,0.11546355145403842,-18.67978948439105,0.0037525113116357494,0.0004208704435987621,0.9532554631981826,0.9627109573608756,mlp
0.436,0.013481948433688882,0.11859049519755382,-18.676488061790547,0.003928585778513432,0.00047842748826857056,0.9512082678066132,0.9608054982363765,mlp
0.44,0.013940796078079222,0.12169729023004931,-18.672756306372577,0.0041276111458313286,0.0005466993937057669,0.9492256499975591,0.9589561263912989,mlp
0.444,0.014407833091418576,0.12477683927636317,-18.668689687972364,0.004344495729678012,0.000623455282720383,0.9473092936876628,0.9571644913916876,mlp
0.448,0.014883791638678832,0.12782466461378597,-18.66436740392681,0.004575015705793299,0.0007068237874981884,0.9454608413824505,0.9554322083692899,mlp
0.452,0.015369107941399014,0.13083830682990594,-18.659829948682585,0.004817011387590074,0.0007958038780147067,0.9436820543173966,0.9537608550953008,mlp
0.456,0.0158637636817117,0.13381642299919458,-18.65506738241452,0.005071012894846779,0.0008905227695805981,0.9419749089232795,0.9521519690507895,mlp
0.46,0.016367222217379913,0.13675789249234566,-18.650022659221868,0.005340062651323187,0.0009921473570199443,0.9403415930572429,0.9506070445041467,mlp
0.464,0.016878480797440074,0.13966125770784357,-18.64461010571994,0.005628729867738644,0.0011024555389514393,0.9387843993752508,0.9491275296063075,mlp
0.468,0.017396227107638,0.14252471889442322,-18.638744399183047,0.005941565053148382,0.0012231808911926218,0.93730554873637,0.947714823514854,mlp
0.47200000000000003,0.01791905962724206,0.14534666509303776,-18.63237187563785,0.006281430263289717,0.0013553201644422612,0.935906998973871,0.9463702735583911,mlp
0.47600000000000003,0.018445718979875247,0.14812643120208746,-18.62549495386654,0.0066481964974756304,0.0014986111029839063,0.9345902958178086,0.9450951724528175,mlp
0.48,0.01897528498122771,0.1508647504563794,-18.61818217723735,0.007038208138573377,0.0016513435586588997,0.933356505738204,0.9438907555812533,mlp
0.484,0.019507313573891714,0.15356333578769646,-18.61056026754934,0.007444706744568741,0.0018105747697480196,0.9322062448193918,0.9427581983494638,mlp
0.488,0.020041905878500653,0.15622322207280714,-18.602789647152512,0.007859136525073359,0.0019727040940707725,0.9311397939330078,0.9416986136285952,mlp
0.492,0.020579707852650102,0.15884191593311403,-18.595029966823084,0.008272982839973068,0.002134250304858401,0.9301572745935052,0.9407130492969445,mlp
0.496,0.02112183274721987,0.16140996461435825,-18.587405941283397,0.008679594290490563,0.0022925959283764063,0.929258852498116,0.9398024858922929,mlp
0.5,0.02166968980977817,0.1639081470344654,-18.57998472998943,0.009075389067557912,0.002446450573897655,0.9284449330808117,0.9389678343860477,mlp
0.504,0.022224707924669507,0.16630687781911443,-18.572773009463013,0.009460011092852622,0.00259586258269584,0.9277163104908445,0.9382099340900723,mlp
0.508,0.022787974578585352,0.1685692538129941,-18.565734811156606,0.009835378673601226,0.002741770864475524,0.9270742274673074,0.9375295507066129,mlp
0.512,0.023359864946010805,0.17065815406830465,-18.558822214307384,0.01020404756342503,0.0028852878537937512,0.9265203070458932,0.9369273745311851,mlp
0.516,0.02393978662905221,0.17254596774468137,-18.552004049498997,0.01056768011792969,0.0030270521373479417,0.9260563434825545,0.9364040188176359,mlp
0.52,0.02452617165444255,0.17422350682510787,-18.545277315843702,0.010926436383184347,0.003166990171415316,0.9256839981521899,0.9359600183138875,mlp
0.524,0.025116777022406778,0.17570360462842474,-18.538654424068824,0.011279654459013865,0.003304632443148825,0.9254045195269293,0.9355958279760598,mlp
0.528,0.025709216503542905,0.17701594313889293,-18.532134270914558,0.011627393185471629,0.0034397968134512887,0.9252186448282388,0.9353118218678053,mlp
0.532,0.026301505012128665,0.17819317632510734,-18.525678381475878,0.011971704541116667,0.003573160680867359,0.9251267845938315,0.9351082922507543,mlp
0.536,0.026892355562908327,0.17925336395079294,-18.519214354669124,0.012316449886262208,0.0037062226814178548,0.9251294227168446,0.9349854488709816,mlp
0.54,0.02748109651055443,0.18018742509095406,-18.512672815547678,0.012665329188533971,0.003840504868905077,0.925227460867732,0.9349434184453665,mlp
0.544,0.02806732134742126,0.18095955912737002,-18.50603933026374,0.013019112247004565,0.003976388338339236,0.9254221639987106,0.9349822443506488,mlp
0.548,0.028650562314090387,0.18152216907764265,-18.499387728763043,0.013373861495991632,0.0041123160464785905,0.9257145683545832,0.9351018865168789,mlp
0.552,0.029230217180523547,0.18183777989753758,-18.492869871887955,0.013721477755203939,0.004244937366783355,0.9261046469375571,0.9353022215258463,mlp
0.556,0.02980568364475618,0.18189500038711817,-18.48666473887992,0.01405241554127466,0.004370185852181919,0.926590877473256,0.9355830429139481,mlp
0.56,0.030376429051943623,0.1817085234852529,-18.480916337082004,0.014358994523866044,0.004484688321819857,0.9271707467268712,0.935944061677841,mlp
0.5640000000000001,0.030941799835455627,0.18130337928188361,-18.47569566793776,0.014637427989541422,0.004586719734727216,0.9278420921388627,0.9363849069801192,mlp
0.5680000000000001,0.031500713260122805,0.18069428835300502,-18.47100371954733,0.014887663240047196,0.004676251635643385,0.9286044649521397,0.9369051270511848,mlp
0.5720000000000001,0.03205162721904602,0.17987438124951416,-18.466804857098047,0.01511160078355864,0.00475423433380098,0.9294595238520129,0.9375041902824454,mlp
0.5760000000000001,0.03259302969877229,0.17882092839403466,-18.463063333231126,0.015311147130662953,0.004821685313485494,0.9304100770646867,0.9381814865049737,mlp
0.58,0.033124191400693274,0.1775133689207724,-18.45976104662443,0.015487267677503181,0.004879137867005476,0.9314583600250803,0.938936328446836,mlp
0.584,0.03364555294793522,0.1759500392194723,-18.45689546124005,0.015640097678354822,0.004926594143502443,0.932604682234326,0.9397679533614206,mlp
0.588,0.03415830963075122,0.17415187276551558,-18.454472645007236,0.015769313512907612,0.004963721038924897,0.9338472472429534,0.9406755248182942,mlp
0.592,0.03466339841070858,0.17215215022370306,-18.452506995493028,0.015874147317046977,0.004989994509340518,0.9351830666765043,0.9416581346473971,mlp
0.596,0.03516057634596551,0.16998126147682552,-18.451023364459992,0.01595327367401354,0.005004781117837804,0.9366092288645398,0.942714805026736,mlp
0.6,0.035648167543440426,0.1676566039522079,-18.45004907770771,0.016005235219459974,0.005007551768959093,0.9381237885324601,0.9438444907031869,mlp
0.604,0.036123524404105344,0.16518156026592992,-18.449591902084848,0.01602961772476322,0.004998311671119429,0.9397259963084506,0.9450460813355455,mlp
0.608,0.03658380740248847,0.162550847369496,-18.44961507251069,0.016028381978580142,0.004978056386448875,0.9414160053076377,0.9463184039485938,mlp
0.612,0.03702662953606858,0.15975710625470566,-18.45002672951871,0.01600642711336143,0.004948929973907278,0.9431943364684887,0.9476602254866594,mlp
0.616,0.037450342552333364,0.15679518477875107,-18.450693748705724,0.015970853040616993,0.004913890969839162,0.9450613265551645,0.9490702554549578,mlp
0.62,0.037854003176403854,0.1536634298899764,-18.45147590361759,0.015929138444884302,0.004875968187463235,0.9470166844520913,0.9505471486368967,mlp
0.624,0.03823718222551234,0.15036323858531456,-18.452265514381452,0.015887026206885355,0.0048374129921016865,0.9490592218890697,0.9520895078755067,mlp
0.628,0.03859976242202574,0.14689849720082018,-18.453015625184364,0.01584702061665837,0.004799106514168518,0.9511867935024663,0.9536958869072311,mlp
0.632,0.03894179169489372,0.1432758530704509,-18.453745733311823,0.015808081827275302,0.004760459690489135,0.9533964456070856,0.9553647932364445,mlp
0.636,0.039263391398327074,0.13950579016556905,-18.45452396891438,0.01576657625970439,0.004719832913548292,0.9556847249205928,0.9570946910393013,mlp
0.64,0.03956469229013707,0.1356037932104226,-18.455433647152176,0.01571806047419853,0.004675302100978269,0.9580480552153546,0.9588840040857883,mlp
0.644,0.03984577783106072,0.13159071457248617,-18.456536981769815,0.015659216430858304,0.004625485147692166,0.9604830739543184,0.9607311186692212,mlp
0.648,0.04010663330569136,0.12749175862013268,-18.45784839410423,0.01558927499785202,0.004570145842542226,0.9629868416889689,0.9626343865328216,mlp
0.652,0.040347113047852594,0.12333406381011894,-18.459325276547602,0.015510508562795112,0.0045103930819182176,0.9655568854026222,0.9645921277834757,mlp
0.656,0.040566939587538015,0.1191434399667176,-18.46087755202796,0.015427721197854495,0.00444844191209859,0.9681910925320523,0.9666026337832705,mlp
0.66,0.04076573983097961,0.11494119114364629,-18.462391404137712,0.015346983062992382,0.004387042326979738,0.9708875143833927,0.9686641700099468,mlp
0.664,0.04094311101641189,0.11074200296384258,-18.46375893317633,0.015274048762979553,0.004328768777414845,0.9736441542253834,0.9707749788779694,mlp
0.668,0.04109869969853981,0.10655359898352675,-18.46490487110691,0.015212932561081909,0.00427538086265684,0.9764588063203655,0.9729332825125104,mlp
0.672,0.04123227403651457,0.10237838418878119,-18.465803440900977,0.015165009221180309,0.004227421787521071,0.9793289860511992,0.9751372854692416,mlp
0.676,0.04134377326705506,0.09821676591710654,-18.4664819059921,0.01512882470508823,0.004184139920061737,0.9822519597108833,0.9773851773934561,mlp
0.68,0.04143332600992002,0.094071436286439,-18.467011116152015,0.015100600388468183,0.004143728472047236,0.9852248552648825,0.9796751356126573,mlp
0.684,0.04150123775673443,0.08995171450274586,-18.46748643989971,0.015075249990898173,0.004103802600552728,0.9882448181625021,0.9820053276573741,mlp
0.6880000000000001,0.04154795491686778,0.08587709584540587,-18.468004300954767,0.015047630955040043,0.004061986805638222,0.9913091705843173,0.9843739137055788,mlp
0.6920000000000001,0.041574016756767945,0.08187938166285232,-18.4686399311715,0.015013730947350876,0.004016473626424779,0.9944155369247043,0.9867790489466903,mlp
0.6960000000000001,0.041580007288976276,0.07800308407839847,-18.469431066325797,0.014971537409177385,0.003966434572818349,0.9975619097965153,0.9892188858617322,mlp
0.7000000000000001,0.04156651725772094,0.0743041245123548,-18.470370522889098,0.014921433458985488,0.003912207384342254,1.000746645838647,0.9916915764167934,mlp
0.704,0.04153412279871252,0.0708471111948896,-18.471408405539336,0.014866080159382386,0.0038552380260871958,1.003968395652217,0.9941952741674875,mlp
0.708,0.041483383129121164,0.06770164825129271,-18.47246262428947,0.014809855608071082,0.0037978084094496345,1.0072259844012639,0.9967281362726386,mlp
0.712,0.04141485562398857,0.06493818429439817,-18.473434873699013,0.014758002720036925,0.0037426206336926677,1.010518267036727,0.9992883254159185,mlp
0.716,0.041329123520693775,0.06262386361056638,-18.474228495130916,0.01471567658144937,0.003692328746722072,1.0138439839761668,1.0018740116346418,mlp
0.72,0.0412268296762919,0.06081873314784318,-18.474764740889473,0.014687077035896218,0.0036491081729386554,1.0172016398706991,1.004483374055366,mlp
0.724,0.0411087094232974,0.059572533918400596,-18.47499472592911,0.01467481126500158,0.0036143346450587897,1.0205894212869089,1.0071146025363582,mlp
0.728,0.04097561649878183,0.058922212915673115,-18.474905506390876,0.014679569602400588,0.003588415604010713,1.02400516071394,1.009765899217382,mlp
0.732,0.04082853791058368,0.058890249738771897,-18.47451995591652,0.014700132130268486,0.003570785403308404,1.0274463462126555,1.0124354799776019,mlp
0.736,0.04066859597840174,0.059483877577253375,-18.473891168668075,0.014733667182561555,0.003560047826510831,1.0309101696793443,1.015121575802738,mlp
0.74,0.04049703816229656,0.060695243451383434,-18.473092853271172,0.014776243663951258,0.003554229437712147,1.0343936027897647,1.0178224340628805,mlp
0.744,0.040315217274725444,0.06250246910666885,-18.472207552325468,0.014823459337587634,0.003551096470229748,1.0378934882143316,1.0205363197026533,mlp
0.748,0.04012456602401418,0.06487146305760175,-18.471314565386432,0.014871084927597051,0.003548485574679262,1.04140663417717,1.0232615163456367,mlp
0.752,0.03992657047473303,0.06775825065762556,-18.470479248118526,0.01491563482635824,0.0035446029442285218,1.044929902211084,1.0259963273151704,mlp
0.756,0.039722746976188446,0.07111157247473793,-18.469744992185685,0.014954794830262904,0.003538255035031575,1.048460280425337,1.0287390765738351,mlp
0.76,0.03951462651920594,0.07487554630875298,-18.469128731412663,0.014987661809198248,0.0035289855389135896,1.0519949373119026,1.0314881095840598,mlp
0.764,0.03930374947229957,0.07899225672972188,-18.468620322925904,0.015014776712103592,0.0035171061432391084,1.0555312538099464,1.0342417940924364,mlp
0.768,0.03909167235215059,0.08340418982608669,-18.468185656693027,0.015037958726188029,0.0035036219595098055,1.059066833891842,1.0369985208404195,mlp
0.772,0.038879986813411135,0.0880564528885043,-18.467772888067604,0.01505997287719499,0.003490065416996648,1.0625994962287748,1.0397567042041798,mlp
0.776,0.03867034950373056,0.09289871368754812,-18.46732080385512,0.015084083842778328,0.003478263842296572,1.0661272514114493,1.0425147827664354,mlp
0.78,0.03846451993455845,0.0978867778852903,-18.466768066512746,0.015113562932449287,0.0034700745894632517,1.0696482705582164,1.0452712198231309,mlp
0.784,0.03826440220229538,0.10298371324076837,-18.466061976555036,0.01515122076300162,0.0034671260630901625,1.0731608517267721,1.0480245038278637,mlp
0.788,0.03807208541550092,0.10816043815916448,-18.4651654811604,0.015199033469149716,0.003470602143122147,1.076663390182974,1.0507731487769618,mlp
0.792,0.03788987720127608,0.11339572501384886,-18.464061442198375,0.015257915077224146,0.0034811009047139687,1.0801543572214072,1.0535156945381192,mlp
0.796,0.037720324800837944,0.1186756229009037,-18.462753627243046,0.01532766465154371,0.00349858670589661,1.0836322900197517,1.0562507071254732,mlp
0.8,0.03756621906706115,0.12399237052171284,-18.461264431882334,0.015407087770284704,0.003522439445080727,1.0870957922979274,1.0589767789239786,mlp
0.804,0.0374305780891695,0.129342933764749,-18.459629882470516,0.015494263043219223,0.00355158877204907,1.0905435428631958,1.061692528865907,mlp
0.808,0.03731660903635597,0.1347273496688753,-18.457892901416955,0.015586901293449806,0.0035847073393811993,1.093974307026386,1.064396602562227,mlp
0.812,0.037227648912135085,0.1401470777162804,-18.45609605889574,0.01568273212981045,0.0036204284729212306,1.0973869448522677,1.0670876723915936,mlp
0.8160000000000001,0.03716708700956298,0.14560354644298434,-18.45427504477387,0.015779852107918046,0.0036575514856889567,1.1007804105149959,1.0697644375495883,mlp
0.8200000000000001,0.037138273750393594,0.1510970415386902,-18.45245388386742,0.015876979914474055,0.0036952023440659653,1.104153738627743,1.0724256240607979,mlp
0.8240000000000001,0.037144422129448476,0.15662602064987977,-18.450642543742774,0.01597358395018054,0.003732927182943588,1.1075060159808285,1.075069984756236,mlp
0.8280000000000001,0.03718850906923599,0.16218687286701988,-18.448837132455274,0.01606987178376259,0.0037707089575010695,1.1108363401381804,1.0776962992185435,mlp
0.8320000000000001,0.03727318454701493,0.16777407971600858,-18.447022443601114,0.01616665441695121,0.0038089107064188856,1.1141437692302776,1.080303373697312,mlp
0.836,0.037400696320148356,0.1733806883661597,-18.44517625148556,0.01626511721067241,0.003848160198131181,1.1174272695329912,1.0828900409968023,mlp
0.84,0.037572837376647274,0.1789989810464089,-18.443274535437773,0.01636654125714728,0.00388919858665783,1.1206856686794062,1.0854551603382319,mlp
0.844,0.03779092181798385,0.1846212173162753,-18.441296734090752,0.01647202315386461,0.003932719431946425,1.1239176224416016,1.0879976171987351,mlp
0.848,0.0380557927238296,0.19024033484634723,-18.43923018742442,0.01658223809650676,0.003979224114617926,1.1271216019317922,1.0905163231289994,mlp
0.852,0.038367862717211126,0.19585051532977574,-18.437073090247537,0.01669728236117168,0.004028915885700291,1.1302959059243436,1.0930102155514954,mlp
0.856,0.03872718462475228,0.20144755063484526,-18.434835522366225,0.01681661836248959,0.0040816483878082545,1.1334387000047768,1.0954782575411446,mlp
0.86,0.039133546130079404,0.20702897654599334,-18.432538404017496,0.016939130363390512,0.004136936390957013,1.1365480807079629,1.0979194375901657,mlp
0.864,0.039586579100927985,0.21259397437986172,-18.43021051817004,0.017063283284461706,0.00419402762537318,1.1396221591078055,1.10033276935877,mlp
0.868,0.04008587186805794,0.2181430717246181,-18.427884013705235,0.017187362532379367,0.004252025886385522,1.1426591549541334,1.1027172914132803,mlp
0.872,0.040631071671725964,0.22367769978930688,-18.425589025846403,0.017309760908059257,0.004310047984106912,1.14565748997564,1.1050720669531833,mlp
0.876,0.04122196515067792,0.22919968339887573,-18.423348194370867,0.01742927096634669,0.004367391584299457,1.1486158679206282,1.1073961835285253,mlp
0.88,0.04185852723042514,0.23471074767715802,-18.421171902467464,0.017545338941589664,0.004423688426570083,1.1515333296810977,1.1096887527490036,mlp
0.884,0.042540932802978264,0.2402121209674687,-18.419054986081886,0.01765824024782,0.004479018429929126,1.154409274537137,1.111948909986016,mlp
0.888,0.043269530549451596,0.2457042963962375,-18.416975477974628,0.017769146461794935,0.004533964929035543,1.157243442873555,1.1141758140688656,mlp
0.892,0.04404478327786298,0.2511869869191642,-18.41489567493784,0.017880068405219357,0.0045895992111262334,1.1600358609854455,1.1163686469762464,mlp
0.896,0.04486718335411986,0.256659275191371,-18.41276549096153,0.01799367731064173,0.004647392501761883,1.1627867538893362,1.1185266135240692,mlp
0.9,0.045737154533270555,0.2621199260397166,-18.410527734186985,0.018113023386184934,0.004709064017444065,1.165496436466251,1.1206489410506164,mlp
0.904,0.04665495246039127,0.26756780158086124,-18.408124671126203,0.018241185726636622,0.0047763830281717,1.1681651960819859,1.1227348790999585,mlp
0.908,0.04762057541288371,0.27300230171986817,-18.405505056542246,0.018380897389489066,0.004850949691861334,1.1707931807345917,1.1247836991045037,mlp
0.912,0.04863369490238153,0.278423748326506,-18.402630732573357,0.018534193444462038,0.004933982891916708,1.1733803058397536,1.1267946940674922,mlp
0.916,0.049693613074066244,0.2838336399289655,-18.39948193859412,0.018702127783167075,0.00502614317168184,1.1759261903392517,1.1287671782461943,mlp
0.92,0.05079925091723909,0.2892347234548234,-18.3960606117449,0.018884597092276075,0.005127415350796093,1.1784301293838058,1.1307004868365214,mlp
0.924,0.05194916845627185,0.29463085731025185,-18.392391176371593,0.019080298750403252,0.0052370690755278206,1.1808911068441816,1.1325939756597052,mlp
0.928,0.05314161545359654,0.3000266722870605,-18.388518595433027,0.01928683475221487,0.005353707074931691,1.1833078466732943,1.1344470208516595,mlp
0.932,0.05437460869951229,0.3054270696813154,-18.384503765469866,0.019500957308127623,0.005475400963449869,1.185678897899355,1.1362590185555888,mlp
0.936,0.05564602959919507,0.3108366258804726,-18.38041665690102,0.019718934692247097,0.005599903757306336,1.1880027439708256,1.1380293846183682,mlp
0.9400000000000001,0.056953733465936504,0.3162589957257269,-18.376327909170456,0.019936999497627134,0.005724917665970999,1.1902779235786995,1.1397575542911842,mlp
0.9440000000000001,0.05829565983635985,0.32169641914712005,-18.372299855589855,0.020151827307508467,0.00584838622721892,1.1925031474081875,1.1414429819348815,mlp
0.9480000000000001,0.05966993162922598,0.32714943276367187,-18.368378136609472,0.02036098398396955,0.00596877286164596,1.1946773941680122,1.143085140730426,mlp
0.9520000000000001,0.061074930688922925,0.3326168668462175,-18.36458511574578,0.02056327681565024,0.006085285121409266,1.1967999704354286,1.1446835223948737,mlp
0.9560000000000001,0.06250933886589281,0.33809616693609246,-18.36091619272832,0.020758951148350142,0.006198007009894259,1.1988705228856904,1.1462376369031817,mlp
0.96,0.06397213773522067,0.3435840213909843,-18.357339783626653,0.020949691444917026,0.00630791190576309,1.2008889983718727,1.1477470122161937,mlp
0.964,0.0654625662083805,0.34907720994201913,-18.353801216683394,0.021138413509141758,0.006416745658234646,1.2028555562885959,1.1492111940150844,mlp
0.968,0.06698004271024592,0.3545735285044235,-18.35023014159939,0.021328869327036776,0.006526791173819007,1.204770447001185,1.1506297454425356,mlp
0.972,0.0685240655999573,0.36007260932539886,-18.346550394504717,0.021525120939247872,0.006640548077568549,1.2066338775743182,1.1520022468508853,mlp
0.976,0.07009411016342054,0.36557645765346947,-18.3426907602028,0.021730966459281933,0.006760378383239144,1.2084458894113332,1.1533282955574728,mlp
0.98,0.07168954128937872,0.3710895719955929,-18.338594871047004,0.02194941213763484,0.006888176604493498,1.2102062704574021,1.154607505607385,mlp
0.984,0.07330955743406815,0.37661859723278834,-18.33422864977348,0.022182275413874738,0.007025117827980859,1.2119145175725698,1.1558395075437782,mlp
0.988,0.07495317457182268,0.38217155887292764,-18.329584207288327,0.0224299770363184,0.007171520973957699,1.2135698543167974,1.1570239481859501,mlp
0.992,0.07661925041450877,0.3877568169175361,-18.324679812192674,0.022691542687347997,0.007326841189516693,1.2151712984107164,1.1581604904153064,mlp
0.996,0.07830654145149789,0.393381936082746,-18.319556271649354,0.02296479600231391,0.007489781242877949,1.2167177642283995,1.1592488129693557,mlp
1.0,0.0800137800484038,0.39905268225549134,-18.314270631920458,0.023246694538184696,0.007658492692912275,1.2182081806535754,1.1602886102438554,mlp
1.004,0.08173975675629906,0.40477232316138984,-18.308888417261166,0.023533743695905773,0.007830827061792944,1.2196416040058957,1.1612795921032149,mlp
1.008,0.08348339395788769,0.41054134600037107,-18.30347566043516,0.023822421756185496,0.008004595888766676,1.2210173088510468,1.162221483699254,mlp
1.012,0.08524380016057317,0.4163576244966261,-18.298091792076384,0.024109559110508588,0.008177804576349215,1.222334844968022,1.1631140252983974,mlp
1.016,0.08702029852393142,0.4222169909598171,-18.29278414252185,0.024392631494378956,0.008348835239829629,1.2235940550327489,1.1639569721173908,mlp
1.02,0.0888124275731883,0.42811410955962437,-18.28758446299958,0.024669945522482698,0.00851656515392535,1.2247950534463212,1.1647500941675957,mlp
1.024,0.09061991580847517,0.43404351217832937,-18.28250756380989,0.024940711318439758,0.008680417471150295,1.2259381714233863,1.165493176107927,mlp
1.028,0.09244263473581171,0.44000064834402125,-18.277551932732628,0.02520500953334812,0.008840348412043316,1.227023876663471,1.1661860171064884,mlp
1.032,0.09428053666777224,0.4459828115152655,-18.272702044539784,0.025463668172760377,0.008996779878733705,1.2280526776948844,1.1668284307109442,mlp
1.036,0.09613358458546349,0.45198982881590066,-18.26793198908165,0.025718069100299838,0.009150488903517823,1.2290250235309936,1.1674202447276738,mlp
1.04,0.09800168159527556,0.45802443366456214,-18.263210008497744,0.025969906055008672,0.009302466321052593,1.2299412088973467,1.1679613011097403,mlp
1.044,0.09988460721842447,0.4640922755791783,-18.258503520793894,0.026220916729375245,0.009453757369999607,1.230801294248735,1.1684514558537042,mlp
1.048,0.10178196703577291,0.4702015558686418,-18.253784199779503,0.026472611841508634,0.009605297222461302,1.2316050483252183,1.168890578905306,mlp
1.052,0.10369316113670003,0.4763623110965598,-18.249032671074254,0.026726024683446203,0.00975775504145408,1.2323519192621257,1.1692785540740422,mlp
1.056,0.10561737540285397,0.4825853986913206,-18.24424237129498,0.02698150529949668,0.009911401057556363,1.2330410383656194,1.1696152789566532,mlp
1.06,0.10755359787575848,0.4888812719266834,-18.23942211358656,0.027238583659017664,0.01006601194096925,1.2336712586002776,1.1699006648695374,mlp
1.064,0.10950066027820919,0.4952586649800972,-18.234596928107234,0.027495924830889612,0.010220829666241849,1.2342412275177645,1.1701346367901033,mlp
1.068,0.11145730216685022,0.5017233409632842,-18.229806829231073,0.027751394732192913,0.010374587075211515,1.2347494916068338,1.170317133307077,mlp
1.072,0.11342225223586114,0.5082770812125984,-18.225103332315722,0.028002245899112498,0.010525608295502148,1.235194625652465,1.1704481065797634,mlp
1.076,0.11539431815010834,0.5149171029317053,-18.220543823058836,0.028245417785531222,0.0106719832121144,1.2355753765360475,1.170527522306279,mlp
1.08,0.11737247334840449,0.5216360712882215,-18.216184267106996,0.02847792558078482,0.010811802339797305,1.2358908061610796,1.1705553597007536,mlp
1.084,0.11935592716783183,0.5284228082267886,-18.21207118734145,0.028697288084341067,0.010943423272521948,1.2361404135487564,1.170531611479509,mlp
1.088,0.12134416426773667,0.5352636873994614,-18.208234225584533,0.02890192441162497,0.011065725928705058,1.2363242130041103,1.1704562838562116,mlp
1.092,0.12333694160189408,0.5421445520165229,-18.204680793210464,0.029091439292499213,0.011178306228026277,1.2364427456033835,1.1703293965460082,mlp
1.096,0.12533423674647096,0.5490528313605764,-18.20139414981066,0.029266725541629842,0.011281561886083605,1.2364970071950636,1.1701509827786354,mlp
1.1,0.12733615016496377,0.5559794140002582,-18.19833565516964,0.029429843954063232,0.011376642455203102,1.236488288860699,1.1699210893205054,mlp
1.104,0.1293427747885028,0.5629198195529204,-18.195450994654667,0.029583691287094534,0.01146526622146313,1.2364179444948449,1.1696397765057667,mlp
1.108,0.13135405669854391,0.5698743349674521,-18.192679136886486,0.029731522521641324,0.011549440776001518,1.2362871211101278,1.169307118276326,mlp
1.112,0.1333696774863215,0.5768470381763514,-18.189962009432158,0.029876434829410256,0.011631150053079046,1.2360965043933285,1.1689232022308356,mlp
1.116,0.13538898893357937,0.5838439558062425,-18.187252692714157,0.030020930567899437,0.011712077886245686,1.2358461380041919,1.1684881296826308,mlp
1.12,0.13741102232644048,0.5908708840442255,-18.184520444471264,0.030166649311289435,0.011793423077232879,1.2355353654553172,1.1680020157266058,mlp
1.124,0.13943457877091875,0.5979315330139937,-18.18175190172499,0.030314303746078804,0.011875829260171517,1.2351629183821897,1.1674649893150204,mlp
1.1280000000000001,0.14145838685208528,0.6050265725962716,-18.178948971005838,0.03046379219145215,0.011959417053141498,1.2347271405603937,1.1668771933422188,mlp
1.1320000000000001,0.14348129525300293,0.6121538770597641,-18.176124776317824,0.03061441470611441,0.01204387979350028,1.2342263030275604,1.1662387847382418,mlp
1.1360000000000001,0.1455024559945686,0.6193098778180978,-18.173299301739334,0.030765105481057323,0.012128596304490489,1.2336589422495425,1.1655499345713098,mlp
1.1400000000000001,0.1475214524552175,0.6264915692037526,-18.17049600958269,0.030914613202943145,0.012212725258120257,1.233024147082876,1.1648108281591567,mlp
1.1440000000000001,0.14953833606783504,0.6336984936928374,-18.167739944123056,0.031061602187755506,0.012295268901869291,1.2323217324800209,1.1640216651891757,mlp
1.1480000000000001,0.15155355451930255,0.6409340317812027,-18.165056988171163,0.031204692029938638,0.012375118302142744,1.231552264459955,1.1631826598473538,mlp
1.1520000000000001,0.15356777840515518,0.6482055370317923,-18.162473363918608,0.031342484223767855,0.012451107337012707,1.2307169346828088,1.162294040955945,mlp
1.156,0.1555816577279829,0.6555232199560317,-18.160014376692803,0.03147362916255162,0.01252210209582883,1.22981731607701,1.1613560521198454,mlp
1.16,0.15759555928257815,0.6628980816180265,-18.157701817618367,0.03159696466225176,0.01258713597277439,1.2288550563045522,1.1603689518816152,mlp
1.164,0.15960934600607576,0.6703395041220508,-18.155550201652456,0.031711716597997694,0.012645574712925595,1.2278315781456588,1.1593330138850835,mlp
1.168,0.16162225592388108,0.677853220879296,-18.15356281447709,0.031817709734813474,0.01269727048091301,1.2267478523091009,1.1582485270474845,mlp
1.172,0.1636329198263189,0.6854402730374403,-18.151729033607637,0.0319155106006918,0.012742650947516147,1.2256042891007548,1.157115795740029,mlp
1.176,0.16563952556002806,0.693097244327574,-18.150024328519596,0.032006427479831935,0.012782696095064638,1.2244007650212154,1.1559351399768454,mlp
1.18,0.16764009969654317,0.7008176597957979,-18.14841368863885,0.03209232758795224,0.012818782366828667,1.2231367664767931,1.154706895612181,mlp
1.184,0.16963284464379033,0.7085940750516846,-18.14685817541413,0.03217528763121414,0.01285241308512044,1.221811604843313,1.1534314145457674,mlp
1.188,0.17161645146229443,0.7164201946910835,-18.14532321997821,0.03225715126782329,0.012884892125264327,1.2204246431622172,1.1521090649362193,mlp
1.192,0.17359031228737884,0.724292397802597,-18.14378659210014,0.032339104100635056,0.012917020615846585,1.2189754783262217,1.1507402314223452,mlp
1.196,0.1755545810324177,0.7322102845023651,-18.14224391117488,0.03242137976005422,0.012948895251429579,1.2174640413826285,1.1493253153522145,mlp
1.2,0.17751006956584217,0.7401761909953501,-18.140710175944836,0.032503178319535905,0.012979861795510498,1.2158906053589393,1.147864735019818,mlp
1.204,0.17945800704234463,0.7481939292117369,-18.139216839148396,0.032582822313086374,0.013008637116386732,1.2142557157513332,1.146358925909143,mlp
1.208,0.18139972074244365,0.7562671943878229,-18.137805092570726,0.03265811486302883,0.013033570872139747,1.21256007604539,1.144808340945462,mlp
1.212,0.1833363099366358,0.7643981113636129,-18.136516910359923,0.032726817365996454,0.013052986339934243,1.2108044258407118,1.1432134507536127,mlp
1.216,0.185268378486397,0.772586279619064,-18.1353858051525,0.032787142495638855,0.013065526482834527,1.2089894432396866,1.1415747439230282,mlp
1.22,0.18719587148720013,0.7808284895830658,-18.134429144286834,0.03283816400130097,0.013070437025566504,1.2071156902386844,1.1398927272792512,mlp
1.224,0.1891180339763061,0.7891190889900332,-18.133643370686123,0.03288007159223181,0.013067738239967456,1.205183605112461,1.1381679261616438,mlp
1.228,0.1910334835264645,0.7974508318464469,-18.133002775364144,0.03291423640342095,0.013058263678093316,1.203193533535014,1.1364008847069682,mlp
1.232,0.1929403691606073,0.8058159688852523,-18.132461774361204,0.03294308955998394,0.013043569894197013,1.201145782822698,1.1345921661385017,mlp
1.236,0.1948365789495943,0.8142073350425327,-18.131960090214,0.0329698458343083,0.013025741303171332,1.199040681598833,1.1327423530602965,mlp
1.24,0.19671995750317156,0.8226192371839909,-18.131429885945963,0.03299812316960517,0.013007126721774719,1.1968786293399372,1.1308520477561845,mlp
1.244,0.1985885001569199,0.8310480192410779,-18.130803743298635,0.033031517177630886,0.012990049144743778,1.1946601250485542,1.1289218724930754,mlp
1.248,0.20044050021377285,0.8394922603074869,-18.13002237843935,0.03307318963756216,0.012976529415710685,1.1923857701179665,1.1269524698280675,mlp
1.252,0.2022746365609799,0.8479526292454501,-18.129041105016615,0.03312552380245908,0.01296805930544288,1.1900562460828532,1.1249445029188498,mlp
1.256,0.20408999940248934,0.8564314692154169,-18.127834255490228,0.03318988859687458,0.012965451330197756,1.187672272584556,1.1228986558368312,mlp
1.26,0.2058860604363727,0.8649322148560654,-18.126397040360644,0.03326653945874591,0.012968782183813332,1.185234554066916,1.1208156338823878,mlp
1.264,0.207662599854961,0.873458754365344,-18.12474464952185,0.033354666266858714,0.012977434511897054,1.1827437252557373,1.1186961639015809,mlp
1.268,0.2094196058067192,0.8820148408530212,-18.122908760929622,0.033452579543721286,0.012990228776743771,1.180200305344891,1.1165409946036304,mlp
1.272,0.211157162574775,0.8906036353867003,-18.12093198259067,0.033558006880443754,0.013005624526505723,1.1776046691614983,1.1143508968784008,mlp
1.276,0.2128753421522696,0.8992274323920868,-18.11886106109093,0.033668455145672384,0.0130219603470821,1.1749570407183947,1.1121266641130845,mlp
1.28,0.21457411080050923,0.907887581759512,-18.11673988395508,0.03378158369010366,0.0130376960744874,1.1722575109384317,1.1098691125072162,mlp
1.284,0.2162532583175925,0.9165845871293143,-18.114603336424675,0.03389553198236938,0.013051620890595103,1.1695060775138717,1.1075790813850956,mlp
1.288,0.2179123538187182,0.9253183321812695,-18.112472927700303,0.03400915287425949,0.013062997054124618,1.1667027014427802,1.1052574335046301,mlp
1.292,0.219550728357843,0.9340883707216857,-18.110354798275438,0.03412211887540217,0.013071620249235947,1.1638473723024299,1.1029050553615425,mlp
1.296,0.22116748200356084,0.942894213850264,-18.108240315427402,0.034234890393999344,0.013077791744052977,1.1609401731611118,1.1005228574878283,mlp
1.3,0.22276151111349893,0.9517355575447604,-18.106109036051905,0.03434855772024554,0.013082212020936755,1.157981336346188,1.098111774743269,mlp
1.304,0.22433155048045975,0.9606124132869354,-18.103933443703365,0.03446458838619352,0.013085817638366864,1.1549712829665142,1.09567276659874,mlp
1.308,0.22587622462798573,0.9695251282008257,-18.101684611917833,0.03458452512427569,0.013089590851963753,1.1519106417848153,1.093206817409978,mlp
1.312,0.227394102676499,0.9784743047513219,-18.099337843200473,0.034709685123704766,0.013094373987627786,1.1488002462481959,1.0907149366803903,mlp
1.316,0.2288837517617501,0.9874606492273951,-18.096877387621014,0.03484090837405853,0.013100717759381583,1.1456411116645662,1.088198159311414,mlp
1.32,0.23034378486211343,0.9964847900315598,-18.094299536966076,0.03497839264513883,0.013108785515866903,1.1424343971705975,1.0856575458388509,mlp
1.324,0.23177289998617057,1.0055471095388222,-18.091613682227063,0.03512163708806789,0.013118325190833694,1.1391813589192405,1.0830941826535172,mlp
1.328,0.23316990888723663,1.014647626666502,-18.08884126556379,0.03526949813011505,0.013128709223803313,1.1358833016381251,1.0805091822044708,mlp
1.332,0.23453375469163845,1.0237859524673658,-18.086012899855934,0.035420343097393635,0.013139031683932175,1.1325415353595358,1.0779036831829825,mlp
1.336,0.2358635189226929,1.0329613207128099,-18.083164217441382,0.03557227161371548,0.013148242942107691,1.129157342829828,1.075278850685339,mlp
1.34,0.23715841924307982,1.042172673649915,-18.08033119924474,0.03572336471174919,0.013155296868579821,1.1257319611181973,1.072635876352478,mlp
1.344,0.23841779972385932,1.051418764824059,-18.077545794198194,0.03587191846204274,0.01315928456607848,1.1222665785909984,1.0699759784843672,mlp
1.348,0.23964111553992273,1.0606982308559008,-18.074832554661526,0.036016623415857874,0.013159532278489644,1.1187623460723126,1.0673004021269483,mlp
1.352,0.24082791373764648,1.070009585781961,-18.07220679916368,0.03615666259150406,0.013155648741344794,1.1152203990459169,1.0646104191293906,mlp
1.356,0.2419778112594468,1.0793511059559613,-18.069674507063244,0.0362917170924016,0.013147517487039786,1.1116418864788424,1.061907328169311,mlp
1.36,0.24309047094082906,1.0887205984205788,-18.067233808463666,0.03642188664557064,0.013135240536231057,1.1080280014479669,1.059192454743534,mlp
1.364,0.2441655759189086,1.0981150760847396,-18.064877624181094,0.03654754880447029,0.013119049337473033,1.1043800092367444,1.0564671511218884,mlp
1.368,0.24520280293794083,1.1075303921528588,-18.062596797715216,0.036669191911886646,0.01309920483748586,1.1006992697510307,1.0537327962614682,mlp
1.372,0.24620179541190587,1.1169609070213775,-18.06038298895831,0.03678726077001521,0.013075909916532293,1.0969872526295272,1.0509907956787068,mlp
1.3760000000000001,0.24716213767138817,1.1263992677690562,-18.058230684273738,0.036902049437129915,0.01304925381172519,1.0932455448693799,1.048242581276559,mlp
1.3800000000000001,0.24808333234688518,1.135836370755917,-18.05613790298408,0.03701366354851688,0.013019200335007234,1.089475851774388,1.0454896111240217,mlp
1.3840000000000001,0.24896478307308773,1.1452615525301097,-18.054105498912822,0.037122057567286884,0.012985621346425915,1.0856799923570262,1.0427333691851803,mlp
1.3880000000000001,0.24980578447031931,1.1546630173448438,-18.05213529855506,0.03722713408114546,0.012948366308948866,1.0818598900242977,1.0399753649949246,mlp
1.3920000000000001,0.25060552065392083,1.1640284676464459,-18.050227608670284,0.03732887672971729,0.012907350153020074,1.0780175587223928,1.0372171332784494,mlp
1.3960000000000001,0.25136307248835543,1.173345864511081,-18.04837879911727,0.03742747911898898,0.012862637009239281,1.0741550841139413,1.0344602335116408,mlp
1.4000000000000001,0.25207743270296573,1.1826042153547554,-18.04657967993302,0.03752343137640902,0.012814497660823893,1.0702745992100717,1.0317062494194373,mlp
1.4040000000000001,0.25274752710464854,1.191794271757604,-18.04481523804333,0.037617534192878645,0.012763423776271094,1.0663782544144291,1.0289567884092672,mlp
1.408,0.2533722396657831,1.2009090237838635,-18.04306600811832,0.03771082571103985,0.01271009100821816,1.0624681831452625,1.0262134809366925,mlp
1.412,0.253950439294751,1.2099438987589974,-18.041310983281946,0.037804426288674,0.012655274009372995,1.0585464658170307,1.0234779798004279,mlp
1.416,0.25448100651095495,1.2188966095549705,-18.03953160073639,0.03789932593376413,0.012599727090527086,1.0546150965374494,1.0207519593639593,mlp
1.42,0.2549628588204932,1.2277666455776193,-18.03771604212151,0.03799615495382089,0.012544052504653474,1.0506759579075948,1.0180371147010798,mlp
1.424,0.2553949740440778,1.2365544531050452,-18.035862932603038,0.03809498667275349,0.01248858254711613,1.0467308093798737,1.0153351606627528,mlp
1.428,0.25577641094307374,1.245260403786439,-18.0339835461393,0.03819521981758301,0.01243330091052881,1.0427812935024672,1.0126478308628406,mlp
1.432,0.2561063261018777,1.2538836936760582,-18.032101835963417,0.03829557689273794,0.0123778229657614,1.0388289620962885,1.0099768765803914,mlp
1.436,0.2563839852217593,1.262421342320655,-18.030251983557655,0.038394234900379,0.012321444658761296,1.034875321299885,1.007324065576344,mlp
1.44,0.25660876604489546,1.2708674644091407,-18.028473636753542,0.03848907930636625,0.012263257109182281,1.0309218910669098,1.0046911808227268,mlp
1.444,0.2567801495243156,1.2792129592068926,-18.026805499834282,0.038578045898735515,0.012202310994127387,1.0269702718555196,1.0020800191426398,mlp
1.448,0.25689769612596813,1.2874457033996,-18.025278341561048,0.038659493689986606,0.012137803945818117,1.0230222096354533,0.9994923897595903,mlp
1.452,0.2569610057163012,1.295551245958365,-18.023908702475218,0.03873254052495269,0.012069257879375966,1.019079650435479,0.9969301127550233,mlp
1.456,0.2569696624332383,1.3035139028602287,-18.02269454500417,0.03879729507330632,0.011996653041327335,1.015144777487427,0.9943950174332211,mlp
1.46,0.25692316983168073,1.3113180564855198,-18.021613790124825,0.03885493487354799,0.011920491989134042,1.0112200270895708,0.9918889405930962,mlp
1.464,0.2568208855030454,1.318949404062682,-18.02062618050967,0.03890760696601054,0.011841778508874341,1.0073080827142298,0.9894137247067745,mlp
1.468,0.25666196708889794,1.3263958920761296,-18.019678313522984,0.038958159468536584,0.011761911201215709,1.0034118496692195,0.9869712160052964,mlp
1.472,0.2564453420827106,1.3336481272634415,-18.018711128639417,0.03900974225067427,0.011682506088984784,0.9995344141879995,0.9845632624721864,mlp
1.476,0.2561697115442756,1.3406991611761894,-18.017668720558333,0.03906533690466305,0.011605174428744888,0.9956789911828278,0.982191711746133,mlp
1.48,0.25583359311792087,1.347543680635386,-18.016507136052855,0.03912728758389577,0.011531289289104473,0.9918488646468566,0.9798584089345049,mlp
1.484,0.2554354025008389,1.3541767693058333,-18.015201796017966,0.039196905163511944,0.01146177697237074,0.9880473246863408,0.9775651943399701,mlp
1.488,0.2549735660143887,1.3605925063174584,-18.013752324110907,0.039274209714965154,0.011396967469598097,0.9842776060426243,0.9753139011030206,mlp
1.492,0.25444665134193317,1.3667827160375885,-18.012183816846388,0.03935786276815252,0.011336532546711447,0.9805428347780456,0.9731063527637906,mlp
1.496,0.25385349959534437,1.3727361707902885,-18.010543938733424,0.0394453222362135,0.01127953111944265,0.9768459918931109,0.9709443607471373,mlp
1.5,0.25319334008197203,1.3784384784816277,-18.00889568265187,0.03953322852570017,0.011224569157820947,0.9731899038090118,0.9688297217755579,mlp
1.504,0.25246586973472124,1.3838727700338354,-18.007306224476835,0.039617998951864505,0.01117006523100691,0.9695772685198433,0.9667642152151366,mlp
1.508,0.25167128245363907,1.3890211520972426,-18.005833020010545,0.03969656922970903,0.011114593418235365,0.9660107217644599,0.964749600360333,mlp
1.512,0.2508102398887609,1.3938667275981134,-18.004509071587922,0.03976717924875092,0.011057254738388757,0.9624929396330796,0.9627876136640439,mlp
1.516,0.24988378433074987,1.3983958348757124,-18.003329967850824,0.03983006427954681,0.010998010740735581,0.9590267637503932,0.9608799659199915,mlp
1.52,0.2488932051547555,1.4026000472021132,-18.002245628870906,0.03988789523029351,0.010937904587282846,0.9556153251241802,0.9590283394050981,mlp
1.524,0.2478398800619768,1.4064774448995614,-18.001159410262822,0.039945826427075684,0.010879102265802151,0.9522621364726417,0.9572343849900975,mlp
1.528,0.2467251177131519,1.4100327538632498,-17.99993616992421,0.04001106539116688,0.010824713427041829,0.9489711238256571,0.9554997192272013,mlp
1.532,0.24555002654986574,1.4132761478937523,-17.998419127381105,0.040091973681116624,0.010778396181688337,0.945746578333888,0.953825921424183,mlp
1.536,0.2443154256580591,1.416220812081434,-17.996453166729392,0.04019682407912383,0.010743804489483486,0.9425930275151437,0.9522145307147418,mlp
1.54,0.24302180099055362,1.4188796946132574,-17.993910190546696,0.04033244839319449,0.010723986403154865,0.939515047362612,0.9506670431354699,mlp
1.544,0.24166929994425007,1.4212621439034647,-17.990710840431205,0.040503079037648805,0.010720870795533431,0.9365170563161199,0.9491849087201613,mlp
1.548,0.24025775424876125,1.4233712497957987,-17.98683687237955,0.04070968901823489,0.010734977226979244,0.9336031422902241,0.9477695286225538,mlp
1.552,0.23878672660753217,1.4252026263197317,-17.982329976387547,0.04095005488625301,0.010765443517474793,0.9307769699430839,0.9464222522788907,mlp
1.556,0.23725558660697182,1.4267450810554736,-17.977275786244245,0.04121960954273482,0.010810392632082886,0.9280417959837868,0.9451443746219091,mlp
1.56,0.235663628261856,1.4279831553892435,-17.971775763133387,0.04151294176773122,0.010867568416379135,0.9254005890668309,0.9439371333580224,mlp
1.564,0.2340102373227533,1.4289009827897132,-17.965913637100616,0.04182558599444493,0.0109350813656515,0.9228562161988744,0.9428017063195231,mlp
1.568,0.23229509838000245,1.4294864357626027,-17.95972585694873,0.04215559830224016,0.011012050186594747,0.920411631798275,0.9417392089036364,mlp
1.572,0.2305184061248359,1.429734283207428,-17.95318568361316,0.04250440476317977,0.011098930107717316,0.918070000582959,0.9407506916101425,mlp
1.576,0.2286810260159761,1.429647212105891,-17.946207404023195,0.04287657670455404,0.011197397307939269,0.9158347066832472,0.9398371376891121,mlp
1.58,0.22678455107700538,1.4292341453443878,-17.938671148617765,0.04327850711860113,0.011309794804693647,0.9137092422727496,0.9389994609100106,mlp
1.584,0.2248312268331256,1.4285062095333432,-17.930461895177594,0.043716330474726776,0.011438293721047408,0.9116970123378063,0.9382385034630667,mlp
1.588,0.22282375364394552,1.4274716909255365,-17.921511039511294,0.04419370563393903,0.011584028605677716,0.9098011191469707,0.937555034003337,mlp
1.592,0.22076500586531,1.426131987829735,-17.911827416411423,0.04471016141106182,0.011746485971922604,0.9080241914212122,0.9369497458473485,mlp
1.596,0.21865771862001737,1.4244805990423808,-17.901507412817903,0.0452605572103234,0.011923354000453084,0.906368304004668,0.936423255331567,mlp
1.6,0.21650418933252125,1.4225064212658698,-17.890720014882174,0.045835880508904074,0.012110900343112968,0.9048350070850715,0.935976100341224,mlp
1.604,0.21430603690437866,1.4202011283336802,-17.87967066028684,0.046425174717836436,0.012304772244007745,0.9034254611275617,0.9356087390172314,mlp
1.608,0.2120640672434138,1.417568504332063,-17.86855547687056,0.047017979769201294,0.012500956511575078,0.9021406579903589,0.9353215486480582,mlp
1.612,0.2097783051542728,1.4146319580765596,-17.85752213489816,0.04760641997839254,0.012696553411264,0.9009816952390475,0.9351148247525004,mlp
1.616,0.2074482480724372,1.4114359788319852,-17.84665226256472,0.04818614187641511,0.012890063641257344,0.8999500516872757,0.9349887803582976,mlp
1.62,0.2050733511144499,1.4080388296517337,-17.83597181321353,0.048755761296006485,0.013081081544237748,0.899047787209133,0.9349435454805095,mlp
1.624,0.20265365760146486,1.4044974001434005,-17.82548215355103,0.049315205346738104,0.013269576210626266,0.8982775757625141,0.9349791668024985,mlp
1.6280000000000001,0.20019037539818824,1.4008496412682216,-17.815192463236194,0.04986398445070505,0.013455186755713664,0.8976425089370937,0.9350956075612592,mlp
1.6320000000000001,0.19768613782697667,1.3971029818107807,-17.80513168005439,0.05040055527167093,0.01363698893963017,0.8971456995496722,0.9352927476377264,mlp
1.6360000000000001,0.19514475662558112,1.3932360853572523,-17.79533056135773,0.0509232774306141,0.013813916513823642,0.8967898459295154,0.9355703838515641,mlp
1.6400000000000001,0.1925704968516003,1.389215415347907,-17.78578702320221,0.051432262070327646,0.013985544298720076,0.8965770031326903,0.9359282304588253,mlp
1.6440000000000001,0.18996719210047022,1.3850196045226988,-17.77644581388857,0.05193045592458932,0.01415257257310527,0.896508743924607,0.9363659198497675,mlp
1.6480000000000001,0.18733768385601982,1.3806586490896349,-17.767219676867754,0.052422512638877504,0.014316438067109227,0.8965866477760012,0.9368830034430331,mlp
1.6520000000000001,0.18468393971127575,1.376176387812489,-17.75805011601816,0.052911551981446925,0.014478074013396083,0.8968127534544631,0.9374789527713695,mlp
1.6560000000000001,0.18200779938234726,1.3716340839738455,-17.748971241817074,0.05339575474136071,0.01463655375988075,0.89718950929075,0.9381531607530598,mlp
1.6600000000000001,0.1793118794000998,1.3670845797687932,-17.74012969050012,0.05386730038179666,0.014788590027440068,0.8977190607844056,0.938904943142311,mlp
1.6640000000000001,0.17660006963827973,1.362552271599058,-17.731739858269794,0.05431475452987269,0.014929370901484133,0.8984023117536064,0.9397335401509602,mlp
1.668,0.1738773749184045,1.358029848723384,-17.72399809877886,0.05472764507434679,0.015054332446209342,0.8992385858215522,0.9406381182330606,mlp
1.672,0.17114932433273347,1.3534916172862317,-17.717007587201017,0.0551004693832017,0.01516084658534651,0.900226405965536,0.9416177720231805,mlp
1.676,0.16842138182974026,1.3489132642509005,-17.710756224358754,0.055433872740755,0.015248880402468945,0.901364989690122,0.9426715264186055,mlp
1.68,0.16569860321631813,1.3442854282915782,-17.70515196093594,0.05573276440468901,0.015320379235457449,0.9026552997172574,0.9437983387950661,mlp
1.684,0.16298547589059076,1.3396141107086876,-17.70008315347728,0.05600309864510184,0.015377930289193188,0.9040996831079693,0.9449971013451575,mlp
1.688,0.16028582603798064,1.3349104555655096,-17.69546340882357,0.05624948306038046,0.015423597842699628,0.9057002416048385,0.9462666435282212,mlp
1.692,0.15760289337513567,1.330179325235205,-17.691244059325637,0.056474513237766956,0.015458470080325304,0.9074571465564396,0.9476057346201849,mlp
1.696,0.1549397688611281,1.3254155590111054,-17.687407631287204,0.056679121100292176,0.015482798599178303,0.909368135892597,0.949013086351648,mlp
1.7,0.15230011104528363,1.3206097387563847,-17.683962082836562,0.056862882217834476,0.015496296801174437,0.9114294096754582,0.9504873556224017,mlp
1.704,0.1496886911968792,1.3157582747401053,-17.68093710596479,0.05702421303017368,0.015498398507128855,0.9136371024273473,0.9520271472805428,mlp
1.708,0.14711134993363628,1.3108712148336898,-17.678369084512422,0.0571611730813005,0.015488606544717887,0.9159883424434375,0.95363101695441,mlp
1.712,0.14457439891874058,1.305974596582122,-17.6762703021871,0.057273107245368764,0.015467016955402703,0.918481481243605,0.9552974739257076,mlp
1.716,0.14208390788917905,1.3011079928286502,-17.674598320142394,0.05736227890945852,0.015434792193815727,0.9211156738292164,0.9570249840324043,mlp
1.72,0.13964531799472904,1.2963194851844615,-17.673248583237456,0.0574342643032478,0.015394207098144963,0.923890194797862,0.958811972590273,mlp
1.724,0.13726350627880657,1.2916600034390502,-17.67207993456684,0.057496591734947956,0.01534809907316808,0.9268037838334122,0.9606568273222909,mlp
1.728,0.13494312096881086,1.2871781703906588,-17.67096168668351,0.057556231146110984,0.01529893121872129,0.9298541752285752,0.9625579012855249,mlp
1.732,0.13268891871136748,1.2829162584370244,-17.669818455509347,0.05761720298881833,0.015247923127604899,0.9330378868106886,0.9645135157855802,mlp
1.736,0.1305059366074878,1.2789076336043264,-17.668651408590364,0.05767944499444638,0.015194672636365278,0.9363502950397853,0.9665219632691897,mlp
1.74,0.12839948592217668,1.2751759155905618,-17.66752759345451,0.05773938132337458,0.015137441469870451,0.9397859624997758,0.9685815101860611,mlp
1.744,0.12637505205632948,1.271735866828953,-17.666543927413695,0.0577918430935507,0.015073971456515177,0.9433391160395873,0.9706903998116577,mlp
1.748,0.12443819788175371,1.268595728075098,-17.66578209067704,0.05783247406191982,0.015002487217391438,0.9470041324786046,0.9728468550231882,mlp
1.752,0.12259452357100759,1.2657604281528074,-17.665272002048575,0.057859678571667794,0.014922500153273182,0.9507758985300339,0.9750490810216744,mlp
1.756,0.12084968060337371,1.263234921660565,-17.664975924383477,0.05787546925445665,0.014835143722695397,0.9546499678391612,0.9772952679935929,mlp
1.76,0.11920940294930626,1.2610269215484586,-17.664796199693484,0.05788505449476196,0.014742967921616711,0.9586225132315096,0.9795835937062046,mlp
1.764,0.11767951429007031,1.2591484911056097,-17.66460121597524,0.057895453543412856,0.014649312000892338,0.9626901345315078,0.9819122260313073,mlp
1.768,0.11626588838712003,1.2576162731617258,-17.664259265165825,0.05791369077437407,0.014557492386910972,0.9668496116925203,0.9842793253927629,mlp
1.772,0.11497436500363231,1.2564504643653829,-17.66366930498021,0.05794515506650839,0.014470063630739487,0.9710976872597892,0.9866830471337545,mlp
1.776,0.11381064297027411,1.255672901912673,-17.66278043813615,0.05799256091987275,0.01438834944934468,0.9754309326229692,0.9891215438003286,mlp
1.78,0.11278017881569888,1.2553047688795391,-17.661596464176014,0.058055705693824435,0.014312335873519925,0.979845715070948,0.9915929673383371,mlp
1.784,0.11188811429536262,1.2553644335401026,-17.66016642602691,0.05813197378645824,0.014240909024054338,0.9843382505698143,0.9940954712014637,mlp
1.788,0.11113924361620701,1.255865839979424,-17.658565462994492,0.058217357800119655,0.014172335634149094,0.9889047075666759,0.9966272123685327,mlp
1.792,0.11053801672504894,1.2568177007809105,-17.65687194794583,0.0583076778819222,0.01410484001728121,0.9935413212668965,0.999186353268815,mlp
1.796,0.1100885633690994,1.2582235510328625,-17.655146836183725,0.05839968310832696,0.01403712854690369,0.9982444832372963,1.001771063614511,mlp
1.8,0.10979471662235502,1.2600825464057774,-17.653419758766752,0.05849179316882135,0.013968744419187685,1.003010783689644,1.004379522140046,mlp
1.804,0.10966001512482698,1.2623907580368818,-17.651684212880014,0.05858435487743223,0.013900188711290116,1.0078369990410299,1.007009918248224,mlp
1.808,0.10968766960739168,1.2651426525175662,-17.64990184153623,0.05867941392382231,0.013832803702647016,1.012720031575797,1.0096604535636724,mlp
1.812,0.10988048931122593,1.2683324508899818,-17.648013791909186,0.05878010910034098,0.013768467180085165,1.0176568184927985,1.0123293433943714,mlp
1.816,0.1102407749281652,1.2719551261279698,-17.645955873972778,0.05888986384772648,0.013709181568848225,1.0226442327741327,1.0150148181023781,mlp
1.82,0.11077019396767679,1.2760069025735428,-17.643673868768744,0.05901156982067613,0.013656654117541262,1.0276789979175374,1.0177151243851532,mlp
1.824,0.11146965992129895,1.2804852361374177,-17.64113579266931,0.059146932799058395,0.013611954786555431,1.0327576335802129,1.0204285264691637,mlp
1.828,0.11233923725522862,1.2853883551489704,-17.63833896760461,0.05929609561212626,0.013575312595871778,1.0378764413723383,1.0231533072176635,mlp
1.832,0.11337809034639282,1.2907145104168094,-17.63531104742686,0.05945758339953164,0.01354607730598206,1.0430315315161036,1.025887769154771,mlp
1.836,0.11458448724144503,1.2964611117796685,-17.63210538923562,0.05962855047200781,0.01352283984907934,1.0482188837197162,1.028630235408124,mlp
1.84,0.11595586039169337,1.3026239198981793,-17.62879210462945,0.05980525757413887,0.0135036783088642,1.0534344306352368,1.031379050572569,mlp
1.844,0.11748891816619879,1.309196426212625,-17.62544666860105,0.05998367940510471,0.01348647985020444,1.0586741501121286,1.0341325814974462,mlp
1.848,0.11917979442187315,1.3161695038625498,-17.622138103270743,0.060160134814531814,0.013469283270864846,1.0639341528727015,1.0368892180001583,mlp
1.852,0.12102421951032126,1.323531360144959,-17.618918565064817,0.06033184214855021,0.013450590146911343,1.0692107545428318,1.039647373508775,mlp
1.856,0.12301769496361627,1.3312677757660374,-17.615815754794244,0.060497324042364777,0.013429602243765316,1.074500524363388,1.0424054856365075,mlp
1.86,0.12515565536886894,1.3393625826389375,-17.612829045953163,0.06065661390935484,0.013406356271247817,1.079800306671705,1.045162016690915,mlp
1.864,0.1274336039964631,1.3477983115844623,-17.609929672339774,0.06081124593470615,0.013381741942810523,1.085107214866951,1.0479154541207434,mlp
1.868,0.1298472129134748,1.3565569327625249,-17.60706479176026,0.060964038346265154,0.013357404035668282,1.0904186007500205,1.0506643109032996,mlp
1.872,0.13239238298350473,1.3656206124726418,-17.604164787956876,0.06111870398148128,0.013335542615045376,1.095732004691809,1.053407125875269,mlp
1.8760000000000001,0.13506526382830392,1.3749724173155027,-17.6011528155464,0.0612793412280864,0.013318636942812333,1.1010450939375447,1.0561424640098616,mlp
1.8800000000000001,0.13786223810371953,1.3845969081944112,-17.597955354130484,0.061449871142700556,0.013309127105044822,1.1063555974223138,1.058868916643141,mlp
1.8840000000000001,0.1407798779866004,1.394480580519145,-17.594512435582512,0.061633491999886415,0.013309092362569417,1.1116612456806543,1.0615851016523685,mlp
1.8880000000000001,0.14381488428876693,1.4046121221879002,-17.590786255091686,0.061832220040129435,0.013319966032156691,1.1169597237284714,1.0642896635891197,mlp
1.8920000000000001,0.14696401986808696,1.414982476858032,-17.58676707395391,0.0620465746568363,0.013342322954381895,1.122248643183599,1.0669812737699034,mlp
1.8960000000000001,0.15022404883994062,1.4255847162150428,-17.58247565671613,0.06227544841634121,0.013375767341310489,1.1275255374742819,1.0696586303269278,mlp
1.9000000000000001,0.15359169148737206,1.436413740793989,-17.577961923761272,0.06251617891946842,0.013418936679544018,1.132787880988488,1.0723204582216017,mlp
1.9040000000000001,0.15706360189299146,1.4474658434187186,-17.573299989644283,0.06276481342149863,0.013469622737358043,1.138033129789955,1.0749655092232868,mlp
1.9080000000000001,0.16063637154284474,1.4587381811492173,-17.568580229973808,0.06301653192843645,0.013524995532081144,1.1432587785061818,1.077592561855727,mlp
1.9120000000000001,0.16430655803014038,1.4702282092481367,-17.563899404326513,0.06326617397070906,0.013581902614490686,1.148462425636814,1.0802004213135135,mlp
1.9160000000000001,0.16807073415498522,1.481933132794753,-17.5593500990819,0.0635088016474829,0.013637206364393445,1.153641838227375,1.0827879193508536,mlp
1.92,0.17192554978314517,1.4938494275397594,-17.555010805834456,0.0637402287737929,0.01368811772179156,1.158795006835991,1.0853539141448298,mlp
1.924,0.1758677972365682,1.5059724717316514,-17.55093781483781,0.06395745322673713,0.013732486498922518,1.1639201830047725,1.0878972901352417,mlp
1.928,0.17989447092274433,1.5182963163227623,-17.54715980935624,0.06415894524442864,0.013769015624924644,1.169015893817643,1.0904169578430518,mlp
1.932,0.18400281325593776,1.5308136043587124,-17.543675652810418,0.06434476544394827,0.013797377894252035,1.1740809311815785,1.092911853669349,mlp
1.936,0.1881903413177875,1.543515633983242,-17.540455435827447,0.06451650897912017,0.013818226955212993,1.1791143167114635,1.0953809396766794,mlp
1.94,0.19245485163959022,1.5563925456361303,-17.537444461390404,0.06467709300090024,0.013833107214827849,1.1841152460461513,1.0978232033544868,mlp
1.944,0.19679440343909005,1.569433604269391,-17.534569543972523,0.0648304207062335,0.013844278230676797,1.1890830186984989,1.1002376573703383,mlp
1.948,0.2012072831810627,1.5826275423960543,-17.531746810533114,0.06498096528825878,0.013854476840928451,1.194016960931662,1.1026233393085123,mlp
1.952,0.20569195518387362,1.5959629292403352,-17.52889012172082,0.06513332080905253,0.013866644323607905,1.1989163496132407,1.1049793113974622,mlp
1.956,0.21024700406547317,1.6094285342328696,-17.525919266065237,0.06529176517956342,0.013883646492658226,1.2037803446176882,1.1073046602275702,mlp
1.96,0.21487107515320175,1.6230136583333736,-17.522767192779114,0.0654598744132401,0.013908012477794685,1.2086079362931024,1.1095984964605417,mlp
1.964,0.21956281869802624,1.63670841294635,-17.519385711180977,0.06564021865925017,0.013941713826633532,1.2133979129697021,1.111859954531709,mlp
1.968,0.22432084299015073,1.6505039325954507,-17.515749270511982,0.06583416061385719,0.013986000315237886,1.2181488516335282,1.11408819234645,mlp
1.972,0.22914368041153663,1.6643925135210083,-17.511856622922878,0.0660417668284901,0.014041303105700955,1.2228591328547826,1.116282390971838,mlp
1.976,0.23402976919092158,1.6783676758375314,-17.507730351328476,0.0662618328906373,0.01410721009350029,1.2275269789520813,1.1184417543245924,mlp
1.98,0.23897745222403513,1.6924241519751988,-17.503414405043802,0.06649201485553648,0.014182512711380841,1.2321505122919028,1.1205655088563227,mlp
1.984,0.24398499284201383,1.7065578090489792,-17.49896992555309,0.06672905187005146,0.014265318257056842,1.2367278286864256,1.1226529032369972,mlp
1.988,0.24905060591241074,1.7207655176417767,-17.4944697595769,0.06696905880675734,0.014353217115703306,1.2412570792193987,1.12470320803751,mlp
1.992,0.25417250121932816,1.7350449840597724,-17.48999214339742,0.06720786309723648,0.014443490221947216,1.2457365526904207,1.1267157154121625,mlp
1.996,0.2593489348048483,1.7493945668821491,-17.485614096462637,0.06744135707037686,0.01453333899351775,1.2501647504237807,1.1286897387818218,mlp
2.0,0.26457826300536413,1.763813100780888,-17.48140507805026,0.06766583626093087,0.01462011807990578,1.2545404456005083,1.1306246125184605,mlp
2.004,0.26985899343463077,1.7782997502727156,-17.477421433392397,0.06787829561383403,0.01470155092122944,1.2588627206065837,1.1325196916317444,mlp
2.008,0.27518982727480273,1.7928539126695466,-17.47370208324596,0.06807665937195007,0.01477590953462717,1.2631309780672855,1.1343743514582736,mlp
2.012,0.2805696879943665,1.807475182929495,-17.470265796556042,0.0682599265328624,0.014842143179522062,1.2673449240183803,1.1361879873540552,mlp
2.016,0.2859977329749961,1.8221633839882307,-17.46711023882183,0.06842822160228731,0.014899945382377617,1.271504524679078,1.1379600143907236,mlp
2.02,0.29147334634544664,1.836918655746711,-17.464212823880086,0.06858274916598467,0.014949754741856948,1.2756099411097588,1.1396898670560023,mlp
2.024,0.2969961133481096,1.8517415859036632,-17.461533232410968,0.0687256595705184,0.014992691299040795,1.2796614482646647,1.1413769989588574,mlp
2.028,0.30256577852039035,1.8666333579761443,-17.459017315144933,0.06885984075388393,0.015030436277245048,1.2836593463131625,1.14302088253975,mlp
2.032,0.30818219159708077,1.8815958874935548,-17.45660198796282,0.06898865717558676,0.015065067971848275,1.2876038725024628,1.1446210087863793,mlp
2.036,0.3138452461456005,1.8966319171478951,-17.454220659559383,0.06911566034356408,0.015098869996112384,1.2914951213423322,1.1461768869552573,mlp
2.04,0.31955481645389455,1.9117450455405223,-17.45180871297493,0.0692442964681638,0.015134129723069127,1.2953329797085493,1.1476880442994424,mlp
2.044,0.32531069812634167,1.9269396713509628,-17.44930858664626,0.06937763547492413,0.015172944633083529,1.299117081844165,1.1491540258027226,mlp
2.048,0.33111255730782674,1.9422208441671662,-17.446674060643574,0.06951814240709564,0.015217052620637616,1.3028467874310339,1.150574393920522,mlp
2.052,0.33695989258502607,1.9575940236949194,-17.44387343912623,0.06966750769602209,0.015267699493948687,1.3065211840914341,1.1519487283277654,mlp
2.056,0.34285201253405956,1.973064759607389,-17.440891420401226,0.06982654742548416,0.015325553308808913,1.3101391139622918,1.1532766256739397,mlp
2.06,0.34878803068696207,1.9886383141626764,-17.437729552533668,0.06999517903266855,0.015390671162641704,1.313699222391089,1.154557699345536,mlp
2.064,0.3547668784249887,2.0043192583774747,-17.434405278846054,0.07017247221446622,0.01546251990447329,1.3172000253181246,1.1557915792360747,mlp
2.068,0.36078733499186305,2.0201110795255453,-17.430949679760126,0.07035676936161268,0.01554004807709297,1.3206399905149881,1.1569779115238634,mlp
2.072,0.3668480724650626,2.0360158424287005,-17.42740411265635,0.07054586476475216,0.015621802432196958,1.3240176265593717,1.15811635845765,mlp
2.076,0.37294771216249933,2.0520339485514034,-17.423816037273678,0.07073722725800721,0.01570607867936291,1.327331572322683,1.1592065981502946,mlp
2.08,0.3790848876816012,2.0681640341437886,-17.420234386809646,0.0709282470916693,0.015791092933428712,1.3305806789901402,1.1602483243805932,mlp
2.084,0.3852583087196409,2.0844030403610057,-17.416704897901575,0.07111648499788113,0.015875157903088945,1.3337640764528933,1.16124124640335,mlp
2.088,0.3914668192166065,2.100746473521397,-17.41326583675309,0.0712999001287361,0.015956846619731305,1.3368812165642279,1.1621850887678011,mlp
2.092,0.3977094434214462,2.117188852508557,-17.409944542755845,0.07147703439498235,0.016035126904638927,1.3399318874434483,1.163079591144478,mlp
2.096,0.4039854143879022,2.1337243144068454,-17.406755145307496,0.07164713423475846,0.01610945221482761,1.3429161958000269,1.16392450816058,mlp
2.1,0.4102941812092634,2.1503473223449436,-17.403697690384664,0.07181019719599764,0.01617979914044549,1.3458345179539288,1.1647196092439298,mlp
2.104,0.4166353938614218,2.1670533964409193,-17.400758747895637,0.07196693954454175,0.016246648351291925,1.3486874243739821,1.1654646784755684,mlp
2.108,0.4230088674866057,2.183839775565731,-17.397913379687893,0.07211869130457778,0.01631091335487879,1.3514755864257104,1.1661595144510424,mlp
2.112,0.4294145307980638,2.200705919180419,-17.395128164139518,0.07226723494838291,0.016373828702162894,1.3541996767950053,1.1668039301504294,mlp
2.116,0.4358523654555064,2.217653776665746,-17.39236483428132,0.07241461136469356,0.01643681474098357,1.3568602760456747,1.1673977528171473,mlp
2.12,0.4423223443004222,2.234687784158046,-17.389584024014425,0.07256292006202807,0.016501338413006165,1.3594577966515986,1.167940823845567,mlp
2.124,0.4488243760474379,2.2518145897372217,-17.386748645746835,0.07271413902950782,0.016568788358342263,1.3619924327964803,1.1684329986774789,mlp
2.128,0.4553582625145765,2.2690425482627847,-17.383826534094606,0.0728699837405862,0.01664037810682426,1.3644641399158925,1.168874146707423,mlp
2.132,0.4619236721292396,2.2863810587110507,-17.38079215455272,0.073031816024663,0.016717084610204054,1.3668726433183833,1.169264151196912,mlp
2.136,0.4685201308063746,2.3038398336298482,-17.377627352174287,0.07320060413784502,0.016799622464124645,1.369217471221338,1.1696029091975644,mlp
2.14,0.4751470288892121,2.32142819049557,-17.374321263932448,0.07337692743694142,0.016888448454244618,1.3714980048677712,1.1698903314831661,mlp
2.144,0.4818036410548442,2.339154440639191,-17.370869613117385,0.07356101401132217,0.016983787571945113,1.3737135373328628,1.1701263424906667,mlp
2.148,0.488489155088012,2.3570254281415677,-17.367273636612296,0.07375279789440987,0.017085670671544397,1.3758633330510086,1.170310880270133,mlp
2.152,0.4952027051840634,2.3750462447676113,-17.363538874704567,0.07395198360656866,0.01719397509702758,1.3779466815730501,1.1704438964436539,mlp
2.156,0.5019434057827333,2.393220122914081,-17.359673997175815,0.07415810876313557,0.017308462092133176,1.3799629410649696,1.17052535617322,mlp
2.16,0.5087103826271873,2.411548490143207,-17.355689770455754,0.07437059915910829,0.017428807726313934,1.3819115690976256,1.170555238137567,mlp
2.164,0.5155027985708813,2.4300311575109914,-17.351598206799615,0.07458881414598723,0.01755462667975454,1.3837921400127955,1.1705335345179988,mlp
2.168,0.5223198724595636,2.448666609162843,-17.347411889173166,0.07481208263762018,0.017685490079026606,1.3856043494195003,1.1704602509931867,mlp
2.172,0.5291608901101612,2.4674523610438936,-17.343143439073835,0.07503973149284973,0.017820939504903256,1.3873480071620128,1.1703354067429466,mlp
2.176,0.536025206968579,2.486385360112536,-17.338805087542497,0.07527110839470157,0.01796049938073171,1.3890230204912664,1.1701590344609931,mlp
2.18,0.5429122424740747,2.5054624003002846,-17.33440831743349,0.07550560092916503,0.018103689405044796,1.3906293692934362,1.1699311803766728,mlp
2.184,0.5498214665300706,2.5246805361743387,-17.329963561645908,0.07574265267939546,0.018250037776011915,1.3921670752142772,1.1696519042856632,mlp
2.188,0.5567523788248556,2.5440374788897833,-17.325479961713267,0.0759817761008296,0.018399094916080994,1.3936361664726358,1.1693212795896468,mlp
2.192,0.5637044820969374,2.563531961124539,-17.320965209121375,0.07622256098416458,0.01855044644717826,1.3950366401533885,1.1689393933449372,mlp
2.196,0.5706772508197246,2.5831640582478985,-17.31642550443042,0.07646467663549622,0.018703723441946107,1.3963684238445444,1.168506346320065,mlp
2.2,0.5776700971914803,2.602935452276888,-17.3118656743466,0.07670786563254825,0.01885860758794315,1.3976313386387171,1.1680222530622981,mlp
2.204,0.5846823367432218,2.6228496237448216,-17.307289482946416,0.0769519272261759,0.01901482891309208,1.3988250657332024,1.1674872419730977,mlp
2.208,0.591713156286008,2.642911955120849,-17.30270015977387,0.0771966891754071,0.019172154163455152,1.3999491190932474,1.166901455392481,mlp
2.212,0.5987615872601829,2.6631297286592974,-17.29810114476023,0.07744196801870491,0.019330364801033357,1.4010028268329389,1.1662650496922817,mlp
2.216,0.6058264877584951,2.6835120023644365,-17.293497018962125,0.07768751943499907,0.01948922487033761,1.4019853240495173,1.1655781953782838,mlp
2.22,0.6129065364958329,2.7040693509818046,-17.288894553102484,0.07793298232194823,0.01964844059828764,1.402895559743378,1.1648410772012021,mlp
2.224,0.6200002417042275,2.7248134653599227,-17.28430376623517,0.07817782233427746,0.019807615420006894,1.4037323200846212,1.1640538942764846,mlp
2.228,0.6271059672519083,2.745756613771747,-17.279738849486037,0.0784212826179811,0.01996620597329758,1.4044942695617597,1.163216860212892,mlp
2.232,0.6342219771341588,2.7669109830802645,-17.27521878140241,0.07866235099194638,0.020123486208167052,1.40518001038722,1.162330203249833,mlp
2.236,0.6413464977993445,2.788287935579765,-17.27076745020484,0.07889975342791083,0.020278527765992,1.4057881588745338,1.1613941664033895,mlp
2.24,0.6484777955456597,2.8098972375810822,-17.26641311332279,0.0791319828749969,0.0204302047882799,1.4063174353258532,1.1604090076209987,mlp
2.244,0.6556142635366837,2.8317463356773556,-17.262187074528114,0.07935736981202926,0.02057722990818175,1.406766761344056,1.159374999944722,mlp
2.248,0.6627545100651946,2.8538397719854767,-17.25812154901501,0.07957419610902873,0.020718225052536024,1.407135355619408,1.1582924316830396,mlp
2.2520000000000002,0.6698974369653887,2.8761788350725115,-17.254246815237828,0.07978084692798351,0.020851825787562832,1.4074228165392144,1.157161606591093,mlp
2.2560000000000002,0.6770422951643476,2.8987615328651537,-17.250587906610342,0.07997598716414725,0.020976811657086116,1.407629178057742,1.1559828440592932,mlp
2.2600000000000002,0.6841887040672273,2.9215829429793696,-17.247161250089103,0.08015874072016212,0.021092248231351418,1.4077549249619783,1.154756479310199,mlp
2.2640000000000002,0.6913366235920858,2.9446359436807796,-17.243971773482844,0.08032884478165976,0.021197620904815542,1.4078009558456999,1.1534828636035588,mlp
2.2680000000000002,0.6984862727607246,2.967912260427937,-17.241011035022797,0.08048674957271479,0.02129293765394523,1.4077684874068677,1.1521623644493957,mlp
2.2720000000000002,0.7056379967703921,2.991403691612912,-17.238256841919217,0.08063363869933464,0.02137877956873414,1.407658902166195,1.1507953658290055,mlp
2.2760000000000002,0.7127920944893061,3.0151033219431724,-17.235674610105377,0.08077135663035837,0.02145628466851051,1.4074735524794004,1.14938226842372,mlp
2.2800000000000002,0.7199486284403123,3.039006513534826,-17.23322040575174,0.0809022464846622,0.021527061484219085,1.4072135448102991,1.1479234898512694,mlp
2.2840000000000003,0.7271072469835138,3.0631114974716906,-17.230845271522597,0.08102891929931355,0.021593041738509997,1.4068795368496099,1.146419464909569,mlp
2.2880000000000003,0.73426705099934,3.0874194724577637,-17.228500170745868,0.08115399034261893,0.02165629280521746,1.4064715833014323,1.144870645827723,mlp
2.2920000000000003,0.7414265332195454,3.111934234451889,-17.22614076459003,0.08127982433338804,0.02171881729018744,1.405989062012663,1.143277502524035,mlp
2.2960000000000003,0.748583607421909,3.1366614792661407,-17.22373131094297,0.08140832750238797,0.02178236728277115,1.4054307003949786,1.1416405228707724,mlp
2.3000000000000003,0.7557357288835216,3.1616080018217447,-17.22124721603533,0.08154081150685,0.0218482949609689,1.4047947047647884,1.139960212965433,mlp
2.3040000000000003,0.7628800901762869,3.1867810326417016,-17.21867610161434,0.08167793651498692,0.02191745164116121,1.4040789760445826,1.1382370974082103,mlp
2.308,0.7700138615292094,3.2121878957451235,-17.21601756542512,0.08181972398022096,0.0219901373958109,1.4032813786496665,1.1364717195853529,mlp
2.312,0.7771344359182255,3.23783605814322,-17.2132820169695,0.08196561873355167,0.022066096078834748,1.4024000191121133,1.1346646419580622,mlp
2.316,0.7842396376375335,3.2637335050448755,-17.21048901481502,0.08211457765970159,0.02214454769448805,1.4014334891889553,1.1328164463565595,mlp
2.32,0.7913278594040685,3.289889260087616,-17.207665425800762,0.0822651678720214,0.02222425136944617,1.4003810349167165,1.1309277342789104,mlp
2.324,0.7983981055159541,3.3163138133338195,-17.204843531527615,0.08241566769886988,0.022303595939624568,1.399242626546951,1.128999127194159,mlp
2.328,0.8054499347006419,3.3430192396464404,-17.20205901208801,0.08256417421717019,0.022380718651773844,1.3980189216204304,1.1270312668493019,mlp
2.332,0.8124833131748989,3.370018880249831,-17.199348625214924,0.08270872703014182,0.02245365316383649,1.3967111313223735,1.125024815579565,mlp
2.336,0.8194984033595148,3.3973265927317864,-17.19674742161245,0.08284745678181794,0.0225205045088008,1.3953208156514505,1.1229804566214399,mlp
2.34,0.8264953243266531,3.4249557087894043,-17.19428549404613,0.08297875853751104,0.022579641326285205,1.3938496434018353,1.1208988944278584,mlp
2.344,0.8334739246810448,3.4529179342195895,-17.19198449732761,0.08310147738315019,0.022629886601715526,1.3922991569376757,1.118780854984864,mlp
2.348,0.8404336062584885,3.481222454028872,-17.18985441248239,0.08321508100162334,0.022670680658112726,1.3906705787159888,1.1166270861290697,mlp
2.352,0.8473732278996451,3.5098754596768678,-17.187891169485688,0.08331978645918663,0.02270218750879163,1.388964687153517,1.1144383578651613,mlp
2.356,0.8542911040331427,3.538880210206709,-17.186075724052635,0.08341660944292748,0.022725319974473517,1.3871817755921876,1.1122154626826242,mlp
2.36,0.8611850955233271,3.568237606201486,-17.18437499073042,0.08350731449624742,0.02274167017925664,1.3853216925907743,1.1099592158708438,mlp
2.364,0.8680527736396138,3.597947133500716,-17.18274470939639,0.08359426214018315,0.022753347910255444,1.383383947722972,1.1076704558316497,mlp
2.368,0.8748916255089145,3.6280079550664315,-17.181133950093148,0.08368016861745237,0.02276274603040073,1.381367857264516,1.1053500443883175,mlp
2.372,0.8816992635181936,3.658419911618572,-17.179490640108973,0.08376781111718389,0.022772265519341063,1.3792727002654188,1.1029988670899846,mlp
2.376,0.8884736027397282,3.6891842329218782,-17.177767306768494,0.08385972149519215,0.02278403961691801,1.3770978576935708,1.100617833510354,mlp
2.38,0.89521297867712,3.7203038440890004,-17.175926207565624,0.0839579126690712,0.022799695667368256,1.374842914355715,1.0982078775395088,mlp
2.384,0.901916190177518,3.751783248824471,-17.173943156500304,0.0840636745485301,0.02282018538489732,1.372507712983688,1.0957699576675686,mlp
2.388,0.9085824662396456,3.7836280586906623,-17.171809604366004,0.08417746308761176,0.022845701743638397,1.3700923598177854,1.0933050572588636,mlp
2.392,0.9152113678159723,3.8158442963419814,-17.169532825269396,0.08429889033705636,0.022875686616781996,1.3675971892226433,1.0908141848152038,mlp
2.396,0.9218026444900002,3.848437624029512,-17.167134337773376,0.08442680864933483,0.022908920542889392,1.365022700121511,1.0882983742267622,mlp
2.4,0.9283560701414985,3.881412639219194,-17.16464689990047,0.0845594709438548,0.02294367662364742,1.3623694790061294,1.0857586850089964,mlp
2.404,0.9348712815158451,3.914772346206696,-17.162110540226116,0.08469474238029676,0.022977915459682263,1.359638123382051,1.0831962025239539,mlp
2.408,0.9413476399195531,3.948517867983015,-17.159568123106602,0.08483033687790234,0.023009497046602555,1.3568291766027814,1.0806120381842215,mlp
2.412,0.9477841304132367,3.982648417162355,-17.157060912202184,0.0849640537256873,0.023036387771208894,1.3539430811293662,1.078007329637697,mlp
2.416,0.9541793062304118,4.0171615062889074,-17.15462451845113,0.0850939936887673,0.023056844820346444,1.3509801532168049,1.0753832409312696,mlp
2.42,0.9605312798283961,4.052053350312267,-17.152285522161122,0.08521873916204567,0.023069565230425138,1.3479405785184233,1.072740962651412,mlp
2.424,0.9668377567062028,4.087319398215998,-17.150058963988098,0.08533748798360749,0.02307379153876002,1.3448244254716768,1.0700817120396005,mlp
2.428,0.973096104251635,4.122954925245485,-17.147946818169597,0.08545013486162414,0.023069370016083546,1.3416316716938894,1.067406733080388,mlp
2.432,0.9793034454562679,4.158955619407275,-17.145937497192353,0.08555729779187135,0.02305676060805361,1.3383622379121387,1.0647172965598812,mlp
2.436,0.9854567662325746,4.19531810329243,-17.14400638738195,0.08566028949317522,0.02303700012227091,1.3350160240233417,1.062014700092274,mlp
2.44,0.9915530250771395,4.2320403426830735,-17.142117373133722,0.08576103611574643,0.023011622155232878,1.3315929425432087,1.0593002681120198,mlp
2.444,0.997589254739017,4.269121905429345,-17.140225265974905,0.08586194769223264,0.022982539083240484,1.3280929457761979,1.056575351829144,mlp
2.448,1.003562647190662,4.306564047023363,-17.13827900706101,0.08596574733927509,0.022951893392033438,1.3245160443609272,1.0538413291451212,mlp
2.452,1.009470615401199,4.344369612931291,-17.136225455173637,0.08607526923257022,0.022921887790008342,1.3208623162699455,1.0510996045266712,mlp
2.456,1.015310828018014,4.382542762060974,-17.13401350870211,0.08619323876960447,0.022894605840801878,1.3171319067293064,1.0483516088347737,mlp
2.46,1.021081215884712,4.421088530621493,-17.131598246672276,0.08632205171654685,0.022871836961041992,1.3133250207340659,1.0455987991061328,mlp
2.464,1.026779952129394,4.460012270574873,-17.12894472259564,0.08646357187124296,0.022854921090615182,1.3094419107391362,1.0428426582842738,mlp
2.468,1.0324054100767521,4.499319010838871,-17.126031020608654,0.0866189680704211,0.02284462860711101,1.3054828625912214,1.040084694897432,mlp
2.472,1.0379561051922659,4.53901280074957,-17.12285020073281,0.08678861044331442,0.022841089618467737,1.3014481827716975,1.0373264426803357,mlp
2.476,1.0434306284196624,4.579096102013984,-17.119410829727578,0.08697204209973074,0.022843783314218626,1.2973381895437055,1.0345694601369895,mlp
2.48,1.0488275784823435,4.619569295444889,-17.115735918629213,0.08716803579419706,0.02285159259774484,1.2931532097195548,1.031815330041549,mlp
2.484,1.0541454999829534,4.660430360666671,-17.111860259698563,0.08737473595427642,0.02286292218102235,1.288893581640024,1.0290656588743878,mlp
2.488,1.0593828326027268,4.701674770299956,-17.1078263548795,0.08758987582771868,0.022875870528748635,1.2845596637857215,1.026322076190483,mlp
2.492,1.0645378746551728,4.743295615984831,-17.103679326567363,0.08781104890597728,0.022888438623049026,1.2801518474290814,1.0235862339172843,mlp
2.496,1.0696087620442205,4.785283954738974,-17.099461366650395,0.08803600497297037,0.022898752722346146,1.2756705710519922,1.020859805579295,mlp
2.5,1.0745934616743131,4.827629334660793,-17.09520638061547,0.08826293575049553,0.02290527520478078,1.2711163339929856,1.0181444854466748,mlp
2.504,1.0794897768467997,4.870320433607427,-17.090935497927397,0.08849071434275588,0.022906977928669407,1.2664897069552683,1.0154419876052658,mlp
2.508,1.0842953613176765,4.913345727609252,-17.086654039713373,0.08871905695856586,0.02290345646274006,1.261791337528976,1.012754044945585,mlp
2.512,1.0890077385082952,4.95669410054482,-17.082350367958355,0.08894858428710767,0.022894970577645786,1.2570219496323465,1.0100824080684583,mlp
2.516,1.0936243227485858,5.000355314128279,-17.07799680973092,0.08918077220627911,0.022882405555047745,1.2521823366158993,1.007428844105158,mlp
2.52,1.0981424402031215,5.044320276470875,-17.073552588568198,0.08941779544341123,0.022867158829178454,1.247273348576774,1.0047951354501004,mlp
2.524,1.1025593480651175,5.088581075335888,-17.06896844020202,0.08966228140517196,0.022850965809565933,1.2422958751095854,1.0021830784043972,mlp
2.528,1.1068722515032852,5.133130774396401,-17.06419237588115,0.08991700280283324,0.0228356861849429,1.2372508252296037,0.9995944817288048,mlp
2.532,1.1110783185670348,5.177963002571293,-17.059175910475133,0.09018454548938284,0.022823076664428288,1.2321391065315983,0.9970311651049132,mlp
2.536,1.1151746937214644,5.2230713934472925,-17.05388001060964,0.09046699122817195,0.022814577493776366,1.2269616058003725,0.9944949575037288,mlp
2.54,1.1191585108839772,5.268448950400959,-17.04828004556053,0.09076565364733774,0.022811138144094262,1.221719173278196,0.9919876954611604,mlp
2.544,1.1230269068049947,5.314087421046089,-17.042369136030647,0.09108089963980098,0.022813102627323143,1.2164126126255388,0.9895112212602954,mlp
2.548,1.126777035435775,5.359976761108002,-17.036159480814675,0.09141207860837032,0.022820167548834196,1.2110426782812453,0.9870673810207696,mlp
2.552,1.1304060836191543,5.406104753152884,-17.029681479877347,0.09175756923453218,0.022831417073731833,1.2056100814286004,0.9846580226959694,mlp
2.556,1.133911288074935,5.452456821473754,-17.022980740156225,0.09211493916769445,0.022845429430252324,1.2001155051027348,0.9822849939792828,mlp
2.56,1.1372899532653957,5.499016053829672,-17.016113318165267,0.09248119875097142,0.02286044049037408,1.1945596281507367,0.9799501401211129,mlp
2.564,1.1405394693411584,5.545763407793816,-17.009139788208635,0.09285311738058943,0.022874542503093183,1.1889431568305966,0.9776553016588884,mlp
2.568,1.1436573290066139,5.592678049178477,-17.00211889275284,0.09322756215000316,0.022885891308497074,1.1832668619020832,0.975402312062863,mlp
2.572,1.1466411418433542,5.639737747589166,-16.995101602140764,0.09360181466261948,0.0228928942100646,1.1775316182534967,0.973192995301061,mlp
2.576,1.1494886444466477,5.686919244145047,-16.98812636455039,0.0939738243653103,0.022894353580416422,1.1717384435750298,0.9710291633273145,mlp
2.58,1.1521977047385017,5.73419851157362,-16.981216160918322,0.09434236561790442,0.022889548056283016,1.1658885324720076,0.9689126134969478,mlp
2.584,1.1547663190953057,5.781550847374966,-16.974377711717054,0.09470707999806269,0.02287824296053468,1.1599832827958598,0.9668451259152724,mlp
2.588,1.1571926015118117,5.828950773603383,-16.967602852571734,0.09506840293563554,0.022860632835674504,1.1540243118516411,0.9648284607246792,mlp
2.592,1.1594747648959918,5.876371756285625,-16.9608717592547,0.0954273917143273,0.022837229731558707,1.1480134613996982,0.9628643553367412,mlp
2.596,1.1616110956461085,5.9237857960754745,-16.95415742074354,0.09578548691050366,0.022808719176216956,1.1419527917832883,0.960954521616349,mlp
2.6,1.163599923716335,5.971162971716796,-16.947430585509743,0.09614424859323528,0.022775809993480157,1.135844566800744,0.9591006430255175,mlp
2.604,1.1654395911993467,6.018471033007117,-16.94066437498995,0.09650511027446101,0.022739103511670213,1.1296912318268757,0.9573043717350928,mlp
2.608,1.1671284228281886,6.065675136817173,-16.93383787511117,0.09686918736250578,0.02269900240764314,1.1234953879879037,0.9555673257131532,mlp
2.612,1.168664701594128,6.112737798490149,-16.926938257389594,0.09723716403771261,0.022655670575866,1.1172597648695841,0.9538910857994475,mlp
2.616,1.1700466518967063,6.159619095288091,-16.919961295622244,0.09760926569577494,0.02260904483731553,1.1109871934217592,0.9522771927757107,mlp
2.62,1.1712724314415246,6.206277114878454,-16.912910467654143,0.0979853068531051,0.02255888915314649,1.1046805796892438,0.9507271444421707,mlp
2.624,1.1723401317536983,6.252668598024416,-16.90579509788085,0.0983647902125752,0.022504874286481506,1.0983428790952325,0.9492423927109581,mlp
2.628,1.1732477860023383,6.298749688490329,-16.898628151152916,0.09874702432100746,0.022446662019460148,1.091977070551868,0.9478243407275087,mlp
2.632,1.173993382116246,6.3444766811021385,-16.891424301906895,0.09913122654803125,0.02238397372231298,1.0855861298801976,0.9464743400313241,mlp
2.636,1.1745748790762809,6.389806654843148,-16.88419877207,0.09951658506400723,0.02231662801970361,1.0791730029161397,0.9451936877677025,mlp
2.64,1.1749902247891233,6.434697892746319,-16.876967185148416,0.099902266621922,0.02224454042203618,1.0727405800895384,0.9439836239621877,mlp
2.644,1.1752373748975071,6.479110022101804,-16.86974637342414,0.10028737350723321,0.022167687415692645,1.0662916758478853,0.9428453288695757,mlp
2.648,1.1753143129397645,6.523003852527852,-16.862555766643368,0.10067086947507989,0.022086046694122778,1.0598290176071248,0.9417799204093006,mlp
2.652,1.1752190730442074,6.566340939301104,-16.85541875370873,0.10105150712727673,0.021999532079300083,1.0533552494857454,0.9407884516989289,mlp
2.656,1.1749497664658455,6.609082947443448,-16.84836330473461,0.10142779473629433,0.021907944712240036,1.046872955537254,0.9398719086973145,mlp
2.66,1.1745046125126108,6.651190930422319,-16.84142120980804,0.10179803684435516,0.02181096038262704,1.0403847053491553,0.9390312079686829,mlp
2.664,1.173881972769817,6.69262465821715,-16.834625541840186,0.10216046957693983,0.02170816633647763,1.0338931218070246,0.9382671945785538,mlp
2.668,1.1730803853246183,6.733342126444504,-16.828006353297777,0.10251349014861384,0.021599150399868886,1.027400966939534,0.9375806401319602,mlp
2.672,1.1720985935311905,6.773299347430154,-16.82158509785713,0.10285595437243797,0.021483632580106035,1.0209112377819507,0.9369722409638602,mlp
2.676,1.1709355625497808,6.8124504664882295,-16.81536872165367,0.10318749179081281,0.02136161700456364,1.0144272610275913,0.9364426164910269,mlp
2.68,1.1695904772029495,6.850748169858379,-16.809344675112744,0.10350877170904497,0.021233533011039876,1.0079527737455674,0.9359923077339677,mlp
2.684,1.1680627170289217,6.888144270005842,-16.803478154041102,0.1038216503359612,0.02110033096645012,1.0014919781734408,0.9356217760166455,mlp
2.688,1.1663518085643194,6.924590290502951,-16.7977126382419,0.10412914205800372,0.02096350246963071,0.9950495615433371,0.9353314018509044,mlp
2.692,1.1644573599706822,6.9600378486882555,-16.791974280797184,0.10443518534603285,0.020825005912814384,0.9886306764862939,0.9351214840115722,mlp
2.696,1.1623789878160518,6.994438665548109,-16.786180004502306,0.10474421094893714,0.020687095180127003,0.9822408828304409,0.9349922388072334,mlp
2.7,1.1601162488744006,7.0277441209857905,-16.78024841821574,0.10506055969295625,0.020552068539690153,0.9758860566280735,0.9349437995506266,mlp
2.704,1.1576685904983348,7.05990440383268,-16.774112010422535,0.10538783216348695,0.02042197303880117,0.9695722764477467,0.9349762162315566,mlp
2.708,1.155035331512785,7.09086744958825,-16.767728614606042,0.10572827722346997,0.02029831370740452,0.9633057002642377,0.9350894553941043,mlp
2.712,1.1522156823209675,7.1205779772890825,-16.761089937452958,0.1060823371794186,0.020181824075180075,0.9570924488544937,0.9352834002188126,mlp
2.716,1.1492088087760113,7.148976994409995,-16.754225041039675,0.10644846206629456,0.02007235307928756,0.950938513481714,0.935557850809395,mlp
2.72,1.146013939754278,7.176002110018603,-16.74719711929705,0.1068232815680154,0.019968912075577563,0.9448497062674079,0.9359125246823975,mlp
2.724,1.142630513138738,7.201588872260221,-16.740092757613333,0.10720217783406004,0.019869903615578857,0.9388316697453936,0.9363470574571461,mlp
2.728,1.1390583487219532,7.225673136459792,-16.73300413575705,0.1075802346493408,0.019773521318923366,0.9328899560030776,0.9368610037422307,mlp
2.732,1.1352978294423235,7.248194205296572,-16.72600625638742,0.10795345190395501,0.019678270332157546,0.9270301743157033,0.9374538382137356,mlp
2.736,1.131350065527895,7.269098214290665,-16.71913300813916,0.1083200222184751,0.019583517069345486,0.9212581896362287,0.9381249568794348,mlp
2.74,1.1272170118632725,7.288341033786684,-16.712357245581913,0.10868139333763287,0.019489946087966406,0.9155803357254604,0.9388736785222243,mlp
2.744,1.1229015098825676,7.305889900012585,-16.705580484015556,0.1090428177368513,0.01939979477979666,0.9100035919132848,0.9396992463151947,mlp
2.748,1.1184072330218253,7.321723136982548,-16.69863671821789,0.10941314895732594,0.0193167649815958,0.9045356686790316,0.9406008295999322,mlp
2.7520000000000002,1.1137385283811092,7.335827708969001,-16.69131208712605,0.10980379283138633,0.019245577986848644,0.8991849599805183,0.9415775258189062,mlp
2.7560000000000002,1.1089001638347513,7.348194898030037,-16.683378024680824,0.11022693945157487,0.019191234795850942,0.893960349989442,0.9426283625921621,mlp
2.7600000000000002,1.1038970063024227,7.358814999355324,-16.67463118571788,0.11069343380677486,0.019158141108047703,0.8888709021268913,0.9437522999279612,mlp
2.7640000000000002,1.098733671940684,7.367672382758608,-16.66493020259185,0.11121081544457075,0.0191493231696177,0.8839254969848034,0.9449482325565477,mlp
2.7680000000000002,1.093414202954793,7.374742400780872,-16.654218531685835,0.11178210000046425,0.019165966802221688,0.8791325093333002,0.9462149923758305,mlp
2.7720000000000002,1.0879418375874246,7.379991318961167,-16.64252511406221,0.11240574396344657,0.01920744353158151,0.8744996126981426,0.9475513509974823,mlp
2.7760000000000002,1.082318943621601,7.3833796981125905,-16.62994030528789,0.11307692840840602,0.019271852416100313,0.8700337695611616,0.9489560223817538,mlp
2.7800000000000002,1.0765471700736493,7.384868602107092,-16.61657245594551,0.11378987468371812,0.019356935899601604,0.8657414116445976,0.9504276655491863,mlp
2.7840000000000003,1.070627826609549,7.3844269146959505,-16.602498370391153,0.11454048658974779,0.019461076524198363,0.8616287531115847,0.9519648873573937,mlp
2.7880000000000003,1.0645624292702722,7.382037332247994,-16.58772544185718,0.11532836982391596,0.019584012920001406,0.8577021320515124,0.9535662453311248,mlp
2.7920000000000003,1.0583532798781665,7.377698693444027,-16.57218155644096,0.1161573704303366,0.01972697801194873,0.8539682634554209,0.9552302505339757,mlp
2.7960000000000003,1.0520039132873789,7.371423460310101,-16.555739918543555,0.11703425078698623,0.019892161879575463,0.8504343179647732,0.9569553704703208,mlp
2.8000000000000003,1.0455192760899168,7.363231173078377,-16.53827231363973,0.11796584894730688,0.020081670874186497,0.8471078025968172,0.958740032006322,mlp
2.8040000000000003,1.0389055820876676,7.353140809198309,-16.519711549708354,0.11895574845716068,0.020296380182436433,0.84399628653398,0.9605826242992179,mlp
2.8080000000000003,1.0321698862396855,7.341166114316656,-16.50009791301014,0.12000180073312285,0.020535152042534314,0.8411070647103948,0.9624815017245003,mlp
2.8120000000000003,1.025319497036682,7.327317240115069,-16.47958901665121,0.12109559980995006,0.0207947670266444,0.8384468766482233,0.9644349867910387,mlp
2.816,1.0183613999507513,7.311609184038794,-16.458427062778682,0.122224228342882,0.021070619332219667,0.8360217977491452,0.9664413730347089,mlp
2.82,1.0113018947528676,7.29407338691203,-16.436877537671833,0.12337352717668655,0.02135786274992215,0.8338373866924971,0.9684989278816206,mlp
2.824,1.0041466364048686,7.274765436913051,-16.41516950772317,0.12453127953459177,0.02165243282348922,0.8318990865054706,0.9706058954725983,mlp
2.828,0.9969011621589426,7.253761929427094,-16.39346859290029,0.12568865242215024,0.021951403172222637,0.8302127352082926,0.9727604994411645,mlp
2.832,0.9895717585908598,7.231144940605535,-16.37189325248087,0.1268393280616378,0.022252539963418288,0.8287849014060583,0.9749609456378726,mlp
2.836,0.9821662489392664,7.206981641143362,-16.350552343526722,0.1279775007894227,0.022553507623220843,0.8276227431012331,0.9772054247944606,mlp
2.84,0.9746941638716173,7.181313359536913,-16.329562511015073,0.12909694958969922,0.02285149246230764,0.8267332978880266,0.9794921151219133,mlp
2.844,0.9671659991963677,7.1541658820013225,-16.309021672828596,0.13019245221706724,0.023143653010732807,0.8261225000117599,0.9818191848371424,mlp
2.848,0.9595918500132535,7.125579340743775,-16.288962974074142,0.13126224094660188,0.02342793725581833,0.8257945370671357,0.9841847946136177,mlp
2.852,0.9519802913441591,7.095639813804008,-16.26934729482364,0.13230840215781678,0.023703236414149495,0.8257521002597698,0.9865870999518761,mlp
2.856,0.9443384272943516,7.0644894061945145,-16.250127706969238,0.13333343866315708,0.023968310909273864,0.825997539985544,0.9890242534664372,mlp
2.86,0.9366733255637528,7.032304171978728,-16.2313487409402,0.13433497552534857,0.024220150977200306,0.8265342028702701,0.991494407086229,mlp
2.864,0.9289940403512577,6.999251454241398,-16.21319570519394,0.13530312970553313,0.024453226106233777,0.8273669137591444,0.9939957141661739,mlp
2.868,0.9213129857844723,6.9654523616166735,-16.195937587155242,0.13622355532220864,0.02466059031932025,0.8285011438187021,0.9965263315081219,mlp
2.872,0.9136460080704165,6.930970167908859,-16.179789907237147,0.13708475804507594,0.024836442638717714,0.8299415567725984,0.9990844212898206,mlp
2.876,0.9060115348485834,6.895826524000375,-16.164789381143873,0.1378847797188703,0.024978623048916772,0.8316912279265856,1.0016681529010891,mlp
2.88,0.8984295574268417,6.860029982555071,-16.15076611459399,0.13863268129962442,0.025089475554785117,0.8337520557380684,1.0042757046868074,mlp
2.884,0.8909206214430613,6.8235976542922065,-16.137426968645812,0.13934409673946235,0.02517455957105969,0.8361254233887564,1.0069052655967552,mlp
2.888,0.8835044529352089,6.786560943642605,-16.124484566337006,0.1400343526873956,0.025240122944498893,0.8388117685176999,1.009555036742721,mlp
2.892,0.8761983410282819,6.7489603152624715,-16.11174653483777,0.14071370894580265,0.025290974404326042,0.8418090714911078,1.0122232328636533,mlp
2.896,0.8690163446869816,6.71084072232845,-16.099132036466546,0.14138647682329383,0.02532978447922941,0.845111828323665,1.0149080836999589,mlp
2.9,0.8619701575697432,6.6722548020106105,-16.086645606009093,0.14205241446655875,0.025357560491879007,0.8487118179959137,1.017607835278344,mlp
2.904,0.8550709151310578,6.633271614535419,-16.07434424483218,0.14270848182696388,0.025374447226034998,0.8526001719677689,1.0203207511088581,mlp
2.908,0.8483303077128853,6.593984037197687,-16.062299428848007,0.14335086688628013,0.025380415501016395,0.8567691237084999,1.0230451132960388,mlp
2.912,0.8417602703864736,6.554510030808173,-16.05054869813816,0.1439775675228006,0.025375823350116664,0.8612124210292773,1.025779223566262,mlp
2.916,0.8353719831219671,6.514987153897166,-16.039059828532732,0.1445903023452054,0.025361690342600357,0.8659245900361653,1.0285214042135802,mlp
2.92,0.8291752570497839,6.4755623517848875,-16.02774055215982,0.14519399226739144,0.025339370568893398,0.8708997787367083,1.031269998966494,mlp
2.924,0.8231786573647054,6.436380107684714,-16.016494857617506,0.14579375785659673,0.02530965821420762,0.8761307684140172,1.0340233737782125,mlp
2.928,0.8173900207099947,6.39757210585761,-16.005288149283402,0.14639144419795747,0.025271887116076468,0.8816084614432901,1.0367799175430945,mlp
2.932,0.8118169300455743,6.359250723900649,-15.99417695857953,0.14698403630635995,0.02522370261370383,0.8873219574260847,1.0395380427420111,mlp
2.936,0.8064669720133196,6.321507209300116,-15.983285490932804,0.147564909945233,0.025161773367510482,0.8932591563879403,1.0422961860194664,mlp
2.94,0.8013478230056404,6.28441391564057,-15.972745087387736,0.14812706031477066,0.025083134179608113,0.8994076606771364,1.0450528086953363,mlp
2.944,0.7964672565639193,6.248029013609044,-15.962630322281314,0.1486665101487405,0.024986518962001575,0.9057556628798318,1.0478063972141236,mlp
2.948,0.791833114321364,6.212401844094989,-15.952921122257504,0.14918433001758732,0.024873107269263593,0.91229255697195,1.0505554635346332,mlp
2.952,0.7874532381087621,6.1775774270654455,-15.943502575292513,0.14968664851367133,0.02474644619483881,0.9190091572658817,1.0532985454629769,mlp
2.956,0.7833353588273387,6.143599303389369,-15.934195725959587,0.1501830098502526,0.024611686421186923,0.9258975673437225,1.0560342069317918,mlp
2.96,0.7794869606235152,6.110510576672206,-15.924802254465284,0.15068399099857252,0.02447450269580872,0.9329508382302845,1.058761038228531,mlp
2.964,0.7759151570804188,6.078353532233137,-15.915145369851501,0.15119902073448432,0.024340097313693878,0.9401625711730208,1.0614776561756534,mlp
2.968,0.7726266144598484,6.047168456801981,-15.905095417672968,0.1517350139065524,0.024212560319180346,0.9475265779590684,1.0641827042654848,mlp
2.972,0.7696275381545539,6.016992286806677,-15.894576963994442,0.1522959936258834,0.024094676254864292,0.9550366485930215,1.0668748527524665,mlp
2.976,0.7669237139344043,5.987857555250973,-15.883560854240578,0.15288351479075377,0.023988106229590682,0.9626864227777688,1.0695527987054532,mlp
2.98,0.7645205763104979,5.959791879274068,-15.872048300562696,0.15349751275360896,0.023893779749014733,0.9704693320148529,1.0722152660226438,mlp
2.984,0.7624232683801274,5.932818008234102,-15.860054429184856,0.1541371807889371,0.02381231042780149,0.9783785732773869,1.0748610054116634,mlp
2.988,0.7606366614907559,5.90695428494427,-15.847596840591752,0.1548015802117124,0.023744287446007383,0.986407085623796,1.0774887943372262,mlp
2.992,0.7591653159467526,5.882215284518334,-15.834691785828358,0.15548984430645285,0.023690364913986572,0.9945475185559711,1.0800974369387486,mlp
2.996,0.7580133810470433,5.858612388930991,-15.821357600213489,0.1562009951972923,0.023651148390181165,1.0027921976245093,1.0826857639201712,mlp
3.0,0.7571844491217977,5.836154116582789,-15.807622815546111,0.1569335112004295,0.02362694085854478,1.011133103748081,1.0852526324141867,mlp
3.004,0.7566813900422709,5.8148461282103,-15.79353528668728,0.1576848400769761,0.02361744645186232,1.0195618858319797,1.0877969258229758,mlp
3.008,0.7565061976678839,5.794690940878057,-15.779168761231166,0.15845104865329823,0.02362153484625631,1.028069921926589,1.0903175536374599,mlp
3.012,0.7566598775073031,5.77568747031463,-15.764624347136731,0.1592267445479512,0.023637146536541576,1.0366484345748985,1.0928134512370022,mlp
3.016,0.7571423968171996,5.757830568215974,-15.750025869277245,0.16000532382039637,0.02366137910448786,1.0452886543535225,1.0952835796714055,mlp
3.02,0.7579527068625544,5.741110719262006,-15.7355096851336,0.1607795141296891,0.023690749601608694,1.053982015158503,1.0977269254269468,mlp
3.024,0.7590888348979383,5.725514020122323,-15.721210768250174,0.16154211694424334,0.023721589638937567,1.0627203579996347,1.1001425001781377,mlp
3.028,0.7605480330396424,5.711022496392095,-15.707247545233258,0.16228681622879476,0.023750505228261186,1.0714961181400673,1.1025293405267846,mlp
3.032,0.7623269641953135,5.697614742553849,-15.693708049685004,0.16300891689536423,0.023774825481494424,1.080302473188342,1.1048865077298649,mlp
3.036,0.7644219022083322,5.685266810989485,-15.680639541206737,0.1637058984519955,0.02379297125706534,1.0891334360122016,1.1072130874176391,mlp
3.04,0.7668289240764163,5.673953238689754,-15.668043014318748,0.16437770785802983,0.023804692340806757,1.0979838843885483,1.1095081893033516,mlp
3.044,0.7695440756464688,5.6636480875810955,-15.655873186670942,0.16502676015286583,0.023811144487884343,1.1068495274591803,1.1117709468857944,mlp
3.048,0.7725634974602034,5.654325883671257,-15.644043768049595,0.1656576574445086,0.023814800925727797,1.1157268160625766,1.1140005171459348,mlp
3.052,0.7758835033670893,5.645962365506353,-15.632437174759332,0.1662766708133324,0.02381921335434399,1.1246128091422667,1.116196080238734,mlp
3.056,0.7795006102924501,5.638534986562395,-15.62091741623016,0.16689105303185653,0.023828653180777964,1.1335050114766714,1.1183568391812266,mlp
3.06,0.7834115225832402,5.63202315244258,-15.609344648612588,0.16750826237920033,0.023847674004316765,1.1424011990684109,1.1204820195378518,mlp
3.064,0.787613078333684,5.6264082067789785,-15.597589844348917,0.16813518027019103,0.023880641355896817,1.151299247993484,1.1225708691039762,mlp
3.068,0.7921021678837072,5.62167320594293,-15.58554813539817,0.16877739962238034,0.023931275957768734,1.1601969807220207,1.124622657588481,mlp
3.072,0.7968756362703189,5.617802540159193,-15.57314961518778,0.16943864875655146,0.024002253056606394,1.1690920412478805,1.1266366762962319,mlp
3.076,0.8019301818512101,5.61478146696463,-15.560366695267632,0.17012039904496845,0.02409489348009747,1.1779818071259556,1.128612237811196,mlp
3.08,0.8072622627073338,5.6125956228480565,-15.547217474061181,0.17082168524608335,0.024208972742985207,1.1868633429896844,1.1305486756809158,mlp
3.084,0.8128680208937431,5.611230571820759,-15.5337649563983,0.171539147129119,0.024342663542907258,1.1957333965467878,1.1324453441030007,mlp
3.088,0.8187432323036803,5.610671437503426,-15.520112334931184,0.17226728112987916,0.024492615122887126,1.204588434644226,1.1343016176142566,mlp
3.092,0.8248832870370543,5.610902650139371,-15.506394880913671,0.1729988728390665,0.024654161079580513,1.2134247139541905,1.1361168907830148,mlp
3.096,0.831283201963987,5.611907823750548,-15.492769266910592,0.17372556645323958,0.02482163617930826,1.2222383783495496,1.1378905779051978,mlp
3.1,0.8379376639339801,5.613669763196343,-15.47940133580273,0.17443851708934255,0.02498877355868643,1.2310255732790905,1.139622112704604,mlp
3.104,0.844841099115981,5.6161705875722205,-15.466453422618951,0.17512906694826225,0.02514914722924151,1.2397825665552074,1.1413109480378643,mlp
3.108,0.8519877615726512,5.619391946167603,-15.454072320520986,0.1757893871238509,0.02529662177825471,1.2485058650057836,1.1429565556044894,mlp
3.112,0.8593718326291087,5.623315296616102,-15.442378863153088,0.1764130332065108,0.02542577191820803,1.257192317410111,1.1445584256623842,mlp
3.116,0.8669875220464076,5.627922212021562,-15.431459888336628,0.17699537388272882,0.0255322389788499,1.265839195926266,1.146116066749187,mlp
3.12,0.8748291624701015,5.633194684471433,-15.421363079645655,0.17753386604885057,0.025612998955107363,1.274444250613681,1.147629005409754,mlp
3.124,0.8828912899656656,5.639115395912915,-15.41209488705142,0.17802816570915467,0.02566652629178378,1.283005734371413,1.1490967859300802,mlp
3.128,0.8911687054248024,5.645667933132709,-15.403621441745523,0.17848007918567388,0.02569284792122151,1.2915223983278137,1.1505189700779337,mlp
3.132,0.8996565139085215,5.6528369307125645,-15.395872135451992,0.17889337222307447,0.02569349187151533,1.2999934601292598,1.1518951368504444,mlp
3.136,0.9083501412572526,5.660608133483799,-15.388745353890384,0.1792734642063977,0.02567134293664683,1.308418549452465,1.1532248822288698,mlp
3.14,0.9172453292712563,5.668968377399252,-15.382115748543143,0.1796270403365625,0.025630423726088696,1.3167976362767484,1.1545078189407472,mlp
3.144,0.9263381122656805,5.6779054942475495,-15.375842399542059,0.17996161627989515,0.025575622613188912,1.325130947979483,1.15574357622961,mlp
3.148,0.9356247787594383,5.687408150811211,-15.369777254638093,0.18028508809333052,0.025512390814743803,1.3334188812345948,1.15693179963244,mlp
3.152,0.9451018224863339,5.69746563669032,-15.363773308108627,0.18060529601950645,0.025446429501771808,1.34166191413913,1.1580721507650018,mlp
3.156,0.9547658869087837,5.70806761705544,-15.357692090223498,0.18092962505176285,0.02538338507398365,1.3498605231331124,1.1591643071151974,mlp
3.16,0.9646137070916132,5.719203867202515,-15.351410154922556,0.18126465892743346,0.02532856716908989,1.3580151082747645,1.1602079618445618,mlp
3.164,0.9746420522830169,5.730864005217047,-15.344824366521499,0.18161589817245113,0.025286700190343882,1.3661259294205197,1.161202823598008,mlp
3.168,0.9848476719620509,5.743037237625091,-15.337855885928462,0.18198754750482646,0.025261715553133536,1.3741930549313148,1.1621486163219186,mlp
3.172,0.9952272475287502,5.755712130924225,-15.330452837871333,0.18238237358365983,0.025256588749161625,1.3822163237362983,1.1630450790906717,mlp
3.176,1.0057773512843649,5.768876419618686,-15.32259170163608,0.18280163083702192,0.025273222833724546,1.390195320949324,1.163891965941676,mlp
3.18,1.0164944138969128,5.782516859037658,-15.314277510186134,0.18324505084233858,0.025312378069294893,1.3981293667424655,1.1646890457189831,mlp
3.184,1.027374701170463,5.796619128936295,-15.305542969345101,0.18371088930293772,0.02537364613659619,1.406017517807673,1.1654361019255415,mlp
3.188,1.038414300619424,5.8111677917464215,-15.29644662380444,0.18419602386019263,0.025455466434715288,1.4138585804487789,1.1661329325841372,mlp
3.192,1.049609118067731,5.826146307392134,-15.287070203925493,0.18469609559628442,0.025555181398249936,1.421651134108064,1.1667793501070725,mlp
3.196,1.0609548842215757,5.84153710481706,-15.27751529004261,0.18520568693661568,0.02566912732964602,1.4293935639178441,1.1673751811746236,mlp
3.2,1.0724471708810446,5.857321708769647,-15.267899431888367,0.18571852861214702,0.025792756866003394,1.4370841006618127,1.1679202666223096,mlp
3.204,1.084081416146333,5.873480918939099,-15.258351861601898,0.18622772829712836,0.025920788789341544,1.444720866329682,1.1684144613370016,mlp
3.208,1.0958529576345173,5.889995037204905,-15.24900894037212,0.18672601345285553,0.02604738040187525,1.4523019232613925,1.1688576341619037,mlp
3.212,1.107757072362382,5.9068441375372815,-15.240009481070503,0.18720598078526474,0.026166317117229675,1.4598253247244812,1.1692496678104234,mlp
3.216,1.1197890215918254,5.924008371945838,-15.231490091473344,0.18766034460442982,0.026271213297755946,1.467289164678493,1.1695904587889516,mlp
3.22,1.131944098610463,5.9414683048033625,-15.223580683556024,0.18808217632695676,0.02635571776496455,1.4746916244842925,1.1698799173285679,mlp
3.224,1.1442176771721586,5.9592052668590165,-15.216400292270638,0.18846512747273084,0.026413716918169485,1.4820310144403597,1.1701179673256852,mlp
3.228,1.1566052581923936,5.977201719298701,-15.210053340601156,0.18880362886038463,0.0264395281219866,1.4893058082884219,1.170304546291646,mlp
3.232,1.169102512317213,5.995441617326201,-15.204626475238653,0.18909305936993945,0.02642807606817615,1.496514669226494,1.1704396053112747,mlp
3.236,1.1817053161831712,6.013910761970735,-15.200186078216332,0.18932987865454454,0.02637504526029334,1.5036564664787637,1.1705231090103976,mlp
3.24,1.1944097805597014,6.032597128250533,-15.196776534355614,0.1895117195426151,0.026277002649216664,1.5107302820602846,1.1705550355323342,mlp
3.244,1.207212269091348,6.051491157544004,-15.194419303337343,0.18963743752697318,0.026131485749751448,1.5177354079876046,1.170535376523363,mlp
3.248,1.2201094069895295,6.070586002162043,-15.193112810385692,0.1897071165949926,0.025937053222465204,1.5246713347655743,1.1704641371271653,mlp
3.2520000000000002,1.2330980796996882,6.089877710792919,-15.192833133330984,0.18972203258554107,0.025693296789405302,1.5315377324701143,1.1703413359882464,mlp
3.2560000000000002,1.246175422220824,6.109365344784992,-15.193535428919201,0.1896845771197467,0.025400815311259744,1.5383344261034237,1.1701670052643345,mlp
3.2600000000000002,1.2593388003157524,6.129051017160297,-15.195156010332958,0.18959814680076373,0.02506115371843332,1.545061367097348,1.169941190647756,mlp
3.2640000000000002,1.2725857852718683,6.148939848753932,-15.197614963245329,0.18946700369201516,0.024676711103525012,1.5517186028789258,1.169663951395783,mlp
3.2680000000000002,1.2859141241248695,6.169039838811946,-15.200819170906456,0.1892961139805277,0.024250623526315084,1.5583062463056874,1.169335360369947,mlp
3.2720000000000002,1.2993217073368024,6.189361650556582,-15.204665610462603,0.18909097217465212,0.02378662788218868,1.5648244465578447,1.168955504084315,mlp
3.2760000000000002,1.3128065358412184,6.209918315416888,-15.209044782738143,0.18885741818381696,0.023288913522750778,1.5712733627787698,1.1685244827627173,mlp
3.2800000000000002,1.3263666891642807,6.230724862608247,-15.213844145111496,0.1886014542332728,0.02276196822499164,1.5776531414237334,1.1680424104049152,mlp
3.2840000000000003,1.3400002960415978,6.251797883353498,-15.218951430361248,0.18832906786037862,0.022210424653018465,1.583963897944719,1.1675094148617022,mlp
3.2880000000000003,1.3537055086176377,6.273155041161875,-15.224257751621364,0.1880460663183119,0.021638912737354906,1.5902057031330419,1.1669256379189143,mlp
3.2920000000000003,1.3674804809741756,6.294814541182979,-15.229660412994237,0.18775792667790234,0.02105192251167137,1.5963785741786272,1.16629123539034,mlp
3.2960000000000003,1.3813233524142712,6.316794572756821,-15.235065365229019,0.18746966485916602,0.020453680989814284,1.6024824702932219,1.165606377219501,mlp
3.3000000000000003,1.3952322356469145,6.339112739957389,-15.24038926480875,0.18718572581420154,0.019848045715643407,1.608517292584981,1.1648712475902832,mlp
3.3040000000000003,1.4092052097835295,6.361785495264313,-15.245561111836464,0.18690989617396142,0.01923841673218821,1.614482887758894,1.1640860450463872,mlp
3.3080000000000003,1.4232403178721298,6.384827591578426,-15.25052345672162,0.18664523989215626,0.01862766793073166,1.6203790551431294,1.163250982619567,mlp
3.3120000000000003,1.437335568553641,6.408251567679353,-15.25523317767954,0.18639405677894877,0.018018098070483456,1.62620555649597,1.1623662879666117,mlp
3.3160000000000003,1.451488941320031,6.432067281926077,-15.259661840615095,0.18615786330731024,0.01741140120516678,1.6319621280218548,1.1614322035150337,mlp
3.3200000000000003,1.4656983947763418,6.45628150849982,-15.263795660434784,0.1859373946763604,0.016808655802430794,1.6376484940097233,1.1604489866174057,mlp
3.3240000000000003,1.4799618772497534,6.480897609717583,-15.267635088713499,0.18573262680229707,0.016210331477222253,1.6432643814957402,1.1594169097142888,mlp
3.3280000000000003,1.4942773390413124,6.505915296807916,-15.271194057464799,0.18554281665032693,0.015616311960805096,1.6488095353416818,1.1583362605056928,mlp
3.332,1.5086427455754898,6.5313304899264555,-15.274498913012518,0.18536655909439223,0.015025932674385668,1.65428373310905,1.1572073421309865,mlp
3.336,1.5230560906682764,6.557135285989809,-15.277587078013367,0.1852018582753963,0.014438031056500404,1.6596867990999498,1.1560304733571733,mlp
3.34,1.5375154091089474,6.583318040043178,-15.280505483746513,0.18504621121175835,0.013851007599420397,1.665018616935107,1.1548059887754458,mlp
3.344,1.5520187877406166,6.60986356232095,-15.283308818883302,0.1848967011976165,0.013262895382734704,1.6702791400561217,1.153534239005904,mlp
3.348,1.566564374240336,6.636753428957213,-15.28605764489225,0.1847500983137594,0.012671435760484294,1.6754683995839608,1.1522155909103255,mlp
3.352,1.581150382852666,6.66396639959222,-15.288816431650005,0.18460296419420535,0.01207415777632866,1.6805865090495329,1.1508504278128537,mlp
3.356,1.5957750964330135,6.691478930138864,-15.291651569217937,0.18445175806393832,0.01146845886696195,1.6856336656429418,1.1494391497284535,mlp
3.36,1.6104368643172435,6.719265764050727,-15.294629412556118,0.1842929410199963,0.010851684483973846,1.6906101478083428,1.147982173598978,mlp
3.364,1.6251340957543678,6.7473005809701325,-15.297814414688824,0.1841230755951837,0.01022120442954489,1.6955163092357588,1.1464799335366638,mlp
3.368,1.6398652489127887,6.775556678059973,-15.301267400179857,0.18393891783865263,0.009574483962472976,1.7003525695548156,1.1449328810748538,mlp
3.372,1.654628815780422,6.80400765703904,-15.30504402465156,0.1837374994742328,0.008909148075856233,1.7051194022939506,1.1433414854257318,mlp
3.376,1.6694233035974804,6.832628089261792,-15.309193457726746,0.18351619814296835,0.008223037750682522,1.7098173209011873,1.1417062337448278,mlp
3.38,1.6842472137530773,6.8613941322796395,-15.313757316725455,0.1832727942721704,0.007514257414607835,1.7144468637960024,1.1400276314020286,mlp
3.384,1.6990990193060596,6.890284074177616,-15.318768867473764,0.18300551369860668,0.006781213241838997,1.719008579507064,1.1383062022588057,mlp
3.388,1.713977142423851,6.919278786386306,-15.32425249754769,0.1827130557619362,0.006022642280903936,1.7235030129290356,1.1365424889513465,mlp
3.392,1.7288799330487021,6.948362071236723,-15.330223457005172,0.18239460713222616,0.005237632665804204,1.7279306935998198,1.13473705317924,mlp
3.396,1.7438056499924357,6.977520896742501,-15.33668785279915,0.182049842107919,0.0044256353423701425,1.7322921266713964,1.132890475999346,mlp
3.4,1.7587524454401182,7.006745517392792,-15.343642875998647,0.18167891049747137,0.0035864678333186674,1.7365877869522193,1.1310033581244385,mlp
3.404,1.7737183535377243,7.036029485580663,-15.351077235773268,0.1812824144736987,0.0027203105951191723,1.7408181160768266,1.1290763202261809,mlp
3.408,1.7887012833875915,7.065369563231109,-15.358971770687265,0.18086137597168533,0.0018276965183388213,1.7449835225518149,1.1271100032419525,mlp
3.412,1.8036990164212128,7.094765546930857,-15.367300205923474,0.1804171963038304,0.0009094941218053302,1.7490843841747783,1.125105068685011,mlp
3.416,1.8187092078015714,7.124220022264367,-15.376030024296512,0.17995160970618104,3.311498666808881e-05,1.753121052151233,1.1230621989574243,mlp
3.42,1.833729391257228,7.153738064148012,-15.385123419043065,0.17946663252335593,0.000998663752871942,1.7570938561562175,1.1209820976651776,mlp
3.424,1.8487569865856062,7.18332689987457,-15.394538297208106,0.17896450969504107,0.0019854317021017185,1.7610031095995389,1.118865489934795,mlp
3.428,1.863789308987489,7.212995550562067,-15.404229303887275,0.17844766013016497,0.002991480519769452,1.7648491144414837,1.1167131227307836,mlp
3.432,1.8788235794011128,7.242754465011564,-15.414148839607627,0.17791862244702553,0.004014692251126864,1.768632165046465,1.1145257651731448,mlp
3.436,1.893856935076475,7.272615157882262,-15.424248045721846,0.17738000241935098,0.0050528091004323275,1.7723525507299243,1.1123042088541544,mlp
3.44,1.9088864397483376,7.302589861824323,-15.434477735823368,0.1768344233012235,0.0061034737661346304,1.7760105568249793,1.1100492681535397,mlp
3.444,1.923909092909136,7.332691200957866,-15.444789254781469,0.17628448001223973,0.007164269255523729,1.7796064642507574,1.1077617805511446,mlp
3.448,1.938921837832122,7.362931890987152,-15.455135250913145,0.17573269795533944,0.008232757182005876,1.7831405476913609,1.105442606936093,mlp
3.452,1.953921568136238,7.39332446937837,-15.46547035087669,0.17518149702276853,0.009306513655450809,1.786613072586762,1.1030926319114047,mlp
3.456,1.9689051328075962,7.423881057452462,-15.475751730896357,0.1746331611310068,0.010383162020291124,1.790024291193878,1.1007127640929497,mlp
3.46,1.9838693396928064,7.454613154962639,-15.485939581719862,0.17408981342323263,0.011460401863615275,1.7933744380009997,1.0983039364015577,mlp
3.464,1.9988109575551207,7.485531466728488,-15.495997468112332,0.17355339709646492,0.012536033892260112,1.796663724777391,1.0958671063470249,mlp
3.468,2.013726716836513,7.516645760158732,-15.505892586586494,0.17302566165606312,0.013607980451076624,1.7998923355190086,1.093403256302687,mlp
3.472,2.028613309300236,7.547964751978784,-15.51559592739383,0.17250815427626776,0.014674301613923642,1.80306042151762,1.0909133937691518,mlp
3.476,2.043467386742722,7.579496022150325,-15.525082348537975,0.17200221585285078,0.015733206917449765,1.8061680967399587,1.0883985516257006,mlp
3.48,2.058285558964809,7.611245952791664,-15.534330570744197,0.17150898127140754,0.016783062921390146,1.8092154336606932,1.0858597883677952,mlp
3.484,2.0730643911838036,7.643219689845671,-15.5433231029814,0.17102938337948545,0.01782239686671867,1.8122024596513304,1.083298188329034,mlp
3.488,2.0878004010530367,7.675421125266425,-15.552046108360697,0.1705641601386025,0.01884989676546442,1.8151291539890184,1.0807148618858236,mlp
3.492,2.10249005543688,7.7078528975804055,-15.560489220111315,0.17011386443878765,0.019864408295790194,1.817995445515842,1.078110945642947,mlp
3.496,2.1171297670687355,7.740516408801334,-15.5686453169448,0.1696788760790608,0.020864928896332856,1.820801210951202,1.0754876025981166,mlp
3.5,2.131715891198734,7.77341185582196,-15.57651026654291,0.16925941544796938,0.021850599458592572,1.8235462738372108,1.0728460222835217,mlp
3.504,2.1462447223178844,7.806538274556888,-15.584082645212488,0.1688555584752091,0.02282069400901658,1.8262304040794775,1.0701874208822844,mlp
3.508,2.1607124910268927,7.839893595257142,-15.591363441002422,0.16846725246525995,0.023774607756840885,1.828853318032658,1.0675130413176628,mlp
3.512,2.175115361101352,7.873474707550927,-15.598355746818484,0.16809433246446367,0.024711843862774266,1.8314146790712365,1.0648241533127425,mlp
3.516,2.189449426790738,7.907277533879905,-15.605064449338432,0.1677365378520865,0.025631999259736568,1.8339140985806222,1.062122053418282,mlp
3.52,2.2037107103769045,7.941297110091763,-15.611495918844646,0.16739352888244602,0.026534749832161256,1.8363511373013919,1.0594080650062951,mlp
3.524,2.2178951600086734,7.975527672014857,-15.61765770447117,0.167064902938273,0.0274198352363173,1.8387253069600131,1.0566835382268713,mlp
3.528,2.231998647822797,8.0099627468776,-15.623558238813008,0.16675021028475642,0.028287043621815097,1.8410360721224137,1.0539498499256672,mlp
3.532,2.2460169683581452,8.044595248442938,-15.6292065553688,0.16644896913914678,0.029136196494601634,1.8432828522121603,1.051208403519421,mlp
3.536,2.2599458372695573,8.079417574707001,-15.634612021880596,0.16616067989252192,0.0299671339447157,1.8454650236426904,1.0484606288267955,mlp
3.54,2.273780890350528,8.114421706961243,-15.639784092287655,0.1658848383388118,0.030779700447940893,1.8475819220229932,1.0457079818517767,mlp
3.544,2.2875176828798085,8.14959930894103,-15.644732079716087,0.1656209477819211,0.03157373143917936,1.8496328444083439,1.0429519445168278,mlp
3.548,2.3011516893162454,8.184941824682555,-15.649464952669168,0.16536852990549225,0.03234904084652677,1.8516170515821773,1.040194024342935,mlp
3.552,2.3146783033786655,8.2204405735878,-15.653991156351651,0.16512713430219952,0.03310540976824708,1.8535337703719053,1.037435754073672,mlp
3.556,2.3280928385633426,8.256086841058066,-15.658318460839705,0.16489634657128766,0.03384257646948916,1.8553821960203452,1.034678691240379,mlp
3.56,2.3413905291702863,8.291871962905974,-15.662453837580916,0.16467579490518597,0.03456022787092768,1.8571614946552797,1.0319244176655433,mlp
3.564,2.3545665319309634,8.327787401600899,-15.666403365460287,0.16446515509928153,0.035257992696694086,1.8588708059221448,1.029174538901493,mlp
3.568,2.3676159283535005,8.363824812252295,-15.670172167381349,0.1642641539342331,0.03593543644294728,1.860509245868542,1.0264306836015162,mlp
3.572,2.3805337279261254,8.399976096100092,-15.673764377970468,0.1640725708983943,0.036592058320083845,1.8620759101934492,1.0236945028205797,mlp
3.576,2.3933148723444773,8.436233439174648,-15.677183142601141,0.16389023823985066,0.037227290309566556,1.8635698779977894,1.020967669242868,mlp
3.58,2.4059542409519703,8.47258933372612,-15.680430647438458,0.1637170393640612,0.03784049845920294,1.86499021619518,1.018251876333445,mlp
3.584,2.418446657602755,8.509036580023446,-15.683508179608925,0.16355290562482674,0.03843098651681357,1.8663359847607048,1.0155488374114452,mlp
3.588,2.4307868991717254,8.545568266207313,-15.686416215897736,0.16339781159380654,0.038998001969878376,1.86760624300954,1.0128602846423211,mlp
3.592,2.4429697059425113,8.582177724074016,-15.689154537558224,0.16325176893739646,0.039540744516181406,1.868800057103899,1.0101879679468233,mlp
3.596,2.454989794099316,8.618858458994024,-15.691722367888303,0.16311481907937705,0.04005837693596337,1.8699165089833814,1.0075336538245656,mlp
3.6,2.4668418705278032,8.655604052657973,-15.694118528196164,0.16298702488280994,0.04055003826815118,1.8709547068972274,1.0048991240902228,mlp
3.604,2.478520650089894,8.692408038021453,-15.696341606664298,0.16286846164402793,0.04101485911076841,1.8719137976838047,1.002286174520644,mlp
3.608,2.490020875472648,8.729263746713325,-15.698390133465612,0.16275920775318375,0.041451978768255446,1.8727929808890973,0.9996966134114184,mlp
3.612,2.501337339617947,8.766164130299588,-15.700262754344116,0.16265933543668712,0.04186056385686322,1.8735915247383879,0.9971322600417178,mlp
3.616,2.5124649106133012,8.803101558165476,-15.701958393825656,0.1625689020527019,0.04223982785574994,1.8743087838702774,0.9945949430465633,mlp
3.62,2.523398558761824,8.840067596384836,-15.703476398375457,0.1624879424561379,0.042589050960224244,1.874944218607215,0.9920864986960044,mlp
3.624,2.534133385350205,8.87705277375754,-15.704816649300238,0.16241646297725296,0.042907599461627144,1.87549741537085,0.9896087690810882,mlp
3.628,2.5446646523995193,8.914046343150229,-15.70597963515693,0.16235443755988524,0.04319494375566766,1.875968107655465,0.9871636002068993,mlp
3.632,2.5549878124215866,8.951036048270087,-15.706966474049228,0.16230180657231374,0.043450673981049,1.8763561967538258,0.9847528399933966,mlp
3.636,2.5650985369260515,8.988007907885681,-15.707778877641726,0.16225847872648852,0.04367451222985775,1.8766617711973759,0.9823783361852386,mlp
3.64,2.5749927421506773,9.02494603108052,-15.708419051155282,0.16222433641156905,0.043866320270157244,1.8768851236434192,0.9800419341722949,mlp
3.644,2.584666610248159,9.061832478133594,-15.708889527135277,0.16219924455954632,0.04402610180075152,1.8770267637394005,0.9777454747230572,mlp
3.648,2.594116603994385,9.09864718177815,-15.709192935427328,0.1621830629131067,0.04415399843849224,1.8770874253495518,0.975490791633715,mlp
3.652,2.6033394730296795,9.135367942597519,-15.709331717444424,0.1621756612645965,0.04425027893559836,1.8770680664788064,0.9732797092962349,mlp
3.656,2.6123322497535875,9.171970509907597,-15.709307799184582,0.16217693689494136,0.044315321545137426,1.8769698603128329,0.9711140401893641,mlp
3.66,2.621092233309438,9.208428755471497,-15.709122244077072,0.16218683308836607,0.04434958998975772,1.8767941760487457,0.9689955822970878,mlp
3.664,2.629616960649283,9.244714941772227,-15.708774912911187,0.16220535726938246,0.04435360411583307,1.876542548646201,0.9669261164596809,mlp
3.668,2.6379041644716543,9.28080007953752,-15.708264162978889,0.16223259704838663,0.044327906984216355,1.8762166372919813,0.9649074036631177,mlp
3.672,2.6459517188489285,9.316654361246014,-15.707586621204355,0.16226873232132025,0.04427303078979123,1.8758181732236312,0.9629411822732223,mlp
3.676,2.653757574540767,9.352247649209001,-15.70673706556132,0.16231404159402812,0.04418946452798516,1.8753488985451103,0.9610291652215651,mlp
3.68,2.6613196872139997,9.387549989517776,-15.705708444851798,0.16236890092740183,0.04407762664362271,1.8748104986988108,0.9591730371507156,mlp
3.684,2.668635942909715,9.422532117790764,-15.70449205872147,0.1624337743366352,0.04393784592079653,1.8742045322115324,0.957374451527057,mlp
3.688,2.675704085948227,9.45716592030065,-15.70307790797725,0.16250919510777045,0.04377035354288157,1.8735323620681594,0.9556350277299367,mlp
3.692,2.6825216548832937,9.491424815478025,-15.701455210847563,0.16259573826403584,0.043575288553656666,1.8727950934523028,0.9539563481264745,mlp
3.696,2.6890859319888443,9.525284026253356,-15.699613065353358,0.16269398523967407,0.04335271792188152,1.871993522526027,0.9523399551418478,mlp
3.7,2.6953939110335616,9.55872072286655,-15.697541223367868,0.16280448259708424,0.043102671146008145,1.871128100354548,0.9507873483353515,mlp
3.704,2.7014422868063535,9.591714027657149,-15.695230930206339,0.16292769724906037,0.04282518797099012,1.870198915041344,0.9492999814929302,mlp
3.708,2.7072274681224973,9.62424488645387,-15.692675776342792,0.16306397103426004,0.042520376486806157,1.869205693722306,0.9478792597472546,mlp
3.712,2.7127456140608754,9.656295823764182,-15.689872506074327,0.16321347758878557,0.04218847779581479,1.8681478244319292,0.9465265367367043,mlp
3.716,2.7179926911907275,9.687850609353408,-15.686821731748907,0.16337618425433947,0.041829932699502484,1.8670243961911315,0.9452431118148538,mlp
3.72,2.7229645477750877,9.718893870722304,-15.683528510747003,0.16355182130611592,0.04144544553882303,1.8658342541675408,0.9440302273222118,mlp
3.724,2.727656999582959,9.749410688787492,-15.680002754242654,0.16373986015238445,0.041036040439101,1.8645760655879993,0.942889065932047,mlp
3.728,2.73206592113395,9.77938621278753,-15.676259449939998,0.1639395014553035,0.040603105715900964,1.8632483913509377,0.9418207480821259,mlp
3.732,2.7361873359913305,9.808805325755413,-15.672318693555738,0.16414967345186868,0.04014842300481139,1.8618497580424838,0.9408263295040982,mlp
3.736,2.7400175000916116,9.837652384914387,-15.66820553423778,0.1643690401981864,0.03967417867668929,1.8603787252938333,0.9399067988620863,mlp
3.74,2.7435529729699657,9.865911053319923,-15.663949646467866,0.16459601906786042,0.03918295618178184,1.858833944068513,0.9390630755117683,mlp
3.744,2.746790672989519,9.893564231121339,-15.659584845155356,0.1648288066134506,0.03867770904090365,1.8572142024430567,0.938296007390873,mlp
3.748,2.7497279141671798,9.920594087772214,-15.655148462166277,0.16506541181799117,0.038161715207308655,1.855518456632331,0.9376063690515645,mlp
3.7520000000000002,2.7523624237644304,9.946982190792307,-15.650680602524114,0.1653036957639659,0.03763851442601116,1.8537458462962353,0.936994859844643,mlp
3.7560000000000002,2.754692341343418,9.972709722302383,-15.64622329823311,0.16554141676237127,0.037111831007145456,1.8518956944386464,0.9364621022648648,mlp
3.7600000000000002,2.7567162013590942,9.997757771273314,-15.641819578235054,0.165776279954626,0.036585485105872624,1.849967493375056,0.93600864046597,mlp
3.7640000000000002,2.7584329024717813,10.022107686896977,-15.637512475113198,0.16600599028793872,0.036063296160648815,1.8479608792208466,0.9356349389532194,mlp
3.7680000000000002,2.7598416675513575,10.045741476392244,-15.633343992905754,0.16622830756481585,0.03554898257057477,1.845875598074535,0.9353413814603776,mlp
3.7720000000000002,2.760941998761831,10.068642228759938,-15.62935406527675,0.16644110200683915,0.0350460619634416,1.8437114674972754,0.9351282700171588,mlp
3.7760000000000002,2.7617336321507433,10.090794544555797,-15.625579538315336,0.16664240850493636,0.034557756481684514,1.8414683370025684,0.9349958242121597,mlp
3.7800000000000002,2.7622164958395152,10.112184950894246,-15.622053216150496,0.16683047751952365,0.034086907356848835,1.8391460510747444,0.9349441806552842,mlp
3.7840000000000003,2.762390675266541,10.13280228094889,-15.618803009171632,0.16700382050837886,0.033635902630294784,1.8367444177633674,0.9349733926425859,mlp
3.7880000000000003,2.762256388048637,10.152637998474022,-15.615851223054474,0.1671612478449568,0.033206621209110686,1.8342631852087108,0.9350834300253614,mlp
3.7920000000000003,2.7618139699918234,10.1716864504983,-15.613214021643753,0.16730189746441806,0.032800395553107466,1.8317020276149523,0.9352741792842132,mlp
3.7960000000000003,2.7610638727020125,10.189945035302824,-15.610901088279427,0.16742525292608637,0.03241799423415958,1.829060541287346,0.9355454438076729,mlp
3.8000000000000003,2.7600066722208414,10.2074142778372,-15.608915499168091,0.16753115016691916,0.03205962448016433,1.826338250473022,0.9358969443738637,mlp
3.8040000000000003,2.758643087228795,10.224097810414277,-15.60725381008763,0.16761977287729676,0.03172495371159068,1.8235346219690902,0.9363283198325743,mlp
3.8080000000000003,2.75697400468221,10.24000226231307,-15.605906345436923,0.16769163708516088,0.03141314809531751,1.8206490868461611,0.9368391279840361,mlp
3.8120000000000003,2.7550005103198902,10.255137067250153,-15.604857667703829,0.16774756611792171,0.031122925357897926,1.8176810672175014,0.937428846649658,mlp
3.8160000000000003,2.7527239212975214,10.269514202065999,-15.604087196861931,0.167788657568229,0.030852618571507263,1.814630005776842,0.9380968749289719,mlp
3.8200000000000003,2.750145818266282,10.283147873066833,-15.603569943665535,0.16781624418521715,0.03060024737200674,1.811495395821787,0.9388425346361025,mlp
3.8240000000000003,2.747268074468386,10.296054168093326,-15.603277318506462,0.1678318507358208,0.030363593080351015,1.808276809647304,0.939665071908189,mlp
3.8280000000000003,2.744092879826602,10.308250692559646,-15.603177978239128,0.16783714884113085,0.0301402744408946,1.8049739234953261,0.9405636589773863,mlp
3.8320000000000003,2.740622758501853,10.319756206578248,-15.603238676676447,0.1678339116169749,0.029927821110455468,1.801586537637101,0.9415373960973296,mlp
3.8360000000000003,2.7368605789293836,10.33059027812438,-15.603425089622185,0.16782396967254318,0.029723742569100844,1.7981145905997973,0.9425853136142983,mlp
3.84,2.732809555873071,10.34077296432678,-15.603702591576367,0.16780916968643034,0.02952559071618122,1.794558166988078,0.9437063741727523,mlp
3.844,2.7284732445222577,10.350324529737659,-15.604036967902829,0.16779133642466937,0.02933101500809389,1.7909174987624212,0.9448994750444281,mlp
3.848,2.7238555270703215,10.359265207149555,-15.604395052657864,0.16777223872347527,0.02913780954314508,1.7871929601955119,0.9461634505698039,mlp
3.852,2.7189605925439637,10.367615003450084,-15.604745287973115,0.16775355965572883,0.028943951971947112,1.7833850570213732,0.9474970747004384,mlp
3.856,2.7137929108915473,10.375393550330973,-15.605058205550705,0.16773687085144112,0.028747634490115175,1.7794944105127393,0.9488990636304939,mlp
3.86,2.7083572024901184,10.382619997516292,-15.605306834308724,0.16772361075683465,0.02854728744638282,1.7755217373705936,0.9503680785056273,mlp
3.864,2.702658404302,10.389312944599688,-15.605467040487238,0.16771506649550075,0.0283415962760014,1.7714678263911643,0.9519027281974158,mlp
3.868,2.6967016339148424,10.395490406578253,-15.605517807670644,0.16771235893399325,0.028129512555977277,1.7673335128986292,0.9535015721315322,mlp
3.872,2.6904921526473284,10.40116980769252,-15.605441464354431,0.1677164305450314,0.027910259989576393,1.763119651906993,0.9551631231580244,mlp
3.876,2.684035328810404,10.406367998149925,-15.605223866079129,0.16772803569376682,0.02768333607929313,1.7588270909133465,0.9568858504522625,mlp
3.88,2.677336602094176,10.411101288627501,-15.604854537981435,0.16774773303511734,0.027448510157402184,1.7544566431380422,0.9586681824354009,mlp
3.884,2.670401449915258,10.415385498018257,-15.60432678207936,0.16777587979193823,0.027205818327677187,1.7500090619251931,0.9605085097035391,mlp
3.888,2.6632353564180375,10.419236010608543,-15.603637751901227,0.1678126277748408,0.02695555574537513,1.7454850169078961,0.9624051879551749,mlp
3.892,2.6558437846836624,10.42266783966507,-15.602788495346921,0.1678579210962771,0.026698266537224045,1.7408850724334677,0.9643565409069891,mlp
3.896,2.648232152567738,10.42569569519895,-15.601783965061625,0.16791149561727875,0.026434731548283193,1.736209668639843,0.9663608631885,mlp
3.9,2.6404058124651955,10.428334054405244,-15.600632994203018,0.16797288023986234,0.026165954004961595,1.731459105478448,0.9684164232066572,mlp
3.904,2.6323700351900214,10.430597233910936,-15.599348234361257,0.16804140021793768,0.025893143107587443,1.7266335298931217,0.9705214659720116,mlp
3.908,2.624129998058748,10.43249946347721,-15.597946051589847,0.16811618270228343,0.02561769551417897,1.7217329262895964,0.9726742158786799,mlp
3.912,2.6156907771789717,10.434054961181033,-15.596446376052524,0.16819616475931645,0.025341174650336057,1.7167571103651003,0.9748728794309339,mlp
3.916,2.607057343866155,10.43527801034307,-15.594872500699012,0.16828010410829872,0.025065287778231544,1.711705726311629,0.977115647909855,mlp
3.92,2.598234565041813,10.436183038578116,-15.593250824658304,0.16836659280691985,0.024791860779476885,1.7065782473575832,0.9794006999741203,mlp
3.924,2.5892272074020335,10.436784699328719,-15.591610537683371,0.16845407408077845,0.024522810650644326,1.7013739795688296,0.981726204189608,mlp
3.928,2.5800399450855176,10.437097956114183,-15.589983242997057,0.16854086243810712,0.024260115774639122,1.6960920687898284,0.9840903214831199,mlp
3.932,2.5706773705138324,10.437138169498544,-15.58840251727361,0.16862516713723696,0.024005784113832078,1.6907315105664225,0.9864912075161388,mlp
3.936,2.56114400802275,10.436921186466382,-15.586903408241005,0.1687051189809261,0.023761819569631772,1.6852911628527172,0.9889270149751159,mlp
3.94,2.551444329852533,10.436463431509322,-15.585521872495418,0.1687788002993491,0.023530186865355584,1.6797697612641358,0.9913958957753718,mlp
3.944,2.541582774017772,10.4357819982849,-15.584294158561923,0.16884427785326345,0.023312775431712868,1.6741659365967236,0.9938960031762425,mlp
3.948,2.5315637635355204,10.43489474023146,-15.583256142978215,0.16889963824259505,0.023111362903099873,1.6684782342892879,0.9964254938056342,mlp
3.952,2.521391726456444,10.433820358029193,-15.582442630160742,0.1689430252466135,0.022927578963345387,1.6627051354609101,0.9989825295926571,mlp
3.956,2.5110711161205312,10.432578481314243,-15.58188662994544,0.16897267835478513,0.02276287040547694,1.6568450791133849,1.001565279607486,mlp
3.96,2.500606431050021,10.431189741610853,-15.581618629849597,0.1689869715791641,0.02261846838399471,1.650896485048641,1.0041719218080474,mlp
3.964,2.4900022339012087,10.429675833082461,-15.581665882106735,0.16898445147889488,0.022495358931053415,1.644857777018207,1.006800644693544,mlp
3.968,2.4792631689270457,10.428059557458702,-15.582051728168206,0.1689638731865066,0.022394257869527645,1.6387274055988412,1.0094496488652258,mlp
3.972,2.4683939774566808,10.426364849417173,-15.582794985387423,0.16892423311782637,0.02231559127477704,1.6325038702793544,1.0121171484951683,mlp
3.976,2.4573995109778366,10.424616778834014,-15.5839094217204,0.16886479698772658,0.022259482601381907,1.6261857402520876,1.014801372704147,mlp
3.98,2.446284741512988,10.422841526709508,-15.585403344192379,0.16878512175839658,0.022225747490160538,1.61977167343165,1.017500566849994,mlp
3.984,2.4350547691083597,10.421066332258848,-15.587279325315691,0.1686850702302737,0.022213897095492943,1.6132604332754368,1.0202129937280864,mlp
3.988,2.4237148264007597,10.419319409652871,-15.589534088371824,0.16856481716028401,0.022223150518094693,1.6066509030556528,1.022936934685859,mlp
3.992,2.412270280383438,10.417629834193905,-15.592158567359476,0.16842484606463817,0.022252456594085927,1.5999420973294565,1.02567069065343,mlp
3.996,2.40072663164816,10.416027399283191,-15.595138150466676,0.16826593623375563,0.022300524884595732,1.5931331704683138,1.02841258309263,mlp
4.0,2.3890895115238986,10.414542447309131,-15.598453107328409,0.1680891399453729,0.022365865246556368,1.5862234222331244,1.0311609548668514,mlp
4.0040000000000004,2.3773646776495023,10.413205679454425,-15.602079190458852,0.1678957503884136,0.02244683486847085,1.579212300509162,1.033914171034301,mlp
4.008,2.3655580085950234,10.412047951247589,-15.605988390674364,0.16768726137408405,0.02254169115641849,1.5720994014337402,1.036670619567305,mlp
4.0120000000000005,2.353675498172909,10.4111000623105,-15.610149815794914,0.16746532047217094,0.022648648392749653,1.5648844672485533,1.0394287120004435,mlp
4.016,2.3417232500484846,10.410392550009625,-15.614530652291009,0.1672316777236145,0.022765935703123533,1.557567382277359,1.042186884010317,mlp
4.0200000000000005,2.3297074731671477,10.409955497446031,-15.61909716172636,0.1669881324973237,0.022891853595746612,1.5501481674599538,1.044943595929823,mlp
4.024,2.3176344783678804,10.409818366288539,-15.623815658670097,0.16673648133527452,0.023024826213448285,1.542626973860837,1.0476973331998323,mlp
4.0280000000000005,2.305510676360317,10.410009864284433,-15.628653414892266,0.16647846972913463,0.023163446488518345,1.535004075515991,1.0504466067611704,mlp
4.032,2.2933425770230564,10.41055785585156,-15.63357943654621,0.16621575067086758,0.023306511623330348,1.527279861889506,1.0531899533898155,mlp
4.0360000000000005,2.281136789755855,10.411489322011427,-15.638565066816977,0.16594985251174055,0.023453046733826973,1.5194548300939317,1.0559259359781887,mlp
4.04,2.2689000244116517,10.412830373175856,-15.643584375999156,0.16568215815833925,0.023602315071034857,1.5115295768986612,1.0586531437654156,mlp
4.0440000000000005,2.2566390921689203,10.414606315116103,-15.64861431368994,0.16541389695566938,0.023753813948815122,1.503504790425747,1.0613701925193648,mlp
4.048,2.2443609055999993,10.416841765028542,-15.653634613035928,0.16514614979395303,0.02390725631565847,1.4953812413287535,1.0640757246732562,mlp
4.0520000000000005,2.232072477160073,10.419560811191518,-15.658627453875768,0.16487986707421107,0.024062538770102504,1.4871597731817696,1.0667684094195455,mlp
4.056,2.2197809153702077,10.422787206514029,-15.663576909195648,0.16461589823040126,0.02421969768594823,1.478841291782902,1.0694469427637583,mlp
4.0600000000000005,2.207493418093885,10.426544583528123,-15.668468216534162,0.16435503058751535,0.024378855936717205,1.470426753104711,1.0721100475408514,mlp
4.064,2.1952172624999706,10.430856676272436,-15.67328693179671,0.16409803449111773,0.024540163440874885,1.4619171497028935,1.0747564733966282,mlp
4.0680000000000005,2.18295979154947,10.435747533226927,-15.678018036326323,0.1638457109298545,0.02470373534321581,1.4533134955185343,1.077384996736647,mlp
4.072,2.170728397117849,10.441241705130567,-15.682645077988212,0.16359893734391204,0.024869592057324363,1.4446168091684144,1.0799944206449743,mlp
4.0760000000000005,2.1585305001454764,10.447364392251915,-15.687149432431251,0.1633587070240902,0.025037605574839486,1.435828095998785,1.0825835747750694,mlp
4.08,2.146373528471878,10.454141537552731,-15.691509770606158,0.16312615751060594,0.025207456358813624,1.4269483293652108,1.0851513152149874,mlp
4.0840000000000005,2.134264893232541,10.461599855200792,-15.695701812169728,0.16290258374476274,0.02537860474757663,1.41797843177836,1.0876965243290044,mlp
4.088,2.122211964860982,10.469766787998118,-15.699698430923824,0.1626894324455824,0.02555028008167823,1.4089192567071778,1.090218110577685,mlp
4.0920000000000005,2.1102220498295208,10.478670392363151,-15.703470157613198,0.1624882752941355,0.02572148972809344,1.399771571942544,1.092715008318326,mlp
4.096,2.0983023692719036,10.488339155316085,-15.706986097427897,0.1623007600004701,0.0258910488365061,1.3905360454845839,1.095186177587617,mlp
4.1,2.086460040558527,10.498801754140995,-15.710215245268861,0.16212854015667308,0.026057630076497834,1.381213234916865,1.0976306038682797,mlp
4.104,2.0747020627469075,10.510086775614377,-15.713128142859174,0.1619731868583085,0.0262198308600551,1.3718035811662235,1.1000472978413596,mlp
4.108,2.063035306619087,10.522222417386319,-15.715698780587841,0.16183608727355933,0.026376253773470602,1.362307407417488,1.1024352951257634,mlp
4.112,2.0514665097624563,10.535236198703897,-15.717906606878753,0.16171833747773756,0.026525594279908773,1.3527249237617824,1.104793656006549,mlp
4.116,2.0400022768729107,10.549154710571749,-15.719738472979925,0.1616206387320193,0.026666728385705992,1.3430562379129782,1.1071214651533992,mlp
4.12,2.028649085182365,10.56400343606559,-15.721190316049231,0.16154320771958874,0.02679879207902576,1.333301372040428,1.10941783133063,mlp
4.124,2.017413294657486,10.579806669342066,-15.722268373227454,0.16148571179559215,0.026921244133477795,1.3234602854510558,1.111681887100017,mlp
4.128,2.006301162399768,10.596587556566128,-15.722989728785969,0.1614472398061609,0.027033904480321846,1.3135329025260973,1.113912788517631,mlp
4.132,1.995318860508985,10.614368273390255,-15.72338202928519,0.16142631727983975,0.02713696189613315,1.3035191449946417,1.1161097148258332,mlp
4.136,1.984472496555945,10.633170341991317,-15.723482260108707,0.16142097167857905,0.027230947248604552,1.2934189673262557,1.118271868141477,mlp
4.14,1.973768135743143,10.653015076654095,-15.723334560126352,0.16142884894810733,0.027316671894063418,1.2832323937683643,1.1203984731413343,mlp
4.144,1.9632118238063228,10.673924131631924,-15.722987155233717,0.16144737706118562,0.02739513478409088,1.2729595553619322,1.122488776745672,mlp
4.148,1.9528096097179417,10.695920110153203,-15.722488607313732,0.16147396607139322,0.02746740601676909,1.262600725163842,1.1245420478008592,mlp
4.152,1.942567567289601,10.719027181007078,-15.721883689435014,0.16150622810079343,0.02753449842160432,1.2521563499088846,1.1265575767618279,mlp
4.156,1.932491814833559,10.743271641323387,-15.721209293879983,0.16154219557669264,0.027597241670299085,1.2416270764790995,1.1285346753751495,mlp
4.16,1.9225885321369802,10.768682362957739,-15.720490838394014,0.1615805128968225,0.027656174739616242,1.2310137718281275,1.1304726763634427,mlp
4.164,1.9128639741313562,10.795291066666389,-15.719739641090023,0.16162057643331126,0.027711471831349206,1.220317535436602,1.1323709331117746,mlp
4.168,1.9033244808042122,10.823132383303236,-15.718951674565222,0.1616626009792602,0.027762913856961086,1.2095397039372948,1.1342288193566712,mlp
4.172,1.8939764830907817,10.852243683514985,-15.718107983115047,0.16170759749751148,0.02780991247067723,1.1986818482088164,1.1360457288783117,mlp
4.176,1.8848265046751003,10.88266468433339,-15.717176863284294,0.16175725682551573,0.027851586946845613,1.1877457639324174,1.1378210751964353,mlp
4.18,1.8758811597836968,10.914436868963561,-15.71611768906778,0.16181374566625817,0.02788688687111641,1.1767334572544272,1.139554291270451,mlp
4.184,1.8671471471243584,10.947602780622356,-15.714886039899497,0.16187943309768624,0.02791474679896124,1.1656471277018334,1.1412448292042008,mlp
4.188,1.8586312400667924,10.982205268324439,-15.713439597573501,0.16195657607277222,0.027934253891437277,1.1544891507692456,1.1428921599557964,mlp
4.192,1.8503402729636862,11.018286768862152,-15.71174415075074,0.1620469991817046,0.027944807012019544,1.143262062564874,1.1444957730529108,mlp
4.196,1.8422811231905223,11.055888703365964,-15.7097790073427,0.16215180599373039,0.027946246389261926,1.1319685485482123,1.1460551763138813,mlp
4.2,1.834460688109892,11.09505104931361,-15.707541176371524,0.16227115602639566,0.027938936710536356,1.1206114377498186,1.1475698955749432,mlp
4.204,1.8268858558587668,11.135812122293164,-15.70504783536834,0.16240413315201807,0.027923792848103878,1.1091937030380041,1.1490394744238903,mlp
4.208,1.8195634687691837,11.178208570500734,-15.702336823386961,0.16254871930383258,0.027902245293663034,1.0977184671547522,1.1504634739404402,mlp
4.212,1.8125002785296869,11.222275554079111,-15.699465155683228,0.16270187369246109,0.02787615045244846,1.0861890135942966,1.15184147244354,mlp
4.216,1.80570289301834,11.268047056155465,-15.696505798358057,0.16285970482357726,0.027847657811388073,1.07460880116464,1.1531730652458463,mlp
4.22,1.7991777161631173,11.31555625692527,-15.693543124106384,0.16301771285602845,0.027819050419780944,1.0629814814436873,1.154457864415579,mlp
4.224,1.7929308841737805,11.364835898491265,-15.690667557295669,0.16317107519536983,0.02779257630948883,1.0513109194181482,1.1556954985459367,mlp
4.228,1.7869682038461503,11.415918575972574,-15.687969890037355,0.1633149496343006,0.027770286273803183,1.039601219328204,1.156885612532237,mlp
4.232,1.7812951009820044,11.468836906576739,-15.685535618581333,0.16344477640921548,0.027753888411282904,1.0278567598864057,1.1580278673569377,mlp
4.236,1.7759165887180544,11.523623547720591,-15.683439448155724,0.16355657127307735,0.027744623356898687,1.0160822451130753,1.1591219398826693,mlp
4.24,1.770837265981454,11.580311051895752,-15.681739907410279,0.1636472127228104,0.027743158071459155,1.0042827783249209,1.1601675226534074,mlp
4.244,1.7660613546033872,11.638931554731819,-15.680473879601777,0.1637147336670846,0.0277494925568716,0.9924639664766244,1.1611643237038887,mlp
4.248,1.7615927791895192,11.699516291392012,-15.679650871935621,0.16375862705899163,0.027762874700194392,0.9806320592724481,1.162112066377369,mlp
4.252,1.757435286460215,11.762094927063151,-15.679247053742358,0.16378016385742616,0.027781724437601702,0.9687941217523262,1.163010489151814,mlp
4.256,1.7535925909768946,11.826694676188147,-15.679199490452653,0.16378270054596658,0.027803578784519674,0.9569582306206587,1.1638593454745954,mlp
4.26,1.7500685234837021,11.893339180928804,-15.679401503866838,0.16377192658319084,0.027825081265275626,0.9451336746279753,1.1646584036057637,mlp
4.264,1.7468671489771077,11.9620471294929,-15.679700551278586,0.163755977515178,0.027842048427517602,0.9333311300900757,1.165407446469955,mlp
4.268,1.7439928170305055,12.032830621296291,-15.679900248631153,0.16374532707470282,0.027849647232525133,0.9215627770738146,1.16610627151699,mlp
4.272,1.7414501094824286,12.105693322632632,-15.679767991531584,0.16375238073038864,0.027842705901317783,0.9098423227034711,1.1667546905912047,mlp
4.276,1.7392436617223694,12.180628491543054,-15.679048951387525,0.16379072923203442,0.02781615586139888,0.8981849071360919,1.167352529809558,mlp
4.28,1.7373778529746446,12.257616970538736,-15.67748606118473,0.16387408271098722,0.027765566705354325,0.8866068848734694,1.1678996294485515,mlp
4.284,1.7358563857979614,12.336625241639732,-15.674844117479502,0.1640149852508038,0.027687697203811187,0.8751254971754447,1.1683958438399882,mlp
4.288,1.734681801684331,12.417603608557291,-15.670934610124057,0.16422349064579903,0.027580954881556673,0.863758476965313,1.168841041275602,mlp
4.292,1.7338550033471662,12.50048452344771,-15.66563675172992,0.16450604083861547,0.02744564742638646,0.852523651410514,1.1692351039205742,mlp
4.296,1.7333748690544943,12.585181027884385,-15.658909851179999,0.16486480600484582,0.02728393195404756,0.841438623881861,1.16957792773596,mlp
4.3,1.7332380426370708,12.671585255723746,-15.650793014535711,0.16529770050452539,0.027099426398429004,0.8305206190448023,1.1698694224100394,mlp
4.304,1.7334389564577317,12.759566974174968,-15.641390309467475,0.1657991741061918,0.026896532709898432,0.8197865537752108,1.1701095112986104,mlp
4.308,1.7339700894945869,12.848972216703801,-15.63084285797246,0.1663617003633935,0.026679612795705056,0.8092533460347062,1.1702981313742256,mlp
4.312,1.7348223865660253,12.939622135106914,-15.619293371115525,0.16697766808007877,0.026452225762993248,0.7989383974883756,1.1704352331843924,mlp
4.316,1.7359856937224503,13.031312186073468,-15.606852524601152,0.16764117459911412,0.026216650945830925,0.788860104938677,1.1705207808187368,mlp
4.32,1.7374490389484838,13.123811639249281,-15.593578786944953,0.16834910162455233,0.02597386783689412,0.7790382082280851,1.1705547518851394,mlp
4.324,1.7392006407580218,13.216863235714854,-15.579481886711207,0.16910093030377243,0.025724040732841173,0.7694938059620637,1.1705371374948446,mlp
4.328,1.7412276623480023,13.3101827752403,-15.564553672233906,0.16989709538882544,0.02546738500488847,0.7602489807373853,1.1704679422565498,mlp
4.332,1.7435159014353898,13.403458492178295,-15.54881938860995,0.17073625048528815,0.02520512277321223,0.751326152528821,1.1703471842794682,mlp
4.336,1.7460497316507735,13.496350163892401,-15.532390768039427,0.17161243659004446,0.024940137300561434,0.7427474661264531,1.1701748951853754,mlp
4.34,1.7488125927754834,13.588487885578875,-15.515495371546265,0.17251351721200606,0.024676977041475735,0.734534622551375,1.1699511201296262,mlp
4.344,1.7517881008995362,13.679470460992158,-15.498461161782238,0.1734220011493322,0.02442108884138631,0.726709464514649,1.1696759178311475,mlp
4.348,1.7549614604472383,13.768863666417674,-15.481655847524415,0.17431827742374978,0.02417755175146635,0.7192952498601631,1.1693493606113974,mlp
4.352,1.7583205148377867,13.856199440366385,-15.465410166641163,0.17518470682304768,0.023949957368534846,0.712318018943069,1.1689715344422846,mlp
4.356,1.7618557652158602,13.940978225777581,-15.449969244044084,0.17600821612293707,0.023740103591674323,0.7058071551515939,1.1685425390030428,mlp
4.36,1.7655591609507222,14.022677473408713,-15.435493476246421,0.1767802509109794,0.02354862474507416,0.6997945240528195,1.1680624877460455,mlp
4.364,1.7694222044862402,14.100768203161044,-15.422080736828597,0.1774955913045424,0.02337586673394706,0.6943124124544446,1.1675315079715505,mlp
4.368,1.7734344019250572,14.174737595100295,-15.40975417191337,0.17815300285359711,0.02322197102449386,0.6893912932679213,1.1669497409113598,mlp
4.372,1.777582873482102,14.24411077670212,-15.398395126383079,0.17875881378058348,0.02308576088958671,0.6850584943272132,1.1663173418213757,mlp
4.376,1.7818530599243385,14.308464052790145,-15.387674399356023,0.1793305813257447,0.022963208001392395,0.6813379576820457,1.1656344800830305,mlp
4.38,1.7862296292133322,14.367427457190821,-15.377065677453437,0.17989637531193897,0.022846848978571407,0.6782501758999537,1.1649013393135674,mlp
4.384,1.7906967357106578,14.42068172344028,-15.365967903009832,0.18048825189217083,0.022726891208620526,0.6758112495558763,1.1641181174851447,mlp
4.388,1.7952377209821984,14.467954871225166,-15.353880736635823,0.18113289562091986,0.022593645985864254,0.6740311498009256,1.1632850270527226,mlp
4.392,1.799835202645165,14.509016874612524,-15.340556133823924,0.18184353543301285,0.022440398597815478,0.6729125877899311,1.1624022950907018,mlp
4.396,1.8044724010588358,14.543668550608142,-15.326077694416107,0.182615712705793,0.022265756891605048,0.6724519793839853,1.161470163438266,mlp
4.4,1.809135614254036,14.571728083665697,-15.310841445419982,0.18342830616741118,0.02207447434638418,0.6726426537291084,1.1604888888533786,mlp
4.404,1.8138167626943134,14.593025797685174,-15.295437323350342,0.1842498527881668,0.02187617501805181,0.6734788050465061,1.159458743175371,mlp
4.408,1.8185146126494807,14.607415533476107,-15.280478498916942,0.18504765039118354,0.021682513411608755,0.6749580290447115,1.158380013496066,mlp
4.412,1.8232339199896619,14.614801522772684,-15.266453627989478,0.18579563753805906,0.021504115252057115,0.6770810975052317,1.157253002339353,mlp
4.416,1.8279829601359527,14.61516983003305,-15.253657349431208,0.18647810028149014,0.02134846881106105,0.6798493010871068,1.1560780278491387,mlp
4.42,1.8327707424247426,14.60861029246658,-15.242213419013332,0.18708843836635242,0.021219259330591076,0.6832609064038505,1.154855423985569,mlp
4.424,1.837604849427806,14.595323621790582,-15.2321599475315,0.1876246192330985,0.021117040366823756,0.6873080949203104,1.153585540729431,mlp
4.428,1.8424899840919005,14.57562022199914,-15.223520286325943,0.18808539748685485,0.021040525677464963,0.6919749337509081,1.1522687442946047,mlp
4.432,1.847427422501809,14.549913554383336,-15.21628810029874,0.1884711109968143,0.02098738609168942,0.697236968858568,1.1509054173484383,mlp
4.436,1.8524161646776423,14.518696892553121,-15.210350020455166,0.18878780606111012,0.020954117646980967,0.7030633171479733,1.149495959239901,mlp
4.44,1.8574557105685405,14.482498362469862,-15.205446176373023,0.18904934232498702,0.02093583661233882,0.7094208221909302,1.1480407862353523,mlp
4.444,1.8625486908742146,14.441833432347082,-15.201215288460538,0.18927498787957192,0.020926940667448872,0.716277980478327,1.1465403317617437,mlp
4.448,1.8677015877869942,14.397178049344515,-15.1972888519185,0.18948439615731338,0.020922567603178177,0.7236065847502708,1.1449950466570609,mlp
4.452,1.8729234832310897,14.348963918834727,-15.193401623386208,0.18969171335788945,0.02092028336503228,0.7313810002165623,1.1434053994277846,mlp
4.456,1.878224111863095,14.297583017034334,-15.189494429471772,0.18990009537034885,0.02092136597010643,0.7395764464310706,1.141771876513132,mlp
4.46,1.8836125637625203,14.243393726219754,-15.185748337062698,0.19009988537109018,0.02093079575275687,0.7481677859713076,1.1400949825558149,mlp
4.464,1.8890972019884265,14.186729236197651,-15.18249598272103,0.1902733428850477,0.020955350553524384,0.7571295503853347,1.1383752406790284,mlp
4.468,1.8946864204006015,14.127908632438414,-15.180041626855854,0.19040424081990248,0.021000445519700723,0.7664369100716941,1.1366131927693517,mlp
4.472,1.9003893844693431,14.067247037135736,-15.178493878757422,0.19048678672640068,0.02106739299190125,0.7760667036415613,1.1348093997652227,mlp
4.476,1.9062161148327461,14.005060369241978,-15.177698839747414,0.1905291884685505,0.02115248336368987,0.7859978126108295,1.1329644419506095,mlp
4.48,1.9121768613292958,13.941663292906977,-15.177286720772223,0.19055116797182156,0.021248064405720666,0.796210770652192,1.1310789192534707,mlp
4.484,1.9182811522849312,13.877362310115135,-15.176784507230202,0.19057795248031087,0.02134475449813345,0.8066869659251545,1.1291534515485702,mlp
4.488,1.9245369617270962,13.812447328367506,-15.175734799784884,0.19063393643061877,0.021433684891767904,0.8174078761982633,1.127188678964159,mlp
4.492,1.9309502374343757,13.747184434966893,-15.173782472276493,0.19073805973345134,0.02150805280186865,0.8283545917571146,1.1251852621920155,mlp
4.496,1.9375247999326741,13.681811212695068,-15.170718559892663,0.19090146708986197,0.021563806679586846,0.8395076603377352,1.1231438828002818,mlp
4.5,1.944262490330431,13.616534716151422,-15.166488517566986,0.1911270675468437,0.021599651881610185,0.8508471640022146,1.1210652435484922,mlp
4.5040000000000004,1.9511634277978132,13.551531571964661,-15.161177482844824,0.1914103204715467,0.021616681343371184,0.862352920198785,1.1189500687041518,mlp
4.508,1.9582262874286973,13.48694951935264,-15.154983155213532,0.19174068197545682,0.021617874681478383,0.8740047386155162,1.1167991043601584,mlp
4.5120000000000005,1.965448570784011,13.42290985039433,-15.148182699548038,0.19210337004987793,0.021607582948247366,0.8857827100023358,1.11461311875233,mlp
4.516,1.9728268795944415,13.359510420166444,-15.14109696905205,0.19248127266050685,0.02159101309457046,0.8976675246170663,1.1123929025762254,mlp
4.5200000000000005,1.9803572087061037,13.29682903352093,-15.134054271985605,0.1928568801732094,0.02157368619246837,0.909640813373018,1.1101392693024057,mlp
4.524,1.988035257165369,13.23492703851733,-15.127356261654484,0.19321410454006663,0.021560861493947064,0.9216854866809017,1.1078530554892156,mlp
4.5280000000000005,1.9958567335425854,13.173852907151336,-15.121249141955971,0.19353981499134587,0.02155696286312182,0.9337860302090357,1.1055351210921054,mlp
4.532,2.0038176173953772,13.113645532731443,-15.115903344219902,0.1938249219286615,0.02156508070057442,0.9459287135278475,1.1031863497684469,mlp
4.5360000000000005,2.011914339097639,13.054336973467306,-15.11140386995897,0.1940648919741814,0.02158663111899975,0.9581016784499126,1.1008076491767365,mlp
4.54,2.0201438530971854,12.995954438179082,-15.107751887900548,0.19425966279627643,0.021621233305794855,0.9702948939031281,1.0983999512689975,mlp
4.5440000000000005,2.028503598746594,12.938521424038985,-15.104876442368418,0.19441301866747823,0.021666826862483234,0.9824999861711436,1.0959642125751325,mlp
4.548,2.036991361651072,12.882058045029908,-15.102653733841116,0.19453156217624,0.021720008116609936,0.9947099713606921,1.0935014144778996,mlp
4.5520000000000005,2.0456050626003544,12.826580702883028,-15.100930621857444,0.19462346074864612,0.02177652946104704,1.0069189279279525,1.0910125634770975,mlp
4.556,2.0543425088413634,12.772101329916831,-15.099548815287669,0.19469715651091055,0.021831884583065748,1.019121650616353,1.0884986914414905,mlp
4.5600000000000005,2.0632011439134774,12.718626467377817,-15.09836655868883,0.19476020969299068,0.02188189601188582,1.0313133244757962,1.085960855846893,mlp
4.564,2.0721778287118364,12.66615643455343,-15.097275341707256,0.19481840746756496,0.021923227782186364,1.0434892505918594,1.0834001399987754,mlp
4.5680000000000005,2.081268679335011,12.614684800006863,-15.096210090121218,0.19487522043209535,0.02195376196645654,1.0556446455309723,1.080817653237657,mlp
4.572,2.0904689780006547,12.564198297223275,-15.095152296035163,0.19493163566646735,0.021972799898057276,1.0677745257787326,1.078214531125464,mlp
4.5760000000000005,2.0997731631201866,12.51467724496933,-15.094126485952476,0.19498634510093943,0.02198107375820055,1.0798736778049187,1.0755919356109558,mlp
4.58,2.109174894654053,12.466096450217151,-15.093191207255778,0.1950362262333573,0.021980578743621818,1.091936704830697,1.0729510551722192,mlp
4.5840000000000005,2.118667182187452,12.41842649984203,-15.092426261411319,0.19507702301948607,0.021974257474102702,1.1039581337567328,1.070293104934165,mlp
4.588,2.1282425567063106,12.37163529525419,-15.091918183861758,0.1951041202725484,0.02196558428425278,1.1159325607109511,1.067619326758849,mlp
4.5920000000000005,2.1378932634956502,12.325689656983645,-15.091745960598509,0.19511330543995345,0.02195810589192634,1.1278548116922413,1.0649309893063803,mlp
4.596,2.1476114532175314,12.280556825361908,-15.091968711154184,0.19510142550512435,0.02195499590892459,1.139720095847952,1.062229388064072,mlp
4.6000000000000005,2.1573893508646687,12.236205706310903,-15.092616620039447,0.19506687064033953,0.021958674146551005,1.1515241326345087,1.0595158453414308,mlp
4.604,2.167219387273104,12.192607752100331,-15.093685846910851,0.19500984566228158,0.021970529173319073,1.1632632397033071,1.0567917102284818,mlp
4.6080000000000005,2.1770942842205594,12.149737417922594,-15.095137579468936,0.1949324205437358,0.021990766466266142,1.1749343748260612,1.0540583585148675,mlp
4.612,2.187007090721542,12.10757218778719,-15.096900892354334,0.19483837794034792,0.022018387508885007,1.1865351314907164,1.05131719256708,mlp
4.616,2.196951173954772,12.06609220996155,-15.098878698197279,0.19473289580384992,0.02205128990137628,1.1980636930963302,1.0485696411611234,mlp
4.62,2.206920172620202,12.025279617484824,-15.10095585246384,0.19462211512704358,0.022086466876550078,1.2095187544017696,1.0458171592678502,mlp
4.624,2.216907923104061,11.985117630405366,-15.103008401569067,0.19451264671503604,0.02212027753440025,1.220899420851506,1.0430612277881557,mlp
4.628,2.2269083696779166,11.945589543328614,-15.104913020286379,0.19441106786075527,0.022148756645421475,1.2322050967475882,1.0403033532351882,mlp
4.632,2.2369154693844187,11.906677696756361,-15.106555832312711,0.19432345191856337,0.02216793430518609,1.2434353723140938,1.0375450673606856,mlp
4.636,2.2469231007149495,11.868362516962685,-15.107840005686278,0.19425496321854216,0.02217413990405187,1.2545899179574433,1.0347879267225417,mlp
4.64,2.256924983121071,11.830621690536299,-15.108691725652072,0.19420953851620826,0.02216427056280686,1.2656683918978928,1.0320335121906956,mlp
4.644,2.2669146122079717,11.7934295195799,-15.109064343783293,0.19418966570780327,0.022136010287964074,1.2766703651849867,1.0292834283884407,mlp
4.648,2.2768852134052198,11.756756484423605,-15.108940666726,0.19419626176488627,0.022087991822215516,1.2875952661492729,1.026539303066278,mlp
4.652,2.2868297151522317,11.720569024146906,-15.108333473700666,0.19422864513447097,0.02201989803578196,1.2984423447095963,1.0238027864054802,mlp
4.656,2.296740741230146,11.68482953189964,-15.10728443919017,0.19428459319520805,0.02193250353932222,1.3092106556866976,1.0210755502485787,mlp
4.66,2.3066106208096007,11.649496551984278,-15.105861691056798,0.1943604724901055,0.021827660024379764,1.319899059348354,1.0183592872540874,mlp
4.664,2.3164314140208075,11.614525158505685,-15.10415626179976,0.1944514279912839,0.021708230802903454,1.3305062367778455,1.0156557099728492,mlp
4.668,2.326194950333097,11.57986749050864,-15.102277699167129,0.19455161719880504,0.02157798132310045,1.3410307172577691,1.0129665498435383,mlp
4.672,2.3358928767060934,11.545473415287372,-15.100349098282672,0.19465447509179293,0.02144143327986914,1.3514709146439428,1.0102935561049826,mlp
4.676,2.345516712308179,11.511291289441818,-15.098501805684206,0.19475299657746772,0.021303690470459463,1.3618251696322685,1.0076384946231518,mlp
4.68,2.355057906570203,11.477268785911303,-15.096870029347928,0.19484002395422037,0.021170244870726357,1.3720917948730607,1.0050031466308544,mlp
4.684,2.364507897446283,11.443353754459793,-15.095585569538907,0.19490852793067728,0.02104677156827615,1.3822691200524033,1.0023893073784098,mlp
4.688,2.373858166988677,11.409495082906055,-15.094772863690883,0.19495187189666854,0.02093892118129664,1.392355534334623,0.9997987846938274,mlp
4.692,2.383100291708633,11.375643526903687,-15.094544514306033,0.1949640504333373,0.020852118178389438,1.4023495239393893,0.9972333974513049,mlp
4.696,2.3922259856810535,11.34175247746588,-15.094997441672067,0.19493989449992347,0.02079137304460026,1.4122497031004966,0.9946949739471737,mlp
4.7,2.401227134936604,11.30777863788813,-15.09620977277584,0.19487523735704712,0.02076111546841544,1.4220548372001505,0.9921853501827748,mlp
4.704,2.410095822335718,11.273682585378008,-15.098238544349385,0.1947670370699424,0.02076505463527012,1.4317638574608444,0.9897063680541188,mlp
4.708,2.4188243427883878,11.239429197568912,-15.101118262305041,0.19461345333797098,0.020806071324059396,1.4413758671663495,0.9872598734485989,mlp
4.712,2.4274052093192626,11.204987930042787,-15.10486032327464,0.19441387834561916,0.020886144875240195,1.4508901399299057,0.9848477142494615,mlp
4.716,2.435831151028051,11.170332937730695,-15.109453268380902,0.1941689232281313,0.021006316331198725,1.460306110989991,0.982471738249212,mlp
4.72,2.4440951044184853,11.135443040191388,-15.114863806755334,0.19388036348432452,0.021166687265978326,1.4696233628595057,0.9801337909736257,mlp
4.724,2.452190199838012,11.100301537800538,-15.121038518607623,0.19355104814694574,0.021366452154540642,1.4788416068638377,0.9778357134185629,mlp
4.728,2.460109744876575,11.064895892323335,-15.12790612640903,0.19318477865385722,0.021603960702436555,1.4879606621738644,0.9755793397023282,mlp
4.732,2.4678472065262644,11.029217290754213,-15.135380208961923,0.1927861640988168,0.02187680545791153,1.4969804338831927,0.9733664946368883,mlp
4.736,2.47539619372936,10.993260115368255,-15.143362227078853,0.19236045986321493,0.02218192931354532,1.5059008915184307,0.9711989912218493,mlp
4.74,2.4827504416753183,10.957021345466732,-15.151744730887808,0.19191339656115952,0.02251574718390422,1.5147220491376572,0.9690786280656948,mlp
4.744,2.489903798886101,10.92049991729874,-15.160414626424396,0.19145100582261645,0.02287427619009031,1.523443947898138,0.9670071867394047,mlp
4.748,2.4968502177906147,10.883696068226309,-15.169256391761355,0.1909794487678714,0.02325326903170652,1.5320666416899695,0.9649864290681897,mlp
4.752,2.5035837491636292,10.846610689600267,-15.178155148846923,0.19050485217745733,0.023648345803352178,1.5405901861623015,0.9630180943677035,mlp
4.756,2.5100985405146963,10.809244710317529,-15.186999514857094,0.19003315642124785,0.02405512023221501,1.5490146312306694,0.9611038966317107,mlp
4.76,2.516388838272046,10.77159852994118,-15.195684174754698,0.1895699782564013,0.024469317096317205,1.557340016957885,0.9592455216787984,mlp
4.764,2.522448993420743,10.733671516865092,-15.20411213371396,0.18912049069900944,0.024886878362793078,1.565566372550613,0.9574446242663124,mlp
4.768,2.5282734701229552,10.695461583529074,-15.212196623270684,0.1886893213635657,0.02530405631220494,1.5736937181078958,0.9557028251802729,mlp
4.772,2.5338568567659743,10.65696484731262,-15.219862648004856,0.18828046997388467,0.025717492556178615,1.5817220686916256,0.9540217083105662,mlp
4.776,2.539193878842884,10.618175382566124,-15.227048170075632,0.18789724518840692,0.02612428239583946,1.589651440255551,0.9524028177212184,mlp
4.78,2.544279413062961,10.579085066333922,-15.233704937091382,0.1875422204474822,0.02652202440551395,1.5974818569613152,0.9508476547260217,mlp
4.784,2.5491085021052675,10.539683517696417,-15.239798964880952,0.18721720822577434,0.026908855467780164,1.6052133594198226,0.9493576749802087,mlp
4.788,2.5536763694618934,10.49995812829299,-15.245310691126663,0.1869232518385669,0.02728347174639659,1.6128460134174079,0.9479342855992204,mlp
4.792,2.5579784338606024,10.459894179454487,-15.250234818969027,0.18666063378277808,0.027645136280127318,1.620379918713447,0.9465788423159288,mlp
4.796,2.5620103228056887,10.41947503944323,-15.254579872039091,0.18642889946837982,0.027993674030537336,1.6278152175254437,0.9452926466878974,mlp
4.8,2.565767884827995,10.378682432548882,-15.25836748431246,0.18622689509254775,0.028329455336180795,1.635152102347163,0.9440769433664288,mlp
4.804,2.5692472000894537,10.337496770214875,-15.26163145002629,0.18605281831035034,0.028653368826717953,1.642390822774752,0.9429329174392279,mlp
4.808,2.572444589045029,10.29589753298672,-15.264416560872386,0.1859042802506222,0.028966784941743887,1.649531691046391,0.941861691858511,mlp
4.812,2.5753566189277803,10.253863690914526,-15.2667772598773,0.18577837730845254,0.02927151128432676,1.6565750860357185,0.9408643249662985,mlp
4.816,2.577980107893896,10.211374149157836,-15.268776143789513,0.18567177101723142,0.02956974111800461,1.6635214554818178,0.9399418081284611,mlp
4.82,2.580312126746796,10.168408204993314,-15.270482348287905,0.18558077417017743,0.02986399638405086,1.670371316293032,0.9390950634888137,mlp
4.824,2.582349998254604,10.124946002279057,-15.271969852687574,0.18550144123530565,0.03015706666638008,1.6771252528314966,0.9383249418542011,mlp
4.828,2.58409129418315,10.080968969739072,-15.273315742765567,0.1854296610039829,0.030451945556499927,1.6837839131716392,0.9376322207210654,mlp
4.832,2.585533830283817,10.036460230235514,-15.274598471550323,0.18536124934808332,0.030751765862937347,1.6903480034276819,0.937017602453448,mlp
4.836,2.586675659595224,9.99140496950051,-15.275896158122535,0.18529203994988586,0.031059735063390048,1.6968182803577272,0.9364817126217546,mlp
4.84,2.5875150645296445,9.945790754573284,-15.277284963430606,0.18521797092455775,0.03137907231203745,1.703195542566957,0.9360250985109034,mlp
4.844,2.588050548306416,9.899607794357383,-15.278837579702317,0.18513516538422328,0.031712948192167544,1.7094806207384725,0.9356482278056871,mlp
4.848,2.5882808263519115,9.852849137163842,-15.280621866233354,0.18504000419532815,0.03206442825333728,1.7156743674042623,0.9353514874603263,mlp
4.852,2.5882048182967377,9.80551080269378,-15.282699659285246,0.18492918945024275,0.03243642120400966,1.7217776468179202,0.935135182758262,mlp
4.856,2.587821641157704,9.757591848476373,-15.285125777781435,0.18479979749638223,0.0328316324579839,1.7277913254949564,0.9349995365672594,mlp
4.86,2.5871306041928284,9.709094373156423,-15.287947239788078,0.1846493207235633,0.03325252356808034,1.7337162639405612,0.93494468879386,mlp
4.864,2.586131205767843,9.660023461081263,-15.291202697783502,0.18447569768272648,0.033701277932388155,1.7395533099897134,0.9349706960401608,mlp
4.868,2.58482313238537,9.610387074269756,-15.294922093827298,0.18427733147677083,0.03417977303090206,1.7453032940485853,0.9350775314647907,mlp
4.872,2.58320625982221,9.560195899003674,-15.299126529258057,0.1840530967099526,0.03468955934208507,1.7509670263634507,0.935265084848849,mlp
4.876,2.581280656118378,9.509463154960615,-15.303828337727017,0.18380233559278855,0.03523184599366726,1.7565452962718175,0.935533162866443,mlp
4.88,2.5790465859857536,9.458204375048199,-15.309031345380387,0.18352484406577604,0.035807493111115904,1.7620388732295933,0.9358814895583454,mlp
4.884,2.5765045160732196,9.406437163971331,-15.314731297931282,0.18322084902240487,0.03641701073194301,1.7674485092751018,0.9363097070061881,mlp
4.888,2.573655120451012,9.354180943155031,-15.320916431251556,0.18289097787783576,0.03706056404829685,1.7727749424986285,0.9368173762035268,mlp
4.892,2.570499285664432,9.3014566890404,-15.32756815996823,0.18253622184405066,0.037737984622374876,1.7780189010415817,0.9374039781190706,mlp
4.896,2.5670381147524806,9.248286671047548,-15.33466185734887,0.18215789433629784,0.038448787092518893,1.7831811071524746,0.9380689149463683,mlp
4.9,2.5632729297205383,9.19469419471534,-15.342167699471766,0.1817575859510414,0.03919219076017619,1.788262280872037,0.9388115115332997,mlp
4.904,2.5592052720834997,9.140703354724753,-15.350051547250496,0.18133711742502698,0.03996714532981324,1.7932631429967978,0.9396310169838377,mlp
4.908,2.5548369012405616,9.08633880171513,-15.358275841248439,0.18089849191222174,0.040772359976568834,1.7981844170672432,0.9405266064237345,mlp
4.912,2.5501697905894867,9.031625526025122,-15.366800486281956,0.18044384780535436,0.04160633484957377,1.8030268302306216,0.9414973829210451,mlp
4.916,2.5452061214234343,8.97658866074027,-15.375583705447825,0.17997541318814905,0.042467394089036166,1.8077911129286892,0.94254237955175,mlp
4.92,2.5399482747677196,8.921253305713577,-15.384582846273823,0.17949546284097068,0.043353719444845826,1.8124779974486838,0.9436605616001674,mlp
4.924,2.5343988214015103,8.865644373551046,-15.39375512501806,0.17900627854517695,0.04426338363204775,1.8170882154461945,0.9448508288833644,mlp
4.928,2.5285605103686204,8.809786457928961,-15.403058298564185,0.178510113248994,0.04519438263896516,1.8216224945989221,0.9461120181883828,mlp
4.932,2.522436256313336,8.753703724043742,-15.412451256717908,0.17800915947861978,0.04614466630949601,1.8260815545806723,0.9474429058108034,mlp
4.936,2.5160291259849776,8.697419820497071,-15.421894530865897,0.1775055222099669,0.04711216664336531,1.8304661025572668,0.9488422101829577,mlp
4.94,2.5093423242432524,8.64095781149634,-15.431350717800948,0.17700119626483332,0.04809482338798793,1.8347768284034975,0.9503085945799773,mlp
4.944,2.5023791798704225,8.584340127908213,-15.440784819971261,0.17649804816441933,0.04909060662498422,1.8390143998263877,0.9518406698918486,mlp
4.948,2.4951431314608663,8.527588535442113,-15.450164505432939,0.17599780226530515,0.05009753617658214,1.8431794575585232,0.9534369974496779,mlp
4.952,2.4876377136179815,8.47072411805892,-15.459460292362845,0.17550203091884325,0.05111369776718713,1.8472726107592918,0.9550960918945238,mlp
4.956,2.479866543646236,8.413767274592518,-15.468645664137346,0.17501214833367482,0.05213725597010611,1.8512944327342857,0.9568164240773419,mlp
4.96,2.4718333088850892,8.356737726530328,-15.477697121736366,0.17452940778086892,0.05316646404719982,1.855245457055918,0.9585964239788823,mlp
4.964,2.4635417547933867,8.299654534913989,-15.486594180639045,0.17405490175948612,0.054199670849932255,1.859126174142973,0.9604344836387056,mlp
4.968,2.454995673858856,8.242536124382767,-15.495319319492333,0.1735895647342317,0.0552353249947009,1.862937028334235,0.9623289600828976,mlp
4.972,2.4461988953779596,8.18540031247964,-15.50385788771468,0.17313417806321937,0.05627197655506418,1.8666784154720175,0.9642781782404987,mlp
4.976,2.4371552761268056,8.128264342463437,-15.512197978898413,0.17268937674979085,0.05730827653049411,1.8703506809954393,0.9662804338391704,mlp
4.98,2.4278686919238415,8.071144918011257,-15.520330276448512,0.1722556576750485,0.0583429743577865,1.8739541185305655,0.9683339962711445,mlp
4.984,2.4183430300692876,8.014058238346097,-15.528247877385832,0.17183338899494194,0.059374913729394706,1.8774889689547836,0.9704371114210649,mlp
4.988,2.4085821826342335,7.957020032478717,-15.535946099688,0.17142282041533843,0.060403026974815616,1.8809554199056673,0.9725880044479283,mlp
4.992,2.398590040563487,7.900045591406036,-15.54342227797077,0.17102409408892988,0.061426328248534376,1.884353605699717,0.9747848825139139,mlp
4.996,2.3883704885501613,7.843149797256764,-15.55067555175081,0.17063725590779444,0.062443905752543175,1.8876836076234198,0.9770259374535336,mlp
5.0,2.3779274006360662,7.7863471485167635,-15.557706649994397,0.17026226699404098,0.06345491320437989,1.890945454557668,0.9793093483771325,mlp
