approach,t,mean,q25,q75
A_flow_map,0.0,0.0,0.0,0.0
A_flow_map,0.004,1.770388738860619e-05,7.853823660699308e-06,2.3039078620596457e-05
A_flow_map,0.008,7.08545048517931e-05,3.146139958936676e-05,9.217284921185012e-05
A_flow_map,0.012,0.0001595346601354555,7.095085311093987e-05,0.000207483331784426
A_flow_map,0.016,0.00028383797930360674,0.0001265091275724441,0.00036908444263581916
A_flow_map,0.02,0.00044386862866277476,0.0001983799820864533,0.0005771226582898366
A_flow_map,0.024,0.000639739140639879,0.0002868611876447481,0.0008317765167645014
A_flow_map,0.028,0.0008715681971912213,0.0003923011537218641,0.0011332560127002879
A_flow_map,0.032,0.001139478501868027,0.0005150950541195119,0.0014818018926511364
A_flow_map,0.036000000000000004,0.0014435947981469338,0.0006556805272855555,0.0018776848578642802
A_flow_map,0.04,0.0017840420435952919,0.0008145330300301555,0.0023212046828551816
A_flow_map,0.044,0.002160943727832247,0.0009921609245730826,0.0028126892589709425
A_flow_map,0.048,0.002574420317891221,0.0011891003774316615,0.003352493572908644
A_flow_map,0.052000000000000005,0.003024587818241566,0.0014059101451256836,0.003940998630808451
A_flow_map,0.056,0.0035115564384514,0.0016431663164919047,0.0045786103390858925
A_flow_map,0.06,0.004035429366490225,0.0019014570749400252,0.005265758353567803
A_flow_map,0.064,0.00459630164913159,0.0021813775367266392,0.006002894908783406
A_flow_map,0.068,0.005194259182874597,0.0024835247136413955,0.006790493639419832
A_flow_map,0.07200000000000001,0.0058293778196262655,0.002808492640721227,0.0076290484059813035
A_flow_map,0.076,0.006501722591443647,0.0031568677020523154,0.008519072136600324
A_flow_map,0.08,0.007211347058245922,0.0035292241805569427,0.009461095696756247
A_flow_map,0.084,0.00795829278177283,0.003930465295145768,0.010455666798331403
A_flow_map,0.088,0.008742588928340586,0.004358488375001299,0.011503348959032454
A_flow_map,0.092,0.00956425200220182,0.004813226277881537,0.012604720522698863
A_flow_map,0.096,0.010423285710606706,0.005295253042976943,0.013760373750417935
A_flow_map,0.1,0.011319680961000316,0.005805115361713695,0.014970913991716175
A_flow_map,0.10400000000000001,0.012253415990194236,0.006343330037649001,0.01623695894435281
A_flow_map,0.108,0.013224456624800915,0.006910381689500569,0.01755913801045339
A_flow_map,0.112,0.014232756671732053,0.0075067206849522335,0.018938091755880997
A_flow_map,0.116,0.015278258437109463,0.008132761291652517,0.020374471478864776
A_flow_map,0.12,0.016360893371527158,0.008788880030804701,0.02186893889298281
A_flow_map,0.124,0.017480582839225465,0.009475414217878777,0.02342216592866116
A_flow_map,0.128,0.018637239008386892,0.010192660674215516,0.025034834656383863
A_flow_map,0.132,0.0198307658594441,0.010940874592599823,0.026707637333829554
A_flow_map,0.136,0.021061060307994782,0.01172026853922231,0.028441276578161565
A_flow_map,0.14,0.02232801343865761,0.01253101157380311,0.03023646566369447
A_flow_map,0.14400000000000002,0.02363151184597418,0.013373228468993905,0.032093928944159744
A_flow_map,0.148,0.024971439078271738,0.014246999009484012,0.034014402397778094
A_flow_map,0.152,0.026347677180252594,0.015152357350523187,0.03599863429233299
A_flow_map,0.156,0.02776010832996631,0.016089291414798902,0.03804738596641928
A_flow_map,0.16,0.029208616565748642,0.01705774230580166,0.04016143272201551
A_flow_map,0.164,0.030693089598661145,0.01805760371496089,0.042341564822492336
A_flow_map,0.168,0.032213420705906985,0.01908872129894856,0.04458858858912407
A_flow_map,0.17200000000000001,0.03376951070059479,0.02015089200264975,0.046903327588110416
A_flow_map,0.176,0.03536126997298893,0.02124386330239719,0.049286623899032406
A_flow_map,0.18,0.036988620597924314,0.022367332343194685,0.05173933945456602
A_flow_map,0.184,0.038651498502213805,0.023520944942841782,0.05423728991260858
A_flow_map,0.188,0.04034985568443339,0.024704294435162096,0.056801340517603584
A_flow_map,0.192,0.042083662477155094,0.025916920323976727,0.05943452222539702
A_flow_map,0.196,0.04385290983816328,0.02715830671912674,0.06213766387995798
A_flow_map,0.2,0.04565761165203225,0.02842788052579289,0.06491162186325766
A_flow_map,0.20400000000000001,0.04749780701620131,0.029725009358690446,0.06775728190313167
A_flow_map,0.20800000000000002,0.04937356247592117,0.031048999153537357,0.07067556087093234
A_flow_map,0.212,0.05128497415982031,0.0323990914496233,0.07366740854856146
A_flow_map,0.216,0.053232169752260625,0.03358539606292333,0.07673380934257529
A_flow_map,0.22,0.05521531022049442,0.03460717898531015,0.07987447985433498
A_flow_map,0.224,0.05723459119498309,0.03563191415577163,0.08301865941540686
A_flow_map,0.228,0.059290243882187676,0.03665904166647185,0.08623426400347671
A_flow_map,0.232,0.06138253537396978,0.03768801942878993,0.08952222449078914
A_flow_map,0.23600000000000002,0.0635117682109131,0.03868946667183899,0.09288351732895891
A_flow_map,0.24,0.06567827906362489,0.039490082529076126,0.09631916614864348
A_flow_map,0.244,0.06788243642144721,0.04015854351571557,0.0998302431164951
A_flow_map,0.248,0.07012463722531775,0.04091064774323765,0.10341787000118857
A_flow_map,0.252,0.07240530245048096,0.04213842036846747,0.1070832188959256
A_flow_map,0.256,0.07472487172984912,0.04378726057100405,0.1108275125402304
A_flow_map,0.26,0.07708379719880845,0.04548543644114191,0.11465202417909381
A_flow_map,0.264,0.07948253682158642,0.047234484131174405,0.1185580768926522
A_flow_map,0.268,0.08192154751156619,0.04903596157483342,0.12254704232465677
A_flow_map,0.272,0.08440127837076702,0.05089144191661693,0.12662033873308015
A_flow_map,0.276,0.08692216434309502,0.05280250634597092,0.13077942828141229
A_flow_map,0.28,0.0894846205082338,0.0543093336887327,0.13502581348464765
A_flow_map,0.28400000000000003,0.09208903715331017,0.05548657060226124,0.1393610327197984
A_flow_map,0.28800000000000003,0.09473577566708474,0.056835860710509965,0.14378665470715712
A_flow_map,0.292,0.09742516522425362,0.05816762173416411,0.1483042718656914
A_flow_map,0.296,0.10015750017727418,0.05947858356382187,0.1529154924441168
A_flow_map,0.3,0.10293303805365936,0.060765323584490626,0.15762193132863528
A_flow_map,0.304,0.10575199806432196,0.0620242758112021,0.1624251994293614
A_flow_map,0.308,0.10861456005496369,0.06325174529686367,0.167326891550439
A_flow_map,0.312,0.11152086386763546,0.06444392884514157,0.1723285726541499
A_flow_map,0.316,0.11447100911412136,0.06559694313722306,0.1774317624373621
A_flow_map,0.32,0.11746505538954748,0.06670686143767574,0.18251578692781364
A_flow_map,0.324,0.12050302296909818,0.06776976007390634,0.18701345453530796
A_flow_map,0.328,0.1235848940310906,0.06977001440371712,0.19157072723995144
A_flow_map,0.332,0.12671061443649462,0.07195556017896382,0.19647781207501114
A_flow_map,0.336,0.12988009607115159,0.07480722770134504,0.20205991364275422
A_flow_map,0.34,0.13309321972752788,0.07775995179124194,0.20775069619345832
A_flow_map,0.34400000000000003,0.13634983847507148,0.08081449170505481,0.2135507755119296
A_flow_map,0.34800000000000003,0.13964978145104073,0.08340958031554316,0.21946052601926042
A_flow_map,0.352,0.14299285800647837,0.08609151844239973,0.22548004895027438
A_flow_map,0.356,0.14637886217247162,0.0867288471736656,0.2316091393910349
A_flow_map,0.36,0.14980757747244783,0.08775669954482306,0.23784725249161318
A_flow_map,0.364,0.15327878219021568,0.08888325595726229,0.24419346923544574
A_flow_map,0.368,0.15679225529116958,0.08999004757126447,0.2506464622151084
A_flow_map,0.372,0.1603477832519314,0.09107621669661409,0.25720446193340757
A_flow_map,0.376,0.1639451680370578,0.09214090133694114,0.2638652242161164
A_flow_map,0.38,0.1675842363224624,0.09318323138287883,0.2706259993857989
A_flow_map,0.384,0.17126484976447018,0.09420232382352667,0.2774835039019121
A_flow_map,0.388,0.17498691563239283,0.09519727697449254,0.2844338952173561
A_flow_map,0.392,0.17875039647351296,0.09616716376261616,0.29147275063223177
A_flow_map,0.396,0.1825553167125579,0.09757054729187191,0.29859505093807753
A_flow_map,0.4,0.18640176329794375,0.09977995439408072,0.3057951696367248
A_flow_map,0.404,0.1902898768458297,0.10202237528887712,0.3130668684839164
A_flow_map,0.40800000000000003,0.19421982942624305,0.1042967404105093,0.3204033000464068
A_flow_map,0.41200000000000003,0.19819178549236455,0.10660179964867919,0.3277970178707108
A_flow_map,0.41600000000000004,0.20220584383081602,0.11077902760066335,0.3352399947414767
A_flow_map,0.42,0.2062619610812869,0.11521717514295966,0.3427236493585439
A_flow_map,0.424,0.21035986128586875,0.1197873955559485,0.3502388815865805
A_flow_map,0.428,0.21449894042514012,0.12449037799345335,0.3576989204841535
A_flow_map,0.432,0.21867817862370184,0.12932661822563019,0.3650965961706483
A_flow_map,0.436,0.2228960739646532,0.13429640479832294,0.37249809438833564
A_flow_map,0.44,0.2271506094438344,0.1393998052874012,0.37989318564302416
A_flow_map,0.444,0.23143925872015036,0.14463665275101253,0.38727138396132266
A_flow_map,0.448,0.2357590287931756,0.15000653248807883,0.39462202074044544
A_flow_map,0.452,0.2401065311763694,0.15451845302427647,0.4019343230472813
A_flow_map,0.456,0.24447806957574283,0.1556340344115483,0.4091974950724614
A_flow_map,0.46,0.24886973206262758,0.1567790764345962,0.4164008013394718
A_flow_map,0.464,0.2532774783353167,0.1579573885815708,0.42353365020671563
A_flow_map,0.468,0.25769721634928333,0.1591722439955958,0.43058567618505866
A_flow_map,0.47200000000000003,0.2621248660193748,0.1604263974255812,0.4375468196256278
A_flow_map,0.47600000000000003,0.266556410145099,0.16172211848186305,0.44440740241085025
A_flow_map,0.48,0.2709879340606802,0.16306123768973624,0.45115819840200616
A_flow_map,0.484,0.2754156559901503,0.16444520264826878,0.4577904975529549
A_flow_map,0.488,0.2798359500224503,0.16587514157097813,0.46429616278462255
A_flow_map,0.492,0.2842453632978713,0.1673519315811817,0.47066767891970634
A_flow_map,0.496,0.2886406286076803,0.16887626932710142,0.47689819319273524
A_flow_map,0.5,0.2930186732583104,0.17044874173951952,0.4829815470681208
A_flow_map,0.504,0.29737662478287774,0.17206989505040218,0.488912299309725
A_flow_map,0.508,0.3017118139028931,0.17374030050155667,0.4953353854592371
A_flow_map,0.512,0.30602177504154915,0.17546061548041691,0.5079077931153186
A_flow_map,0.516,0.3103042446506516,0.17723163911302603,0.52062031003674
A_flow_map,0.52,0.3145571576193985,0.17905436161425015,0.5334637260038821
A_flow_map,0.524,0.31877864206947815,0.18093000693791927,0.5429692317531941
A_flow_map,0.528,0.3229670128936172,0.18336908608594535,0.5498466940379224
A_flow_map,0.532,0.3271207644511679,0.1865773736426532,0.5556147725085675
A_flow_map,0.536,0.33123856288285236,0.18988493616053373,0.5612161464640101
A_flow_map,0.54,0.3353192385369785,0.1932945665301782,0.5666487184839346
A_flow_map,0.544,0.339361779003195,0.19680944780223072,0.5719109641004132
A_flow_map,0.548,0.34336532322295693,0.20043315181200688,0.5770019108836117
A_flow_map,0.552,0.3473291570895082,0.20416963549761177,0.5819211145006365
A_flow_map,0.556,0.35125271087176024,0.20802323488840768,0.5866686323268019
A_flow_map,0.56,0.3551355587094528,0.2119986567586695,0.5912449951670742
A_flow_map,0.5640000000000001,0.3589774203493944,0.2161009679581571,0.5956511776141684
A_flow_map,0.5680000000000001,0.362778165244542,0.22033558244803464,0.5998885675310802
A_flow_map,0.5720000000000001,0.36653781913862693,0.22470824608779824,0.6039589351019243
A_flow_map,0.5760000000000001,0.3702565733252433,0.22922501923709862,0.6078644018478085
A_flow_map,0.58,0.37393479691235953,0.233062309467495,0.6116074099558674
A_flow_map,0.584,0.3775730526424064,0.234870247646983,0.6151906922209912
A_flow_map,0.588,0.3811721170978052,0.2366885792811049,0.6186172428524309
A_flow_map,0.592,0.3847330064066222,0.2385230349485118,0.6218902893522922
A_flow_map,0.596,0.3882570087121355,0.240379319909535,0.6250132656306463
A_flow_map,0.6,0.3917457243645034,0.24226310096527945,0.6279897864830738
A_flow_map,0.604,0.3952011133791145,0.24417999410156227,0.6308236235212028
A_flow_map,0.608,0.39862554601321587,0.24613555285223043,0.6335186826153414
A_flow_map,0.612,0.40202184469165925,0.24813525733192812,0.6360789828806374
A_flow_map,0.616,0.4053932928963932,0.25018450390096963,0.6385086372142185
A_flow_map,0.62,0.40874357205334083,0.2522885954346838,0.6408118343703182
A_flow_map,0.624,0.4120765841100923,0.25445273217663217,0.6429928225432174
A_flow_map,0.628,0.41539614945963343,0.2566820031597763,0.6450558944137001
A_flow_map,0.632,0.4187056484441779,0.2619241298295605,0.6470053736033314
A_flow_map,0.636,0.4220077539331263,0.2680126928030066,0.6488456024719348
A_flow_map,0.64,0.42530439003947773,0.2743121992163715,0.6505809311868997
A_flow_map,0.644,0.42859692623255574,0.2761222552289781,0.6522157079881027
A_flow_map,0.648,0.4318864885807602,0.2754432291366058,0.65375427056903
A_flow_map,0.652,0.43517424968382723,0.27470952779780344,0.65520093849291
A_flow_map,0.656,0.4384616255812671,0.27392359407791567,0.6565600065620605
A_flow_map,0.66,0.4417503777551376,0.2730878514513808,0.6618576995610295
A_flow_map,0.664,0.4450426495713466,0.27220470716574596,0.665089497173577
A_flow_map,0.668,0.44834096698576786,0.27127655576046555,0.6672551080365472
A_flow_map,0.672,0.4516482225346725,0.2703057829616445,0.6692755893887232
A_flow_map,0.676,0.454967650855462,0.2692947699804805,0.6711525900935535
A_flow_map,0.68,0.45830279652732847,0.2682458982495571,0.6728878454021998
A_flow_map,0.684,0.46165747079808694,0.26716155463733815,0.6744831697705327
A_flow_map,0.6880000000000001,0.4650356921763853,0.26677978743735486,0.675940449940488
A_flow_map,0.6920000000000001,0.46844160670199236,0.26705235993473403,0.6772090186291176
A_flow_map,0.6960000000000001,0.4718793870164181,0.2673501884683257,0.6779799367362649
A_flow_map,0.7000000000000001,0.47535311494245847,0.2676753728956401,0.6787027836693084
A_flow_map,0.704,0.4788666591192602,0.268029945401834,0.6793811953347499
A_flow_map,0.708,0.4824235653131093,0.2684158717534536,0.6800187505100354
A_flow_map,0.712,0.48602698002617045,0.26883505300251886,0.6806189700481511
A_flow_map,0.716,0.4896796269714427,0.26928932770656744,0.6811853161259279
A_flow_map,0.72,0.49338385316568917,0.26978047473023387,0.6817211915041193
A_flow_map,0.724,0.49714176436325175,0.27031021669278904,0.682229938771055
A_flow_map,0.728,0.50095549571492,0.2708802241236911,0.6827148395453906
A_flow_map,0.732,0.5048277594405397,0.27149212038446036,0.683179113617139
A_flow_map,0.736,0.5087631303369642,0.27214748740993944,0.6856636616733205
A_flow_map,0.74,0.5127715722372721,0.2728478723150135,0.6981872811451404
A_flow_map,0.744,0.5168776007241892,0.27359479490393857,0.7052723954228965
A_flow_map,0.748,0.5211240800414217,0.2743897561082625,0.7086662988983867
A_flow_map,0.752,0.5255204134563987,0.27523424736560487,0.7105807237737292
A_flow_map,0.756,0.5300303011314698,0.27612976093491526,0.7116014081382811
A_flow_map,0.76,0.5346289974634182,0.2770778011238389,0.7242133099422272
A_flow_map,0.764,0.5393075215351132,0.2780798963800336,0.7370531401806337
A_flow_map,0.768,0.5440633027755799,0.2791376121702652,0.7401647359817867
A_flow_map,0.772,0.548896241607827,0.2802525645384234,0.7494374895788134
A_flow_map,0.776,0.5538073440489681,0.27934723955507834,0.7677243705832487
A_flow_map,0.78,0.5587982103916518,0.2768351492666891,0.7834946018187512
A_flow_map,0.784,0.5638708231826557,0.27520539958025486,0.792143814934274
A_flow_map,0.788,0.5690274520518239,0.27460638830694734,0.7981746194957466
A_flow_map,0.792,0.5742706091911842,0.27405587007903626,0.8041741321880719
A_flow_map,0.796,0.5796030289099663,0.2737079424017931,0.8085842403435978
A_flow_map,0.8,0.5850276595715875,0.2748713354856045,0.8089476176685404
A_flow_map,0.804,0.5905476623163253,0.2761793452005787,0.8091630936207455
A_flow_map,0.808,0.5961664136690608,0.2776410504287074,0.8092332536072312
A_flow_map,0.812,0.6018875104055214,0.2828928998634198,0.8091606680118925
A_flow_map,0.8160000000000001,0.607714775691468,0.2927476710260746,0.808947889755617
A_flow_map,0.8200000000000001,0.613652265853949,0.3029709352006798,0.8085974520966099
A_flow_map,0.8240000000000001,0.619704277345168,0.3148411720229529,0.8081118666554723
A_flow_map,0.8280000000000001,0.6258753535911546,0.31846310744945183,0.8107032966466354
A_flow_map,0.8320000000000001,0.632170291516198,0.32043898205968474,0.8240025293349365
A_flow_map,0.836,0.6385941476186097,0.32244442610688,0.8376975205337204
A_flow_map,0.84,0.6451522435527731,0.3244810419167781,0.8518090157493312
A_flow_map,0.844,0.6518501712494891,0.3265505213565332,0.8586017691967861
A_flow_map,0.848,0.6586937976801805,0.32865465279492745,0.8626159264224657
A_flow_map,0.852,0.6656892694364754,0.3307953285092309,0.866701150741411
A_flow_map,0.856,0.6728430173489104,0.33446376352421453,0.8708660207300978
A_flow_map,0.86,0.6801617613997915,0.3407288265699513,0.8751197307881795
A_flow_map,0.864,0.6876525161883242,0.3471619310877797,0.8794721297840685
A_flow_map,0.868,0.6953225971744625,0.353770890306928,0.8839337587359267
A_flow_map,0.872,0.7031796278565089,0.36056399737535777,0.888515886308216
A_flow_map,0.876,0.711231547923059,0.3675500562429163,0.8932305405126721
A_flow_map,0.88,0.7194866222607712,0.3709454864859089,0.8980905345117711
A_flow_map,0.884,0.7279534504950042,0.3753353556646516,0.9031094838123747
A_flow_map,0.888,0.7366409764902271,0.38094923346200893,0.9083018113855017
A_flow_map,0.892,0.745558496940476,0.3866872581209298,0.9136827363331608
A_flow_map,0.896,0.7547156678355238,0.39255432727878975,0.9192682406252586
A_flow_map,0.9,0.7641225071942437,0.3985557278064003,0.9250750071360516
A_flow_map,0.904,0.7737893920124157,0.4046971530698441,0.9311203207215579
A_flow_map,0.908,0.7837270468812197,0.4109847203327621,0.9374219224227718
A_flow_map,0.912,0.7939465212054053,0.420061285215855,0.945911536642083
A_flow_map,0.916,0.8044591514094253,0.43110180697795203,0.9784107200029155
A_flow_map,0.92,0.8152765040070588,0.4424853476000638,1.0030335183912709
A_flow_map,0.924,0.8264102949931216,0.4542282492192192,1.0285841594976375
A_flow_map,0.928,0.8378722807980757,0.46634784203911633,1.0551076697380442
A_flow_map,0.932,0.8496741161751984,0.4788625002373791,1.0826499020054212
A_flow_map,0.936,0.8618271750628785,0.4917916999148411,1.1112570098131993
A_flow_map,0.9400000000000001,0.8743423319264931,0.5051560787733202,1.1409747496077483
A_flow_map,0.9440000000000001,0.8872297036089233,0.5083694282210957,1.171847575870131
A_flow_map,0.9480000000000001,0.9004983555629374,0.5058578010706645,1.2039174910263897
A_flow_map,0.9520000000000001,0.9141559816587039,0.503539169220693,1.2372226118473422
A_flow_map,0.9560000000000001,0.9282085734834119,0.5014400287654166,1.2717954175161164
A_flow_map,0.96,0.9426601027150143,0.49958878696509207,1.3076606539850026
A_flow_map,0.964,0.9575122477489224,0.49801577765776806,1.3448328872726318
A_flow_map,0.968,0.9727642016579967,0.4967532463193397,1.3651943526010712
A_flow_map,0.972,0.9884126006604971,0.4958352985909417,1.376930426608111
A_flow_map,0.976,1.0044516084115211,0.4973138186573045,1.3890537341789955
A_flow_map,0.98,1.020873180229757,0.5014428949814842,1.4015483753842495
A_flow_map,0.984,1.0376675131336706,0.5058380359175211,1.4143901184150527
A_flow_map,0.988,1.0548236649638627,0.5105175782957376,1.4275457311132809
A_flow_map,0.992,1.072330303749667,0.5155002345775614,1.440972708827984
A_flow_map,0.996,1.0901765324264,0.5230909510744371,1.454619556796934
A_flow_map,1.0,1.1083527280464662,0.5325269075066754,1.4684267685033658
A_flow_map,1.004,1.1268513391052692,0.5422731926902411,1.4823285912104247
A_flow_map,1.008,1.1456675957314393,0.5495380843546847,1.496255583511543
A_flow_map,1.012,1.164800099183663,0.559244286487379,1.5101378548175721
A_flow_map,1.016,1.184251264334789,0.568955067345547,1.5239087531171678
A_flow_map,1.02,1.204027590522053,0.5811618237165876,1.5375086646903522
A_flow_map,1.024,1.2241397356235766,0.594562014256552,1.5508885386633842
A_flow_map,1.028,1.2446023709593161,0.6081633196028581,1.5640127707717377
A_flow_map,1.032,1.2654338047427074,0.6142197813476773,1.5768611743652727
A_flow_map,1.036,1.2866553796620341,0.6122634220958355,1.589429909795081
A_flow_map,1.04,1.3082906722680745,0.617153676360749,1.6017313982755343
A_flow_map,1.044,1.3303645429946507,0.6222191502512566,1.6408765975641741
A_flow_map,1.048,1.3529021015544993,0.63121528975264,1.6912674995204993
A_flow_map,1.052,1.3759276612725386,0.6335485040900123,1.7425509750225503
A_flow_map,1.056,1.3994637580334177,0.6332768585348981,1.7946780559540079
A_flow_map,1.06,1.42353030625191,0.6349318087442047,1.8475815718151596
A_flow_map,1.064,1.4481439564515814,0.6429614629342315,1.9011754500495905
A_flow_map,1.068,1.4733177063164573,0.659423262814759,1.9553560590020227
A_flow_map,1.072,1.4990607983108821,0.6781003401266679,2.010005744208501
A_flow_map,1.076,1.5253789113564136,0.6979190310501364,2.0649984402863444
A_flow_map,1.08,1.5522746225945014,0.7188827052488784,2.1202069367271457
A_flow_map,1.084,1.5797480816329992,0.7347224311309386,2.1755110902224644
A_flow_map,1.088,1.6077978100806711,0.7484343140284007,2.2308060774524736
A_flow_map,1.092,1.6364215208270927,0.7626144176874452,2.2860097319430093
A_flow_map,1.096,1.6656168501665618,0.7772687770120765,2.341068134917742
A_flow_map,1.1,1.6953819133506118,0.7924030676788675,2.3959589116741418
A_flow_map,1.104,1.7257156272881418,0.8080225964684183,2.4506920541555104
A_flow_map,1.108,1.7566177854130882,0.8241322863551119,2.505308456338703
A_flow_map,1.112,1.7880889098771409,0.8407366552718868,2.5598766304510505
A_flow_map,1.116,1.820129937014795,0.8578397874636694,2.614488222474373
A_flow_map,1.12,1.8527418086730278,0.8754452963514012,2.669252961610083
A_flow_map,1.124,1.885925043794772,0.8935562778544748,2.724293590924434
A_flow_map,1.1280000000000001,1.9196793542201065,0.9121752531722829,2.7797411812786588
A_flow_map,1.1320000000000001,1.9540033504348926,0.9313041001184856,2.835731071845605
A_flow_map,1.1360000000000001,1.988894361646078,0.948073448465345,2.888170432625408
A_flow_map,1.1400000000000001,2.02434837410043,0.961002824141815,2.9340804228786475
A_flow_map,1.1440000000000001,2.0603600749352964,0.9810435106100919,2.9800926234188134
A_flow_map,1.1480000000000001,2.096922977918946,0.998999749460219,3.0263387757226092
A_flow_map,1.1520000000000001,2.1340296029953065,1.0145515673276124,3.072946927537301
A_flow_map,1.156,2.1716716832149974,1.030411429328653,3.1200399889558454
A_flow_map,1.16,2.2098403787757457,1.0492034562655057,3.1677345402568973
A_flow_map,1.164,2.248526485829966,1.0706120651782594,3.2161398314759646
A_flow_map,1.168,2.287720634452388,1.0924756494453463,3.2653569307716457
A_flow_map,1.172,2.3274134735082597,1.1147899733256892,3.315477994472087
A_flow_map,1.176,2.3675958396974366,1.1375496831847427,3.366585645118729
A_flow_map,1.18,2.408258905266146,1.160748211650821,3.4187524543569063
A_flow_map,1.184,2.4493942963387,1.1793636510253636,3.4720405350232326
A_flow_map,1.188,2.4909941737632417,1.1945375780350111,3.526501251346332
A_flow_map,1.192,2.533051271607202,1.210082649337696,3.582175058054786
A_flow_map,1.196,2.5755588941626373,1.2259971150442404,3.6390914787163053
A_flow_map,1.2,2.6185108786941163,1.2422779901952967,3.697269231227693
A_flow_map,1.204,2.6619015362681395,1.2608243665096572,3.756716504498939
A_flow_map,1.208,2.7057255855758826,1.2746851535572552,3.8174313855194106
A_flow_map,1.212,2.7499780943482337,1.2829212061027047,3.879402430658854
A_flow_map,1.216,2.794654440194845,1.2938818280662012,3.9426093697201035
A_flow_map,1.22,2.8397502983651326,1.3051657477614211,4.007023926355836
A_flow_map,1.224,2.885261659035278,1.3167782104970762,4.072610734347484
A_flow_map,1.228,2.931184872151918,1.3287242458228803,4.139328326186672
A_flow_map,1.232,2.9775167142341283,1.3410086592925594,4.207130168559577
A_flow_map,1.236,3.0242544691825093,1.3536360246247068,4.2759657187659945
A_flow_map,1.24,3.0713960141346823,1.3666106762627643,4.343003410058668
A_flow_map,1.244,3.118939901604143,1.3799367023322235,4.410086437678498
A_flow_map,1.248,3.1668854302788914,1.393617937990145,4.478024064505572
A_flow_map,1.252,3.21523269861528,1.407657959159289,4.546771064034464
A_flow_map,1.256,3.263982637421524,1.4220600766366227,4.616282208634969
A_flow_map,1.26,3.313137019708436,1.4368273305637063,4.686512939353612
A_flow_map,1.264,3.362698447981942,1.4519624852445476,4.757419962530264
A_flow_map,1.268,3.4126703207233433,1.467468024294921,4.828961768797442
A_flow_map,1.272,3.463056780975143,1.4833461461059345,4.901099072600136
A_flow_map,1.276,3.513862650703153,1.499598759603815,4.973795172658772
A_flow_map,1.28,3.5650933549628925,1.5162274802874425,5.0470162357434
A_flow_map,1.284,3.61675483991458,1.5332336265251485,5.120731507707773
A_flow_map,1.288,3.6688534884809663,1.550618216092672,5.194913456946145
A_flow_map,1.292,3.7213960370099506,1.5683819629349833,5.269537856300576
A_flow_map,1.296,3.7743894957717883,1.5865252741358535,5.344583809993177
A_flow_map,1.3,3.8278410755597734,1.605048247080661,5.420033732425459
A_flow_map,1.304,3.881758122125876,1.623950666799893,5.495873285719641
A_flow_map,1.308,3.936148059698978,1.6481003294106695,5.57209128271877
A_flow_map,1.312,3.991018344411612,1.675726298186671,5.648679561856811
A_flow_map,1.316,4.04637642809399,1.7036163875255177,5.7256328398953595
A_flow_map,1.32,4.102229732564436,1.7317640540461383,5.80294854803479
A_flow_map,1.324,4.158585634235617,1.7601647660270954,5.880626656373825
A_flow_map,1.328,4.215451458553003,1.7888159995449253,5.958669491136467
A_flow_map,1.332,4.272834483482479,1.8177171995675092,6.037081548528321
A_flow_map,1.336,4.330741950973452,1.8468697117703712,6.115869308540024
A_flow_map,1.34,4.389181085055786,1.8762766910169122,6.1950410514947825
A_flow_map,1.344,4.448159115000836,1.9059429921044688,6.2423286850333515
A_flow_map,1.348,4.507683301805978,1.9358750476580284,6.279250795287522
A_flow_map,1.352,4.567760966162455,1.9660807370947044,6.3159574484342755
A_flow_map,1.356,4.6283995160459295,1.996569249519755,6.397121921161009
A_flow_map,1.36,4.689606472129254,2.027350942364624,6.4898078175736
A_flow_map,1.364,4.7513894893528335,2.058437196629523,6.572184035249355
A_flow_map,1.368,4.813756373189136,2.0898402688110314,6.654914823130486
A_flow_map,1.372,4.876715089391207,2.1215731390185533,6.730546522650353
A_flow_map,1.3760000000000001,4.940273766305121,2.1536493544308133,6.771742420066741
A_flow_map,1.3800000000000001,5.004440689138008,2.186082867117364,6.812658022605193
A_flow_map,1.3840000000000001,5.069224285892539,2.21888786533994,6.853309498580606
A_flow_map,1.3880000000000001,5.134633104993135,2.2520785977343025,6.893712791544903
A_flow_map,1.3920000000000001,5.200675784928522,2.2856691902270136,6.933883596976759
A_flow_map,1.3960000000000001,5.267361016511287,2.3196734561287853,6.973837343892647
A_flow_map,1.4000000000000001,5.334697498601271,2.3541047005263263,7.01358918081793
A_flow_map,1.4040000000000001,5.402693888350777,2.388975520822913,7.038585542942288
A_flow_map,1.408,5.471358747201475,2.4242976060054606,7.055476859305579
A_flow_map,1.412,5.540700483991807,2.460081537892055,7.071857700301447
A_flow_map,1.416,5.610727296617031,2.5037245498718486,7.087740787439877
A_flow_map,1.42,5.6814471137191775,2.5498058534397083,7.103138294485482
A_flow_map,1.424,5.75286753787019,2.59711786290646,7.118061868310113
A_flow_map,1.428,5.824995791648347,2.6457135501016227,7.1325226498896
A_flow_map,1.432,5.897838667897434,2.6956409246579778,7.1465312952690585
A_flow_map,1.436,5.9714024853042496,2.7469426430186648,7.1600979963535165
A_flow_map,1.44,6.045693050238554,2.799655702029708,7.1732325014083775
A_flow_map,1.444,6.120715625579338,2.8276927852047065,7.185944135177993
A_flow_map,1.448,6.1964749070118454,2.848696544437596,7.1982418185508195
A_flow_map,1.452,6.27297500703318,2.8693635457897515,7.210134087716761
A_flow_map,1.456,6.35021944666219,2.889688738550315,7.221629112776842
A_flow_map,1.46,6.428211154623691,2.909667267917704,7.232734715777374
A_flow_map,1.464,6.506952473578406,2.929294472456724,7.243458388151029
A_flow_map,1.468,6.586445172807255,2.9485658826172445,7.253807307555596
A_flow_map,1.472,6.666690466637609,2.9674772201897457,7.263788354108138
A_flow_map,1.476,6.747689037823548,2.9860243985598567,7.3509476363343005
A_flow_map,1.48,6.829441065061879,3.0063253988137264,7.4555430308863135
A_flow_map,1.484,6.911946253838096,3.033148301606086,7.561019085525535
A_flow_map,1.488,6.995203869846402,3.059696177712419,7.66736953781488
A_flow_map,1.492,7.079212774307813,3.0859548745517724,7.774588216759819
A_flow_map,1.496,7.163971460611539,3.1119106606546167,7.882669011660753
A_flow_map,1.5,7.249478091817613,3.1375502587809097,7.943921297000359
A_flow_map,1.504,7.335730538673536,3.162860876252518,7.987868635131587
A_flow_map,1.508,7.422726417905179,3.1878302322551333,8.031883679082771
A_flow_map,1.512,7.510463130634553,3.2124465819116828,8.07596762920425
A_flow_map,1.516,7.598937900847528,3.236698736978195,8.120121551419738
A_flow_map,1.52,7.688147813879061,3.2605760830627655,8.164346384329521
A_flow_map,1.524,7.778089854899314,3.2840685933176608,8.208642947037184
A_flow_map,1.528,7.868760947371674,3.307166838602486,8.25301194757633
A_flow_map,1.532,7.96015799141532,3.329861994161808,8.297453991822485
A_flow_map,1.536,8.05227790194532,3.3521458429027597,8.341969592784915
A_flow_map,1.54,8.145117646388808,3.374010775396311,8.38655918018316
A_flow_map,1.544,8.238674281694093,3.3954497867594626,8.431223110223218
A_flow_map,1.548,8.3329449902693,3.4164564706042713,8.475961675498452
A_flow_map,1.552,8.427927114416352,3.43702501026313,8.520775114949693
A_flow_map,1.556,8.523618188772733,3.4571501675180443,8.565663623828222
A_flow_map,1.56,8.620015970243204,3.4768272690748327,8.656139797881776
A_flow_map,1.564,8.717118464900917,3.4960521910314757,8.767472297658356
A_flow_map,1.568,8.814923951363735,3.514821341593528,8.879490551489589
A_flow_map,1.572,8.913431000206419,3.5331316422889913,8.992201371301668
A_flow_map,1.576,9.012638489049937,3.55098050793076,9.105611707368013
A_flow_map,1.58,9.112545613070468,3.568365825567234,9.219728640149679
A_flow_map,1.584,9.213151890787206,3.5852859326513453,9.334559372436932
A_flow_map,1.588,9.314457165112767,3.6017395946457342,9.450111221740118
A_flow_map,1.592,9.416461599776587,3.6177259822674523,9.566391612890165
A_flow_map,1.596,9.51916567135405,3.6400515350792504,9.68340807081902
A_flow_map,1.6,9.622570157247065,3.667830403449414,9.801168213498263
A_flow_map,1.604,9.726676120061644,3.6953726618948743,9.91967974502049
A_flow_map,1.608,9.831484888912044,3.7226705552662445,10.038950448812752
A_flow_map,1.612,9.936998038247431,3.7497163857929716,10.15898818097489
A_flow_map,1.616,10.04321736484587,3.776502499448841,10.279800863737892
A_flow_map,1.62,10.15014486365096,3.8030212732166273,10.401396479039068
A_flow_map,1.624,10.257782703139977,3.8292651036684777,10.523783062211567
A_flow_map,1.6280000000000001,10.366133200909054,3.85522639729325,10.646968695786155
A_flow_map,1.6320000000000001,10.47519880014164,3.8808975630079114,10.770961503403122
A_flow_map,1.6360000000000001,10.58498204759179,3.9062710072855635,10.895769643831917
A_flow_map,1.6400000000000001,10.695485573664257,3.931339132315843,11.021401305095667
A_flow_map,1.6440000000000001,10.806712075109164,3.9560943375828574,11.147864698697292
A_flow_map,1.6480000000000001,10.918664300771104,3.980529025200013,11.275168053943478
A_flow_map,1.6520000000000001,11.031345040741355,4.022073414235087,11.403319612362331
A_flow_map,1.6560000000000001,11.144757119159122,4.068378216876047,11.532327622210346
A_flow_map,1.6600000000000001,11.258903390795101,4.114603157012374,11.662200333064005
A_flow_map,1.6640000000000001,11.373786741431006,4.160718842670191,11.792945990491457
A_flow_map,1.668,11.489410091925418,4.2066959727422475,11.924572830799645
A_flow_map,1.672,11.605776405733755,4.252505456461886,12.05708907585262
A_flow_map,1.676,11.722888699532632,4.298118541529753,12.190502927957022
A_flow_map,1.68,11.840750056492123,4.343506949373288,12.324822564811182
A_flow_map,1.684,11.95936364164741,4.388643015635158,12.460056134514826
A_flow_map,1.688,12.078732718749421,4.433499833641971,12.596211750636941
A_flow_map,1.692,12.19886066792532,4.478051398319252,12.733297487339991
A_flow_map,1.696,12.31975100345698,4.5222727478113995,12.871321374559335
A_flow_map,1.7,12.441407390989843,4.56614009995231,13.010291393237367
A_flow_map,1.704,12.563833663515442,4.609630980724756,13.150215470612565
A_flow_map,1.708,12.687033835526472,4.652724341950439,13.291101475564243
A_flow_map,1.712,12.81101211482038,4.695400665667163,13.432957214014424
A_flow_map,1.716,12.935772911521488,4.737642052967296,13.575790424388785
A_flow_map,1.72,13.061320843997768,4.779432295478753,13.719608773139123
A_flow_map,1.724,13.187660741460899,4.820756928146662,13.864419850330236
A_flow_map,1.728,13.314797643151644,4.861603262496754,14.01023116529441
A_flow_map,1.732,13.442736794122041,4.901960400104727,14.15705014235712
A_flow_map,1.736,13.571483637726889,4.941819226532278,14.30488411663758
A_flow_map,1.74,13.701043805025964,4.981172386495757,14.45374032992815
A_flow_map,1.744,13.83142310137317,5.0200142414852404,14.603625926656461
A_flow_map,1.748,13.962627490527538,5.0583408114332755,14.75454794993428
A_flow_map,1.752,14.094663076663696,5.096149702331645,14.906513337697033
A_flow_map,1.756,14.227536084685841,5.133440021905101,15.05952891893776
A_flow_map,1.76,14.361252839261008,5.170212285572443,15.213601410039095
A_flow_map,1.764,14.495819742985617,5.206468314961863,15.368737411206764
A_flow_map,1.768,14.631243254085911,5.24221113120728,15.52494340300764
A_flow_map,1.772,14.767529864029791,5.277444845146715,15.682225743015273
A_flow_map,1.776,14.904686075396725,5.312174546385364,15.840590662565308
A_flow_map,1.78,15.04271838031577,5.346406192988594,16.000044263623032
A_flow_map,1.784,15.181633239740563,5.380146503346981,16.160592515764723
A_flow_map,1.788,15.321437063786457,5.413402851518937,16.322241253274235
A_flow_map,1.792,15.462136193309538,5.446183167117523,16.484996172355718
A_flow_map,1.796,15.603736882861124,5.478495840575423,16.648862828463034
A_flow_map,1.8,15.746245285105676,5.510349634403113,16.81384663374604
A_flow_map,1.804,15.889667436745166,5.54175360085491,16.97995285461338
A_flow_map,1.808,16.034009245949555,5.572717006239175,17.147186609411136
A_flow_map,1.812,16.179276481251755,5.603249261954387,17.31555286621627
A_flow_map,1.816,16.325474761826563,5.6333598622022745,17.48505644074329
A_flow_map,1.82,16.472609549037138,5.663058328222397,17.655701994362417
A_flow_map,1.824,16.620686139099952,5.6923541588078495,17.8274940322269
A_flow_map,1.828,16.76970965669056,5.705431334106993,18.000436901507037
A_flow_map,1.832,16.919685049287665,5.707575739641947,18.174534789727915
A_flow_map,1.836,17.070617082033387,5.709360278686809,18.349791723207808
A_flow_map,1.84,17.22251033287251,5.710788962146215,18.526211565593574
A_flow_map,1.844,17.375369187724363,5.711865669855781,18.703798016489493
A_flow_map,1.848,17.529197835437287,5.712594155201116,18.882554610175394
A_flow_map,1.852,17.684000262278506,5.712978049633202,19.071283859769355
A_flow_map,1.856,17.839780245720732,5.7130208670756835,19.28030247515484
A_flow_map,1.86,17.99654134730431,5.7127260082209705,19.490300781819094
A_flow_map,1.864,18.15428690437328,5.7120967647130865,19.70127645996021
A_flow_map,1.868,18.313020020519613,5.711136323216185,19.91322729755237
A_flow_map,1.872,18.472743554596097,5.709847769368455,20.126151191412408
A_flow_map,1.8760000000000001,18.633460108222618,5.70823409162182,20.34004614796487
A_flow_map,1.8800000000000001,18.79517201172318,5.706298184968452,20.554910283695676
A_flow_map,1.8840000000000001,18.957881308563532,5.704042854555614,20.77074182528608
A_flow_map,1.8880000000000001,19.12158973827324,5.7014708191907495,20.987539109420517
A_flow_map,1.8920000000000001,19.286298718204353,5.709980731089289,21.205300582263625
A_flow_map,1.8960000000000001,19.452009323935776,5.720881924926701,21.42402479860357
A_flow_map,1.9000000000000001,19.618722269475537,5.7316199568352495,21.643710420660515
A_flow_map,1.9040000000000001,19.786437885811317,5.7421921149783275,21.864356216560942
A_flow_map,1.9080000000000001,19.95515610211802,5.752595830923481,22.085961058480102
A_flow_map,1.9120000000000001,20.124876421677982,5.762828696339572,22.308523920456594
A_flow_map,1.9160000000000001,20.295597911590114,5.772888476448659,22.532043875884767
A_flow_map,1.92,20.467319165400674,5.782773120391167,22.756520094691915
A_flow_map,1.924,20.64003833291157,5.792480768693738,22.98195184020897
A_flow_map,1.928,20.813753002726404,5.802009758052987,23.20833846574451
A_flow_map,1.932,20.98846043772095,5.8113586236656225,23.43567941087319
A_flow_map,1.936,21.164156986384143,5.820526099346414,23.663974197451058
A_flow_map,1.94,21.340839481385633,5.829511115680841,23.893222425370887
A_flow_map,1.944,21.518501825125302,5.838312796459654,24.123423768071824
A_flow_map,1.948,21.69714343009853,5.846930453638469,24.354577967818464
A_flow_map,1.952,21.883841638388105,5.85536358105782,24.586684830764973
A_flow_map,1.956,22.01851106327524,5.8636118471482055,24.819744221820585
A_flow_map,1.96,22.153908209411693,5.871675086831509,25.05375605933324
A_flow_map,1.964,22.290027806405785,5.879553292815032,25.288720309608415
A_flow_map,1.968,22.4268641889762,5.88724660645805,25.524636981280462
A_flow_map,1.972,22.56441130930035,5.894755308373687,25.761506119553886
A_flow_map,1.976,22.70266275731355,5.902079808911372,25.99932780033201
A_flow_map,1.98,22.84161175951053,5.909220638647718,26.238102124250425
A_flow_map,1.984,22.9812512188926,5.916178438996507,26.477829210632333
A_flow_map,1.988,23.12157365470369,5.922953953031965,26.718509191382935
A_flow_map,1.992,23.26257136050465,5.929548016603799,26.9601422048392
A_flow_map,1.996,23.404236051437074,5.935961549807768,27.2027283895915
A_flow_map,2.0,23.546559692048607,5.942195548861912,27.446267878292673
A_flow_map,2.004,23.689532535423833,5.948251078426111,27.690760791469827
A_flow_map,2.008,23.833147814006843,5.9541292643914545,27.93620723135346
A_flow_map,2.012,23.977390359318782,5.959831287155874,28.182607275737993
A_flow_map,2.016,24.12226454982825,5.965358375393743,28.429960971887013
A_flow_map,2.02,24.267724931267928,5.970711800319608,28.678268330495882
A_flow_map,2.024,24.432223501080667,5.975892870439742,28.927529319723796
A_flow_map,2.028,24.53630801007504,5.980902926779947,29.177743859306336
A_flow_map,2.032,24.64077489997755,5.985743338573676,29.428911814759125
A_flow_map,2.036,24.745614059052564,5.990415499391183,29.6810329916823
A_flow_map,2.04,24.85081518663948,5.994920823687871,29.934107130174752
A_flow_map,2.044,24.95636783843242,5.999260743748293,30.188133899366324
A_flow_map,2.048,25.062261479442135,6.004372466537807,30.443112892075575
A_flow_map,2.052,25.168485543893024,6.040063542103033,30.69904361959975
A_flow_map,2.056,25.275029500908126,6.07577155349852,30.955925506643002
A_flow_map,2.06,25.381882924456324,6.111498602318183,31.213757886388272
A_flow_map,2.064,25.489035565698153,6.147246817195488,31.4725399957174
A_flow_map,2.068,25.596477425587018,6.183018347314592,31.73227097058354
A_flow_map,2.072,25.70419882537778,6.218815356591164,31.992949841539133
A_flow_map,2.076,25.81219047257797,6.254640018457046,32.254575529422326
A_flow_map,2.08,25.920443519858576,6.290494511187511,32.51714684120394
A_flow_map,2.084,26.02894961452747,6.32638101371467,32.780662465996556
A_flow_map,2.088,26.137700936359874,6.362301701875472,33.04512097122698
A_flow_map,2.092,26.24669022187593,6.398258745047485,33.31052079897254
A_flow_map,2.096,26.355910773548068,6.434254303130419,33.576860262461416
A_flow_map,2.1,26.465356452904825,6.470290523835851,33.84413754273675
A_flow_map,2.104,26.57502165706244,6.50636954025188,34.11235068548383
A_flow_map,2.108,26.68490127885018,6.542493468653499,34.381497598019195
A_flow_map,2.112,26.794990651384627,6.5786644065331625,34.65157604644038
A_flow_map,2.116,26.9052854786709,6.6148844308295045,34.922583652934556
A_flow_map,2.12,27.015781754534185,6.651155596335215,35.194517893243834
A_flow_map,2.124,27.126475672871226,6.687479934267921,35.467376094285285
A_flow_map,2.128,27.237363532804956,6.723859450990425,35.741155431922834
A_flow_map,2.132,27.348441642763987,6.7602961268688215,36.015852928888584
A_flow_map,2.136,27.45970622772982,6.79679191525902,36.29146545285025
A_flow_map,2.14,27.57115334384489,6.833348741613814,36.56798971462205
A_flow_map,2.144,27.68277880422344,6.869968502704154,36.84542226651545
A_flow_map,2.148,27.794578119157244,6.906653065949492,37.12375950082649
A_flow_map,2.152,27.90654645300175,6.943404268853127,37.402997648456264
A_flow_map,2.156,28.01867859894446,6.980223918539392,37.68313277766095
A_flow_map,2.16,28.130968971705805,7.01711379139023,37.96416079292754
A_flow_map,2.164,28.243411617120177,7.046720845152633,38.24607743397186
A_flow_map,2.168,28.35600023660367,7.034958288230731,38.52887827485483
A_flow_map,2.172,28.46872822381776,7.02266794023639,38.81255872321332
A_flow_map,2.176,28.581588710430736,7.009859328121924,39.097114019601634
A_flow_map,2.18,28.69457461776532,6.996541752566061,39.38253923693998
A_flow_map,2.184,28.807678711268647,6.982724291074602,39.66882928006583
A_flow_map,2.188,28.92089365509124,6.968415801896505,39.95597888538456
A_flow_map,2.192,29.034212064543475,6.95362492862672,40.24398262061534
A_flow_map,2.196,29.147626554741045,6.938360105383869,40.53283488462869
A_flow_map,2.2,29.261129784292883,6.92262956246583,40.82252990737167
A_flow_map,2.204,29.374714493381525,6.906441332399552,41.11306174987726
A_flow_map,2.208,29.488373536005906,6.889803256313198,41.40442430435395
A_flow_map,2.212,29.60209990648922,6.872722990569113,41.69661129435212
A_flow_map,2.216,29.715886760595897,6.8552080136054,41.98961627500337
A_flow_map,2.22,29.8297274317619,6.837265632941936,42.283432633329504
A_flow_map,2.224,29.943615443031803,6.81890299231392,42.57805358861745
A_flow_map,2.228,30.057544515330658,6.800127078902312,42.87347219285674
A_flow_map,2.232,30.1715085726913,6.780944730636154,43.16968133123626
A_flow_map,2.236,30.285501745022152,6.761362643546635,43.46667372269671
A_flow_map,2.24,30.39951836894712,6.741387379157081,43.76444192053582
A_flow_map,2.244,30.513552987186074,6.72102537189688,44.06297831306278
A_flow_map,2.248,30.627600346877507,6.700282936530653,44.362275124299
A_flow_map,2.2520000000000002,30.74165539717934,6.679166275596926,44.66232441472199
A_flow_map,2.2560000000000002,30.855713286420873,6.657681486853174,44.96311808204932
A_flow_map,2.2600000000000002,30.969769359020965,6.635834570726306,45.264647862059775
A_flow_map,2.2640000000000002,31.08381915233569,6.613631437769718,45.56690532944877
A_flow_map,2.2680000000000002,31.19785839355016,6.591077916129739,45.86988189871515
A_flow_map,2.2720000000000002,31.31188299669027,6.581153094043408,46.17356882507659
A_flow_map,2.2760000000000002,31.425889059788506,6.577297465915518,46.47795720541103
A_flow_map,2.2800000000000002,31.53987286221196,6.573230976643556,46.783037979221156
A_flow_map,2.2840000000000003,31.653830862120266,6.568957865809117,47.08880192961972
A_flow_map,2.2880000000000003,31.767759694012632,6.564482261617134,47.39523968433279
A_flow_map,2.2920000000000003,31.881656166270187,6.559808186310906,47.702341716718685
A_flow_map,2.2960000000000003,31.99551725862753,6.554939561503895,48.010098346800035
A_flow_map,2.3000000000000003,32.109340119405566,6.54988021343409,48.31849974230658
A_flow_map,2.3040000000000003,32.223122062463304,6.544633878147493,48.627535919726526
A_flow_map,2.308,32.33686056356565,6.539204206618006,48.9371967453639
A_flow_map,2.312,32.45055325628581,6.533594769811573,49.247471936400046
A_flow_map,2.316,32.56419792678767,6.527809063702995,49.55835106195677
A_flow_map,2.32,32.677792508201,6.521850514254416,49.86982354415925
A_flow_map,2.324,32.79133507282781,6.515722482364822,50.18187865919652
A_flow_map,2.328,32.904823824948124,6.509428268800515,50.49450553837764
A_flow_map,2.332,33.0182570886752,6.502971119116812,50.80769316918151
A_flow_map,2.336,33.13163330084798,6.496354228581742,51.12143039629854
A_flow_map,2.34,33.2449509898243,6.489580747112928,51.43570592266225
A_flow_map,2.344,33.3582087764131,6.482653784239221,51.75050831046916
A_flow_map,2.348,33.47140532723281,6.475576414099201,52.06582598218512
A_flow_map,2.352,33.584539395858044,6.468351680489024,52.38164722153669
A_flow_map,2.356,33.6976096869571,6.460982601972668,52.697960174485736
A_flow_map,2.36,33.8106150673483,6.4534721770681065,53.0147528501859
A_flow_map,2.364,33.923554079533815,6.445823389523524,53.332013121919616
A_flow_map,2.368,34.03642586140382,6.441095390262277,53.649728728014075
A_flow_map,2.372,34.14922819956353,6.480172933952033,53.96788727273527
A_flow_map,2.376,34.26196147623393,6.5194360778605205,54.2864762271586
A_flow_map,2.38,34.37462039284189,6.558885255097592,54.60548293001523
A_flow_map,2.384,34.48721127873468,6.598520903407346,54.92489458851311
A_flow_map,2.388,34.59971539235939,6.638343468200375,55.24469827913205
A_flow_map,2.392,34.71216726375074,6.678353405645689,55.56488094839155
A_flow_map,2.396,34.82448597441565,6.718551185829456,55.885429413591794
A_flow_map,2.4,34.93684206694455,6.758937295987963,56.206330363525765
A_flow_map,2.404,35.04885534942785,6.799512243822384,56.527570359164656
A_flow_map,2.408,35.16137613768065,6.840276560903299,56.84913583431223
A_flow_map,2.412,35.27255907776497,6.81629035802441,57.17101309623501
A_flow_map,2.416,35.38689375747922,6.785486623650247,57.49318832625708
A_flow_map,2.42,35.49588747346659,6.754387712134635,57.81564758033846
A_flow_map,2.424,35.62728190251202,6.722997993409175,58.13837678960678
A_flow_map,2.428,35.771378343964415,6.691321823295517,58.461361760894306
A_flow_map,2.432,36.124301749016844,6.659363550253334,58.78458817719474
A_flow_map,2.436,36.46914221516209,6.62712752231416,59.10804159818773
A_flow_map,2.44,36.5607519113269,6.594618094222181,59.43170746058132
A_flow_map,2.444,36.65135234539896,6.561839634804053,59.75557107870761
A_flow_map,2.448,36.744123791311274,6.52879653459088,60.07961764461723
A_flow_map,2.452,36.83269664648601,6.495493213716592,60.40383222900638
A_flow_map,2.456,36.935295698860685,6.461934130118088,60.72819978061195
A_flow_map,2.46,37.03230363459362,6.428123788063743,61.05270512832348
A_flow_map,2.464,37.26042444412672,6.394066747038032,61.3773329783278
A_flow_map,2.468,37.79188915167891,6.359767631011365,61.70206792033311
A_flow_map,2.472,37.863827752694064,6.3252311381254565,62.026894416988945
A_flow_map,2.476,37.93569746362047,6.290462050825849,62.35179682465254
A_flow_map,2.48,38.00749686656904,6.255465246474553,62.676759355163135
A_flow_map,2.484,38.079224701745595,6.220245708476994,63.00176614964621
A_flow_map,2.488,38.15087982949181,6.1848085379587445,63.3268011377792
A_flow_map,2.492,38.22246126929685,6.149158966028698,63.65184831157584
A_flow_map,2.496,38.29396807114243,6.113302366666388,63.976891191529674
A_flow_map,2.5,38.36539949808259,6.07724427027222,64.30191388000031
A_flow_map,2.504,38.436754573588125,6.040990377920058,64.62689896903305
A_flow_map,2.508,38.50803288039141,6.004546576352277,64.95183173479849
A_flow_map,2.512,38.579232820293846,5.967918953757602,65.2766916632519
A_flow_map,2.516,38.650355017996844,5.931113816372003,65.60146971823603
A_flow_map,2.52,38.72139517415893,5.894137705942403,65.9261328725155
A_flow_map,2.524,38.792358701645625,5.856997418091838,66.25069756462433
A_flow_map,2.528,38.863230002854294,5.819700021623009,66.57507636271404
A_flow_map,2.532,38.934036960678526,5.782252878794609,66.8994006890137
A_flow_map,2.536,39.00471402501883,5.744663666601352,67.2233365046714
A_flow_map,2.54,39.07539495820269,5.706940399083968,67.54754826202128
A_flow_map,2.544,39.14578284108574,5.669091450689542,67.87054912396489
A_flow_map,2.548,39.21652213236292,5.631125580695052,68.19556140517695
A_flow_map,2.552,39.28621635994218,5.593051958697688,68.5156051232414
A_flow_map,2.556,39.3580992424281,5.554880191164135,68.84685364601347
A_flow_map,2.56,39.42569767460579,5.516620349017264,69.15694860315254
A_flow_map,2.564,39.50716287672075,5.47828299622218,69.53665556176306
A_flow_map,2.568,39.58161892048945,5.439879219314022,69.88160653403997
A_flow_map,2.572,39.784574013647244,5.401420657786877,70.86935623107595
A_flow_map,2.576,40.39251355993578,5.36291953523636,73.88234715387307
A_flow_map,2.58,40.442857575451754,5.324388691117304,74.10769643357293
A_flow_map,2.584,40.493091039793555,5.285841612942369,74.33284732083388
A_flow_map,2.588,40.54320791736457,5.247292468706788,74.55778900879574
A_flow_map,2.592,40.593202024332236,5.2087561392786705,74.78251067430776
A_flow_map,2.596,40.64306708822696,5.170248250443167,75.0070014788587
A_flow_map,2.6,40.69279680709087,5.1317852042322265,75.2312505694558
A_flow_map,2.604,40.74238490719825,5.093384209109898,75.45524707950261
A_flow_map,2.608,40.791825198508754,5.055063308516532,75.6789801295942
A_flow_map,2.612,40.84111162716017,5.016841407204576,75.90243882835637
A_flow_map,2.616,40.89023832439136,4.97873829472502,76.12561227312278
A_flow_map,2.62,40.93919965140843,4.94077466534882,76.34848955078067
A_flow_map,2.624,40.98799023971567,4.902972133633774,76.57105973824203
A_flow_map,2.628,41.03660502658389,4.865353244777578,76.79331190343152
A_flow_map,2.632,41.085039285216396,4.827941478835793,77.01523510530812
A_flow_map,2.636,41.13328864948141,4.790761247833888,77.23681839539982
A_flow_map,2.64,41.18134913267984,4.753837884770787,77.45805081666383
A_flow_map,2.644,41.22921714062008,4.7185431370488615,77.67892140679302
A_flow_map,2.648,41.2768894780368,4.693354527663573,77.89941919375339
A_flow_map,2.652,41.324363349674265,4.668222749705951,78.11953320466591
A_flow_map,2.656,41.37163635356315,4.643148914264932,78.33925245123916
A_flow_map,2.66,41.41870647085709,4.618135647630136,78.55856595636801
A_flow_map,2.664,41.46557204474811,4.593187174955838,78.77746270752638
A_flow_map,2.668,41.51223176229779,4.5683093934154515,78.99593174095864
A_flow_map,2.672,41.558684615075805,4.543509935373544,79.2139619899764
A_flow_map,2.676,41.60492988332948,4.518798222211812,79.43154256150666
A_flow_map,2.68,41.65096706344549,4.494185509492996,79.648662228883
A_flow_map,2.684,41.69679588794899,4.469684924134486,79.86531036929921
A_flow_map,2.688,41.74241616366103,4.445311494195215,80.08147521816738
A_flow_map,2.692,41.78782794243872,4.421082171760625,80.2971471428445
A_flow_map,2.696,41.83303106031351,4.397015849246877,80.51231245741319
A_flow_map,2.7,41.87802587368154,4.373133369243102,80.72696519129488
A_flow_map,2.704,41.9228117086308,4.349457527775701,80.94108453491975
A_flow_map,2.708,41.96738971839518,4.326013070617339,81.15467836861282
A_flow_map,2.712,42.01175720257152,4.302826681981191,81.3676986607546
A_flow_map,2.716,42.05591860991064,4.301599006547317,81.58020704458269
A_flow_map,2.72,42.09986375632969,4.303010478469897,81.79204853257302
A_flow_map,2.724,42.14361096495582,4.304205852303347,82.00349895703633
A_flow_map,2.728,42.18712083705232,4.305193277640425,82.21397176041111
A_flow_map,2.732,42.23046967307825,4.305982468837785,82.42461941818242
A_flow_map,2.736,42.27349852511883,4.306584585961449,82.63306921368296
A_flow_map,2.74,42.31652913269606,4.3070121133330135,82.84416214884402
A_flow_map,2.744,42.35889821810956,4.307278735001361,83.04796714607372
A_flow_map,2.748,42.40199625645665,4.307399206301625,83.26536228138693
A_flow_map,2.7520000000000002,42.44300582904615,4.307389220547902,83.45410970533614
A_flow_map,2.7560000000000002,42.488229888346616,4.307265269844571,83.70877919046617
A_flow_map,2.7600000000000002,42.52605726362367,4.307044498998834,83.85523028192127
A_flow_map,2.7640000000000002,42.58899986547696,4.306744551581053,84.38116993280441
A_flow_map,2.7680000000000002,42.64519295473512,4.306383407316,84.80865616456863
A_flow_map,2.7720000000000002,42.963670688903264,4.313105145259951,89.17323092654391
A_flow_map,2.7760000000000002,43.71277146245517,4.322061756070937,100.0
A_flow_map,2.7800000000000002,43.73989571846083,4.330754095921923,100.0
A_flow_map,2.7840000000000003,43.76682605206898,4.339162144380167,100.0
A_flow_map,2.7880000000000003,43.79356044226547,4.347267042018777,100.0
A_flow_map,2.7920000000000003,43.82009682657458,4.355051221795041,100.0
A_flow_map,2.7960000000000003,43.846433099490234,4.362498509750259,100.0
A_flow_map,2.8000000000000003,43.87256704325078,4.369594195392735,100.0
A_flow_map,2.8040000000000003,43.898496352040986,4.376325073164271,100.0
A_flow_map,2.8080000000000003,43.924218485708444,4.382679457205702,100.0
A_flow_map,2.8120000000000003,43.94973079576837,4.388647172221783,100.0
A_flow_map,2.816,43.97503018819293,4.3903219625968575,100.0
A_flow_map,2.82,44.00011356107915,4.377170036158084,100.0
A_flow_map,2.824,44.024976937136,4.364980682081451,100.0
A_flow_map,2.828,44.049616811609624,4.353783040515662,100.0
A_flow_map,2.832,44.074027746325626,4.343604949431045,100.0
A_flow_map,2.836,44.09820638079757,4.3344722591400195,100.0
A_flow_map,2.84,44.122144476763516,4.326408114767595,100.0
A_flow_map,2.844,44.145840825336094,4.3194322206001186,100.0
A_flow_map,2.848,44.16928065530228,4.313560102735484,100.0
A_flow_map,2.852,44.192471299661975,4.308802388855169,100.0
A_flow_map,2.856,44.21538020978031,4.305164126036116,100.0
A_flow_map,2.86,44.23804313257192,4.302644159082632,100.0
A_flow_map,2.864,44.26037486564181,4.301234592632932,100.0
A_flow_map,2.868,44.28250171192418,4.300920360037468,100.0
A_flow_map,2.872,44.304176075887625,4.301678920511183,100.0
A_flow_map,2.876,44.325811627370975,4.303480103196404,100.0
A_flow_map,2.88,44.34664965924918,4.306286112508776,100.0
A_flow_map,2.884,44.368024565553654,4.310051703577217,100.0
A_flow_map,2.888,44.387551685896156,4.314724529974614,100.0
A_flow_map,2.892,44.4095773197011,4.320245658649567,100.0
A_flow_map,2.896,44.426519983586154,4.326550239502479,100.0
A_flow_map,2.9,44.453193601302125,4.333568309957499,100.0
A_flow_map,2.904,44.464827810516894,4.341225708725133,100.0
A_flow_map,2.908,44.52633583217213,4.349445068226074,100.0
A_flow_map,2.912,44.537299597428984,4.358146852227895,100.0
A_flow_map,2.916,45.798730359016446,4.3672504043350155,100.0
A_flow_map,2.92,46.173998421235595,4.376674974077957,100.0
A_flow_map,2.924,46.18793278119834,4.386340690290801,100.0
A_flow_map,2.928,46.20120105014463,4.386510884977916,100.0
A_flow_map,2.932,46.21463822979335,4.3809051682007025,100.0
A_flow_map,2.936,46.226812458412326,4.374984719083866,100.0
A_flow_map,2.94,46.24019122990441,4.3687549282448614,100.0
A_flow_map,2.944,46.25060049059486,4.362221094564886,100.0
A_flow_map,2.948,46.265479731618726,4.355388419279274,100.0
A_flow_map,2.952,46.27247032771511,4.348262001105913,100.0
A_flow_map,2.956,46.296153577218924,4.340846832291671,100.0
A_flow_map,2.96,46.295340205865074,4.33314779546871,100.0
A_flow_map,2.964,46.41322818923173,4.325169661223378,100.0
A_flow_map,2.968,46.50929966903312,4.316917086290396,100.0
A_flow_map,2.972,48.10359908661863,4.308394612294162,100.0
A_flow_map,2.976,48.11025133307028,4.299606664967291,100.0
A_flow_map,2.98,48.116587363221825,4.290557553784085,100.0
A_flow_map,2.984,48.122610996018686,4.281251471953398,100.0
A_flow_map,2.988,48.128326658478024,4.271692496721566,100.0
A_flow_map,2.992,48.13373935113089,4.261884589941584,100.0
A_flow_map,2.996,48.13885460790341,4.251831598869723,100.0
A_flow_map,3.0,48.143678448670244,4.242361819070879,100.0
A_flow_map,3.004,48.14821732247002,4.235376857891894,100.0
A_flow_map,3.008,48.15247803927269,4.228107480287399,100.0
A_flow_map,3.012,48.15646768830916,4.2272408724327395,100.0
A_flow_map,3.016,48.16019354138594,4.2268659592619375,100.0
A_flow_map,3.02,48.16366294038872,4.2260230674530455,100.0
A_flow_map,3.024,48.166883169363444,4.224718958793892,100.0
A_flow_map,3.028,48.169861313146804,4.222960592988684,100.0
A_flow_map,3.032,48.17260410639629,4.22075507690165,100.0
A_flow_map,3.036,48.17511777885811,4.218109619771154,100.0
A_flow_map,3.04,48.177407904504626,4.21503149381923,100.0
A_flow_map,3.044,48.17947926343303,4.2115279997228985,100.0
A_flow_map,3.048,48.18133572577888,4.207606436454892,100.0
A_flow_map,3.052,48.18298016614427,4.203274075041786,100.0
A_flow_map,3.056,48.184414415083666,4.198538135826297,100.0
A_flow_map,3.06,48.18563925126818,4.193405768857493,100.0
A_flow_map,3.064,48.186654434413924,4.187884037067306,100.0
A_flow_map,3.068,48.18745877554836,4.181979901924271,100.0
A_flow_map,3.072,48.18805023815354,4.175700211285416,100.0
A_flow_map,3.076,48.18842606173029,4.169051689195028,100.0
A_flow_map,3.08,48.188582898405016,4.162040927404452,100.0
A_flow_map,3.084,48.18851695354058,4.154674378410332,100.0
A_flow_map,3.088,48.18822412239316,4.146958349829923,100.0
A_flow_map,3.092,48.18770011672184,4.138898999951289,100.0
A_flow_map,3.096,48.18694057705725,4.13050233431364,100.0
A_flow_map,3.1,48.18594116843147,4.121774203188767,100.0
A_flow_map,3.104,48.18469765870339,4.112720299848721,100.0
A_flow_map,3.108,48.183205980214616,4.1033461595175735,100.0
A_flow_map,3.112,48.18146227587393,4.093657158916643,100.0
A_flow_map,3.116,48.17946293189358,4.0836585163227355,100.0
A_flow_map,3.12,48.17720459877316,4.073355292068205,100.0
A_flow_map,3.124,48.1746842032271,4.062752389419873,100.0
A_flow_map,3.128,48.17189895216491,4.051854555781156,100.0
A_flow_map,3.132,48.16884633153161,4.040666384168385,100.0
A_flow_map,3.136,48.16552410004748,4.029192314918113,100.0
A_flow_map,3.14,48.161930280961194,4.017436637587467,100.0
A_flow_map,3.144,48.158063150310255,4.0054034930142635,100.0
A_flow_map,3.148,48.153921225760406,3.9930968755077543,100.0
A_flow_map,3.152,48.149503252284546,3.9805206351445834,100.0
A_flow_map,3.156,48.144808190864474,3.967678480147823,100.0
A_flow_map,3.16,48.13983520299391,3.954573979329912,100.0
A_flow_map,3.164,48.1345836411905,3.941210564582918,100.0
A_flow_map,3.168,48.12905303254049,3.927591533401905,100.0
A_flow_map,3.172,48.1232430727132,3.9137200514292285,100.0
A_flow_map,3.176,48.11715360768015,3.8995991550094775,100.0
A_flow_map,3.18,48.110784633255925,3.8852317537464143,100.0
A_flow_map,3.184,48.104136272868715,3.8706206330547426,100.0
A_flow_map,3.188,48.09720878568686,3.8557684567008863,100.0
A_flow_map,3.192,48.090002536525944,3.840677769328118,100.0
A_flow_map,3.196,48.08251801765032,3.8253509989624748,100.0
A_flow_map,3.2,48.07475580404578,3.8097904594968774,100.0
A_flow_map,3.204,48.06671659756828,3.7939983531516903,100.0
A_flow_map,3.208,48.058401156074574,3.777976772910854,100.0
A_flow_map,3.212,48.04981037470078,3.7617277049333615,100.0
A_flow_map,3.216,48.04094516941418,3.745253030940602,100.0
A_flow_map,3.22,48.03180662047851,3.7285545305806984,100.0
A_flow_map,3.224,48.02239577774387,3.7116338837715515,100.0
A_flow_map,3.228,48.01271390847843,3.694492673024901,100.0
A_flow_map,3.232,48.002762169714245,3.6771323857542226,100.0
A_flow_map,3.236,47.992542030945756,3.6595544165698453,100.0
A_flow_map,3.24,47.98205472258139,3.6417600695651537,100.0
A_flow_map,3.244,47.97130195048614,3.623750560598303,100.0
A_flow_map,3.248,47.96028497028492,3.6055270195743496,100.0
A_flow_map,3.2520000000000002,47.94900578636686,3.587090492733276,100.0
A_flow_map,3.2560000000000002,47.9374656056654,3.568441944949912,100.0
A_flow_map,3.2600000000000002,47.92566683573988,3.549582262052335,100.0
A_flow_map,3.2640000000000002,47.9136105173344,3.5305122531659237,100.0
A_flow_map,3.2680000000000002,47.90129963101409,3.511232653090895,100.0
A_flow_map,3.2720000000000002,47.888734862541675,3.4917441247218006,100.0
A_flow_map,3.2760000000000002,47.87592003555143,3.4720472615182114,100.0
A_flow_map,3.2800000000000002,47.86285517820977,3.4521425900365816,100.0
A_flow_map,3.2840000000000003,47.84954538081479,3.432030572534125,100.0
A_flow_map,3.2880000000000003,47.835989533089474,3.411711609656466,100.0
A_flow_map,3.2920000000000003,47.82219464899687,3.3911860432217957,100.0
A_flow_map,3.2960000000000003,47.80815772465293,3.3704541591153703,100.0
A_flow_map,3.3000000000000003,47.793888705877535,3.349516190309353,100.0
A_flow_map,3.3040000000000003,47.779381524728045,3.328372320024294,100.0
A_flow_map,3.3080000000000003,47.7646505889512,3.3070226850499655,100.0
A_flow_map,3.3120000000000003,47.74968497770347,3.2854673792448104,100.0
A_flow_map,3.3160000000000003,47.73450585529001,3.2637064572349623,100.0
A_flow_map,3.3200000000000003,47.719094753885685,3.241739938335665,100.0
A_flow_map,3.3240000000000003,47.70348299140794,3.2195678107199575,100.0
A_flow_map,3.3280000000000003,47.68764055739139,3.1971900358617598,100.0
A_flow_map,3.332,47.671613882313665,3.174606553282945,100.0
A_flow_map,3.336,47.65535558135189,3.151817285636723,100.0
A_flow_map,3.34,47.638934327025126,3.1288221441626414,100.0
A_flow_map,3.344,47.622276990871164,3.105621034551819,100.0
A_flow_map,3.348,47.60548457015712,3.082213863264611,100.0
A_flow_map,3.352,47.58844639261666,3.0586005443469446,100.0
A_flow_map,3.356,47.571309789875144,3.0347810067959062,100.0
A_flow_map,3.36,47.553910214234506,3.0107552025300084,100.0
A_flow_map,3.364,47.53646043709801,2.9865231150248817,100.0
A_flow_map,3.368,47.51871986078708,2.962084768680972,100.0
A_flow_map,3.372,47.50099225609777,2.937440238996266,100.0
A_flow_map,3.376,47.482931432251874,2.9203081787234924,100.0
A_flow_map,3.38,47.46496573434776,2.9042134266845143,100.0
A_flow_map,3.384,47.44660466857855,2.8878547700682633,100.0
A_flow_map,3.388,47.428444642037775,2.8712324922481414,100.0
A_flow_map,3.392,47.40980062475196,2.8543469279822027,100.0
A_flow_map,3.396,47.39149325595653,2.8371984737127396,100.0
A_flow_map,3.4,47.372577324993124,2.8197875989250627,100.0
A_flow_map,3.404,47.35417185040324,2.8021148586618363,100.0
A_flow_map,3.408,47.33498212997773,2.784180907299894,100.0
A_flow_map,3.412,47.31653008010599,2.7659865137079658,100.0
A_flow_map,3.416,47.29703811516457,2.74753257791636,100.0
A_flow_map,3.42,47.27859791773855,2.7288201494434334,100.0
A_flow_map,3.424,47.25871686094997,2.7098504474386904,100.0
A_flow_map,3.428,47.24037414460343,2.690624882818809,100.0
A_flow_map,3.432,47.2198705702813,2.6837184970356707,100.0
A_flow_map,3.436,47.20181864806334,2.680530279192449,100.0
A_flow_map,3.44,47.17999963881344,2.6770002281484175,100.0
A_flow_map,3.444,47.162937251169225,2.6731292106077325,100.0
A_flow_map,3.448,47.13702355862923,2.6689181791023233,100.0
A_flow_map,3.452,47.12547035554424,2.6643681849417846,100.0
A_flow_map,3.456,47.073518990634156,2.6594803924942694,100.0
A_flow_map,3.46,47.16549847749333,2.654256094916504,100.0
A_flow_map,3.464,46.459930966165075,2.6486967314615946,100.0
A_flow_map,3.468,49.60612910442406,2.6428039065041915,100.0
A_flow_map,3.472,49.59259719076178,2.6365794104335247,100.0
A_flow_map,3.476,49.579106526880466,2.630025242575668,100.0
A_flow_map,3.48,49.565659898585416,2.62314363631674,100.0
A_flow_map,3.484,49.55225992092677,2.61593708660814,100.0
A_flow_map,3.488,49.53890897297879,2.6084083800427686,100.0
A_flow_map,3.492,49.525609133387015,2.600560627696632,100.0
A_flow_map,3.496,49.51236212366526,2.5826735132180856,100.0
A_flow_map,3.5,49.49916926585066,2.55261129439996,100.0
A_flow_map,3.504,49.486031460207464,2.522409677652799,100.0
A_flow_map,3.508,49.47294918728095,2.4920774627412214,100.0
A_flow_map,3.512,49.45992253687048,2.46162449686316,100.0
A_flow_map,3.516,49.44695126458667,2.4310617792871327,100.0
A_flow_map,3.52,49.43403487477087,2.400401574820896,100.0
A_flow_map,3.524,49.4211727268599,2.369657536531858,100.0
A_flow_map,3.528,49.40836416091545,2.3388448380580957,100.0
A_flow_map,3.532,49.39560863708454,2.307980315730524,100.0
A_flow_map,3.536,49.38290588323376,2.277082620563016,100.0
A_flow_map,3.54,49.37025604486883,2.2461723799480633,100.0
A_flow_map,3.544,49.357659831635814,2.215272368610033,100.0
A_flow_map,3.548,49.34511865510409,2.184407688004791,100.0
A_flow_map,3.552,49.33263475305628,2.1536059529021134,100.0
A_flow_map,3.556,49.32021129607423,2.122897483336002,100.0
A_flow_map,3.56,49.307852472750675,2.1033059650883006,100.0
A_flow_map,3.564,49.29556355034184,2.0867555353767187,100.0
A_flow_map,3.568,49.28335090809883,2.070366732860639,100.0
A_flow_map,3.572,49.27122204089423,2.0541302492521476,100.0
A_flow_map,3.576,49.25918553112864,2.038040893670715,100.0
A_flow_map,3.58,49.24725098731217,2.0220978972733676,100.0
A_flow_map,3.584,49.23542894822332,2.0063051783228887,100.0
A_flow_map,3.588,49.22373075221307,1.9906715727798099,100.0
A_flow_map,3.592,49.21216837209916,1.9888075944490216,100.0
A_flow_map,3.596,49.20075421722663,2.0033464177695546,100.0
A_flow_map,3.6,49.189500905673,2.0177977274479115,100.0
A_flow_map,3.604,49.178421011235734,2.0321317552574913,100.0
A_flow_map,3.608,49.16752679168661,2.0503407633930317,100.0
A_flow_map,3.612,49.15682990668475,2.0774715072827568,100.0
A_flow_map,3.616,49.146341135504514,2.104197783399727,100.0
A_flow_map,3.62,49.13607010609538,2.130492394212876,100.0
A_flow_map,3.624,49.12602504764718,2.156332135666666,100.0
A_flow_map,3.628,49.11621257851254,2.181697443754068,100.0
A_flow_map,3.632,49.10663753985306,2.2065720544087677,100.0
A_flow_map,3.636,49.09730288271191,2.2309426798906387,100.0
A_flow_map,3.64,49.088209612566075,2.254798703818253,100.0
A_flow_map,3.644,49.079356791180366,2.2781318961560633,100.0
A_flow_map,3.648,49.07074159131603,2.3009361487771818,100.0
A_flow_map,3.652,49.06235939612407,2.316385390933651,100.0
A_flow_map,3.656,49.054203932372715,2.3088092766167945,100.0
A_flow_map,3.66,49.046267425335564,2.3008368259054044,100.0
A_flow_map,3.664,49.038540763286335,2.2924680212039714,100.0
A_flow_map,3.668,49.03101366096682,2.2837030081551157,100.0
A_flow_map,3.672,49.023674813803765,2.27454210125982,100.0
A_flow_map,3.676,49.0165120376315,2.264985790831121,100.0
A_flow_map,3.68,49.00951239179082,2.2550347513389686,100.0
A_flow_map,3.684,49.002662286314724,2.2610260715497863,100.0
A_flow_map,3.688,48.99594757615988,2.269412712257611,100.0
A_flow_map,3.692,48.98935364689306,2.277451544811233,100.0
A_flow_map,3.696,48.98286549681493,2.2851436723203857,100.0
A_flow_map,3.7,48.97646782024493,2.292490340769932,100.0
A_flow_map,3.704,48.97014509575074,2.2994929374563693,100.0
A_flow_map,3.708,48.963881681706944,2.3061529907169542,100.0
A_flow_map,3.712,48.957661919966064,2.312472170962858,100.0
A_flow_map,3.716,48.95147024686672,2.318452293036566,100.0
A_flow_map,3.72,48.945291309489214,2.324095319922944,100.0
A_flow_map,3.724,48.939110084129176,2.3294033678529926,100.0
A_flow_map,3.728,48.93291199345363,2.3343787128493947,100.0
A_flow_map,3.732,48.926683018716886,2.3390237987735927,100.0
A_flow_map,3.736,48.92040980368613,2.3477453460781295,100.0
A_flow_map,3.74,48.91407974746424,2.365476316917551,100.0
A_flow_map,3.744,48.907681084100105,2.382904235960356,100.0
A_flow_map,3.748,48.9012029476489,2.4000173335620882,100.0
A_flow_map,3.7520000000000002,48.89463542210672,2.416805412839139,100.0
A_flow_map,3.7560000000000002,48.88796957633893,2.433259732856112,100.0
A_flow_map,3.7600000000000002,48.88119748470906,2.449372891056372,100.0
A_flow_map,3.7640000000000002,48.874312234578454,2.465138707182104,100.0
A_flow_map,3.7680000000000002,48.86730792217837,2.4805521104337607,100.0
A_flow_map,3.7720000000000002,48.860179638564,2.495609031183373,100.0
A_flow_map,3.7760000000000002,48.852923447455325,2.510306298182289,100.0
A_flow_map,3.7800000000000002,48.84553635677155,2.5246415418891375,100.0
A_flow_map,3.7840000000000003,48.83801628559193,2.538613104284289,100.0
A_flow_map,3.7880000000000003,48.83036202814655,2.5522199553274856,100.0
A_flow_map,3.7920000000000003,48.82257321627193,2.5654616160500723,100.0
A_flow_map,3.7960000000000003,48.81465028157586,2.5783380881463427,100.0
A_flow_map,3.8000000000000003,48.806594418353605,2.590849789834304,100.0
A_flow_map,3.8040000000000003,48.7984075480949,2.6029974976891914,100.0
A_flow_map,3.8080000000000003,48.79009228622341,2.6147822941084726,100.0
A_flow_map,3.8120000000000003,48.78165191152091,2.6262055200405046,100.0
A_flow_map,3.8160000000000003,48.773090338509206,2.637268732596635,100.0
A_flow_map,3.8200000000000003,48.764412092890694,2.6479736671651675,100.0
A_flow_map,3.8240000000000003,48.75562228998196,2.6583222036524985,100.0
A_flow_map,3.8280000000000003,48.74672661590798,2.668316336489649,100.0
A_flow_map,3.8320000000000003,48.737731311151606,2.67795814805953,100.0
A_flow_map,3.8360000000000003,48.7286431558675,2.6872497852201387,100.0
A_flow_map,3.84,48.71946945616561,2.6961934386203494,100.0
A_flow_map,3.844,48.71021803033976,2.704791324527094,100.0
A_flow_map,3.848,48.70089719375968,2.7130456689049844,100.0
A_flow_map,3.852,48.69151574085929,2.720958693511103,100.0
A_flow_map,3.856,48.682082922348584,2.728532603788689,100.0
A_flow_map,3.86,48.67260841546651,2.7357695783633105,100.0
A_flow_map,3.864,48.66310228480712,2.7426717599638177,100.0
A_flow_map,3.868,48.65357493103941,2.7492412476077916,100.0
A_flow_map,3.872,48.64403702476471,2.75548008990731,100.0
A_flow_map,3.876,48.63449942289764,2.761390279365687,100.0
A_flow_map,3.88,48.62497306541361,2.766973747549348,100.0
A_flow_map,3.884,48.61546885116597,2.7722323610313704,100.0
A_flow_map,3.888,48.6059974928083,2.777167918014388,100.0
A_flow_map,3.892,48.59656935266834,2.7817821455506793,100.0
A_flow_map,3.896,48.58719426362673,2.7860766972863704,100.0
A_flow_map,3.9,48.57788134145077,2.790053151664907,100.0
A_flow_map,3.904,48.568638797293694,2.7937130105322887,100.0
A_flow_map,3.908,48.55947376077379,2.797057698093173,100.0
A_flow_map,3.912,48.55039212476725,2.8000885601728647,100.0
A_flow_map,3.916,48.5413984224544,2.802806863745465,100.0
A_flow_map,3.92,48.53249574514141,2.8052137966931814,100.0
A_flow_map,3.924,48.52368570611954,2.8052749587324883,100.0
A_flow_map,3.928,48.51496845178789,2.807644831592026,100.0
A_flow_map,3.932,48.50634271711026,2.814378199173325,100.0
A_flow_map,3.936,48.49780591888117,2.8201532092360506,100.0
A_flow_map,3.94,48.489354277778304,2.8261515851972105,100.0
A_flow_map,3.944,48.48098295904647,2.8323007075532924,100.0
A_flow_map,3.948,48.47268622186573,2.8380736501093935,100.0
A_flow_map,3.952,48.464457568733124,2.84347549923211,100.0
A_flow_map,3.956,48.45628988812804,2.849548856229143,100.0
A_flow_map,3.96,48.448175585913475,2.8562409677260816,100.0
A_flow_map,3.964,48.44010670299763,2.862551352683792,100.0
A_flow_map,3.968,48.432075018508044,2.8684856316385288,100.0
A_flow_map,3.972,48.424072139005034,2.8740492354461695,100.0
A_flow_map,3.976,48.41608957507047,2.879247407270414,100.0
A_flow_map,3.98,48.40811880701197,2.884085204907525,100.0
A_flow_map,3.984,48.40015134151012,2.888567503383268,100.0
A_flow_map,3.988,48.392178760908095,2.8926989977662645,100.0
A_flow_map,3.992,48.38419276658712,2.8964842061493883,100.0
A_flow_map,3.996,48.376185217560625,2.899927472757412,100.0
A_flow_map,4.0,48.368148165107606,2.9030329711448353,100.0
A_flow_map,4.0040000000000004,48.360073883984185,2.9058047074528663,100.0
A_flow_map,4.008,48.35195490052135,2.9082465236988986,100.0
A_flow_map,4.0120000000000005,48.34378401774496,2.9103621010757204,100.0
A_flow_map,4.016,48.33555433753678,2.9121549632410058,100.0
A_flow_map,4.0200000000000005,48.32725927979138,2.913628479580626,100.0
A_flow_map,4.024,48.31889259850038,2.9147858684318404,100.0
A_flow_map,4.0280000000000005,48.31044839470544,2.915630200254707,100.0
A_flow_map,4.032,48.301921126293976,2.9161644007419714,100.0
A_flow_map,4.0360000000000005,48.29330561465761,2.9163912538594134,100.0
A_flow_map,4.04,48.28459704828623,2.9163134048101007,100.0
A_flow_map,4.0440000000000005,48.27579098342335,2.91593336291729,100.0
A_flow_map,4.048,48.26688334195718,2.9152535044218393,100.0
A_flow_map,4.0520000000000005,48.25787040676323,2.9142760751909558,100.0
A_flow_map,4.056,48.2487488147469,2.9130031933359595,100.0
A_flow_map,4.0600000000000005,48.23951554785706,2.9114368517374736,100.0
A_flow_map,4.064,48.23016792235511,2.9095789204770908,100.0
A_flow_map,4.0680000000000005,48.22070357662785,2.9074311491751006,100.0
A_flow_map,4.072,48.211120457829416,2.904995169234386,100.0
A_flow_map,4.0760000000000005,48.20141680762741,2.9038277788149696,100.0
A_flow_map,4.08,48.19159114731319,2.9034302098746663,100.0
A_flow_map,4.0840000000000005,48.18164226251803,2.9027433365814796,100.0
A_flow_map,4.088,48.17156918775571,2.90176835739777,100.0
A_flow_map,4.0920000000000005,48.16137119098976,2.9005063833134184,100.0
A_flow_map,4.096,48.15104775840169,2.8989584393707233,100.0
A_flow_map,4.1,48.140598579514275,2.8971254661218033,100.0
A_flow_map,4.104,48.130023532803705,2.8950083210192754,100.0
A_flow_map,4.108,48.11932267191563,2.8926077797410934,100.0
A_flow_map,4.112,48.10849621258296,2.8899245374506193,100.0
A_flow_map,4.116,48.09754452032904,2.886959209993081,100.0
A_flow_map,4.12,48.086468099027286,2.883712335029721,100.0
A_flow_map,4.124,48.075267580378686,2.88018437311103,100.0
A_flow_map,4.128,48.06394371436078,2.8763757086906017,100.0
A_flow_map,4.132,48.05249736069656,2.8722866510812075,100.0
A_flow_map,4.136,48.04092948138868,2.867917435354859,100.0
A_flow_map,4.14,48.02924113436295,2.865541678535923,100.0
A_flow_map,4.144,48.01743346826633,2.863855798994878,100.0
A_flow_map,4.148,48.00550771846695,2.8618718544262647,100.0
A_flow_map,4.152,47.99346520430756,2.859589854591477,100.0
A_flow_map,4.156,47.981307327670216,2.8570097797319995,100.0
A_flow_map,4.16,47.96903557291582,2.8541315809439327,100.0
A_flow_map,4.164,47.95665150827075,2.85095518053636,100.0
A_flow_map,4.168,47.944156788740685,2.847480472374431,100.0
A_flow_map,4.172,47.93155316064125,2.8437073222082057,100.0
A_flow_map,4.176,47.918842467843305,2.8396355679884677,100.0
A_flow_map,4.18,47.90602665983944,2.8352650201709464,100.0
A_flow_map,4.184,47.89310780174428,2.8305954620105687,100.0
A_flow_map,4.188,47.88008808634605,2.825626649847614,100.0
A_flow_map,4.192,47.86696984832656,2.820358313387868,100.0
A_flow_map,4.196,47.853755580761785,2.8147901559791535,100.0
A_flow_map,4.2,47.84044795400133,2.8089218548869086,100.0
A_flow_map,4.204,47.82704983700045,2.8027530615717837,100.0
A_flow_map,4.208,47.81356432113874,2.796283401972569,100.0
A_flow_map,4.212,47.7999947464986,2.7895124767981616,100.0
A_flow_map,4.216,47.78634473049125,2.78243986183267,100.0
A_flow_map,4.22,47.77261819859676,2.775065108258192,100.0
A_flow_map,4.224,47.7588194168224,2.7673877430003317,100.0
A_flow_map,4.228,47.744953025267996,2.759407269102022,100.0
A_flow_map,4.232,47.7310240719099,2.7511231661318276,100.0
A_flow_map,4.236,47.717038045365754,2.742534890633575,100.0
A_flow_map,4.24,47.70300090497598,2.733641876624848,100.0
A_flow_map,4.244,47.68891910603377,2.7282099503840245,100.0
A_flow_map,4.248,47.67479961742526,2.7243876474294457,100.0
A_flow_map,4.252,47.66064992833511,2.7202360553400533,100.0
A_flow_map,4.256,47.646478040083935,2.7157556314506683,100.0
A_flow_map,4.26,47.6322924386813,2.7109468207143,100.0
A_flow_map,4.264,47.61810204343001,2.705810055436907,100.0
A_flow_map,4.268,47.603916127069866,2.7003457551134327,100.0
A_flow_map,4.272,47.589744203697926,2.6945543263641016,100.0
A_flow_map,4.276,47.57559588223961,2.6884361629706732,100.0
A_flow_map,4.28,47.5614806857077,2.6828700568063835,100.0
A_flow_map,4.284,47.5474078398878,2.6842307175413613,100.0
A_flow_map,4.288,47.533386039232035,2.6852333208422063,100.0
A_flow_map,4.292,47.51942320217351,2.6858791155823725,100.0
A_flow_map,4.296,47.50552623207151,2.686169307345602,100.0
A_flow_map,4.3,47.49170080268161,2.6861050580568877,100.0
A_flow_map,4.304,47.477951187571975,2.685687485733276,100.0
A_flow_map,4.308,47.46428015073061,2.6849176643499164,100.0
A_flow_map,4.312,47.45068891072745,2.6837966238175697,100.0
A_flow_map,4.316,47.437177183839935,2.6823253500686057,100.0
A_flow_map,4.32,47.42374330369163,2.6805047852492807,100.0
A_flow_map,4.324,47.41038440758992,2.6783358280168565,100.0
A_flow_map,4.328,47.39709667412812,2.6680774002147207,100.0
A_flow_map,4.332,47.38387559350643,2.6560187137490807,100.0
A_flow_map,4.336,47.37071625156974,2.64371085586287,100.0
A_flow_map,4.34,47.357613610343286,2.6311523819021505,100.0
A_flow_map,4.344,47.34456277110767,2.6183418174596484,100.0
A_flow_map,4.348,47.331559209942135,2.6052776593233933,100.0
A_flow_map,4.352,47.3185989794497,2.5919583765590133,100.0
A_flow_map,4.356,47.30567887356475,2.5783824117395855,100.0
A_flow_map,4.36,47.29279655469613,2.564548182338259,100.0
A_flow_map,4.364,47.27995064395895,2.5504540823002766,100.0
A_flow_map,4.368,47.26714077602388,2.5360984838125917,100.0
A_flow_map,4.372,47.25436762038294,2.5214797392910024,100.0
A_flow_map,4.376,47.24163287083917,2.5065961836066184,100.0
A_flow_map,4.38,47.22893920502302,2.4914461365755765,100.0
A_flow_map,4.384,47.216290215933604,2.4760279057382095,100.0
A_flow_map,4.388,47.20369031806321,2.4603397894564316,100.0
A_flow_map,4.392,47.19114463167149,2.4443800803608973,100.0
A_flow_map,4.396,47.17865885020819,2.428147069182585,100.0
A_flow_map,4.4,47.166239097579194,2.4116390490068813,100.0
A_flow_map,4.404,47.153891783612494,2.3948543199920103,100.0
A_flow_map,4.408,47.14162346729197,2.377791194597836,100.0
A_flow_map,4.412,47.129440737634454,2.3604480033756605,100.0
A_flow_map,4.416,47.117350121108245,2.342823101374781,100.0
A_flow_map,4.42,47.10535802204971,2.3249148752271775,100.0
A_flow_map,4.424,47.09347069875401,2.306721750977996,100.0
A_flow_map,4.428,47.08169427324789,2.2882422027363947,100.0
A_flow_map,4.432,47.070034767911984,2.2694747622290157,100.0
A_flow_map,4.436,47.058498157930664,2.2504180293468297,100.0
A_flow_map,4.44,47.047090425764786,2.231070683785546,100.0
A_flow_map,4.444,47.03581760300345,2.2114314978902248,100.0
A_flow_map,4.448,47.024685786290135,2.1914993508263048,100.0
A_flow_map,4.452,47.01370111745331,2.177517249820542,100.0
A_flow_map,4.456,47.00286972314028,2.169392021558938,100.0
A_flow_map,4.46,46.99219761553878,2.1609088877571168,100.0
A_flow_map,4.464,46.98169056234777,2.152065453722841,100.0
A_flow_map,4.468,46.9713539400261,2.142859712390864,100.0
A_flow_map,4.472,46.961192588438976,2.133290017780572,100.0
A_flow_map,4.476,46.95121068638654,2.1233550647590684,100.0
A_flow_map,4.48,46.94141166554907,2.125913348488986,100.0
A_flow_map,4.484,46.93179817513989,2.1371336678087394,100.0
A_flow_map,4.488,46.92237210175468,2.147892844429657,100.0
A_flow_map,4.492,46.91313463990876,2.158193147598073,100.0
A_flow_map,4.496,46.904086400240594,2.168037218216229,100.0
A_flow_map,4.5,46.89522753592435,2.1774280262970045,100.0
A_flow_map,4.5040000000000004,46.88655786460566,2.186368835984899,100.0
A_flow_map,4.508,46.8780769636319,2.1948631775737315,100.0
A_flow_map,4.5120000000000005,46.86978422032024,2.2029148260365443,100.0
A_flow_map,4.516,46.861678825820015,2.2105277856634697,100.0
A_flow_map,4.5200000000000005,46.85375970978465,2.217706280479163,100.0
A_flow_map,4.524,46.8460254223926,2.224454750183158,100.0
A_flow_map,4.5280000000000005,46.83847397896492,2.2132892399645767,100.0
A_flow_map,4.532,46.831102689224714,2.1943306927468464,100.0
A_flow_map,4.5360000000000005,46.82390799697163,2.175018338562969,100.0
A_flow_map,4.54,46.81688535581575,2.1553534895212585,100.0
A_flow_map,4.5440000000000005,46.8100291624783,2.135337850039532,100.0
A_flow_map,4.548,46.803332761668415,2.1149735645924417,100.0
A_flow_map,4.5520000000000005,46.79678852707315,2.094263270329238,100.0
A_flow_map,4.556,46.7903880133642,2.0772966152404635,100.0
A_flow_map,4.5600000000000005,46.7841221660887,2.0699646827401756,100.0
A_flow_map,4.564,46.77798157111526,2.062290768052775,100.0
A_flow_map,4.5680000000000005,46.77195672341441,2.0542709273478064,100.0
A_flow_map,4.572,46.76603829605639,2.0459017930123795,100.0
A_flow_map,4.5760000000000005,46.76021739356416,2.037180560766132,100.0
A_flow_map,4.58,46.754485778116035,2.0281049807768357,100.0
A_flow_map,4.5840000000000005,46.7488360615868,2.018673352739195,100.0
A_flow_map,4.588,46.743261860353265,2.0088845249050538,100.0
A_flow_map,4.5920000000000005,46.737757912789775,1.99873789708037,100.0
A_flow_map,4.596,46.73232016134081,1.988233427632676,100.0
A_flow_map,4.6000000000000005,46.72694580206967,1.977371644582103,100.0
A_flow_map,4.604,46.721633304840516,1.9787089539872114,100.0
A_flow_map,4.6080000000000005,46.71638240702647,1.9915174835068985,100.0
A_flow_map,4.612,46.71119408307595,2.0039572036867837,100.0
A_flow_map,4.616,46.70607049161023,2.0160262415572703,100.0
A_flow_map,4.62,46.70101490113225,2.0402315935699535,100.0
A_flow_map,4.624,46.696031595024834,2.0645057475775306,100.0
A_flow_map,4.628,46.69112575639078,2.0883662282212203,100.0
A_flow_map,4.632,46.686303333477134,2.1118103783136926,100.0
A_flow_map,4.636,46.68157088691443,2.1348362237094256,100.0
A_flow_map,4.64,46.676935420716624,2.157442400272298,100.0
A_flow_map,4.644,46.6724041998029,2.1796280877802183,100.0
A_flow_map,4.648,46.66798455756253,2.2013929501452747,100.0
A_flow_map,4.652,46.663683697544535,2.2227370813734595,100.0
A_flow_map,4.656,46.6595084936324,2.2436609567329286,100.0
A_flow_map,4.66,46.65546529308254,2.2641653886432453,100.0
A_flow_map,4.664,46.651559726708385,2.2842514868394774,100.0
A_flow_map,4.668,46.64779653050175,2.3039206224041795,100.0
A_flow_map,4.672,46.644179383312924,2.3231743952968418,100.0
A_flow_map,4.676,46.6407107659422,2.342014605044351,100.0
A_flow_map,4.68,46.63739184798382,2.3604432242873896,100.0
A_flow_map,4.684,46.63422240961377,2.3784623749064764,100.0
A_flow_map,4.688,46.63120080568257,2.3960743064777357,100.0
A_flow_map,4.692,46.62832397845333,2.4132813768325105,100.0
A_flow_map,4.696,46.625587522864066,2.430086034516827,100.0
A_flow_map,4.7,46.62298580444844,2.446490802966545,100.0
A_flow_map,4.704,46.62051212559131,2.462498266232039,100.0
A_flow_map,4.708,46.61815893145465,2.478111056102487,100.0
A_flow_map,4.712,46.61591804351433,2.4933318404945664,100.0
A_flow_map,4.716,46.613780906783504,2.508163312983598,100.0
A_flow_map,4.72,46.61173883665067,2.5226081833671357,100.0
A_flow_map,4.724,46.609783252623494,2.5366691691617813,100.0
A_flow_map,4.728,46.607905888666025,2.550348987943698,100.0
A_flow_map,4.732,46.60609897266403,2.563650350452038,100.0
A_flow_map,4.736,46.604355370334346,2.576575954382365,100.0
A_flow_map,4.74,46.60266869124534,2.58912847880424,100.0
A_flow_map,4.744,46.60103335636887,2.601310579143488,100.0
A_flow_map,4.748,46.59944462773762,2.6131248826754336,100.0
A_flow_map,4.752,46.59789860146495,2.624573984480541,100.0
A_flow_map,4.756,46.59639216579303,2.6356604438185327,100.0
A_flow_map,4.76,46.59492292619306,2.6441444702996018,100.0
A_flow_map,4.764,46.59348910005371,2.6428990087689828,100.0
A_flow_map,4.768,46.592089384313155,2.6412875078113793,100.0
A_flow_map,4.772,46.59072280058661,2.639309321686911,100.0
A_flow_map,4.776,46.58938852386998,2.636963692011439,100.0
A_flow_map,4.78,46.5880857025931,2.63208265813907,100.0
A_flow_map,4.784,46.58681327935982,2.6269807657374957,100.0
A_flow_map,4.788,46.585569822777444,2.617248149073392,100.0
A_flow_map,4.792,46.58435338097117,2.6064368594959513,100.0
A_flow_map,4.796,46.58316136642705,2.59529767156542,100.0
A_flow_map,4.8,46.581990479637405,2.583828190058753,100.0
A_flow_map,4.804,46.5808366758206,2.578889248252015,100.0
A_flow_map,4.808,46.57969517518189,2.574890950480239,100.0
A_flow_map,4.812,46.57856051335866,2.570698961154634,100.0
A_flow_map,4.816,46.577426625443636,2.57690646907015,100.0
A_flow_map,4.82,46.57628695476182,2.5827379280425826,100.0
A_flow_map,4.824,46.5751345766122,2.5881953287306043,100.0
A_flow_map,4.828,46.57396232743591,2.593280535340482,100.0
A_flow_map,4.832,46.572762931094005,2.5979952867857308,100.0
A_flow_map,4.836,46.57152911576754,2.6023411981529385,100.0
A_flow_map,4.84,46.570253717056154,2.6063197624588472,100.0
A_flow_map,4.844,46.56892976483472,2.609932352689804,100.0
A_flow_map,4.848,46.56755055311891,2.6131802241205015,100.0
A_flow_map,4.852,46.56610969348545,2.6160645169145784,100.0
A_flow_map,4.856,46.56460115347334,2.6185862590152995,100.0
A_flow_map,4.86,46.5630192819019,2.6207463693401847,100.0
A_flow_map,4.864,46.56135882325262,2.6225456612992275,100.0
A_flow_map,4.868,46.55961492325671,2.623984846662366,100.0
A_flow_map,4.872,46.55778312768362,2.625064539808144,100.0
A_flow_map,4.876,46.555859376100585,2.62578526239219,100.0
A_flow_map,4.88,46.553839992114476,2.6261474484813188,100.0
A_flow_map,4.884,46.551721671348005,2.62615145020683,100.0
A_flow_map,4.888,46.549501468159896,2.6257975439990267,100.0
A_flow_map,4.892,46.54717678190591,2.625085937474287,100.0
A_flow_map,4.896,46.54474534335604,2.624016777056252,100.0
A_flow_map,4.9,46.54220520173443,2.6225901564240135,100.0
A_flow_map,4.904,46.53955471272935,2.619209053408543,100.0
A_flow_map,4.908,46.53679252772741,2.6236873167590677,100.0
A_flow_map,4.912,46.53391758445486,2.627823836211776,100.0
A_flow_map,4.916,46.53092909915621,2.6316184993166267,100.0
A_flow_map,4.92,46.52782656040169,2.63507115280074,100.0
A_flow_map,4.924,46.52460972458847,2.638181596964097,100.0
A_flow_map,4.928,46.521278613182446,2.6409495806690786,100.0
A_flow_map,4.932,46.51783351173619,2.6433747968651353,100.0
A_flow_map,4.936,46.51427497071259,2.645456878596141,100.0
A_flow_map,4.94,46.510603808140736,2.6471953954437075,100.0
A_flow_map,4.944,46.50682111413046,2.6485898503649965,100.0
A_flow_map,4.948,46.502928257273,2.649639676888393,100.0
A_flow_map,4.952,46.498926892956675,2.6503442366348526,100.0
A_flow_map,4.956,46.49481897362797,2.6507028171368545,100.0
A_flow_map,4.96,46.49060676102823,2.6507146299307096,100.0
A_flow_map,4.964,46.486292840435034,2.6503788089015385,100.0
A_flow_map,4.968,46.481880136932034,2.6496944088635996,100.0
A_flow_map,4.972,46.477371933723234,2.6486604043618023,100.0
A_flow_map,4.976,46.47277189249286,2.647275688683294,100.0
A_flow_map,4.98,46.46808407579188,2.6455390730709136,100.0
A_flow_map,4.984,46.46331297140118,2.6434492861331504,100.0
A_flow_map,4.988,46.45846351858005,2.6410049734480614,100.0
A_flow_map,4.992,46.45354113605144,2.63820469736137,100.0
A_flow_map,4.996,46.4485517514994,2.641647912209708,100.0
A_flow_map,5.0,46.44350183225517,2.6498361662949543,100.0
B_direct,0.0,0.011541356966528485,0.011541356966528485,0.011541356966528485
B_direct,0.004,0.011446154247641227,0.011446154247641227,0.011446154247641227
B_direct,0.008,0.011583455320315645,0.011583455320315645,0.011583455320315645
B_direct,0.012,0.011813971509628117,0.011813971509628117,0.011813971509628117
B_direct,0.016,0.012046398212584936,0.012046398212584936,0.012046398212584936
B_direct,0.02,0.01222782815759345,0.01222782815759345,0.01222782815759345
B_direct,0.024,0.012332474632740245,0.012332474632740245,0.012332474632740245
B_direct,0.028,0.012352621243278572,0.012352621243278572,0.012352621243278572
B_direct,0.032,0.012292026796362526,0.012292026796362526,0.012292026796362526
B_direct,0.036000000000000004,0.012161209997791486,0.012161209997791486,0.012161209997791486
B_direct,0.04,0.011974052174590006,0.011974052174590006,0.011974052174590006
B_direct,0.044,0.011745331794359406,0.011745331794359406,0.011745331794359406
B_direct,0.048,0.011488971324326362,0.011488971324326362,0.011488971324326362
B_direct,0.052000000000000005,0.011216889332299983,0.011216889332299983,0.011216889332299983
B_direct,0.056,0.010938396644745843,0.010938396644745843,0.010938396644745843
B_direct,0.06,0.010660063665789546,0.010660063665789546,0.010660063665789546
B_direct,0.064,0.010385946982475365,0.010385946982475365,0.010385946982475365
B_direct,0.068,0.010118035991464753,0.010118035991464753,0.010118035991464753
B_direct,0.07200000000000001,0.009856787157478356,0.009856787157478356,0.009856787157478356
B_direct,0.076,0.00960164889126222,0.00960164889126222,0.00960164889126222
B_direct,0.08,0.009351522111328246,0.009351522111328246,0.009351522111328246
B_direct,0.084,0.009105133056987272,0.009105133056987272,0.009105133056987272
B_direct,0.088,0.0088613118595126,0.0088613118595126,0.0088613118595126
B_direct,0.092,0.008619178117011432,0.008619178117011432,0.008619178117011432
B_direct,0.096,0.008378240720082994,0.008378240720082994,0.008378240720082994
B_direct,0.1,0.00813842728273905,0.00813842728273905,0.00813842728273905
B_direct,0.10400000000000001,0.007900065651527722,0.007900065651527722,0.007900065651527722
B_direct,0.108,0.007663838584555495,0.007663838584555495,0.007663838584555495
B_direct,0.112,0.007430721018548958,0.007430721018548958,0.007430721018548958
B_direct,0.116,0.007201897798834187,0.007201897798834187,0.007201897798834187
B_direct,0.12,0.0069786609861750655,0.0069786609861750655,0.0069786609861750655
B_direct,0.124,0.006762299491778397,0.006762299491778397,0.006762299491778397
B_direct,0.128,0.006554006273297571,0.006554006273297571,0.006554006273297571
B_direct,0.132,0.006354826517080671,0.006354826517080671,0.006354826517080671
B_direct,0.136,0.006165654157016717,0.006165654157016717,0.006165654157016717
B_direct,0.14,0.005987266428036707,0.005987266428036707,0.005987266428036707
B_direct,0.14400000000000002,0.005820377317619601,0.005820377317619601,0.005820377317619601
B_direct,0.148,0.005665688698573251,0.005665688698573251,0.005665688698573251
B_direct,0.152,0.0055239152959217445,0.0055239152959217445,0.0055239152959217445
B_direct,0.156,0.005395754986566821,0.005395754986566821,0.005395754986566821
B_direct,0.16,0.005281779116502452,0.005281779116502452,0.005281779116502452
B_direct,0.164,0.005182246883703581,0.005182246883703581,0.005182246883703581
B_direct,0.168,0.005096905153011697,0.005096905153011697,0.005096905153011697
B_direct,0.17200000000000001,0.005024881341532919,0.005024881341532919,0.005024881341532919
B_direct,0.176,0.004964762567815229,0.004964762567815229,0.004964762567815229
B_direct,0.18,0.004914892664193754,0.004914892664193754,0.004914892664193754
B_direct,0.184,0.004873888346495036,0.004873888346495036,0.004873888346495036
B_direct,0.188,0.004841322835413145,0.004841322835413145,0.004841322835413145
B_direct,0.192,0.0048181905940085385,0.0048181905940085385,0.0048181905940085385
B_direct,0.196,0.004806120230064734,0.004806120230064734,0.004806120230064734
B_direct,0.2,0.004805290145407609,0.004805290145407609,0.004805290145407609
B_direct,0.20400000000000001,0.0048144262906509696,0.0048144262906509696,0.0048144262906509696
B_direct,0.20800000000000002,0.0048305674862455265,0.0048305674862455265,0.0048305674862455265
B_direct,0.212,0.004845479860600832,0.004845479860600832,0.004845479860600832
B_direct,0.216,0.004850037458694251,0.004850037458694251,0.004850037458694251
B_direct,0.22,0.004838212712848327,0.004838212712848327,0.004838212712848327
B_direct,0.224,0.004806495398258568,0.004806495398258568,0.004806495398258568
B_direct,0.228,0.004753147024913999,0.004753147024913999,0.004753147024913999
B_direct,0.232,0.004678011420877111,0.004678011420877111,0.004678011420877111
B_direct,0.23600000000000002,0.0045827809467576305,0.0045827809467576305,0.0045827809467576305
B_direct,0.24,0.004472273376028632,0.004472273376028632,0.004472273376028632
B_direct,0.244,0.004359392659804268,0.004359392659804268,0.004359392659804268
B_direct,0.248,0.004269933960112838,0.004269933960112838,0.004269933960112838
B_direct,0.252,0.004212307772646877,0.004212307772646877,0.004212307772646877
B_direct,0.256,0.004166790452380181,0.004166790452380181,0.004166790452380181
B_direct,0.26,0.0041217864434624114,0.0041217864434624114,0.0041217864434624114
B_direct,0.264,0.004074256676916308,0.004074256676916308,0.004074256676916308
B_direct,0.268,0.004047000466382063,0.004047000466382063,0.004047000466382063
B_direct,0.272,0.004021204635577642,0.004021204635577642,0.004021204635577642
B_direct,0.276,0.003986572889031041,0.003986572889031041,0.003986572889031041
B_direct,0.28,0.003944773118971496,0.003944773118971496,0.003944773118971496
B_direct,0.28400000000000003,0.003898381798233938,0.003898381798233938,0.003898381798233938
B_direct,0.28800000000000003,0.003850217773594817,0.003850217773594817,0.003850217773594817
B_direct,0.292,0.0038032035370577874,0.0038032035370577874,0.0038032035370577874
B_direct,0.296,0.003760324875404582,0.003760324875404582,0.003760324875404582
B_direct,0.3,0.003724562088584564,0.003724562088584564,0.003724562088584564
B_direct,0.304,0.003698725583378639,0.003698725583378639,0.003698725583378639
B_direct,0.308,0.0036851785574465454,0.0036851785574465454,0.0036851785574465454
B_direct,0.312,0.0036855171291732386,0.0036855171291732386,0.0036855171291732386
B_direct,0.316,0.0037003850727184615,0.0037003850727184615,0.0037003850727184615
B_direct,0.32,0.003729528265210196,0.003729528265210196,0.003729528265210196
B_direct,0.324,0.003771946664858517,0.003771946664858517,0.003771946664858517
B_direct,0.328,0.0038259213387871493,0.0038259213387871493,0.0038259213387871493
B_direct,0.332,0.0038888521272319454,0.0038888521272319454,0.0038888521272319454
B_direct,0.336,0.00395701787197422,0.00395701787197422,0.00395701787197422
B_direct,0.34,0.004025472950377838,0.004025472950377838,0.004025472950377838
B_direct,0.34400000000000003,0.004088340949529598,0.004088340949529598,0.004088340949529598
B_direct,0.34800000000000003,0.004139617250959915,0.004139617250959915,0.004139617250959915
B_direct,0.352,0.004174217573383763,0.004174217573383763,0.004174217573383763
B_direct,0.356,0.004188916591260138,0.004188916591260138,0.004188916591260138
B_direct,0.36,0.004183046720351166,0.004183046720351166,0.004183046720351166
B_direct,0.364,0.004158961446271564,0.004158961446271564,0.004158961446271564
B_direct,0.368,0.004122226428491315,0.004122226428491315,0.004122226428491315
B_direct,0.372,0.004081258995860822,0.004081258995860822,0.004081258995860822
B_direct,0.376,0.004045530229596941,0.004045530229596941,0.004045530229596941
B_direct,0.38,0.0040223054565572715,0.0040223054565572715,0.0040223054565572715
B_direct,0.384,0.0040149947034298725,0.0040149947034298725,0.0040149947034298725
B_direct,0.388,0.004023592039158407,0.004023592039158407,0.004023592039158407
B_direct,0.392,0.004045216484716629,0.004045216484716629,0.004045216484716629
B_direct,0.396,0.004074761969892949,0.004074761969892949,0.004074761969892949
B_direct,0.4,0.004105887438599515,0.004105887438599515,0.004105887438599515
B_direct,0.404,0.004132201815858995,0.004132201815858995,0.004132201815858995
B_direct,0.40800000000000003,0.004148677128284808,0.004148677128284808,0.004148677128284808
B_direct,0.41200000000000003,0.004153230088994664,0.004153230088994664,0.004153230088994664
B_direct,0.41600000000000004,0.00414785404356119,0.00414785404356119,0.00414785404356119
B_direct,0.42,0.004137515763751776,0.004137515763751776,0.004137515763751776
B_direct,0.424,0.004126823104669367,0.004126823104669367,0.004126823104669367
B_direct,0.428,0.004119886011426951,0.004119886011426951,0.004119886011426951
B_direct,0.432,0.0041207787652405795,0.0041207787652405795,0.0041207787652405795
B_direct,0.436,0.004131356169942156,0.004131356169942156,0.004131356169942156
B_direct,0.44,0.004148445763685298,0.004148445763685298,0.004148445763685298
B_direct,0.444,0.004163652333868174,0.004163652333868174,0.004163652333868174
B_direct,0.448,0.004167378196190311,0.004167378196190311,0.004167378196190311
B_direct,0.452,0.00415362772428092,0.00415362772428092,0.00415362772428092
B_direct,0.456,0.004122452932514566,0.004122452932514566,0.004122452932514566
B_direct,0.46,0.004079854046454792,0.004079854046454792,0.004079854046454792
B_direct,0.464,0.004035166867469777,0.004035166867469777,0.004035166867469777
B_direct,0.468,0.003996363518662649,0.003996363518662649,0.003996363518662649
B_direct,0.47200000000000003,0.003966403965396789,0.003966403965396789,0.003966403965396789
B_direct,0.47600000000000003,0.00394285555364607,0.00394285555364607,0.00394285555364607
B_direct,0.48,0.003919609573721692,0.003919609573721692,0.003919609573721692
B_direct,0.484,0.0038898160617129715,0.0038898160617129715,0.0038898160617129715
B_direct,0.488,0.003848480485729877,0.003848480485729877,0.003848480485729877
B_direct,0.492,0.0037932619772525792,0.0037932619772525792,0.0037932619772525792
B_direct,0.496,0.0037237255321637464,0.0037237255321637464,0.0037237255321637464
B_direct,0.5,0.003640972878022625,0.003640972878022625,0.003640972878022625
B_direct,0.504,0.0035485881148911895,0.0035485881148911895,0.0035485881148911895
B_direct,0.508,0.0034504913318411934,0.0034504913318411934,0.0034504913318411934
B_direct,0.512,0.003352697785636318,0.003352697785636318,0.003352697785636318
B_direct,0.516,0.003267755915916299,0.003267755915916299,0.003267755915916299
B_direct,0.52,0.0032044866115851197,0.0032044866115851197,0.0032044866115851197
B_direct,0.524,0.003172286784157142,0.003172286784157142,0.003172286784157142
B_direct,0.528,0.003176602865228846,0.003176602865228846,0.003176602865228846
B_direct,0.532,0.003197968910891838,0.003197968910891838,0.003197968910891838
B_direct,0.536,0.0032398379356209676,0.0032398379356209676,0.0032398379356209676
B_direct,0.54,0.0033120200841388987,0.0033120200841388987,0.0033120200841388987
B_direct,0.544,0.0033780686743432225,0.0033780686743432225,0.0033780686743432225
B_direct,0.548,0.003431419761229676,0.003431419761229676,0.003431419761229676
B_direct,0.552,0.003470500820907221,0.003470500820907221,0.003470500820907221
B_direct,0.556,0.0034969672604993306,0.0034969672604993306,0.0034969672604993306
B_direct,0.56,0.003516973066507459,0.003516973066507459,0.003516973066507459
B_direct,0.5640000000000001,0.0035345835721845064,0.0035345835721845064,0.0035345835721845064
B_direct,0.5680000000000001,0.0035488423628241275,0.0035488423628241275,0.0035488423628241275
B_direct,0.5720000000000001,0.0035604914964794928,0.0035604914964794928,0.0035604914964794928
B_direct,0.5760000000000001,0.003570235343898321,0.003570235343898321,0.003570235343898321
B_direct,0.58,0.003577438173885465,0.003577438173885465,0.003577438173885465
B_direct,0.584,0.0035803087751903545,0.0035803087751903545,0.0035803087751903545
B_direct,0.588,0.003576681291933484,0.003576681291933484,0.003576681291933484
B_direct,0.592,0.003564870294987082,0.003564870294987082,0.003564870294987082
B_direct,0.596,0.003544403907845911,0.003544403907845911,0.003544403907845911
B_direct,0.6,0.0035167230098934973,0.0035167230098934973,0.0035167230098934973
B_direct,0.604,0.0034879488782299907,0.0034879488782299907,0.0034879488782299907
B_direct,0.608,0.003497722545011412,0.003497722545011412,0.003497722545011412
B_direct,0.612,0.0035357371685711633,0.0035357371685711633,0.0035357371685711633
B_direct,0.616,0.003584949335863621,0.003584949335863621,0.003584949335863621
B_direct,0.62,0.0036438530196756143,0.0036438530196756143,0.0036438530196756143
B_direct,0.624,0.0037095227642757584,0.0037095227642757584,0.0037095227642757584
B_direct,0.628,0.0037788706345357075,0.0037788706345357075,0.0037788706345357075
B_direct,0.632,0.003849047793877064,0.003849047793877064,0.003849047793877064
B_direct,0.636,0.003916830675366723,0.003916830675366723,0.003916830675366723
B_direct,0.64,0.003977835170382997,0.003977835170382997,0.003977835170382997
B_direct,0.644,0.004026711258262025,0.004026711258262025,0.004026711258262025
B_direct,0.648,0.004058330782334293,0.004058330782334293,0.004058330782334293
B_direct,0.652,0.004068895385805097,0.004068895385805097,0.004068895385805097
B_direct,0.656,0.004056527408354737,0.004056527408354737,0.004056527408354737
B_direct,0.66,0.004021378592521808,0.004021378592521808,0.004021378592521808
B_direct,0.664,0.003965347505598742,0.003965347505598742,0.003965347505598742
B_direct,0.668,0.003891593268005612,0.003891593268005612,0.003891593268005612
B_direct,0.672,0.0038041370414960834,0.0038041370414960834,0.0038041370414960834
B_direct,0.676,0.003707722335584701,0.003707722335584701,0.003707722335584701
B_direct,0.68,0.0036077768148576363,0.0036077768148576363,0.0036077768148576363
B_direct,0.684,0.003510214602384592,0.003510214602384592,0.003510214602384592
B_direct,0.6880000000000001,0.003421002457984998,0.003421002457984998,0.003421002457984998
B_direct,0.6920000000000001,0.0033439369676577907,0.0033439369676577907,0.0033439369676577907
B_direct,0.6960000000000001,0.0032777493315246297,0.0032777493315246297,0.0032777493315246297
B_direct,0.7000000000000001,0.0032203443744157996,0.0032203443744157996,0.0032203443744157996
B_direct,0.704,0.003171065061522653,0.003171065061522653,0.003171065061522653
B_direct,0.708,0.0031298016672174646,0.0031298016672174646,0.0031298016672174646
B_direct,0.712,0.0030956963416690284,0.0030956963416690284,0.0030956963416690284
B_direct,0.716,0.003067223994235424,0.003067223994235424,0.003067223994235424
B_direct,0.72,0.0030434112770335183,0.0030434112770335183,0.0030434112770335183
B_direct,0.724,0.003024215723711478,0.003024215723711478,0.003024215723711478
B_direct,0.728,0.0030103606035427662,0.0030103606035427662,0.0030103606035427662
B_direct,0.732,0.0030031746105367973,0.0030031746105367973,0.0030031746105367973
B_direct,0.736,0.003004640418893966,0.003004640418893966,0.003004640418893966
B_direct,0.74,0.003017316822908365,0.003017316822908365,0.003017316822908365
B_direct,0.744,0.003042692940531973,0.003042692940531973,0.003042692940531973
B_direct,0.748,0.0030787417292414783,0.0030787417292414783,0.0030787417292414783
B_direct,0.752,0.003120742868325683,0.003120742868325683,0.003120742868325683
B_direct,0.756,0.0031643476517125386,0.0031643476517125386,0.0031643476517125386
B_direct,0.76,0.00320692826051735,0.00320692826051735,0.00320692826051735
B_direct,0.764,0.0032470041697497246,0.0032470041697497246,0.0032470041697497246
B_direct,0.768,0.0032833196983824272,0.0032833196983824272,0.0032833196983824272
B_direct,0.772,0.0033149359742218804,0.0033149359742218804,0.0033149359742218804
B_direct,0.776,0.0033418615073361824,0.0033418615073361824,0.0033418615073361824
B_direct,0.78,0.0033651343574543947,0.0033651343574543947,0.0033651343574543947
B_direct,0.784,0.003386257825061359,0.003386257825061359,0.003386257825061359
B_direct,0.788,0.0034064051977841596,0.0034064051977841596,0.0034064051977841596
B_direct,0.792,0.0034259797812216755,0.0034259797812216755,0.0034259797812216755
B_direct,0.796,0.0034447928507315073,0.0034447928507315073,0.0034447928507315073
B_direct,0.8,0.0034625115758270776,0.0034625115758270776,0.0034625115758270776
B_direct,0.804,0.0034789733118482094,0.0034789733118482094,0.0034789733118482094
B_direct,0.808,0.003494297906316662,0.003494297906316662,0.003494297906316662
B_direct,0.812,0.0035088944284286266,0.0035088944284286266,0.0035088944284286266
B_direct,0.8160000000000001,0.003523436189290301,0.003523436189290301,0.003523436189290301
B_direct,0.8200000000000001,0.003538843304530296,0.003538843304530296,0.003538843304530296
B_direct,0.8240000000000001,0.003556368462699235,0.003556368462699235,0.003556368462699235
B_direct,0.8280000000000001,0.0035780815951158896,0.0035780815951158896,0.0035780815951158896
B_direct,0.8320000000000001,0.0036069808368926664,0.0036069808368926664,0.0036069808368926664
B_direct,0.836,0.0036421548334305462,0.0036421548334305462,0.0036421548334305462
B_direct,0.84,0.0036788448240881845,0.0036788448240881845,0.0036788448240881845
B_direct,0.844,0.003714135130886173,0.003714135130886173,0.003714135130886173
B_direct,0.848,0.0037466844276655095,0.0037466844276655095,0.0037466844276655095
B_direct,0.852,0.003775904664589121,0.003775904664589121,0.003775904664589121
B_direct,0.856,0.003801750024135228,0.003801750024135228,0.003801750024135228
B_direct,0.86,0.0038246593959898765,0.0038246593959898765,0.0038246593959898765
B_direct,0.864,0.00384547014073139,0.00384547014073139,0.00384547014073139
B_direct,0.868,0.0038652460066385457,0.0038652460066385457,0.0038652460066385457
B_direct,0.872,0.0038850492923477088,0.0038850492923477088,0.0038850492923477088
B_direct,0.876,0.0039057546086134947,0.0039057546086134947,0.0039057546086134947
B_direct,0.88,0.003927971512388143,0.003927971512388143,0.003927971512388143
B_direct,0.884,0.003952044698906614,0.003952044698906614,0.003952044698906614
B_direct,0.888,0.003978060719839996,0.003978060719839996,0.003978060719839996
B_direct,0.892,0.004005828195618044,0.004005828195618044,0.004005828195618044
B_direct,0.896,0.004034844508998031,0.004034844508998031,0.004034844508998031
B_direct,0.9,0.004064282783351649,0.004064282783351649,0.004064282783351649
B_direct,0.904,0.0040930290459806,0.0040930290459806,0.0040930290459806
B_direct,0.908,0.004119776284902571,0.004119776284902571,0.004119776284902571
B_direct,0.912,0.004143155857528754,0.004143155857528754,0.004143155857528754
B_direct,0.916,0.004161878128342541,0.004161878128342541,0.004161878128342541
B_direct,0.92,0.004174866987908192,0.004174866987908192,0.004174866987908192
B_direct,0.924,0.004181392049647498,0.004181392049647498,0.004181392049647498
B_direct,0.928,0.004181203103033796,0.004181203103033796,0.004181203103033796
B_direct,0.932,0.0041746025474674025,0.0041746025474674025,0.0041746025474674025
B_direct,0.936,0.004162234992691938,0.004162234992691938,0.004162234992691938
B_direct,0.9400000000000001,0.004144582451727491,0.004144582451727491,0.004144582451727491
B_direct,0.9440000000000001,0.004121903934006185,0.004121903934006185,0.004121903934006185
B_direct,0.9480000000000001,0.004094735280596837,0.004094735280596837,0.004094735280596837
B_direct,0.9520000000000001,0.004064123727724652,0.004064123727724652,0.004064123727724652
B_direct,0.9560000000000001,0.004031492868607009,0.004031492868607009,0.004031492868607009
B_direct,0.96,0.003998435047109358,0.003998435047109358,0.003998435047109358
B_direct,0.964,0.00396655707286594,0.00396655707286594,0.00396655707286594
B_direct,0.968,0.003937392967887013,0.003937392967887013,0.003937392967887013
B_direct,0.972,0.003912372138241629,0.003912372138241629,0.003912372138241629
B_direct,0.976,0.0038928244083063696,0.0038928244083063696,0.0038928244083063696
B_direct,0.98,0.0038799907427246524,0.0038799907427246524,0.0038799907427246524
B_direct,0.984,0.0038749721414766186,0.0038749721414766186,0.0038749721414766186
B_direct,0.988,0.0038784960390070783,0.0038784960390070783,0.0038784960390070783
B_direct,0.992,0.003890532865425767,0.003890532865425767,0.003890532865425767
B_direct,0.996,0.003910224625526958,0.003910224625526958,0.003910224625526958
B_direct,1.0,0.003936301162361384,0.003936301162361384,0.003936301162361384
B_direct,1.004,0.0039674477707574195,0.0039674477707574195,0.0039674477707574195
B_direct,1.008,0.00400234548849238,0.00400234548849238,0.00400234548849238
B_direct,1.012,0.004039562983822623,0.004039562983822623,0.004039562983822623
B_direct,1.016,0.004077514076146138,0.004077514076146138,0.004077514076146138
B_direct,1.02,0.004114521236470888,0.004114521236470888,0.004114521236470888
B_direct,1.024,0.004148989161249952,0.004148989161249952,0.004148989161249952
B_direct,1.028,0.00417978462156284,0.00417978462156284,0.00417978462156284
B_direct,1.032,0.004206596636261167,0.004206596636261167,0.004206596636261167
B_direct,1.036,0.004229795741723186,0.004229795741723186,0.004229795741723186
B_direct,1.04,0.00424989346850811,0.00424989346850811,0.00424989346850811
B_direct,1.044,0.004267449487623991,0.004267449487623991,0.004267449487623991
B_direct,1.048,0.004283565537565448,0.004283565537565448,0.004283565537565448
B_direct,1.052,0.004299634614357236,0.004299634614357236,0.004299634614357236
B_direct,1.056,0.004319678292429329,0.004319678292429329,0.004319678292429329
B_direct,1.06,0.004356796118088592,0.004356796118088592,0.004356796118088592
B_direct,1.064,0.004401149848154621,0.004401149848154621,0.004401149848154621
B_direct,1.068,0.004452995399940334,0.004452995399940334,0.004452995399940334
B_direct,1.072,0.004511165396193409,0.004511165396193409,0.004511165396193409
B_direct,1.076,0.004574058848901895,0.004574058848901895,0.004574058848901895
B_direct,1.08,0.004639213629251909,0.004639213629251909,0.004639213629251909
B_direct,1.084,0.004702754896305122,0.004702754896305122,0.004702754896305122
B_direct,1.088,0.004760365560511969,0.004760365560511969,0.004760365560511969
B_direct,1.092,0.004808527052296238,0.004808527052296238,0.004808527052296238
B_direct,1.096,0.004845603457681852,0.004845603457681852,0.004845603457681852
B_direct,1.1,0.00487310685333969,0.00487310685333969,0.00487310685333969
B_direct,1.104,0.004897186637769285,0.004897186637769285,0.004897186637769285
B_direct,1.108,0.004926186156154971,0.004926186156154971,0.004926186156154971
B_direct,1.112,0.004960020174879435,0.004960020174879435,0.004960020174879435
B_direct,1.116,0.004996670577489,0.004996670577489,0.004996670577489
B_direct,1.12,0.0050359070680954954,0.0050359070680954954,0.0050359070680954954
B_direct,1.124,0.005077765756899572,0.005077765756899572,0.005077765756899572
B_direct,1.1280000000000001,0.005121986980173517,0.005121986980173517,0.005121986980173517
B_direct,1.1320000000000001,0.00516781754392349,0.00516781754392349,0.00516781754392349
B_direct,1.1360000000000001,0.005213935721792118,0.005213935721792118,0.005213935721792118
B_direct,1.1400000000000001,0.005258504993696663,0.005258504993696663,0.005258504993696663
B_direct,1.1440000000000001,0.005299340810115178,0.005299340810115178,0.005299340810115178
B_direct,1.1480000000000001,0.0053340742992119316,0.0053340742992119316,0.0053340742992119316
B_direct,1.1520000000000001,0.005360263952363455,0.005360263952363455,0.005360263952363455
B_direct,1.156,0.0053754843778037725,0.0053754843778037725,0.0053754843778037725
B_direct,1.16,0.005377169176081822,0.005377169176081822,0.005377169176081822
B_direct,1.164,0.005362234334566761,0.005362234334566761,0.005362234334566761
B_direct,1.168,0.005327388955078351,0.005327388955078351,0.005327388955078351
B_direct,1.172,0.00527077742523852,0.00527077742523852,0.00527077742523852
B_direct,1.176,0.0051936916044681165,0.0051936916044681165,0.0051936916044681165
B_direct,1.18,0.005101132937140306,0.005101132937140306,0.005101132937140306
B_direct,1.184,0.0050020232050969286,0.0050020232050969286,0.0050020232050969286
B_direct,1.188,0.004909077870518865,0.004909077870518865,0.004909077870518865
B_direct,1.192,0.004835183465668631,0.004835183465668631,0.004835183465668631
B_direct,1.196,0.004786328080542537,0.004786328080542537,0.004786328080542537
B_direct,1.2,0.004758139828846591,0.004758139828846591,0.004758139828846591
B_direct,1.204,0.004745625160909055,0.004745625160909055,0.004745625160909055
B_direct,1.208,0.00475000125223409,0.00475000125223409,0.00475000125223409
B_direct,1.212,0.004775149145779999,0.004775149145779999,0.004775149145779999
B_direct,1.216,0.004814929189348961,0.004814929189348961,0.004814929189348961
B_direct,1.22,0.004859107984297954,0.004859107984297954,0.004859107984297954
B_direct,1.224,0.0049073888758207,0.0049073888758207,0.0049073888758207
B_direct,1.228,0.004961492500962743,0.004961492500962743,0.004961492500962743
B_direct,1.232,0.005015166696485834,0.005015166696485834,0.005015166696485834
B_direct,1.236,0.005063070766803228,0.005063070766803228,0.005063070766803228
B_direct,1.24,0.005102525296623927,0.005102525296623927,0.005102525296623927
B_direct,1.244,0.005132273289273939,0.005132273289273939,0.005132273289273939
B_direct,1.248,0.005154229708953582,0.005154229708953582,0.005154229708953582
B_direct,1.252,0.005169794196434028,0.005169794196434028,0.005169794196434028
B_direct,1.256,0.0051698516317953405,0.0051698516317953405,0.0051698516317953405
B_direct,1.26,0.005148921333262646,0.005148921333262646,0.005148921333262646
B_direct,1.264,0.005106027760487188,0.005106027760487188,0.005106027760487188
B_direct,1.268,0.005041920414084402,0.005041920414084402,0.005041920414084402
B_direct,1.272,0.004958547839706505,0.004958547839706505,0.004958547839706505
B_direct,1.276,0.004859314916974753,0.004859314916974753,0.004859314916974753
B_direct,1.28,0.004749251030381524,0.004749251030381524,0.004749251030381524
B_direct,1.284,0.0046346382519294885,0.0046346382519294885,0.0046346382519294885
B_direct,1.288,0.004522904475705093,0.004522904475705093,0.004522904475705093
B_direct,1.292,0.004433378476320418,0.004433378476320418,0.004433378476320418
B_direct,1.296,0.004361348905593887,0.004361348905593887,0.004361348905593887
B_direct,1.3,0.004284712330992804,0.004284712330992804,0.004284712330992804
B_direct,1.304,0.004212693645445146,0.004212693645445146,0.004212693645445146
B_direct,1.308,0.004142263480179751,0.004142263480179751,0.004142263480179751
B_direct,1.312,0.0040713188055708305,0.0040713188055708305,0.0040713188055708305
B_direct,1.316,0.004006220337828178,0.004006220337828178,0.004006220337828178
B_direct,1.32,0.0039682659752992375,0.0039682659752992375,0.0039682659752992375
B_direct,1.324,0.003967834399626128,0.003967834399626128,0.003967834399626128
B_direct,1.328,0.004000817510155708,0.004000817510155708,0.004000817510155708
B_direct,1.332,0.004036564603218272,0.004036564603218272,0.004036564603218272
B_direct,1.336,0.004079298445511538,0.004079298445511538,0.004079298445511538
B_direct,1.34,0.004127176538276744,0.004127176538276744,0.004127176538276744
B_direct,1.344,0.004175835441059551,0.004175835441059551,0.004175835441059551
B_direct,1.348,0.004222646067997226,0.004222646067997226,0.004222646067997226
B_direct,1.352,0.004265626519240811,0.004265626519240811,0.004265626519240811
B_direct,1.356,0.0043031251416947415,0.0043031251416947415,0.0043031251416947415
B_direct,1.36,0.004333992028180867,0.004333992028180867,0.004333992028180867
B_direct,1.364,0.004357774819675142,0.004357774819675142,0.004357774819675142
B_direct,1.368,0.004374856582077471,0.004374856582077471,0.004374856582077471
B_direct,1.372,0.004386523852231237,0.004386523852231237,0.004386523852231237
B_direct,1.3760000000000001,0.004394933999741176,0.004394933999741176,0.004394933999741176
B_direct,1.3800000000000001,0.004402896881253731,0.004402896881253731,0.004402896881253731
B_direct,1.3840000000000001,0.004413347477765457,0.004413347477765457,0.004413347477765457
B_direct,1.3880000000000001,0.004428766535445454,0.004428766535445454,0.004428766535445454
B_direct,1.3920000000000001,0.004450988723198925,0.004450988723198925,0.004450988723198925
B_direct,1.3960000000000001,0.004481025726124464,0.004481025726124464,0.004481025726124464
B_direct,1.4000000000000001,0.004518724937359659,0.004518724937359659,0.004518724937359659
B_direct,1.4040000000000001,0.004562774596783802,0.004562774596783802,0.004562774596783802
B_direct,1.408,0.004611051296764968,0.004611051296764968,0.004611051296764968
B_direct,1.412,0.004661027525512634,0.004661027525512634,0.004661027525512634
B_direct,1.416,0.004710161699421595,0.004710161699421595,0.004710161699421595
B_direct,1.42,0.004756211850687188,0.004756211850687188,0.004756211850687188
B_direct,1.424,0.004797446578335266,0.004797446578335266,0.004797446578335266
B_direct,1.428,0.004832786661104529,0.004832786661104529,0.004832786661104529
B_direct,1.432,0.004861904680197714,0.004861904680197714,0.004861904680197714
B_direct,1.436,0.00488519465867704,0.00488519465867704,0.00488519465867704
B_direct,1.44,0.0049033943533208415,0.0049033943533208415,0.0049033943533208415
B_direct,1.444,0.004916997922614659,0.004916997922614659,0.004916997922614659
B_direct,1.448,0.004926243792686117,0.004926243792686117,0.004926243792686117
B_direct,1.452,0.0049318383832396475,0.0049318383832396475,0.0049318383832396475
B_direct,1.456,0.0049355625076211865,0.0049355625076211865,0.0049355625076211865
B_direct,1.46,0.004940123975582939,0.004940123975582939,0.004940123975582939
B_direct,1.464,0.00494793700474846,0.00494793700474846,0.00494793700474846
B_direct,1.468,0.004959493583843908,0.004959493583843908,0.004959493583843908
B_direct,1.472,0.004973515516986958,0.004973515516986958,0.004973515516986958
B_direct,1.476,0.00498844304502319,0.00498844304502319,0.00498844304502319
B_direct,1.48,0.005002990707910798,0.005002990707910798,0.005002990707910798
B_direct,1.484,0.005015892113256873,0.005015892113256873,0.005015892113256873
B_direct,1.488,0.005025751679715495,0.005025751679715495,0.005025751679715495
B_direct,1.492,0.00503124625206685,0.00503124625206685,0.00503124625206685
B_direct,1.496,0.005031258343928438,0.005031258343928438,0.005031258343928438
B_direct,1.5,0.005024359328898347,0.005024359328898347,0.005024359328898347
B_direct,1.504,0.005008245461208406,0.005008245461208406,0.005008245461208406
B_direct,1.508,0.004980425260362005,0.004980425260362005,0.004980425260362005
B_direct,1.512,0.0049393737343324485,0.0049393737343324485,0.0049393737343324485
B_direct,1.516,0.004884968335655687,0.004884968335655687,0.004884968335655687
B_direct,1.52,0.0048184307018799355,0.0048184307018799355,0.0048184307018799355
B_direct,1.524,0.004742179798410602,0.004742179798410602,0.004742179798410602
B_direct,1.528,0.004659678203407701,0.004659678203407701,0.004659678203407701
B_direct,1.532,0.004575223778320853,0.004575223778320853,0.004575223778320853
B_direct,1.536,0.004493546178550507,0.004493546178550507,0.004493546178550507
B_direct,1.54,0.004418977036468141,0.004418977036468141,0.004418977036468141
B_direct,1.544,0.004354513872957132,0.004354513872957132,0.004354513872957132
B_direct,1.548,0.004301864234580989,0.004301864234580989,0.004301864234580989
B_direct,1.552,0.004262395010000897,0.004262395010000897,0.004262395010000897
B_direct,1.556,0.004237814306971641,0.004237814306971641,0.004237814306971641
B_direct,1.56,0.004230007441414963,0.004230007441414963,0.004230007441414963
B_direct,1.564,0.0042400272082120105,0.0042400272082120105,0.0042400272082120105
B_direct,1.568,0.0042674980215755085,0.0042674980215755085,0.0042674980215755085
B_direct,1.572,0.004311213313426259,0.004311213313426259,0.004311213313426259
B_direct,1.576,0.004369255189320649,0.004369255189320649,0.004369255189320649
B_direct,1.58,0.004438467693865219,0.004438467693865219,0.004438467693865219
B_direct,1.584,0.004514647552951392,0.004514647552951392,0.004514647552951392
B_direct,1.588,0.00459328209978139,0.00459328209978139,0.00459328209978139
B_direct,1.592,0.0046700844641208794,0.0046700844641208794,0.0046700844641208794
B_direct,1.596,0.004741228774798859,0.004741228774798859,0.004741228774798859
B_direct,1.6,0.004803369298469409,0.004803369298469409,0.004803369298469409
B_direct,1.604,0.004853626003170091,0.004853626003170091,0.004853626003170091
B_direct,1.608,0.004889862474342478,0.004889862474342478,0.004889862474342478
B_direct,1.612,0.004911168548455065,0.004911168548455065,0.004911168548455065
B_direct,1.616,0.004918162476422211,0.004918162476422211,0.004918162476422211
B_direct,1.62,0.004912944463689155,0.004912944463689155,0.004912944463689155
B_direct,1.624,0.004898701797374424,0.004898701797374424,0.004898701797374424
B_direct,1.6280000000000001,0.0048790835898238185,0.0048790835898238185,0.0048790835898238185
B_direct,1.6320000000000001,0.00485764455919496,0.00485764455919496,0.00485764455919496
B_direct,1.6360000000000001,0.004837568605972565,0.004837568605972565,0.004837568605972565
B_direct,1.6400000000000001,0.004821561414824727,0.004821561414824727,0.004821561414824727
B_direct,1.6440000000000001,0.004811716379297044,0.004811716379297044,0.004811716379297044
B_direct,1.6480000000000001,0.004809291073680814,0.004809291073680814,0.004809291073680814
B_direct,1.6520000000000001,0.004814507855808356,0.004814507855808356,0.004814507855808356
B_direct,1.6560000000000001,0.004826594263835286,0.004826594263835286,0.004826594263835286
B_direct,1.6600000000000001,0.004844113208030568,0.004844113208030568,0.004844113208030568
B_direct,1.6640000000000001,0.004865371224707813,0.004865371224707813,0.004865371224707813
B_direct,1.668,0.0048886803904243685,0.0048886803904243685,0.0048886803904243685
B_direct,1.672,0.0049124119082040296,0.0049124119082040296,0.0049124119082040296
B_direct,1.676,0.004934904843462404,0.004934904843462404,0.004934904843462404
B_direct,1.68,0.004954342148582718,0.004954342148582718,0.004954342148582718
B_direct,1.684,0.0049686910545340204,0.0049686910545340204,0.0049686910545340204
B_direct,1.688,0.0049757321660018235,0.0049757321660018235,0.0049757321660018235
B_direct,1.692,0.004973147717173827,0.004973147717173827,0.004973147717173827
B_direct,1.696,0.004958708113697965,0.004958708113697965,0.004958708113697965
B_direct,1.7,0.004930591351313308,0.004930591351313308,0.004930591351313308
B_direct,1.704,0.00488758124371046,0.00488758124371046,0.00488758124371046
B_direct,1.708,0.0048289904782090705,0.0048289904782090705,0.0048289904782090705
B_direct,1.712,0.004754805595781665,0.004754805595781665,0.004754805595781665
B_direct,1.716,0.004666308836983471,0.004666308836983471,0.004666308836983471
B_direct,1.72,0.004566607930038375,0.004566607930038375,0.004566607930038375
B_direct,1.724,0.004460678314203411,0.004460678314203411,0.004460678314203411
B_direct,1.728,0.004355019757138641,0.004355019757138641,0.004355019757138641
B_direct,1.732,0.004256997916789102,0.004256997916789102,0.004256997916789102
B_direct,1.736,0.004173741299314906,0.004173741299314906,0.004173741299314906
B_direct,1.74,0.00411077924712624,0.00411077924712624,0.00411077924712624
B_direct,1.744,0.004071280856907087,0.004071280856907087,0.004071280856907087
B_direct,1.748,0.0040566332506928055,0.0040566332506928055,0.0040566332506928055
B_direct,1.752,0.0040688625800482684,0.0040688625800482684,0.0040688625800482684
B_direct,1.756,0.004112344532569168,0.004112344532569168,0.004112344532569168
B_direct,1.76,0.00418424776101176,0.00418424776101176,0.00418424776101176
B_direct,1.764,0.004275011889280146,0.004275011889280146,0.004275011889280146
B_direct,1.768,0.004377900131939717,0.004377900131939717,0.004377900131939717
B_direct,1.772,0.004488185836518872,0.004488185836518872,0.004488185836518872
B_direct,1.776,0.004601916534720655,0.004601916534720655,0.004601916534720655
B_direct,1.78,0.0047157114055554105,0.0047157114055554105,0.0047157114055554105
B_direct,1.784,0.004826648526316505,0.004826648526316505,0.004826648526316505
B_direct,1.788,0.004932017144340927,0.004932017144340927,0.004932017144340927
B_direct,1.792,0.005029153443118079,0.005029153443118079,0.005029153443118079
B_direct,1.796,0.005115458926829532,0.005115458926829532,0.005115458926829532
B_direct,1.8,0.0051884501443590116,0.0051884501443590116,0.0051884501443590116
B_direct,1.804,0.005245743947151348,0.005245743947151348,0.005245743947151348
B_direct,1.808,0.00528505684488661,0.00528505684488661,0.00528505684488661
B_direct,1.812,0.005304341930404735,0.005304341930404735,0.005304341930404735
B_direct,1.816,0.0053020725459248675,0.0053020725459248675,0.0053020725459248675
B_direct,1.82,0.005277560720933135,0.005277560720933135,0.005277560720933135
B_direct,1.824,0.005231217239553101,0.005231217239553101,0.005231217239553101
B_direct,1.828,0.005164771384897244,0.005164771384897244,0.005164771384897244
B_direct,1.832,0.005081546258458038,0.005081546258458038,0.005081546258458038
B_direct,1.836,0.004986775493787934,0.004986775493787934,0.004986775493787934
B_direct,1.84,0.0048872477457569475,0.0048872477457569475,0.0048872477457569475
B_direct,1.844,0.004789086236298937,0.004789086236298937,0.004789086236298937
B_direct,1.848,0.0046960508079173045,0.0046960508079173045,0.0046960508079173045
B_direct,1.852,0.004611247875773769,0.004611247875773769,0.004611247875773769
B_direct,1.856,0.00453861638677672,0.00453861638677672,0.00453861638677672
B_direct,1.86,0.004482629321979742,0.004482629321979742,0.004482629321979742
B_direct,1.864,0.0044474928929695585,0.0044474928929695585,0.0044474928929695585
B_direct,1.868,0.004436366853955391,0.004436366853955391,0.004436366853955391
B_direct,1.872,0.004450834419396733,0.004450834419396733,0.004450834419396733
B_direct,1.8760000000000001,0.004490978554219272,0.004490978554219272,0.004490978554219272
B_direct,1.8800000000000001,0.004556132141530278,0.004556132141530278,0.004556132141530278
B_direct,1.8840000000000001,0.004644736273294879,0.004644736273294879,0.004644736273294879
B_direct,1.8880000000000001,0.004751646497076697,0.004751646497076697,0.004751646497076697
B_direct,1.8920000000000001,0.004868428462367671,0.004868428462367671,0.004868428462367671
B_direct,1.8960000000000001,0.004987250592549731,0.004987250592549731,0.004987250592549731
B_direct,1.9000000000000001,0.005102176598840579,0.005102176598840579,0.005102176598840579
B_direct,1.9040000000000001,0.005208793935715817,0.005208793935715817,0.005208793935715817
B_direct,1.9080000000000001,0.005303921878060843,0.005303921878060843,0.005303921878060843
B_direct,1.9120000000000001,0.005385548766987121,0.005385548766987121,0.005385548766987121
B_direct,1.9160000000000001,0.005452872463316984,0.005452872463316984,0.005452872463316984
B_direct,1.92,0.00550714084957925,0.00550714084957925,0.00550714084957925
B_direct,1.924,0.005560395726228662,0.005560395726228662,0.005560395726228662
B_direct,1.928,0.005608460121212052,0.005608460121212052,0.005608460121212052
B_direct,1.932,0.005651016876655696,0.005651016876655696,0.005651016876655696
B_direct,1.936,0.005692709451005947,0.005692709451005947,0.005692709451005947
B_direct,1.94,0.0057305098408972485,0.0057305098408972485,0.0057305098408972485
B_direct,1.944,0.0057627298039406,0.0057627298039406,0.0057627298039406
B_direct,1.948,0.005790054556684544,0.005790054556684544,0.005790054556684544
B_direct,1.952,0.00581383737298292,0.00581383737298292,0.00581383737298292
B_direct,1.956,0.005836771219498259,0.005836771219498259,0.005836771219498259
B_direct,1.96,0.005863341234811514,0.005863341234811514,0.005863341234811514
B_direct,1.964,0.005894837292657104,0.005894837292657104,0.005894837292657104
B_direct,1.968,0.005929825854244336,0.005929825854244336,0.005929825854244336
B_direct,1.972,0.005968549468202287,0.005968549468202287,0.005968549468202287
B_direct,1.976,0.006012506955987391,0.006012506955987391,0.006012506955987391
B_direct,1.98,0.006063398891572867,0.006063398891572867,0.006063398891572867
B_direct,1.984,0.006122078849112316,0.006122078849112316,0.006122078849112316
B_direct,1.988,0.00618754806849755,0.00618754806849755,0.00618754806849755
B_direct,1.992,0.006257581705240445,0.006257581705240445,0.006257581705240445
B_direct,1.996,0.006329979553876712,0.006329979553876712,0.006329979553876712
B_direct,2.0,0.0064030065937745835,0.0064030065937745835,0.0064030065937745835
B_direct,2.004,0.006475598739665596,0.006475598739665596,0.006475598739665596
B_direct,2.008,0.006548282794183452,0.006548282794183452,0.006548282794183452
B_direct,2.012,0.006624576794444469,0.006624576794444469,0.006624576794444469
B_direct,2.016,0.006704910730713444,0.006704910730713444,0.006704910730713444
B_direct,2.02,0.006784282490831348,0.006784282490831348,0.006784282490831348
B_direct,2.024,0.006859676779714575,0.006859676779714575,0.006859676779714575
B_direct,2.028,0.006929846158171557,0.006929846158171557,0.006929846158171557
B_direct,2.032,0.006994114548114258,0.006994114548114258,0.006994114548114258
B_direct,2.036,0.007051886226177112,0.007051886226177112,0.007051886226177112
B_direct,2.04,0.007102482816385512,0.007102482816385512,0.007102482816385512
B_direct,2.044,0.00714524254706525,0.00714524254706525,0.00714524254706525
B_direct,2.048,0.007179820218037011,0.007179820218037011,0.007179820218037011
B_direct,2.052,0.007206520078911756,0.007206520078911756,0.007206520078911756
B_direct,2.056,0.0072264578897155134,0.0072264578897155134,0.0072264578897155134
B_direct,2.06,0.0072513455104644105,0.0072513455104644105,0.0072513455104644105
B_direct,2.064,0.0073029411011913195,0.0073029411011913195,0.0073029411011913195
B_direct,2.068,0.007363193671063498,0.007363193671063498,0.007363193671063498
B_direct,2.072,0.007432613845665346,0.007432613845665346,0.007432613845665346
B_direct,2.076,0.007502435344482404,0.007502435344482404,0.007502435344482404
B_direct,2.08,0.007570099439789009,0.007570099439789009,0.007570099439789009
B_direct,2.084,0.0076336680402730814,0.0076336680402730814,0.0076336680402730814
B_direct,2.088,0.007691737837406365,0.007691737837406365,0.007691737837406365
B_direct,2.092,0.007743697573490041,0.007743697573490041,0.007743697573490041
B_direct,2.096,0.007789668764507603,0.007789668764507603,0.007789668764507603
B_direct,2.1,0.007830164679769033,0.007830164679769033,0.007830164679769033
B_direct,2.104,0.007866560637480178,0.007866560637480178,0.007866560637480178
B_direct,2.108,0.007912217250092304,0.007912217250092304,0.007912217250092304
B_direct,2.112,0.00796810053062794,0.00796810053062794,0.00796810053062794
B_direct,2.116,0.008018893513577723,0.008018893513577723,0.008018893513577723
B_direct,2.12,0.00806242791558421,0.00806242791558421,0.00806242791558421
B_direct,2.124,0.00809829466639181,0.00809829466639181,0.00809829466639181
B_direct,2.128,0.008126699499447757,0.008126699499447757,0.008126699499447757
B_direct,2.132,0.008148164154631637,0.008148164154631637,0.008148164154631637
B_direct,2.136,0.008163150399549143,0.008163150399549143,0.008163150399549143
B_direct,2.14,0.008171899936935862,0.008171899936935862,0.008171899936935862
B_direct,2.144,0.008174788171512508,0.008174788171512508,0.008174788171512508
B_direct,2.148,0.008172820625472556,0.008172820625472556,0.008172820625472556
B_direct,2.152,0.00816779616402159,0.00816779616402159,0.00816779616402159
B_direct,2.156,0.008162176164199814,0.008162176164199814,0.008162176164199814
B_direct,2.16,0.008159345540357738,0.008159345540357738,0.008159345540357738
B_direct,2.164,0.008168336088957544,0.008168336088957544,0.008168336088957544
B_direct,2.168,0.008199609154140811,0.008199609154140811,0.008199609154140811
B_direct,2.172,0.008241683993904078,0.008241683993904078,0.008241683993904078
B_direct,2.176,0.008289805159844354,0.008289805159844354,0.008289805159844354
B_direct,2.18,0.008342499068417776,0.008342499068417776,0.008342499068417776
B_direct,2.184,0.008398672666672106,0.008398672666672106,0.008398672666672106
B_direct,2.188,0.008457403469360112,0.008457403469360112,0.008457403469360112
B_direct,2.192,0.008517959470723441,0.008517959470723441,0.008517959470723441
B_direct,2.196,0.008579754523869085,0.008579754523869085,0.008579754523869085
B_direct,2.2,0.008642194172048881,0.008642194172048881,0.008642194172048881
B_direct,2.204,0.008704432189966025,0.008704432189966025,0.008704432189966025
B_direct,2.208,0.008765118452352418,0.008765118452352418,0.008765118452352418
B_direct,2.212,0.008822275511821133,0.008822275511821133,0.008822275511821133
B_direct,2.216,0.008873415232581543,0.008873415232581543,0.008873415232581543
B_direct,2.22,0.008915879518614384,0.008915879518614384,0.008915879518614384
B_direct,2.224,0.008947285062332517,0.008947285062332517,0.008947285062332517
B_direct,2.228,0.00896595125541525,0.00896595125541525,0.00896595125541525
B_direct,2.232,0.008971235287564413,0.008971235287564413,0.008971235287564413
B_direct,2.236,0.008963724432578691,0.008963724432578691,0.008963724432578691
B_direct,2.24,0.008945235892231352,0.008945235892231352,0.008945235892231352
B_direct,2.244,0.008918579975328252,0.008918579975328252,0.008918579975328252
B_direct,2.248,0.008887105711342666,0.008887105711342666,0.008887105711342666
B_direct,2.2520000000000002,0.008854171184427237,0.008854171184427237,0.008854171184427237
B_direct,2.2560000000000002,0.00882271457593755,0.00882271457593755,0.00882271457593755
B_direct,2.2600000000000002,0.008794898358581034,0.008794898358581034,0.008794898358581034
B_direct,2.2640000000000002,0.008771589526170579,0.008771589526170579,0.008771589526170579
B_direct,2.2680000000000002,0.008751810050031837,0.008751810050031837,0.008751810050031837
B_direct,2.2720000000000002,0.00873291287875404,0.00873291287875404,0.00873291287875404
B_direct,2.2760000000000002,0.008711636350558398,0.008711636350558398,0.008711636350558398
B_direct,2.2800000000000002,0.008685180522340973,0.008685180522340973,0.008685180522340973
B_direct,2.2840000000000003,0.00865175635947275,0.00865175635947275,0.00865175635947275
B_direct,2.2880000000000003,0.00861072646995906,0.00861072646995906,0.00861072646995906
B_direct,2.2920000000000003,0.008562567542842073,0.008562567542842073,0.008562567542842073
B_direct,2.2960000000000003,0.008508737219641132,0.008508737219641132,0.008508737219641132
B_direct,2.3000000000000003,0.008451417727308435,0.008451417727308435,0.008451417727308435
B_direct,2.3040000000000003,0.008393099703389516,0.008393099703389516,0.008393099703389516
B_direct,2.308,0.00833606662300308,0.00833606662300308,0.00833606662300308
B_direct,2.312,0.008281981529451025,0.008281981529451025,0.008281981529451025
B_direct,2.316,0.008231800322101964,0.008231800322101964,0.008231800322101964
B_direct,2.32,0.008186041083793756,0.008186041083793756,0.008186041083793756
B_direct,2.324,0.008145207037903541,0.008145207037903541,0.008145207037903541
B_direct,2.328,0.008110134017593189,0.008110134017593189,0.008110134017593189
B_direct,2.332,0.008082169390802342,0.008082169390802342,0.008082169390802342
B_direct,2.336,0.008063205032770445,0.008063205032770445,0.008063205032770445
B_direct,2.34,0.008055618987058632,0.008055618987058632,0.008055618987058632
B_direct,2.344,0.008062164733245553,0.008062164733245553,0.008062164733245553
B_direct,2.348,0.008085822541097904,0.008085822541097904,0.008085822541097904
B_direct,2.352,0.008129617653144407,0.008129617653144407,0.008129617653144407
B_direct,2.356,0.008196428023759266,0.008196428023759266,0.008196428023759266
B_direct,2.36,0.008288836146573234,0.008288836146573234,0.008288836146573234
B_direct,2.364,0.00840907281018222,0.00840907281018222,0.00840907281018222
B_direct,2.368,0.008559010561762642,0.008559010561762642,0.008559010561762642
B_direct,2.372,0.008740057213402559,0.008740057213402559,0.008740057213402559
B_direct,2.376,0.00895288806720956,0.00895288806720956,0.00895288806720956
B_direct,2.38,0.009197263252946241,0.009197263252946241,0.009197263252946241
B_direct,2.384,0.009472197540811866,0.009472197540811866,0.009472197540811866
B_direct,2.388,0.009776350949182704,0.009776350949182704,0.009776350949182704
B_direct,2.392,0.010108354753223137,0.010108354753223137,0.010108354753223137
B_direct,2.396,0.01046698947390182,0.01046698947390182,0.01046698947390182
B_direct,2.4,0.0108512777101412,0.0108512777101412,0.0108512777101412
B_direct,2.404,0.011260549644552788,0.011260549644552788,0.011260549644552788
B_direct,2.408,0.011694482090409297,0.011694482090409297,0.011694482090409297
B_direct,2.412,0.012153065198313679,0.012153065198313679,0.012153065198313679
B_direct,2.416,0.01263645429772342,0.01263645429772342,0.01263645429772342
B_direct,2.42,0.013144747749246222,0.013144747749246222,0.013144747749246222
B_direct,2.424,0.013677839283554167,0.013677839283554167,0.013677839283554167
B_direct,2.428,0.014235478959713032,0.014235478959713032,0.014235478959713032
B_direct,2.432,0.014817524446771748,0.014817524446771748,0.014817524446771748
B_direct,2.436,0.015424262205405336,0.015424262205405336,0.015424262205405336
B_direct,2.44,0.016056708854513123,0.016056708854513123,0.016056708854513123
B_direct,2.444,0.016716844349248743,0.016716844349248743,0.016716844349248743
B_direct,2.448,0.017407698528618225,0.017407698528618225,0.017407698528618225
B_direct,2.452,0.0181331642899511,0.0181331642899511,0.0181331642899511
B_direct,2.456,0.018897480370288086,0.018897480370288086,0.018897480370288086
B_direct,2.46,0.01970460325549394,0.01970460325549394,0.01970460325549394
B_direct,2.464,0.020557873343463783,0.020557873343463783,0.020557873343463783
B_direct,2.468,0.021460093093999506,0.021460093093999506,0.021460093093999506
B_direct,2.472,0.022413800677865782,0.022413800677865782,0.022413800677865782
B_direct,2.476,0.023421567376371997,0.023421567376371997,0.023421567376371997
B_direct,2.48,0.024486226449345484,0.024486226449345484,0.024486226449345484
B_direct,2.484,0.02561094881930855,0.02561094881930855,0.02561094881930855
B_direct,2.488,0.026799171450164527,0.026799171450164527,0.026799171450164527
B_direct,2.492,0.02805446382325369,0.02805446382325369,0.02805446382325369
B_direct,2.496,0.029380395413618143,0.029380395413618143,0.029380395413618143
B_direct,2.5,0.03078041076335613,0.03078041076335613,0.03078041076335613
B_direct,2.504,0.03225771294706377,0.03225771294706377,0.03225771294706377
B_direct,2.508,0.03381520370922891,0.03381520370922891,0.03381520370922891
B_direct,2.512,0.03545555321910793,0.03545555321910793,0.03545555321910793
B_direct,2.516,0.037181400968129476,0.037181400968129476,0.037181400968129476
B_direct,2.52,0.038995566621201745,0.038995566621201745,0.038995566621201745
B_direct,2.524,0.04090111851785157,0.04090111851785157,0.04090111851785157
B_direct,2.528,0.042901254277870185,0.042901254277870185,0.042901254277870185
B_direct,2.532,0.0449990677506054,0.0449990677506054,0.0449990677506054
B_direct,2.536,0.047197325664655794,0.047197325664655794,0.047197325664655794
B_direct,2.54,0.04949841962121491,0.04949841962121491,0.04949841962121491
B_direct,2.544,0.05190464421739296,0.05190464421739296,0.05190464421739296
B_direct,2.548,0.05441871367248853,0.05441871367248853,0.05441871367248853
B_direct,2.552,0.05704414361623563,0.05704414361623563,0.05704414361623563
B_direct,2.556,0.05978521524127438,0.05978521524127438,0.05978521524127438
B_direct,2.56,0.06264667167716506,0.06264667167716506,0.06264667167716506
B_direct,2.564,0.06563348105567238,0.06563348105567238,0.06563348105567238
B_direct,2.568,0.06875072180909705,0.06875072180909705,0.06875072180909705
B_direct,2.572,0.07200343436896198,0.07200343436896198,0.07200343436896198
B_direct,2.576,0.07539641246830023,0.07539641246830023,0.07539641246830023
B_direct,2.58,0.07893405121388083,0.07893405121388083,0.07893405121388083
B_direct,2.584,0.082620292828886,0.082620292828886,0.082620292828886
B_direct,2.588,0.08645856500064458,0.08645856500064458,0.08645856500064458
B_direct,2.592,0.09045162309280134,0.09045162309280134,0.09045162309280134
B_direct,2.596,0.09460137084802843,0.09460137084802843,0.09460137084802843
B_direct,2.6,0.09890880973937796,0.09890880973937796,0.09890880973937796
B_direct,2.604,0.1033741466406292,0.1033741466406292,0.1033741466406292
B_direct,2.608,0.10799698245818128,0.10799698245818128,0.10799698245818128
B_direct,2.612,0.11277653935436034,0.11277653935436034,0.11277653935436034
B_direct,2.616,0.11771189918045814,0.11771189918045814,0.11771189918045814
B_direct,2.62,0.12280217640443732,0.12280217640443732,0.12280217640443732
B_direct,2.624,0.1280464562414244,0.1280464562414244,0.1280464562414244
B_direct,2.628,0.13344323952924655,0.13344323952924655,0.13344323952924655
B_direct,2.632,0.13898965064676366,0.13898965064676366,0.13898965064676366
B_direct,2.636,0.1446814795880942,0.1446814795880942,0.1446814795880942
B_direct,2.64,0.15051431929388775,0.15051431929388775,0.15051431929388775
B_direct,2.644,0.15648491380679636,0.15648491380679636,0.15648491380679636
B_direct,2.648,0.16259248197833182,0.16259248197833182,0.16259248197833182
B_direct,2.652,0.16883936630874138,0.16883936630874138,0.16883936630874138
B_direct,2.656,0.17522552849895914,0.17522552849895914,0.17522552849895914
B_direct,2.66,0.18174187504149264,0.18174187504149264,0.18174187504149264
B_direct,2.664,0.1883767698904405,0.1883767698904405,0.1883767698904405
B_direct,2.668,0.1951205388619544,0.1951205388619544,0.1951205388619544
B_direct,2.672,0.20196482388491216,0.20196482388491216,0.20196482388491216
B_direct,2.676,0.2089019313328821,0.2089019313328821,0.2089019313328821
B_direct,2.68,0.21592477896742984,0.21592477896742984,0.21592477896742984
B_direct,2.684,0.22302717476624592,0.22302717476624592,0.22302717476624592
B_direct,2.688,0.2302040824029254,0.2302040824029254,0.2302040824029254
B_direct,2.692,0.23745099063879688,0.23745099063879688,0.23745099063879688
B_direct,2.696,0.24476195281897772,0.24476195281897772,0.24476195281897772
B_direct,2.7,0.252128904193109,0.252128904193109,0.252128904193109
B_direct,2.704,0.2595435324448494,0.2595435324448494,0.2595435324448494
B_direct,2.708,0.26699875724781846,0.26699875724781846,0.26699875724781846
B_direct,2.712,0.27448889838248136,0.27448889838248136,0.27448889838248136
B_direct,2.716,0.2820094440375657,0.2820094440375657,0.2820094440375657
B_direct,2.72,0.28955687230178734,0.28955687230178734,0.28955687230178734
B_direct,2.724,0.2971285633095417,0.2971285633095417,0.2971285633095417
B_direct,2.728,0.3047227335172853,0.3047227335172853,0.3047227335172853
B_direct,2.732,0.31233831592709943,0.31233831592709943,0.31233831592709943
B_direct,2.736,0.3199747611057386,0.3199747611057386,0.3199747611057386
B_direct,2.74,0.3276318369045406,0.3276318369045406,0.3276318369045406
B_direct,2.744,0.33530956398856443,0.33530956398856443,0.33530956398856443
B_direct,2.748,0.34300830298303864,0.34300830298303864,0.34300830298303864
B_direct,2.7520000000000002,0.3507287683661212,0.3507287683661212,0.3507287683661212
B_direct,2.7560000000000002,0.358471729145694,0.358471729145694,0.358471729145694
B_direct,2.7600000000000002,0.3662375321364432,0.3662375321364432,0.3662375321364432
B_direct,2.7640000000000002,0.3740258458404087,0.3740258458404087,0.3740258458404087
B_direct,2.7680000000000002,0.3818357488214745,0.3818357488214745,0.3818357488214745
B_direct,2.7720000000000002,0.3896659512451886,0.3896659512451886,0.3896659512451886
B_direct,2.7760000000000002,0.3975149628080472,0.3975149628080472,0.3975149628080472
B_direct,2.7800000000000002,0.40538118562376735,0.40538118562376735,0.40538118562376735
B_direct,2.7840000000000003,0.4132629859290523,0.4132629859290523,0.4132629859290523
B_direct,2.7880000000000003,0.4211587840235306,0.4211587840235306,0.4211587840235306
B_direct,2.7920000000000003,0.4290671524873934,0.4290671524873934,0.4290671524873934
B_direct,2.7960000000000003,0.4369868646507412,0.4369868646507412,0.4369868646507412
B_direct,2.8000000000000003,0.4449168271222021,0.4449168271222021,0.4449168271222021
B_direct,2.8040000000000003,0.4528558944226092,0.4528558944226092,0.4528558944226092
B_direct,2.8080000000000003,0.4608026624072705,0.4608026624072705,0.4608026624072705
B_direct,2.8120000000000003,0.4687553574687119,0.4687553574687119,0.4687553574687119
B_direct,2.816,0.47671184034341063,0.47671184034341063,0.47671184034341063
B_direct,2.82,0.48466963780101463,0.48466963780101463,0.48466963780101463
B_direct,2.824,0.49262590884940566,0.49262590884940566,0.49262590884940566
B_direct,2.828,0.5005773239463986,0.5005773239463986,0.5005773239463986
B_direct,2.832,0.5085199080518764,0.5085199080518764,0.5085199080518764
B_direct,2.836,0.5164489241828566,0.5164489241828566,0.5164489241828566
B_direct,2.84,0.524358853144398,0.524358853144398,0.524358853144398
B_direct,2.844,0.5322434827070281,0.5322434827070281,0.5322434827070281
B_direct,2.848,0.5400960809773236,0.5400960809773236,0.5400960809773236
B_direct,2.852,0.5479096070992898,0.5479096070992898,0.5479096070992898
B_direct,2.856,0.5556769105658682,0.5556769105658682,0.5556769105658682
B_direct,2.86,0.5633908844961294,0.5633908844961294,0.5633908844961294
B_direct,2.864,0.5710445600789591,0.5710445600789591,0.5710445600789591
B_direct,2.868,0.5786311502456715,0.5786311502456715,0.5786311502456715
B_direct,2.872,0.5861440646077067,0.5861440646077067,0.5861440646077067
B_direct,2.876,0.5935769224846444,0.5935769224846444,0.5935769224846444
B_direct,2.88,0.6009235865730608,0.6009235865730608,0.6009235865730608
B_direct,2.884,0.6081782280365652,0.6081782280365652,0.6081782280365652
B_direct,2.888,0.6153354179264813,0.6153354179264813,0.6153354179264813
B_direct,2.892,0.6223902255313128,0.6223902255313128,0.6223902255313128
B_direct,2.896,0.6293382975696182,0.6293382975696182,0.6293382975696182
B_direct,2.9,0.6361758959520173,0.6361758959520173,0.6361758959520173
B_direct,2.904,0.6428998842351559,0.6428998842351559,0.6428998842351559
B_direct,2.908,0.6495076692799701,0.6495076692799701,0.6495076692799701
B_direct,2.912,0.655997120865287,0.655997120865287,0.655997120865287
B_direct,2.916,0.6623665073576681,0.6623665073576681,0.6623665073576681
B_direct,2.92,0.6686145163473833,0.6686145163473833,0.6686145163473833
B_direct,2.924,0.6747406493514038,0.6747406493514038,0.6747406493514038
B_direct,2.928,0.6807489867110046,0.6807489867110046,0.6807489867110046
B_direct,2.932,0.6866515649902493,0.6866515649902493,0.6866515649902493
B_direct,2.936,0.6924375209113272,0.6924375209113272,0.6924375209113272
B_direct,2.94,0.698101506354306,0.698101506354306,0.698101506354306
B_direct,2.944,0.703643321374255,0.703643321374255,0.703643321374255
B_direct,2.948,0.709063553595922,0.709063553595922,0.709063553595922
B_direct,2.952,0.7143631348100514,0.7143631348100514,0.7143631348100514
B_direct,2.956,0.7195438052930622,0.7195438052930622,0.7195438052930622
B_direct,2.96,0.7246121587068,0.7246121587068,0.7246121587068
B_direct,2.964,0.7295815483700868,0.7295815483700868,0.7295815483700868
B_direct,2.968,0.7344422307360458,0.7344422307360458,0.7344422307360458
B_direct,2.972,0.739187813725987,0.739187813725987,0.739187813725987
B_direct,2.976,0.7438179602924772,0.7438179602924772,0.7438179602924772
B_direct,2.98,0.74833322616624,0.74833322616624,0.74833322616624
B_direct,2.984,0.7527342473473967,0.7527342473473967,0.7527342473473967
B_direct,2.988,0.7570215649224403,0.7570215649224403,0.7570215649224403
B_direct,2.992,0.7611955874324374,0.7611955874324374,0.7611955874324374
B_direct,2.996,0.7652565874041717,0.7652565874041717,0.7652565874041717
B_direct,3.0,0.7692046847870588,0.7692046847870588,0.7692046847870588
B_direct,3.004,0.7730398017833326,0.7730398017833326,0.7730398017833326
B_direct,3.008,0.7767615990928805,0.7767615990928805,0.7767615990928805
B_direct,3.012,0.7803694159026702,0.7803694159026702,0.7803694159026702
B_direct,3.016,0.7838622355274951,0.7838622355274951,0.7838622355274951
B_direct,3.02,0.7872386915988333,0.7872386915988333,0.7872386915988333
B_direct,3.024,0.7904971313038807,0.7904971313038807,0.7904971313038807
B_direct,3.028,0.7936364594012187,0.7936364594012187,0.7936364594012187
B_direct,3.032,0.7966867070595397,0.7966867070595397,0.7966867070595397
B_direct,3.036,0.799617897643455,0.799617897643455,0.799617897643455
B_direct,3.04,0.8024222084380247,0.8024222084380247,0.8024222084380247
B_direct,3.044,0.8050973944301341,0.8050973944301341,0.8050973944301341
B_direct,3.048,0.8076415546390485,0.8076415546390485,0.8076415546390485
B_direct,3.052,0.8100532297768821,0.8100532297768821,0.8100532297768821
B_direct,3.056,0.8123315489278937,0.8123315489278937,0.8123315489278937
B_direct,3.06,0.8144763919095348,0.8144763919095348,0.8144763919095348
B_direct,3.064,0.816488533179417,0.816488533179417,0.816488533179417
B_direct,3.068,0.8183697068980098,0.8183697068980098,0.8183697068980098
B_direct,3.072,0.8201225327717998,0.8201225327717998,0.8201225327717998
B_direct,3.076,0.8217503079524958,0.8217503079524958,0.8217503079524958
B_direct,3.08,0.8232567755176653,0.8232567755176653,0.8232567755176653
B_direct,3.084,0.8246460144917295,0.8246460144917295,0.8246460144917295
B_direct,3.088,0.8259225085049697,0.8259225085049697,0.8259225085049697
B_direct,3.092,0.8270913398405609,0.8270913398405609,0.8270913398405609
B_direct,3.096,0.8281584241565649,0.8281584241565649,0.8281584241565649
B_direct,3.1,0.8291307440591982,0.8291307440591982,0.8291307440591982
B_direct,3.104,0.8300166278243711,0.8300166278243711,0.8300166278243711
B_direct,3.108,0.8308259082181694,0.8308259082181694,0.8308259082181694
B_direct,3.112,0.8315675385972441,0.8315675385972441,0.8315675385972441
B_direct,3.116,0.8322443102306458,0.8322443102306458,0.8322443102306458
B_direct,3.12,0.8328549708752121,0.8328549708752121,0.8328549708752121
B_direct,3.124,0.8333985563022491,0.8333985563022491,0.8333985563022491
B_direct,3.128,0.833874875982298,0.833874875982298,0.833874875982298
B_direct,3.132,0.8342844064564472,0.8342844064564472,0.8342844064564472
B_direct,3.136,0.8346283785884744,0.8346283785884744,0.8346283785884744
B_direct,3.14,0.834908760042046,0.834908760042046,0.834908760042046
B_direct,3.144,0.8351280229444809,0.8351280229444809,0.8351280229444809
B_direct,3.148,0.8352888157164673,0.8352888157164673,0.8352888157164673
B_direct,3.152,0.8353937233547766,0.8353937233547766,0.8353937233547766
B_direct,3.156,0.8354451977092673,0.8354451977092673,0.8354451977092673
B_direct,3.16,0.8354456091286284,0.8354456091286284,0.8354456091286284
B_direct,3.164,0.8353973346996432,0.8353973346996432,0.8353973346996432
B_direct,3.168,0.835302834830386,0.835302834830386,0.835302834830386
B_direct,3.172,0.8351647094967236,0.8351647094967236,0.8351647094967236
B_direct,3.176,0.8349857422476159,0.8349857422476159,0.8349857422476159
B_direct,3.18,0.8347689418660906,0.8347689418660906,0.8347689418660906
B_direct,3.184,0.8345175896889246,0.8345175896889246,0.8345175896889246
B_direct,3.188,0.8342353005699094,0.8342353005699094,0.8342353005699094
B_direct,3.192,0.8339261085327987,0.8339261085327987,0.8339261085327987
B_direct,3.196,0.8335945923479751,0.8335945923479751,0.8335945923479751
B_direct,3.2,0.833246056076538,0.833246056076538,0.833246056076538
B_direct,3.204,0.8328867662375872,0.8328867662375872,0.8328867662375872
B_direct,3.208,0.8325242120046996,0.8325242120046996,0.8325242120046996
B_direct,3.212,0.8321672991396986,0.8321672991396986,0.8321672991396986
B_direct,3.216,0.8318263448131941,0.8318263448131941,0.8318263448131941
B_direct,3.22,0.8315127860403841,0.8315127860403841,0.8315127860403841
B_direct,3.224,0.8312386865213984,0.8312386865213984,0.8312386865213984
B_direct,3.228,0.8310162525610287,0.8310162525610287,0.8310162525610287
B_direct,3.232,0.8308574212440252,0.8308574212440252,0.8308574212440252
B_direct,3.236,0.8307733376707869,0.8307733376707869,0.8307733376707869
B_direct,3.24,0.8307735505068731,0.8307735505068731,0.8307735505068731
B_direct,3.244,0.8308649991422028,0.8308649991422028,0.8308649991422028
B_direct,3.248,0.8310510817476127,0.8310510817476127,0.8310510817476127
B_direct,3.2520000000000002,0.8313311366547786,0.8313311366547786,0.8313311366547786
B_direct,3.2560000000000002,0.8317005348085681,0.8317005348085681,0.8317005348085681
B_direct,3.2600000000000002,0.8321513522668139,0.8321513522668139,0.8321513522668139
B_direct,3.2640000000000002,0.8326733989228607,0.8326733989228607,0.8326733989228607
B_direct,3.2680000000000002,0.8332553161381753,0.8332553161381753,0.8332553161381753
B_direct,3.2720000000000002,0.8338855190947315,0.8338855190947315,0.8338855190947315
B_direct,3.2760000000000002,0.8345528778877258,0.8345528778877258,0.8345528778877258
B_direct,3.2800000000000002,0.8352471340275827,0.8352471340275827,0.8352471340275827
B_direct,3.2840000000000003,0.8359591057744463,0.8359591057744463,0.8359591057744463
B_direct,3.2880000000000003,0.8366807512078399,0.8366807512078399,0.8366807512078399
B_direct,3.2920000000000003,0.8374051497934717,0.8374051497934717,0.8374051497934717
B_direct,3.2960000000000003,0.838126446898843,0.838126446898843,0.838126446898843
B_direct,3.3000000000000003,0.8388397899577841,0.8388397899577841,0.8388397899577841
B_direct,3.3040000000000003,0.8395412730581168,0.8395412730581168,0.8395412730581168
B_direct,3.3080000000000003,0.8402278989194659,0.8402278989194659,0.8402278989194659
B_direct,3.3120000000000003,0.8408975626871873,0.8408975626871873,0.8408975626871873
B_direct,3.3160000000000003,0.8415490596347576,0.8415490596347576,0.8415490596347576
B_direct,3.3200000000000003,0.8421821178199819,0.8421821178199819,0.8421821178199819
B_direct,3.3240000000000003,0.8427974562410739,0.8427974562410739,0.8427974562410739
B_direct,3.3280000000000003,0.8433968684474908,0.8433968684474908,0.8433968684474908
B_direct,3.332,0.8439833302114623,0.8439833302114623,0.8439833302114623
B_direct,3.336,0.8445611269386056,0.8445611269386056,0.8445611269386056
B_direct,3.34,0.8451359909307176,0.8451359909307176,0.8451359909307176
B_direct,3.344,0.8457152291862595,0.8457152291862595,0.8457152291862595
B_direct,3.348,0.8463078082091828,0.8463078082091828,0.8463078082091828
B_direct,3.352,0.8469243439072255,0.8469243439072255,0.8469243439072255
B_direct,3.356,0.8475769265946294,0.8475769265946294,0.8475769265946294
B_direct,3.36,0.8482787047232373,0.8482787047232373,0.8482787047232373
B_direct,3.364,0.8490431752272668,0.8490431752272668,0.8490431752272668
B_direct,3.368,0.8498832024306042,0.8498832024306042,0.8498832024306042
B_direct,3.372,0.850809910145046,0.850809910145046,0.850809910145046
B_direct,3.376,0.8518317173120391,0.8518317173120391,0.8518317173120391
B_direct,3.38,0.8529538310882259,0.8529538310882259,0.8529538310882259
B_direct,3.384,0.854178407097734,0.854178407097734,0.854178407097734
B_direct,3.388,0.855505363370294,0.855505363370294,0.855505363370294
B_direct,3.392,0.856933613423586,0.856933613423586,0.856933613423586
B_direct,3.396,0.8584623805768216,0.8584623805768216,0.8584623805768216
B_direct,3.4,0.8600922901449071,0.8600922901449071,0.8600922901449071
B_direct,3.404,0.8618260444582571,0.8618260444582571,0.8618260444582571
B_direct,3.408,0.8636685951964687,0.8636685951964687,0.8636685951964687
B_direct,3.412,0.8656268113023428,0.8656268113023428,0.8656268113023428
B_direct,3.416,0.8677087158956427,0.8677087158956427,0.8677087158956427
B_direct,3.42,0.869922457407651,0.869922457407651,0.869922457407651
B_direct,3.424,0.8722752809506578,0.8722752809506578,0.8722752809506578
B_direct,3.428,0.8747728189428307,0.8747728189428307,0.8747728189428307
B_direct,3.432,0.8774189550677342,0.8774189550677342,0.8774189550677342
B_direct,3.436,0.8802163222095972,0.8802163222095972,0.8802163222095972
B_direct,3.44,0.8831672563230644,0.8831672563230644,0.8831672563230644
B_direct,3.444,0.8862748618106325,0.8862748618106325,0.8862748618106325
B_direct,3.448,0.8895438087356036,0.8895438087356036,0.8895438087356036
B_direct,3.452,0.8929805583478518,0.8929805583478518,0.8929805583478518
B_direct,3.456,0.8965928624619031,0.8965928624619031,0.8965928624619031
B_direct,3.46,0.900388595113989,0.900388595113989,0.900388595113989
B_direct,3.464,0.9043742412025416,0.9043742412025416,0.9043742412025416
B_direct,3.468,0.9085535984153618,0.9085535984153618,0.9085535984153618
B_direct,3.472,0.9129272757586409,0.9129272757586409,0.9129272757586409
B_direct,3.476,0.9174932886334985,0.9174932886334985,0.9174932886334985
B_direct,3.48,0.9222485779258747,0.9222485779258747,0.9222485779258747
B_direct,3.484,0.9271908985643472,0.9271908985643472,0.9271908985643472
B_direct,3.488,0.9323203998205628,0.9323203998205628,0.9323203998205628
B_direct,3.492,0.9376403012656601,0.9376403012656601,0.9376403012656601
B_direct,3.496,0.9431563353207084,0.9431563353207084,0.9431563353207084
B_direct,3.5,0.9488752434626246,0.9488752434626246,0.9488752434626246
B_direct,3.504,0.9548031398404039,0.9548031398404039,0.9548031398404039
B_direct,3.508,0.9609442186476331,0.9609442186476331,0.9609442186476331
B_direct,3.512,0.9672998904779124,0.9672998904779124,0.9672998904779124
B_direct,3.516,0.9738685100639893,0.9738685100639893,0.9738685100639893
B_direct,3.52,0.9806456502544918,0.9806456502544918,0.9806456502544918
B_direct,3.524,0.9876244721578112,0.9876244721578112,0.9876244721578112
B_direct,3.528,0.9947956966942495,0.9947956966942495,0.9947956966942495
B_direct,3.532,1.0021470732476119,1.0021470732476119,1.0021470732476119
B_direct,3.536,1.0096627362776263,1.0096627362776263,1.0096627362776263
B_direct,3.54,1.0173230585188144,1.0173230585188144,1.0173230585188144
B_direct,3.544,1.0251053913723416,1.0251053913723416,1.0251053913723416
B_direct,3.548,1.0329856009511942,1.0329856009511942,1.0329856009511942
B_direct,3.552,1.0409399264155703,1.0409399264155703,1.0409399264155703
B_direct,3.556,1.048946647762547,1.048946647762547,1.048946647762547
B_direct,3.56,1.0569872783274312,1.0569872783274312,1.0569872783274312
B_direct,3.564,1.0650472525690842,1.0650472525690842,1.0650472525690842
B_direct,3.568,1.0731162130017056,1.0731162130017056,1.0731162130017056
B_direct,3.572,1.0811880078357738,1.0811880078357738,1.0811880078357738
B_direct,3.576,1.0892604481296155,1.0892604481296155,1.0892604481296155
B_direct,3.58,1.0973347903971737,1.0973347903971737,1.0973347903971737
B_direct,3.584,1.1054148472789722,1.1054148472789722,1.1054148472789722
B_direct,3.588,1.1135056290626006,1.1135056290626006,1.1135056290626006
B_direct,3.592,1.1216115297809122,1.1216115297809122,1.1216115297809122
B_direct,3.596,1.129734301088893,1.129734301088893,1.129734301088893
B_direct,3.6,1.1378713060400547,1.1378713060400547,1.1378713060400547
B_direct,3.604,1.1460146116522099,1.1460146116522099,1.1460146116522099
B_direct,3.608,1.1541512242454617,1.1541512242454617,1.1541512242454617
B_direct,3.612,1.162264312312379,1.162264312312379,1.162264312312379
B_direct,3.616,1.1703349115111843,1.1703349115111843,1.1703349115111843
B_direct,3.62,1.1783435711999384,1.1783435711999384,1.1783435711999384
B_direct,3.624,1.1862716124992898,1.1862716124992898,1.1862716124992898
B_direct,3.628,1.1941019185332196,1.1941019185332196,1.1941019185332196
B_direct,3.632,1.2018193318544361,1.2018193318544361,1.2018193318544361
B_direct,3.636,1.2094107768966675,1.2094107768966675,1.2094107768966675
B_direct,3.64,1.2168651948369027,1.2168651948369027,1.2168651948369027
B_direct,3.644,1.2241733066720868,1.2241733066720868,1.2241733066720868
B_direct,3.648,1.2313271729941677,1.2313271729941677,1.2313271729941677
B_direct,3.652,1.2383196709308766,1.2383196709308766,1.2383196709308766
B_direct,3.656,1.2451442801660781,1.2451442801660781,1.2451442801660781
B_direct,3.66,1.2517953157193793,1.2517953157193793,1.2517953157193793
B_direct,3.664,1.2582681922538168,1.2582681922538168,1.2582681922538168
B_direct,3.668,1.2645594128823274,1.2645594128823274,1.2645594128823274
B_direct,3.672,1.2706663734705563,1.2706663734705563,1.2706663734705563
B_direct,3.676,1.2765871631896701,1.2765871631896701,1.2765871631896701
B_direct,3.68,1.282320444314454,1.282320444314454,1.282320444314454
B_direct,3.684,1.2878654104133942,1.2878654104133942,1.2878654104133942
B_direct,3.688,1.2932217952971832,1.2932217952971832,1.2932217952971832
B_direct,3.692,1.2983899109121264,1.2983899109121264,1.2983899109121264
B_direct,3.696,1.3033707048244998,1.3033707048244998,1.3033707048244998
B_direct,3.7,1.308165836643537,1.308165836643537,1.308165836643537
B_direct,3.704,1.3127777771337157,1.3127777771337157,1.3127777771337157
B_direct,3.708,1.317209935765425,1.317209935765425,1.317209935765425
B_direct,3.712,1.3214668233855058,1.3214668233855058,1.3214668233855058
B_direct,3.716,1.32555425692872,1.32555425692872,1.32555425692872
B_direct,3.72,1.3294796121899692,1.3294796121899692,1.3294796121899692
B_direct,3.724,1.3332521273498703,1.3332521273498703,1.3332521273498703
B_direct,3.728,1.3368832518388623,1.3368832518388623,1.3368832518388623
B_direct,3.732,1.3403870185929945,1.3403870185929945,1.3403870185929945
B_direct,3.736,1.3437803882936994,1.3437803882936994,1.3437803882936994
B_direct,3.74,1.3470834689460696,1.3470834689460696,1.3470834689460696
B_direct,3.744,1.3503194587883138,1.3503194587883138,1.3503194587883138
B_direct,3.748,1.3535141211592712,1.3535141211592712,1.3535141211592712
B_direct,3.7520000000000002,1.3566946320243467,1.3566946320243467,1.3566946320243467
B_direct,3.7560000000000002,1.3598878082203378,1.3598878082203378,1.3598878082203378
B_direct,3.7600000000000002,1.363118019687254,1.363118019687254,1.363118019687254
B_direct,3.7640000000000002,1.3664053402120655,1.3664053402120655,1.3664053402120655
B_direct,3.7680000000000002,1.3697644272388623,1.3697644272388623,1.3697644272388623
B_direct,3.7720000000000002,1.3732041778681592,1.3732041778681592,1.3732041778681592
B_direct,3.7760000000000002,1.3767277420839903,1.3767277420839903,1.3767277420839903
B_direct,3.7800000000000002,1.3803324577241716,1.3803324577241716,1.3803324577241716
B_direct,3.7840000000000003,1.3840097343484503,1.3840097343484503,1.3840097343484503
B_direct,3.7880000000000003,1.3877453611050643,1.3877453611050643,1.3877453611050643
B_direct,3.7920000000000003,1.391520666930058,1.391520666930058,1.391520666930058
B_direct,3.7960000000000003,1.395314474181244,1.395314474181244,1.395314474181244
B_direct,3.8000000000000003,1.39910533997444,1.39910533997444,1.39910533997444
B_direct,3.8040000000000003,1.4028735209543337,1.4028735209543337,1.4028735209543337
B_direct,3.8080000000000003,1.4066023534019756,1.4066023534019756,1.4066023534019756
B_direct,3.8120000000000003,1.410279037528472,1.410279037528472,1.410279037528472
B_direct,3.8160000000000003,1.413894979648774,1.413894979648774,1.413894979648774
B_direct,3.8200000000000003,1.4174458678227726,1.4174458678227726,1.4174458678227726
B_direct,3.8240000000000003,1.4209315941740042,1.4209315941740042,1.4209315941740042
B_direct,3.8280000000000003,1.424356041229269,1.424356041229269,1.424356041229269
B_direct,3.8320000000000003,1.427726647195088,1.427726647195088,1.427726647195088
B_direct,3.8360000000000003,1.4310535792727441,1.4310535792727441,1.4310535792727441
B_direct,3.84,1.434348321996915,1.434348321996915,1.434348321996915
B_direct,3.844,1.4376216067129746,1.4376216067129746,1.4376216067129746
B_direct,3.848,1.440880919884735,1.440880919884735,1.440880919884735
B_direct,3.852,1.4441282298162033,1.4441282298162033,1.4441282298162033
B_direct,3.856,1.4473587531068925,1.4473587531068925,1.4473587531068925
B_direct,3.86,1.4505612611055467,1.4505612611055467,1.4505612611055467
B_direct,3.864,1.4537197346282147,1.4537197346282147,1.4537197346282147
B_direct,3.868,1.4568156273304633,1.4568156273304633,1.4568156273304633
B_direct,3.872,1.4598299542487698,1.4598299542487698,1.4598299542487698
B_direct,3.876,1.462744762458177,1.462744762458177,1.462744762458177
B_direct,3.88,1.4655439220859292,1.4655439220859292,1.4655439220859292
B_direct,3.884,1.4682133920910678,1.4682133920910678,1.4682133920910678
B_direct,3.888,1.4707411637947614,1.4707411637947614,1.4707411637947614
B_direct,3.892,1.473117046585427,1.473117046585427,1.473117046585427
B_direct,3.896,1.47533240141238,1.47533240141238,1.47533240141238
B_direct,3.9,1.4773798792711574,1.4773798792711574,1.4773798792711574
B_direct,3.904,1.4792531904041712,1.4792531904041712,1.4792531904041712
B_direct,3.908,1.4809469122882113,1.4809469122882113,1.4809469122882113
B_direct,3.912,1.4824563357944096,1.4824563357944096,1.4824563357944096
B_direct,3.916,1.48377734531719,1.48377734531719,1.48377734531719
B_direct,3.92,1.4849063276977088,1.4849063276977088,1.4849063276977088
B_direct,3.924,1.4858401050027763,1.4858401050027763,1.4858401050027763
B_direct,3.928,1.4865758869241321,1.4865758869241321,1.4865758869241321
B_direct,3.932,1.4871112393796078,1.4871112393796078,1.4871112393796078
B_direct,3.936,1.4874440666748763,1.4874440666748763,1.4874440666748763
B_direct,3.94,1.4875726052708491,1.4875726052708491,1.4875726052708491
B_direct,3.944,1.4874954277940309,1.4874954277940309,1.4874954277940309
B_direct,3.948,1.487211456441597,1.487211456441597,1.487211456441597
B_direct,3.952,1.4867199853932367,1.4867199853932367,1.4867199853932367
B_direct,3.956,1.4860207122717355,1.4860207122717355,1.4860207122717355
B_direct,3.96,1.485113779115156,1.485113779115156,1.485113779115156
B_direct,3.964,1.483999823751147,1.483999823751147,1.483999823751147
B_direct,3.968,1.4826800429054843,1.4826800429054843,1.4826800429054843
B_direct,3.972,1.4811562688245252,1.4811562688245252,1.4811562688245252
B_direct,3.976,1.4794310616116824,1.4794310616116824,1.4794310616116824
B_direct,3.98,1.4775078197953846,1.4775078197953846,1.4775078197953846
B_direct,3.984,1.475390911714521,1.475390911714521,1.475390911714521
B_direct,3.988,1.4730858298728449,1.4730858298728449,1.4730858298728449
B_direct,3.992,1.4705993690654828,1.4705993690654828,1.4705993690654828
B_direct,3.996,1.4679398262105818,1.4679398262105818,1.4679398262105818
B_direct,4.0,1.4651172146327422,1.4651172146327422,1.4651172146327422
B_direct,4.0040000000000004,1.4621434772232615,1.4621434772232615,1.4621434772232615
B_direct,4.008,1.4590326710771955,1.4590326710771955,1.4590326710771955
B_direct,4.0120000000000005,1.455801081917691,1.455801081917691,1.455801081917691
B_direct,4.016,1.452467213635164,1.452467213635164,1.452467213635164
B_direct,4.0200000000000005,1.44905159379989,1.44905159379989,1.44905159379989
B_direct,4.024,1.445576348305862,1.445576348305862,1.445576348305862
B_direct,4.0280000000000005,1.4420645283963343,1.4420645283963343,1.4420645283963343
B_direct,4.032,1.438539203351685,1.438539203351685,1.438539203351685
B_direct,4.0360000000000005,1.4350223265619513,1.4350223265619513,1.4350223265619513
B_direct,4.04,1.4315333272587136,1.4315333272587136,1.4315333272587136
B_direct,4.0440000000000005,1.4280873497456699,1.4280873497456699,1.4280873497456699
B_direct,4.048,1.4246932208900374,1.4246932208900374,1.4246932208900374
B_direct,4.0520000000000005,1.4213516367661663,1.4213516367661663,1.4213516367661663
B_direct,4.056,1.4180544183280301,1.4180544183280301,1.4180544183280301
B_direct,4.0600000000000005,1.4147854799688282,1.4147854799688282,1.4147854799688282
B_direct,4.064,1.4115233361198627,1.4115233361198627,1.4115233361198627
B_direct,4.0680000000000005,1.4082442122307115,1.4082442122307115,1.4082442122307115
B_direct,4.072,1.404924747453569,1.404924747453569,1.404924747453569
B_direct,4.0760000000000005,1.4015437600261245,1.4015437600261245,1.4015437600261245
B_direct,4.08,1.3980830742452,1.3980830742452,1.3980830742452
B_direct,4.0840000000000005,1.3945276762176158,1.3945276762176158,1.3945276762176158
B_direct,4.088,1.3908654943329661,1.3908654943329661,1.3908654943329661
B_direct,4.0920000000000005,1.3870870223706278,1.3870870223706278,1.3870870223706278
B_direct,4.096,1.383184913517737,1.383184913517737,1.383184913517737
B_direct,4.1,1.379153608041091,1.379153608041091,1.379153608041091
B_direct,4.104,1.3749890185307028,1.3749890185307028,1.3749890185307028
B_direct,4.108,1.3706882768348194,1.3706882768348194,1.3706882768348194
B_direct,4.112,1.3662495382272242,1.3662495382272242,1.3662495382272242
B_direct,4.116,1.3616718356337096,1.3616718356337096,1.3616718356337096
B_direct,4.12,1.3569549767897988,1.3569549767897988,1.3569549767897988
B_direct,4.124,1.3520994783777613,1.3520994783777613,1.3520994783777613
B_direct,4.128,1.3471065327073573,1.3471065327073573,1.3471065327073573
B_direct,4.132,1.3419780040020206,1.3419780040020206,1.3419780040020206
B_direct,4.136,1.336716452663675,1.336716452663675,1.336716452663675
B_direct,4.14,1.3313251869067677,1.3313251869067677,1.3313251869067677
B_direct,4.144,1.325808341736861,1.325808341736861,1.325808341736861
B_direct,4.148,1.320170985162846,1.320170985162846,1.320170985162846
B_direct,4.152,1.3144192503666574,1.3144192503666574,1.3144192503666574
B_direct,4.156,1.3085604896736778,1.3085604896736778,1.3085604896736778
B_direct,4.16,1.3026034406962073,1.3026034406962073,1.3026034406962073
B_direct,4.164,1.2965583860110872,1.2965583860110872,1.2965583860110872
B_direct,4.168,1.2904372747135056,1.2904372747135056,1.2904372747135056
B_direct,4.172,1.2842537584602982,1.2842537584602982,1.2842537584602982
B_direct,4.176,1.2780230814059264,1.2780230814059264,1.2780230814059264
B_direct,4.18,1.2717617641723438,1.2717617641723438,1.2717617641723438
B_direct,4.184,1.2654870537106861,1.2654870537106861,1.2654870537106861
B_direct,4.188,1.2592161875150223,1.2592161875150223,1.2592161875150223
B_direct,4.192,1.2529656335333423,1.2529656335333423,1.2529656335333423
B_direct,4.196,1.246750566555539,1.246750566555539,1.246750566555539
B_direct,4.2,1.240584847425886,1.240584847425886,1.240584847425886
B_direct,4.204,1.2344816268584098,1.2344816268584098,1.2344816268584098
B_direct,4.208,1.2284544274298521,1.2284544274298521,1.2284544274298521
B_direct,4.212,1.2225182691632008,1.2225182691632008,1.2225182691632008
B_direct,4.216,1.216690215780877,1.216690215780877,1.216690215780877
B_direct,4.22,1.2109887443030236,1.2109887443030236,1.2109887443030236
B_direct,4.224,1.2054317164986246,1.2054317164986246,1.2054317164986246
B_direct,4.228,1.2000335079463018,1.2000335079463018,1.2000335079463018
B_direct,4.232,1.194802662531694,1.194802662531694,1.194802662531694
B_direct,4.236,1.1897414749389412,1.1897414749389412,1.1897414749389412
B_direct,4.24,1.1848477993727768,1.1848477993727768,1.1848477993727768
B_direct,4.244,1.1801180278451127,1.1801180278451127,1.1801180278451127
B_direct,4.248,1.1755497882210366,1.1755497882210366,1.1755497882210366
B_direct,4.252,1.1711435650258482,1.1711435650258482,1.1711435650258482
B_direct,4.256,1.166903305437518,1.166903305437518,1.166903305437518
B_direct,4.26,1.1628364822901123,1.1628364822901123,1.1628364822901123
B_direct,4.264,1.158953954602349,1.158953954602349,1.158953954602349
B_direct,4.268,1.155269538844141,1.155269538844141,1.155269538844141
B_direct,4.272,1.1517988683707063,1.1517988683707063,1.1517988683707063
B_direct,4.276,1.1485572926437655,1.1485572926437655,1.1485572926437655
B_direct,4.28,1.1455573975603313,1.1455573975603313,1.1455573975603313
B_direct,4.284,1.1428076236122924,1.1428076236122924,1.1428076236122924
B_direct,4.288,1.1403132984620563,1.1403132984620563,1.1403132984620563
B_direct,4.292,1.1380799251841052,1.1380799251841052,1.1380799251841052
B_direct,4.296,1.1361170894093242,1.1361170894093242,1.1361170894093242
B_direct,4.3,1.134441121408218,1.134441121408218,1.134441121408218
B_direct,4.304,1.1330753983546529,1.1330753983546529,1.1330753983546529
B_direct,4.308,1.1320479726788661,1.1320479726788661,1.1320479726788661
B_direct,4.312,1.1313867728091516,1.1313867728091516,1.1313867728091516
B_direct,4.316,1.131113248408146,1.131113248408146,1.131113248408146
B_direct,4.32,1.1312361777473448,1.1312361777473448,1.1312361777473448
B_direct,4.324,1.1317479314044632,1.1317479314044632,1.1317479314044632
B_direct,4.328,1.1326249648526325,1.1326249648526325,1.1326249648526325
B_direct,4.332,1.133832516644063,1.133832516644063,1.133832516644063
B_direct,4.336,1.1353315134263946,1.1353315134263946,1.1353315134263946
B_direct,4.34,1.1370850185307875,1.1370850185307875,1.1370850185307875
B_direct,4.344,1.139062468057832,1.139062468057832,1.139062468057832
B_direct,4.348,1.14124133267991,1.14124133267991,1.14124133267991
B_direct,4.352,1.14360672899501,1.14360672899501,1.14360672899501
B_direct,4.356,1.146149761176624,1.146149761176624,1.146149761176624
B_direct,4.36,1.1488653366809238,1.1488653366809238,1.1488653366809238
B_direct,4.364,1.1517501032537867,1.1517501032537867,1.1517501032537867
B_direct,4.368,1.1548010048274284,1.1548010048274284,1.1548010048274284
B_direct,4.372,1.1580146834458223,1.1580146834458223,1.1580146834458223
B_direct,4.376,1.1613875963241385,1.1613875963241385,1.1613875963241385
B_direct,4.38,1.1649164302801922,1.1649164302801922,1.1649164302801922
B_direct,4.384,1.1685983356603997,1.1685983356603997,1.1685983356603997
B_direct,4.388,1.1724306967175029,1.1724306967175029,1.1724306967175029
B_direct,4.392,1.1764104993801463,1.1764104993801463,1.1764104993801463
B_direct,4.396,1.180533674846412,1.180533674846412,1.180533674846412
B_direct,4.4,1.1847949137033102,1.1847949137033102,1.1847949137033102
B_direct,4.404,1.1891882755153507,1.1891882755153507,1.1891882755153507
B_direct,4.408,1.193708543321932,1.193708543321932,1.193708543321932
B_direct,4.412,1.198352886563261,1.198352886563261,1.198352886563261
B_direct,4.416,1.2031221472230011,1.2031221472230011,1.2031221472230011
B_direct,4.42,1.2080209816892646,1.2080209816892646,1.2080209816892646
B_direct,4.424,1.2130562271399996,1.2130562271399996,1.2130562271399996
B_direct,4.428,1.2182334379402604,1.2182334379402604,1.2182334379402604
B_direct,4.432,1.2235526774394996,1.2235526774394996,1.2235526774394996
B_direct,4.436,1.2290056940298988,1.2290056940298988,1.2290056940298988
B_direct,4.44,1.2345762427378237,1.2345762427378237,1.2345762427378237
B_direct,4.444,1.2402433614064563,1.2402433614064563,1.2402433614064563
B_direct,4.448,1.2459856811091325,1.2459856811091325,1.2459856811091325
B_direct,4.452,1.2517848347495888,1.2517848347495888,1.2517848347495888
B_direct,4.456,1.257627133653201,1.257627133653201,1.257627133653201
B_direct,4.46,1.2635036155911927,1.2635036155911927,1.2635036155911927
B_direct,4.464,1.2694088984974772,1.2694088984974772,1.2694088984974772
B_direct,4.468,1.2753392843082627,1.2753392843082627,1.2753392843082627
B_direct,4.472,1.2812905625298872,1.2812905625298872,1.2812905625298872
B_direct,4.476,1.2872560307116157,1.2872560307116157,1.2872560307116157
B_direct,4.48,1.293225247742397,1.293225247742397,1.293225247742397
B_direct,4.484,1.2991838262915951,1.2991838262915951,1.2991838262915951
B_direct,4.488,1.3051141930979555,1.3051141930979555,1.3051141930979555
B_direct,4.492,1.310996918584746,1.310996918584746,1.310996918584746
B_direct,4.496,1.3168121270617463,1.3168121270617463,1.3168121270617463
B_direct,4.5,1.3225406357528933,1.3225406357528933,1.3225406357528933
B_direct,4.5040000000000004,1.3281646868472754,1.3281646868472754,1.3281646868472754
B_direct,4.508,1.3336683015629807,1.3336683015629807,1.3336683015629807
B_direct,4.5120000000000005,1.3390373591427376,1.3390373591427376,1.3390373591427376
B_direct,4.516,1.3442595100339283,1.3442595100339283,1.3442595100339283
B_direct,4.5200000000000005,1.3493240081400457,1.3493240081400457,1.3493240081400457
B_direct,4.524,1.354221517254275,1.354221517254275,1.354221517254275
B_direct,4.5280000000000005,1.358943922631021,1.358943922631021,1.358943922631021
B_direct,4.532,1.3634841623920617,1.3634841623920617,1.3634841623920617
B_direct,4.5360000000000005,1.3678360837830563,1.3678360837830563,1.3678360837830563
B_direct,4.54,1.3719943241159587,1.3719943241159587,1.3719943241159587
B_direct,4.5440000000000005,1.3759542138037828,1.3759542138037828,1.3759542138037828
B_direct,4.548,1.3797116980156023,1.3797116980156023,1.3797116980156023
B_direct,4.5520000000000005,1.383263273416118,1.383263273416118,1.383263273416118
B_direct,4.556,1.3866059367859884,1.3866059367859884,1.3866059367859884
B_direct,4.5600000000000005,1.3897371428215193,1.3897371428215193,1.3897371428215193
B_direct,4.564,1.3926547689698976,1.3926547689698976,1.3926547689698976
B_direct,4.5680000000000005,1.3953570857123565,1.3953570857123565,1.3953570857123565
B_direct,4.572,1.3978427312360386,1.3978427312360386,1.3978427312360386
B_direct,4.5760000000000005,1.4001106899237306,1.4001106899237306,1.4001106899237306
B_direct,4.58,1.402160274535365,1.402160274535365,1.402160274535365
B_direct,4.5840000000000005,1.4039911123573983,1.4039911123573983,1.4039911123573983
B_direct,4.588,1.4056031359618508,1.4056031359618508,1.4056031359618508
B_direct,4.5920000000000005,1.4069965795567343,1.4069965795567343,1.4069965795567343
B_direct,4.596,1.4081719822397596,1.4081719822397596,1.4081719822397596
B_direct,4.6000000000000005,1.4091301998084325,1.4091301998084325,1.4091301998084325
B_direct,4.604,1.4098724271577556,1.4098724271577556,1.4098724271577556
B_direct,4.6080000000000005,1.410400233740777,1.410400233740777,1.410400233740777
B_direct,4.612,1.410715615107509,1.410715615107509,1.410715615107509
B_direct,4.616,1.4108210642012287,1.4108210642012287,1.4108210642012287
B_direct,4.62,1.4107196668911655,1.4107196668911655,1.4107196668911655
B_direct,4.624,1.4104152271380144,1.4104152271380144,1.4104152271380144
B_direct,4.628,1.4099124281354556,1.4099124281354556,1.4099124281354556
B_direct,4.632,1.4092170365225392,1.4092170365225392,1.4092170365225392
B_direct,4.636,1.4083361568445403,1.4083361568445403,1.4083361568445403
B_direct,4.64,1.4072785419535716,1.4072785419535716,1.4072785419535716
B_direct,4.644,1.4060549604332757,1.4060549604332757,1.4060549604332757
B_direct,4.648,1.4046786120377868,1.4046786120377868,1.4046786120377868
B_direct,4.652,1.4031655636464269,1.4031655636464269,1.4031655636464269
B_direct,4.656,1.401535149487126,1.401535149487126,1.401535149487126
B_direct,4.66,1.3998102438914144,1.3998102438914144,1.3998102438914144
B_direct,4.664,1.3980172894767715,1.3980172894767715,1.3980172894767715
B_direct,4.668,1.396185986235639,1.396185986235639,1.396185986235639
B_direct,4.672,1.3943486677765056,1.3943486677765056,1.3943486677765056
B_direct,4.676,1.3925396230282447,1.3925396230282447,1.3925396230282447
B_direct,4.68,1.3907948555129435,1.3907948555129435,1.3907948555129435
B_direct,4.684,1.389152745019119,1.389152745019119,1.389152745019119
B_direct,4.688,1.3876555177206342,1.3876555177206342,1.3876555177206342
B_direct,4.692,1.386350334668151,1.386350334668151,1.386350334668151
B_direct,4.696,1.3852876569628663,1.3852876569628663,1.3852876569628663
B_direct,4.7,1.384514487496093,1.384514487496093,1.384514487496093
B_direct,4.704,1.3840626220374312,1.3840626220374312,1.3840626220374312
B_direct,4.708,1.383936769352585,1.383936769352585,1.383936769352585
B_direct,4.712,1.3841098749958254,1.3841098749958254,1.3841098749958254
B_direct,4.716,1.384529071585758,1.384529071585758,1.384529071585758
B_direct,4.72,1.3851284365408105,1.3851284365408105,1.3851284365408105
B_direct,4.724,1.3858414641796346,1.3858414641796346,1.3858414641796346
B_direct,4.728,1.3866089105260453,1.3866089105260453,1.3866089105260453
B_direct,4.732,1.3873818916872214,1.3873818916872214,1.3873818916872214
B_direct,4.736,1.3881220444009488,1.3881220444009488,1.3881220444009488
B_direct,4.74,1.3888004273957757,1.3888004273957757,1.3888004273957757
B_direct,4.744,1.3893961349070858,1.3893961349070858,1.3893961349070858
B_direct,4.748,1.3898950492905036,1.3898950492905036,1.3898950492905036
B_direct,4.752,1.3902888700069291,1.3902888700069291,1.3902888700069291
B_direct,4.756,1.390574426752896,1.390574426752896,1.390574426752896
B_direct,4.76,1.3907532285404778,1.3907532285404778,1.3907532285404778
B_direct,4.764,1.3908311678224101,1.3908311678224101,1.3908311678224101
B_direct,4.768,1.390818264298797,1.390818264298797,1.390818264298797
B_direct,4.772,1.3907282894164168,1.3907282894164168,1.3907282894164168
B_direct,4.776,1.390578073058216,1.390578073058216,1.390578073058216
B_direct,4.78,1.390386301426179,1.390386301426179,1.390386301426179
B_direct,4.784,1.3901717371685085,1.3901717371685085,1.3901717371685085
B_direct,4.788,1.3899510683388543,1.3899510683388543,1.3899510683388543
B_direct,4.792,1.3897369296670385,1.3897369296670385,1.3897369296670385
B_direct,4.796,1.389536779323827,1.389536779323827,1.389536779323827
B_direct,4.8,1.3893530287732223,1.3893530287732223,1.3893530287732223
B_direct,4.804,1.3891842243835872,1.3891842243835872,1.3891842243835872
B_direct,4.808,1.3890266000342921,1.3890266000342921,1.3890266000342921
B_direct,4.812,1.3888752862178397,1.3888752862178397,1.3888752862178397
B_direct,4.816,1.3887248051471717,1.3887248051471717,1.3887248051471717
B_direct,4.82,1.3885689087188107,1.3885689087188107,1.3885689087188107
B_direct,4.824,1.3884000961771026,1.3884000961771026,1.3884000961771026
B_direct,4.828,1.3882092071298406,1.3882092071298406,1.3882092071298406
B_direct,4.832,1.3879853605391042,1.3879853605391042,1.3879853605391042
B_direct,4.836,1.3877163000082946,1.3877163000082946,1.3877163000082946
B_direct,4.84,1.3873890246886709,1.3873890246886709,1.3873890246886709
B_direct,4.844,1.386990507148593,1.386990507148593,1.386990507148593
B_direct,4.848,1.3865083251693324,1.3865083251693324,1.3865083251693324
B_direct,4.852,1.3859311129201575,1.3859311129201575,1.3859311129201575
B_direct,4.856,1.385248814268511,1.385248814268511,1.385248814268511
B_direct,4.86,1.3844527693850552,1.3844527693850552,1.3844527693850552
B_direct,4.864,1.3835356837088848,1.3835356837088848,1.3835356837088848
B_direct,4.868,1.382491526353801,1.382491526353801,1.382491526353801
B_direct,4.872,1.3813153944329422,1.3813153944329422,1.3813153944329422
B_direct,4.876,1.3800033678683077,1.3800033678683077,1.3800033678683077
B_direct,4.88,1.378552369365956,1.378552369365956,1.378552369365956
B_direct,4.884,1.3769600372070177,1.3769600372070177,1.3769600372070177
B_direct,4.888,1.375224614010428,1.375224614010428,1.375224614010428
B_direct,4.892,1.373344852008487,1.373344852008487,1.373344852008487
B_direct,4.896,1.3713199340147117,1.3713199340147117,1.3713199340147117
B_direct,4.9,1.3691494086769815,1.3691494086769815,1.3691494086769815
B_direct,4.904,1.3668331384721277,1.3668331384721277,1.3668331384721277
B_direct,4.908,1.3643712590057675,1.3643712590057675,1.3643712590057675
B_direct,4.912,1.3617641484125134,1.3617641484125134,1.3617641484125134
B_direct,4.916,1.3590124059397384,1.3590124059397384,1.3590124059397384
B_direct,4.92,1.3561168391110408,1.3561168391110408,1.3561168391110408
B_direct,4.924,1.353078459191223,1.353078459191223,1.353078459191223
B_direct,4.928,1.34989848501402,1.34989848501402,1.34989848501402
B_direct,4.932,1.3465783555954742,1.3465783555954742,1.3465783555954742
B_direct,4.936,1.343119752353489,1.343119752353489,1.343119752353489
B_direct,4.94,1.3395246322046976,1.3395246322046976,1.3395246322046976
B_direct,4.944,1.335795273333159,1.335795273333159,1.335795273333159
B_direct,4.948,1.3319343360411966,1.3319343360411966,1.3319343360411966
B_direct,4.952,1.3279449418187559,1.3279449418187559,1.3279449418187559
B_direct,4.956,1.3238307746125486,1.3238307746125486,1.3238307746125486
B_direct,4.96,1.319596209230701,1.319596209230701,1.319596209230701
B_direct,4.964,1.3152464728375037,1.3152464728375037,1.3152464728375037
B_direct,4.968,1.310787846475511,1.310787846475511,1.310787846475511
B_direct,4.972,1.3062279143210425,1.3062279143210425,1.3062279143210425
B_direct,4.976,1.3015758686897598,1.3015758686897598,1.3015758686897598
B_direct,4.98,1.2968428784532953,1.2968428784532953,1.2968428784532953
B_direct,4.984,1.2920425276730907,1.2920425276730907,1.2920425276730907
B_direct,4.988,1.2871913312201615,1.2871913312201615,1.2871913312201615
B_direct,4.992,1.2823093386664828,1.2823093386664828,1.2823093386664828
B_direct,4.996,1.277420853739618,1.277420853739618,1.277420853739618
B_direct,5.0,1.272555329914535,1.272555329914535,1.272555329914535
C_history,0.008,0.0,0.0,0.0
C_history,0.012,0.00018466406398973985,0.0001731740515957399,0.00019594569239017167
C_history,0.016,0.00037108629610643274,0.0003485149143338358,0.0003933444077455011
C_history,0.02,0.0005596829023806826,0.0005271855265295596,0.000592474467506461
C_history,0.024,0.0007517251983133113,0.0007113076266917577,0.0007949620074948682
C_history,0.028,0.0009489546554215647,0.0009054639358835044,0.0010034608965212256
C_history,0.032,0.0011527447850737086,0.0011120560359764485,0.001219126497690137
C_history,0.036000000000000004,0.0013635199647019148,0.0013149392088515886,0.0014470713544283552
C_history,0.04,0.0015805725611971744,0.0015221920318641531,0.001675565154810297
C_history,0.044,0.0018023008849655988,0.0017504736769409935,0.0019100644343040681
C_history,0.048,0.0020267257466019786,0.0019815175941398392,0.002150694804123036
C_history,0.052000000000000005,0.0022520271341185754,0.0022137233965092693,0.002399062679421155
C_history,0.056,0.0024768968025470285,0.002428956666062797,0.002643195057624716
C_history,0.06,0.0027006394726540777,0.0026382172515739735,0.0028856090211538147
C_history,0.064,0.002923074433428918,0.0028451311891423228,0.0031270599894426855
C_history,0.068,0.003144340349486594,0.003050053886185899,0.003367921714285765
C_history,0.07200000000000001,0.0033646964942107317,0.0032536568998971917,0.0036056941990176084
C_history,0.076,0.0035843756751293017,0.003458808531219725,0.003840813254865636
C_history,0.08,0.0038035056991545966,0.003665185864679537,0.004086340597280468
C_history,0.084,0.004022090674315991,0.0038729756961523986,0.0043315206112860445
C_history,0.088,0.004240032230777094,0.004082300896845449,0.004575784248595974
C_history,0.092,0.004457169773801761,0.0042930085255088665,0.004818609421586443
C_history,0.096,0.004673323205841686,0.004501013043981565,0.00505961685690736
C_history,0.1,0.004888327486744291,0.004706405630001844,0.005298621535319404
C_history,0.10400000000000001,0.005102053878257527,0.004911526141561331,0.005535225633658506
C_history,0.108,0.005314416922688992,0.005115851611138829,0.005769125044631372
C_history,0.112,0.005525369043502947,0.005318859247267415,0.006001692141782183
C_history,0.116,0.005734886350459396,0.00552005960970295,0.00623243986571419
C_history,0.12,0.005942950058062052,0.0057190169402573125,0.006461536608978915
C_history,0.124,0.006149528078144071,0.005915358649942948,0.006690114882018634
C_history,0.128,0.006354560916623213,0.0061087771665734964,0.006918132028666153
C_history,0.132,0.006557955034633968,0.0062990276918808525,0.007145401287673091
C_history,0.136,0.006759585410160952,0.006485924977640658,0.00737158387908771
C_history,0.14,0.006959307346057873,0.0066693412056192305,0.00759557422081203
C_history,0.14400000000000002,0.007156975901812355,0.006849205742409313,0.007815103264632015
C_history,0.148,0.007352470003345929,0.0070255062601489275,0.00802786106611253
C_history,0.152,0.007545717580912129,0.007198289733582009,0.008238600600342271
C_history,0.156,0.007736718140947082,0.00736766129561931,0.008446950018980425
C_history,0.16,0.007925559931184238,0.007533778900632392,0.008652514228437502
C_history,0.164,0.008112430022710603,0.007696842201078269,0.008854908981887658
C_history,0.168,0.008297616806127605,0.007857074994894494,0.00905379743937273
C_history,0.17200000000000001,0.008481505295063311,0.008014702047333799,0.009248926791545445
C_history,0.176,0.00866456623715008,0.008169922889194185,0.009472106989584672
C_history,0.18,0.008847340513614705,0.008322886909894148,0.009663150996068801
C_history,0.184,0.009030420742326227,0.008473675015678583,0.009853930766877702
C_history,0.188,0.009214432271077837,0.008622292743390908,0.010045891384414304
C_history,0.192,0.009400015714471846,0.008768678050108602,0.010240545427542158
C_history,0.196,0.009587812874557965,0.008912724814152246,0.010439423943337654
C_history,0.2,0.009778457451596393,0.009054321330189127,0.010643816770788954
C_history,0.20400000000000001,0.009972571474604706,0.009193402004185742,0.010869849384978859
C_history,0.20800000000000002,0.010170767745821683,0.009336713943383415,0.011109197872476918
C_history,0.212,0.010373657629726921,0.009483288260232639,0.011345955027382976
C_history,0.216,0.010581862253559123,0.009632815384377475,0.011594341143968394
C_history,0.22,0.010796023961606617,0.009787412207458419,0.011855401651310795
C_history,0.224,0.011016814207498145,0.009949297813584279,0.012130062947610537
C_history,0.228,0.011244934418201355,0.01012064092312077,0.012419121215825836
C_history,0.232,0.011481107806037522,0.010299913436522258,0.012723237519656264
C_history,0.23600000000000002,0.011726062252222582,0.010444221992904852,0.013042949546527042
C_history,0.24,0.01198050650797125,0.010547490228446648,0.01339144885699637
C_history,0.244,0.01224510336294586,0.010650197625476214,0.013760689842396263
C_history,0.248,0.01252044386294468,0.01075319025278118,0.01415056669251819
C_history,0.252,0.012807026416845262,0.010857242623559351,0.014561637469547601
C_history,0.256,0.013105244239844455,0.010962989262866601,0.014994604053731292
C_history,0.26,0.013415384276372266,0.011070882442151563,0.015450280220161875
C_history,0.264,0.013737640234638254,0.011186160558632726,0.015929472227592903
C_history,0.268,0.014072141010233657,0.011359182743070611,0.01643280267055735
C_history,0.272,0.014418993094236823,0.011544176064662227,0.016960533554148595
C_history,0.276,0.014778331725085908,0.01174138694089368,0.017512453291620662
C_history,0.28,0.015150371694952453,0.011951003296980386,0.01808788126626417
C_history,0.28400000000000003,0.015535446744338946,0.012173160622313684,0.0186858141984234
C_history,0.28800000000000003,0.015934027846162803,0.012407995954285557,0.01930519608373097
C_history,0.292,0.01634671489853622,0.012655821199945277,0.019945247587285417
C_history,0.296,0.016774200914909547,0.012917439191700053,0.020605756433833507
C_history,0.3,0.01721721079963944,0.013194533246876096,0.021287224876838026
C_history,0.304,0.017676419404402528,0.013489963840477603,0.02199080470046444
C_history,0.308,0.01815235840855131,0.01380776716991839,0.02271801869564398
C_history,0.312,0.018645328125107295,0.014152719544380073,0.023470345699716257
C_history,0.316,0.019155333887944496,0.014494248871100141,0.024248801829607345
C_history,0.32,0.019682063329103702,0.014725493756095796,0.02505366006467962
C_history,0.324,0.020224912099364143,0.01496716193433842,0.025884408911039998
C_history,0.328,0.020783055915527475,0.015219154072498263,0.02673740362217251
C_history,0.332,0.02135555783314807,0.015481081121431577,0.027580454274982596
C_history,0.336,0.02194148969002381,0.015752315578877414,0.02844439341957697
C_history,0.34,0.02254003700652608,0.016032111934517597,0.029328693906128793
C_history,0.34400000000000003,0.023150554425193016,0.016319782852648804,0.03023324287575031
C_history,0.34800000000000003,0.02377255108801011,0.016614895806087923,0.03115821221498807
C_history,0.352,0.02440561087847944,0.016917438380106047,0.032103708936593034
C_history,0.356,0.025049279315740608,0.017227897583445707,0.0330693200302289
C_history,0.36,0.025702960325472497,0.017547214997394124,0.034053716346461184
C_history,0.364,0.026365852442054756,0.017883279280614152,0.03505447190157476
C_history,0.368,0.027036923763413122,0.01823211071552779,0.03606819172191273
C_history,0.372,0.027714903818342664,0.018592565133747463,0.037090944419858954
C_history,0.376,0.02839828286773306,0.01896500298657863,0.03811889661865763
C_history,0.38,0.029085350233724182,0.019349218423939846,0.03914897726140419
C_history,0.384,0.029774323978199263,0.019744556689229472,0.040179383384765295
C_history,0.388,0.030463566388132503,0.02015016852784304,0.04120977995823328
C_history,0.392,0.031151765339747332,0.020565324944397674,0.042240177446225345
C_history,0.396,0.031837933514421164,0.02098969305688819,0.043233111527879564
C_history,0.4,0.03252123997779534,0.021423481568565463,0.04423301140195662
C_history,0.404,0.03320087765732597,0.021867399824720298,0.04524234432798224
C_history,0.40800000000000003,0.03387610670916344,0.022322426677192215,0.046262050433816544
C_history,0.41200000000000003,0.03454636379374999,0.02280760136795778,0.04729099471721275
C_history,0.41600000000000004,0.03521124050034485,0.02330969139021599,0.04832586611016674
C_history,0.42,0.03587029248537498,0.023827282435290035,0.0493615700196737
C_history,0.424,0.03652281925073346,0.02435891407918931,0.0503920694429231
C_history,0.428,0.03716781405095326,0.024902410690291234,0.05141154001474209
C_history,0.432,0.03780423015486803,0.025455210857193683,0.05241560750211554
C_history,0.436,0.03843154220701307,0.026014811139792697,0.05340233379703317
C_history,0.44,0.03905033794555687,0.026579232163814272,0.05437254727469969
C_history,0.444,0.039662544249442835,0.027147397652465943,0.055329165510183125
C_history,0.448,0.04027105249238513,0.02771932257114445,0.056275447131428735
C_history,0.452,0.040878883841100826,0.028296041987548537,0.057212668646659956
C_history,0.456,0.041488351094844514,0.02887927227104284,0.05813834872590395
C_history,0.46,0.042100693820244534,0.02947086184467599,0.059046344043300406
C_history,0.464,0.04271635401906134,0.030072138694669858,0.059929399488665956
C_history,0.468,0.04333564145299776,0.030683288181237497,0.06078310364699757
C_history,0.47200000000000003,0.04395932399930967,0.031302902486722683,0.06160875054340208
C_history,0.47600000000000003,0.04458879738073244,0.031927833924500236,0.062412909226941225
C_history,0.48,0.045225804307507854,0.032553446833599085,0.06320392722105639
C_history,0.484,0.04587194443000847,0.033164569272792405,0.0639881477578123
C_history,0.488,0.0465282934793157,0.03373918298838278,0.06476862935957077
C_history,0.492,0.047195343432941815,0.034315442178184254,0.06554659155306454
C_history,0.496,0.04787327401053486,0.034889174571997396,0.06632353398185546
C_history,0.5,0.04856235305360969,0.0354561108731373,0.067102135516101
C_history,0.504,0.04926315233266044,0.03601235223803969,0.06828579469895067
C_history,0.508,0.04997638523296406,0.036554784501536465,0.06957233353377545
C_history,0.512,0.050702499038441096,0.0370813662332216,0.0706194826586099
C_history,0.516,0.051441423188824456,0.037591233764265236,0.07148692997662642
C_history,0.52,0.05219280636396173,0.03808465740249367,0.07237214766070654
C_history,0.524,0.052956687080123147,0.03856292064113959,0.07327605200271993
C_history,0.528,0.05373414864577149,0.03899883151515264,0.07419993964177764
C_history,0.532,0.05452744501856458,0.03938420305397001,0.07514573926280074
C_history,0.536,0.05533945686857554,0.03975056546235981,0.07611600574489746
C_history,0.54,0.05617287661853363,0.04011050233627551,0.07724961022121725
C_history,0.544,0.05702972167844742,0.04047403278957336,0.07911246709082782
C_history,0.548,0.057911443074859646,0.04084809012783432,0.08103848915308504
C_history,0.552,0.05881941535458557,0.041238505582846266,0.08302600269573071
C_history,0.556,0.05975541188126334,0.04165159527198721,0.08507239098959962
C_history,0.56,0.06072177617387816,0.042093999091403544,0.0868636812806208
C_history,0.5640000000000001,0.061721159769687374,0.04257164987364233,0.08864494231534861
C_history,0.5680000000000001,0.06275590154402709,0.04308915522593488,0.09047662688242977
C_history,0.5720000000000001,0.06382742579258492,0.04364506532866745,0.0923551473493926
C_history,0.5760000000000001,0.0649361716483062,0.044128732534915185,0.09427786554890859
C_history,0.58,0.06608218664803438,0.04464403737009301,0.09624344821184365
C_history,0.584,0.06726584460776765,0.04519465098826881,0.09825185103973935
C_history,0.588,0.06848797644181809,0.04578376738232529,0.10030400418687084
C_history,0.592,0.06974936312634433,0.04641380010156456,0.10240133430062157
C_history,0.596,0.07105025313551658,0.047086538344670054,0.10445488885104903
C_history,0.6,0.07239045151457549,0.047803487597572886,0.10642579406003098
C_history,0.604,0.07376982103277781,0.0485660831000742,0.10844683817524427
C_history,0.608,0.07518864026836017,0.04937567147430452,0.11051795060146999
C_history,0.612,0.07664751675741958,0.0502333412150067,0.11263792424984109
C_history,0.616,0.07814702478929089,0.05113974451259852,0.11480465168601735
C_history,0.62,0.07968743543702692,0.05209502376196158,0.11701549544651264
C_history,0.624,0.08126873424346018,0.05309889492737605,0.11926770086256422
C_history,0.628,0.0828908065143252,0.054150877010532165,0.12155876220451026
C_history,0.632,0.0845535326477865,0.05525060116931444,0.12388667411230914
C_history,0.636,0.08625670648036025,0.05639809640254374,0.12625003367100537
C_history,0.64,0.08799993715511224,0.05759394950199098,0.12864799526325532
C_history,0.644,0.08978270796657026,0.058839281210933056,0.13108011202663153
C_history,0.648,0.09160457134107279,0.06013554847629954,0.13354611830767363
C_history,0.652,0.09346533056956927,0.06148424074856684,0.13604571399207008
C_history,0.656,0.09536510426890751,0.06288656339456822,0.1385194677334783
C_history,0.66,0.09730426847938811,0.06434319220387846,0.1410221266622036
C_history,0.664,0.09928331946277505,0.06585415274614373,0.14355463521499268
C_history,0.668,0.1013027074790539,0.06741884143757201,0.14611598456625852
C_history,0.672,0.10336269147501653,0.069236194914705,0.1487051728332644
C_history,0.676,0.10546325700700884,0.07166954722337865,0.15132129054497603
C_history,0.68,0.10760411648903109,0.07416345368194495,0.1538125512413786
C_history,0.684,0.10978477903964771,0.07671535071367744,0.15631850545577927
C_history,0.6880000000000001,0.11200465327008291,0.07932285371236192,0.15921607164423957
C_history,0.6920000000000001,0.1142631413383259,0.08198394035094625,0.16213223640636604
C_history,0.6960000000000001,0.11655969540424091,0.08469702438703172,0.16506619841282294
C_history,0.7000000000000001,0.11889382846201839,0.08737254463869593,0.16797851132810987
C_history,0.704,0.12126508962219888,0.08917416572233045,0.17085093646597005
C_history,0.708,0.12367302320333992,0.09102221009707287,0.17356107757223035
C_history,0.712,0.1261171311151557,0.09291663685725418,0.17628573135764228
C_history,0.716,0.12859685201918053,0.09485746226833962,0.17902322698868595
C_history,0.72,0.1311115623312427,0.09684473328434945,0.18177205519558848
C_history,0.724,0.13366059611652886,0.09887849524363283,0.18453105932294178
C_history,0.728,0.1362432751204592,0.10095875299377652,0.1872995814611934
C_history,0.732,0.13885893765667143,0.10308542579987619,0.19007752182295268
C_history,0.736,0.14150695628221016,0.10525829883422023,0.1928652877881643
C_history,0.74,0.1441867386672888,0.1074769769434848,0.19566363646835055
C_history,0.744,0.1468977122522264,0.1097408486788635,0.19847344287809357
C_history,0.748,0.14963929890357186,0.11204906915636967,0.2012954456173054
C_history,0.752,0.15241088880389186,0.1144005684499526,0.20413002726985022
C_history,0.756,0.15521182239713274,0.11679408796653926,0.20697707684481664
C_history,0.76,0.1580413860236789,0.11922824160358647,0.20983596080892103
C_history,0.764,0.1608988225730827,0.1217015930569735,0.21267922988266702
C_history,0.768,0.16378335477964784,0.12421273702173398,0.21542531518115793
C_history,0.772,0.16669421667342207,0.12676037117646433,0.21817489775958462
C_history,0.776,0.16963068815957885,0.12934334783261242,0.2209269904962678
C_history,0.78,0.1725921280308797,0.1319606982656237,0.22368113901940856
C_history,0.784,0.175578001168038,0.1346116279380836,0.22643750702428647
C_history,0.788,0.17858789597121774,0.1372954859676844,0.2291968688721691
C_history,0.792,0.181621528494396,0.14001171637700044,0.23196051528025313
C_history,0.796,0.18467873088914993,0.14275980125001245,0.23473009119383187
C_history,0.8,0.18775942394311892,0.145539206556634,0.23750739392450035
C_history,0.804,0.19086357649318647,0.14834934004380995,0.24029416338391896
C_history,0.808,0.19399115753552157,0.15138162498561727,0.243091894677463
C_history,0.812,0.19714208897872282,0.15457263777900826,0.24590169723859104
C_history,0.8160000000000001,0.20031620746248846,0.1577919199170671,0.24872421556142618
C_history,0.8200000000000001,0.203513242274619,0.1610384837087278,0.2515596162813811
C_history,0.8240000000000001,0.20673281346869116,0.16431143198349082,0.254407636696214
C_history,0.8280000000000001,0.20997445053432373,0.16760998502998942,0.2572676822404869
C_history,0.8320000000000001,0.21323762829922682,0.17093348895582128,0.2601389556910415
C_history,0.836,0.21652181397018952,0.17428140134014877,0.26302059904960634
C_history,0.84,0.21982651782478718,0.1776532547559332,0.2659118296394865
C_history,0.844,0.2231513399900742,0.18104860325131586,0.26881205423808346
C_history,0.848,0.2264960065091887,0.18446696045462202,0.27172094837843425
C_history,0.852,0.22986038906693596,0.18790774010671757,0.2746384919043016
C_history,0.856,0.2332445044068609,0.19137021024324535,0.27756495641462703
C_history,0.86,0.23664849215646466,0.1948534708122142,0.2805008455678673
C_history,0.864,0.24007257374870838,0.1983564612256742,0.28344679541988516
C_history,0.868,0.24351699972024282,0.20187799944694867,0.28640344858508426
C_history,0.872,0.24698199640672608,0.20578613348373337,0.2893713217599999
C_history,0.876,0.2504677244482587,0.20994020973927455,0.2923506892642161
C_history,0.88,0.2539742596982563,0.2141146885848461,0.2953415046190655
C_history,0.884,0.2575016020137462,0.21844597517794545,0.29834337842514586
C_history,0.888,0.2610497097453692,0.22296236119988525,0.3013556255459915
C_history,0.892,0.26461854935149326,0.22749877746651673,0.3043773875232515
C_history,0.896,0.2682081433086682,0.23205398512843417,0.3074078234190505
C_history,0.9,0.271818598742696,0.23662681840498145,0.3104463416376005
C_history,0.904,0.2754501065768643,0.24121622070624965,0.31349282443059084
C_history,0.908,0.2791029160915023,0.24582127826320865,0.3165477911523539
C_history,0.912,0.2827773063293956,0.25044125011343626,0.31961246124961673
C_history,0.916,0.28647358185271776,0.25507559330766194,0.32268869940072875
C_history,0.92,0.29019210658455047,0.2592964712007146,0.3257788420734772
C_history,0.924,0.29393336138261433,0.26302795754544844,0.3288854332965273
C_history,0.928,0.2976979900792191,0.26677025422103917,0.3320109539110764
C_history,0.932,0.30148680349397156,0.27081665543251443,0.335157675082299
C_history,0.936,0.30530073668966334,0.27521777138691456,0.3383277286631699
C_history,0.9400000000000001,0.30914077867811773,0.27963277309233603,0.3415233529946261
C_history,0.9440000000000001,0.3130078999446747,0.28406226312512994,0.3447471440324035
C_history,0.9480000000000001,0.31690299563241753,0.28850702024518143,0.34800213653526185
C_history,0.9520000000000001,0.32082685381043047,0.29296796563669314,0.35129166330972683
C_history,0.9560000000000001,0.3247801540635673,0.2974461263828936,0.35472235091496324
C_history,0.96,0.32876349719254017,0.3019425989174922,0.35925526989078954
C_history,0.964,0.3327774578172259,0.30645851475453,0.36382073563338896
C_history,0.968,0.33682264131919315,0.31042339609717456,0.36841886224292686
C_history,0.972,0.34089972277770886,0.3133271880951064,0.37304975991558065
C_history,0.976,0.3450094527832061,0.3162313909453718,0.377451642255249
C_history,0.98,0.3491526298550529,0.31913822647757173,0.38152812083313636
C_history,0.984,0.3533300540014905,0.3220501410893092,0.3856538903298093
C_history,0.988,0.35754248464176647,0.32496927882823723,0.38982947059727735
C_history,0.992,0.36179062519351024,0.3278972246457959,0.3940554076716683
C_history,0.996,0.36607514430118276,0.3308351597217333,0.3983323171722597
C_history,1.0,0.3703967232066403,0.3337843270508055,0.4026609201481326
C_history,1.004,0.37475610186923586,0.3367465071676571,0.4070420670492797
C_history,1.008,0.3791540964024513,0.33972421397512287,0.41147674687427466
C_history,1.012,0.3835915786228416,0.3427205278105712,0.41596607987558953
C_history,1.016,0.38806943133983274,0.3457387083300105,0.42051129345515703
C_history,1.02,0.39258850392539646,0.34909002469714284,0.425113682142449
C_history,1.024,0.3971495863469712,0.3526058637483011,0.42977455395918096
C_history,1.028,0.40175340432874024,0.35614003005672457,0.4344951671800368
C_history,1.032,0.4064006262781704,0.3596929864001414,0.43927666354645334
C_history,1.036,0.41109187095073063,0.3632650340096828,0.44412000620753694
C_history,1.04,0.4158277110558191,0.3668563438141136,0.44902593251678
C_history,1.044,0.42060867469237617,0.3704669870171487,0.45399493236544974
C_history,1.048,0.4254352482741868,0.37409696525868025,0.4590272608142244
C_history,1.052,0.4303078815991885,0.3777462397404592,0.46412298850204514
C_history,1.056,0.43522699178458313,0.38141475494237975,0.4692820847987002
C_history,1.06,0.44019296154061804,0.3851024498076923,0.4745045186987549
C_history,1.064,0.4452061295350821,0.38880925081512585,0.47979035436340567
C_history,1.068,0.45026677460979714,0.39253504872966016,0.48513981576840726
C_history,1.072,0.45537509874306226,0.39627967258046304,0.49055330042596884
C_history,1.076,0.46053121434386785,0.4000428851576789,0.4960313348829815
C_history,1.08,0.4657351398138637,0.4038244256976315,0.5015744807040042
C_history,1.084,0.4709868044334781,0.40762411061780185,0.5071832133660107
C_history,1.088,0.4762860607323532,0.41144197383671094,0.5128578033100604
C_history,1.092,0.48163270058240926,0.4152783986464027,0.5185982266422919
C_history,1.096,0.48702647106222025,0.4191341845605992,0.5244041242888786
C_history,1.1,0.4924670877538467,0.42301051726234107,0.5302748164790531
C_history,1.104,0.4979542452643422,0.4269088561782465,0.5362093680767673
C_history,1.108,0.5034876252132651,0.43083079093228543,0.5422066919556987
C_history,1.112,0.509066899616096,0.4347779192505555,0.5482656729460049
C_history,1.116,0.5146917243903656,0.4387517688549486,0.55438529320038
C_history,1.12,0.5203617174762302,0.4427537535516456,0.5605647400940711
C_history,1.124,0.5260764210095124,0.4467851431206874,0.5668034793799874
C_history,1.1280000000000001,0.5318352548496443,0.45084703593385456,0.5731012793816188
C_history,1.1320000000000001,0.5376374740441753,0.4549403348399226,0.5794581771131848
C_history,1.1360000000000001,0.5434821413217678,0.4590657305457571,0.5858743848182281
C_history,1.1400000000000001,0.5493681182555885,0.4632236965879333,0.5923501451605553
C_history,1.1440000000000001,0.555294070470197,0.46741450216805247,0.5988855536619584
C_history,1.1480000000000001,0.561258478393215,0.4716382513840684,0.6054803754590531
C_history,1.1520000000000001,0.567259646985016,0.4758949532901764,0.6121338873367703
C_history,1.156,0.5732957128602033,0.48018461584154215,0.6188447734278015
C_history,1.16,0.5793646511773367,0.48450734472125156,0.6256110938001286
C_history,1.164,0.5854642854530733,0.4888634230631046,0.6324303312060594
C_history,1.168,0.5915923017573026,0.4932533528527799,0.6392995058242282
C_history,1.172,0.5977462665570615,0.4976778501760445,0.6462153346505907
C_history,1.176,0.6039236459835359,0.5021377989015108,0.6531744044270086
C_history,1.18,0.6101218234599194,0.5066341763523023,0.6601733263457448
C_history,1.184,0.6163381123515403,0.511167968199245,0.6672088471500041
C_history,1.188,0.6225697611877976,0.5157400886837883,0.6742779028747894
C_history,1.192,0.6288139516239253,0.52035131804126,0.6813776152961434
C_history,1.196,0.6350677930965545,0.5250022635070735,0.6885052436030638
C_history,1.2,0.6413283214684522,0.5296933450003588,0.6956581116664042
C_history,1.204,0.6475925101819594,0.5344248023636083,0.702833532673478
C_history,1.208,0.6538573004153955,0.5391967182726047,0.7100287480196014
C_history,1.212,0.6601196510020799,0.5440090496709411,0.7172408885680528
C_history,1.216,0.6663766003796797,0.5488616606958204,0.7244669573897748
C_history,1.22,0.6726253250224751,0.5537543513067633,0.7317038272339437
C_history,1.224,0.6788631766793097,0.558686877881988,0.7389482447642857
C_history,1.228,0.6850876871401825,0.5636589645059561,0.7461968362543969
C_history,1.232,0.6912965416475909,0.5688295103687382,0.7534461138841392
C_history,1.236,0.6974875338087795,0.5743397383907131,0.7606924860905087
C_history,1.24,0.7036585199796008,0.5799014300390144,0.7679322785420754
C_history,1.244,0.7098073879278392,0.5855137777179975,0.7751617734935934
C_history,1.248,0.7159320460746461,0.5911757308435277,0.7823772731461138
C_history,1.252,0.722030431392336,0.5968860220663033,0.7895751852782896
C_history,1.256,0.7281005311810487,0.6026432161360568,0.7967521165142084
C_history,1.26,0.7341404166339702,0.6084457731397316,0.8039049442353481
C_history,1.264,0.740148288118498,0.6142921154552462,0.8110308310393742
C_history,1.268,0.7461225266211817,0.6201806874755047,0.8181271545699641
C_history,1.272,0.7520617341752769,0.6261099989795098,0.8251913522725332
C_history,1.276,0.7579647391028703,0.6320786465513315,0.8322207164229336
C_history,1.28,0.7638305508167992,0.638085311917375,0.8392122041486076
C_history,1.284,0.7696582747491879,0.6441287405058841,0.8461623363626198
C_history,1.288,0.7754470273202129,0.6502077069184931,0.8530672432732878
C_history,1.292,0.781195900750873,0.6563209755577174,0.8599228767607398
C_history,1.296,0.7869040016899336,0.662467264067167,0.8667253621988324
C_history,1.3,0.7925705410372049,0.6686452148103681,0.8734714173519693
C_history,1.304,0.7981949303500608,0.6748533761712197,0.8801587363132213
C_history,1.308,0.8037768606668549,0.6810901920935728,0.8867862318525441
C_history,1.312,0.8093163536037702,0.6873539959646473,0.8933540543995442
C_history,1.316,0.8148137538645397,0.6936430042536517,0.8998633562716625
C_history,1.32,0.8202696443470276,0.6999553063124715,0.9063158325925172
C_history,1.324,0.8256847376097886,0.7062888491311076,0.9127131270054049
C_history,1.328,0.8310598222487812,0.7126414191778967,0.9190562241231289
C_history,1.332,0.8363957652150711,0.7190106272921264,0.9253449541418295
C_history,1.336,0.8416934992588028,0.7253939063290806,0.9315777118604631
C_history,1.34,0.8469539431668173,0.7317885337475929,0.9377514532327497
C_history,1.344,0.8521778643129039,0.7381916906788621,0.9435486559811129
C_history,1.348,0.8573657341798455,0.7446005630958767,0.9487297946484833
C_history,1.352,0.862517643012481,0.7510124787284657,0.9551966011352901
C_history,1.356,0.8676333383830281,0.7574250577214121,0.9627131257797926
C_history,1.36,0.8727124214711608,0.7638363416365849,0.9702283525691032
C_history,1.364,0.8777546570998785,0.7702448614093288,0.976737455484971
C_history,1.368,0.8827602589367947,0.7766496145654639,0.9822417029855295
C_history,1.372,0.8877300027381704,0.7830499437355608,0.9877855495083534
C_history,1.3760000000000001,0.8926651435157295,0.7894453350573205,0.9933724289871625
C_history,1.3800000000000001,0.8975672319299438,0.7958351772368533,0.9957934419296678
C_history,1.3840000000000001,0.9024379247753542,0.8022185329006014,1.0001472988668383
C_history,1.3880000000000001,0.9072788459896385,0.8085939711274684,1.0086815834797627
C_history,1.3920000000000001,0.912091540355094,0.8149594959131807,1.017261651420703
C_history,1.3960000000000001,0.9168775045485974,0.8213125846464894,1.0258878989187397
C_history,1.4000000000000001,0.9216381965392039,0.8276503288538277,1.0345608193661802
C_history,1.4040000000000001,0.9263749355950861,0.8339696509043572,1.0414560146326912
C_history,1.408,0.931088729523602,0.8402675578652175,1.0437896176601658
C_history,1.412,0.9357801796426151,0.8465413884894208,1.04307806923706
C_history,1.416,0.9404495963986321,0.852789011407237,1.0393963321910211
C_history,1.42,0.9450973117643843,0.8590089411010737,1.035490815722854
C_history,1.424,0.949724023797403,0.8652003516491638,1.0315534707384475
C_history,1.428,0.954330979730529,0.8713629844684279,1.0296059371062385
C_history,1.432,0.9589199038390646,0.8774969629175448,1.0338360579837242
C_history,1.436,0.9634927170296865,0.8836025410634232,1.0368798447948424
C_history,1.44,0.9680511915597357,0.889679823919609,1.0359186852126494
C_history,1.444,0.9725966960481746,0.8957285006006317,1.0349925976594427
C_history,1.448,0.9771301175138515,0.9017476298037516,1.0341102009893244
C_history,1.452,0.9816519456617044,0.9077355096455855,1.037007665818028
C_history,1.456,0.9861624272584704,0.9136896527111572,1.0403284921834597
C_history,1.46,0.9906616764766746,0.9196068739902422,1.04356959432352
C_history,1.464,0.9951496740090962,0.9254834856893002,1.0464553354377872
C_history,1.468,0.999626193572863,0.9313155797365225,1.0482901030537635
C_history,1.472,1.0040907785706492,0.9370993667318857,1.05023822890788
C_history,1.476,1.008542850690983,0.9400929145905921,1.0522843994143196
C_history,1.48,1.0129818942206599,0.9414741957921059,1.054254960435935
C_history,1.484,1.0174075827936826,0.9429643927543275,1.056152940489862
C_history,1.488,1.0218197760308618,0.9445633170394092,1.058483181500232
C_history,1.492,1.0262184180585674,0.9462706093927865,1.0635659019318793
C_history,1.496,1.0306034075133979,0.948085663605723,1.0685944314870643
C_history,1.5,1.0349744819389712,0.9515176047374377,1.0735663767373784
C_history,1.504,1.0393311340433935,0.9544549772716189,1.0784794345253719
C_history,1.508,1.043672581870319,0.952881682739961,1.0833314445974356
C_history,1.512,1.0479978238326897,0.9518045334731666,1.0881203148008005
C_history,1.516,1.0523057885592202,0.9554045436029616,1.0903760069486035
C_history,1.52,1.0565955353986045,0.960822906627295,1.0920157963281536
C_history,1.524,1.060866407926068,0.9662879403048674,1.0936158635701845
C_history,1.528,1.0651180399339657,0.9717990770878813,1.0951786074148928
C_history,1.532,1.069350186850665,0.9773557146588481,1.0967056637107242
C_history,1.536,1.0735624664243935,0.9791655884840531,1.0981981382344865
C_history,1.54,1.07775415343817,0.9804224549416799,1.1009663815071054
C_history,1.544,1.0819241345444572,0.9817900344939772,1.1047437554921178
C_history,1.548,1.0860710341026585,0.9832678396108565,1.1084478413713958
C_history,1.552,1.09019344712017,0.986316723500146,1.1120775035293726
C_history,1.556,1.094290186420027,0.9904895568982737,1.115632095529816
C_history,1.56,1.0983604501473452,0.994663429184822,1.1191114996284184
C_history,1.564,1.1024038404230538,0.9988350596648442,1.1225160449606448
C_history,1.568,1.1064202280020754,1.0030010851620772,1.125846324977656
C_history,1.572,1.1104095405460517,1.007158260468889,1.1291029675435864
C_history,1.576,1.1143715891463652,1.0113360681795354,1.132286428197817
C_history,1.58,1.1183059986386783,1.0160113404534177,1.135396869168294
C_history,1.584,1.1222122182988197,1.0206673050675843,1.1384341555962154
C_history,1.588,1.1260895492313867,1.0253025798530881,1.1413979595265062
C_history,1.592,1.1299371584243079,1.0299162338336485,1.1442879295867059
C_history,1.596,1.1337540990782942,1.0345077168993853,1.147103872269269
C_history,1.6,1.1375393662078293,1.0390767540014483,1.1498458996573613
C_history,1.604,1.1412919903451688,1.0436232069517486,1.1525145184696215
C_history,1.608,1.1450111463341623,1.048146914277226,1.1551049722771598
C_history,1.612,1.1486962468601312,1.0526475292507915,1.156958555754797
C_history,1.616,1.1523469951632581,1.0571243840422975,1.1587417281726122
C_history,1.62,1.1559633780535665,1.0615764101579375,1.1604572689393429
C_history,1.624,1.15954558874109,1.0660021399920145,1.1621087185328727
C_history,1.6280000000000001,1.163093886762095,1.0703998016398333,1.1636997906165323
C_history,1.6320000000000001,1.1666084331724438,1.0747675013568827,1.1671769910945118
C_history,1.6360000000000001,1.1700891711748644,1.0791034688900403,1.1721183701847102
C_history,1.6400000000000001,1.173535826529204,1.083406324721294,1.177014899277138
C_history,1.6440000000000001,1.1769480521417557,1.0876753191508466,1.181865513530978
C_history,1.6480000000000001,1.1803256465325416,1.0919104939149298,1.1866700885418933
C_history,1.6520000000000001,1.1836686991358731,1.0957811364832684,1.1914301613276501
C_history,1.6560000000000001,1.186977541340799,1.0981922949202183,1.196148685571755
C_history,1.6600000000000001,1.1902525276289002,1.1006890432925136,1.2008289505571308
C_history,1.6640000000000001,1.1934938145587648,1.1032711534289947,1.2052051354049236
C_history,1.668,1.196701288426376,1.1061411817161646,1.2061194104891906
C_history,1.672,1.1998746343255478,1.1115354323082314,1.2069947284365945
C_history,1.676,1.203013430991601,1.1131740612714407,1.2078359969346923
C_history,1.68,1.2061171976801779,1.1148528640416233,1.2086471839953206
C_history,1.684,1.2091854101416866,1.1165729662072632,1.2094311869040208
C_history,1.688,1.212217524116258,1.1183352475073094,1.2101900638044447
C_history,1.692,1.2152130097727216,1.1201402320663423,1.210225714662538
C_history,1.696,1.2181713823316815,1.1219880429963598,1.209489483038602
C_history,1.7,1.2210922338695764,1.1238784408554445,1.2087135144007384
C_history,1.704,1.223975293893166,1.1258109487626453,1.2079017602682773
C_history,1.708,1.2268205358039077,1.127785047830237,1.207059200239636
C_history,1.712,1.229628300480877,1.129800408342216,1.2061915751215857
C_history,1.716,1.2323993586041924,1.1318571090906129,1.2086265120566781
C_history,1.72,1.235134827998159,1.1340920307128384,1.2147559367620373
C_history,1.724,1.2378359320410577,1.1372579205908333,1.2209561708167243
C_history,1.728,1.240503702640652,1.1427046699304657,1.2272280329056566
C_history,1.732,1.2431388065958018,1.146403484732595,1.2335713411287854
C_history,1.736,1.245741625891037,1.1484769659785639,1.2399854478167511
C_history,1.74,1.248312566504264,1.1505842197717673,1.2443486126997625
C_history,1.744,1.2508524196732116,1.152725279031782,1.2458057845742587
C_history,1.748,1.2533625677653744,1.1549002699452824,1.2472271571471214
C_history,1.752,1.255844938032711,1.1571095605576471,1.2486269231849052
C_history,1.756,1.258301776195398,1.1593538814561042,1.2500187007465138
C_history,1.76,1.2607353989607193,1.1616343845470392,1.2514131889182984
C_history,1.764,1.2631480308478804,1.1640986179860775,1.2528182531825758
C_history,1.768,1.265541730686293,1.16662939741781,1.2542401520027366
C_history,1.772,1.2679183853361997,1.1692084242058676,1.2556842108834347
C_history,1.776,1.2702797795572498,1.1718375169734503,1.2587308801267194
C_history,1.78,1.2726277545480462,1.1740322967439634,1.2675300855603333
C_history,1.784,1.2749644148382449,1.176638346530218,1.2764547081775774
C_history,1.788,1.2772922770914135,1.1788210619611514,1.2855044440860812
C_history,1.792,1.279614255947153,1.179626785441509,1.2946789555096232
C_history,1.796,1.2819334901003774,1.181330006348269,1.3039778267553683
C_history,1.8,1.2842531219096802,1.1825921538574162,1.312215396115495
C_history,1.804,1.2865761335290125,1.1834539179603,1.320030035407727
C_history,1.808,1.2889052687106104,1.1859552351621288,1.3279103459954422
C_history,1.812,1.2912430420313121,1.1920018372527355,1.3358549750134032
C_history,1.816,1.2935918243089835,1.1946513437482107,1.3417281679003024
C_history,1.82,1.2959539395433273,1.197355941731665,1.3471124851137386
C_history,1.824,1.2983316840963417,1.2001167383566036,1.3526004751170713
C_history,1.828,1.3007272474509062,1.2025836743253144,1.3581959346854882
C_history,1.832,1.3031426052461463,1.204598338260123,1.3639018562173493
C_history,1.836,1.3055794698662944,1.206648407518267,1.365424508131082
C_history,1.84,1.3080393237973327,1.2070760654387092,1.3627877386019467
C_history,1.844,1.3105234978872786,1.2067274254425093,1.3602664268374591
C_history,1.848,1.313033237704453,1.2064411698824589,1.3578729579564488
C_history,1.852,1.3155697211275954,1.2062203920363834,1.3556221993369506
C_history,1.856,1.3181340215439223,1.2060681617264863,1.3535308391536236
C_history,1.86,1.3207270338553128,1.2059875612715447,1.3516159616636174
C_history,1.864,1.3233493898759128,1.2059816883410441,1.3483431783729178
C_history,1.868,1.3260013883621489,1.206053623815372,1.3536860539568105
C_history,1.872,1.3286829568101077,1.206206375471281,1.3617941639064173
C_history,1.8760000000000001,1.3313936511400328,1.2064714193333663,1.3699638740876041
C_history,1.8800000000000001,1.3341326895794365,1.2075485213971564,1.3781942601167163
C_history,1.8840000000000001,1.336899011473238,1.2098162804219665,1.3864841779136872
C_history,1.8880000000000001,1.3396913504733832,1.2121879194715017,1.394832327594964
C_history,1.8920000000000001,1.342508312266346,1.214655450589684,1.4032373308639303
C_history,1.8960000000000001,1.345348447583818,1.217219774815821,1.4116977960190653
C_history,1.9000000000000001,1.348210311838088,1.2198815114937176,1.4202123485476716
C_history,1.9040000000000001,1.3510925051012515,1.2226409097180122,1.4287796188413753
C_history,1.9080000000000001,1.353993690898346,1.2254977989097802,1.4373981959550437
C_history,1.9120000000000001,1.3569125967911928,1.228451585786302,1.4460665680926408
C_history,1.9160000000000001,1.3598480005180034,1.2315012978033635,1.4517565941114725
C_history,1.92,1.3627987033324271,1.2346456661093161,1.4545032923064463
C_history,1.924,1.3657634924340278,1.2378832354151201,1.457166357154627
C_history,1.928,1.368741099243327,1.2412124848420887,1.4597469105820342
C_history,1.932,1.371730164122154,1.244631943181885,1.462245560555572
C_history,1.936,1.3747292144573977,1.2481402840296507,1.4646622082647778
C_history,1.94,1.3777366539273366,1.2501921579391533,1.4669959508034254
C_history,1.944,1.380750755637894,1.2504099570731553,1.4692451246065827
C_history,1.948,1.3837696595379296,1.2508587235420312,1.4714075149326824
C_history,1.952,1.3867913976950494,1.2515374244038924,1.473480716923574
C_history,1.956,1.3898139983029003,1.2524451259614993,1.4754625833783988
C_history,1.96,1.392835718654945,1.253580996444293,1.4773516505305229
C_history,1.964,1.3958553897807406,1.2549442373536608,1.4791474154616242
C_history,1.968,1.3988727323426993,1.2565339636413402,1.4761347418893163
C_history,1.972,1.4018884450804976,1.2583490583695172,1.4725578295466146
C_history,1.976,1.404903993657896,1.2603880276988788,1.475052467676273
C_history,1.98,1.4079212274989157,1.2626488781295488,1.4785190586285901
C_history,1.984,1.4109419921985762,1.2651290315574937,1.4820243684191114
C_history,1.988,1.4139678150773536,1.2678252865591222,1.485573155409055
C_history,1.992,1.4169997154533496,1.270733827660143,1.4891688819293893
C_history,1.996,1.420038195918234,1.273850278964062,1.4928144867928994
C_history,2.0,1.4230833853952187,1.277169794733168,1.4965131437209442
C_history,2.004,1.4261352140880512,1.2806871773074477,1.500268583477789
C_history,2.008,1.4291935172931667,1.2843970118784451,1.5040848291600584
C_history,2.012,1.4322580477107798,1.288293807773965,1.5073475430583976
C_history,2.016,1.4353284523460985,1.2923721367222365,1.5034177768441306
C_history,2.02,1.4384043056906537,1.2966267597800518,1.4995999227132664
C_history,2.024,1.4414852570242713,1.3010527360520774,1.4959042992898652
C_history,2.028,1.4445712607004735,1.30564550791212,1.4912914640942696
C_history,2.032,1.447662783539367,1.3104009591349366,1.4948050589482373
C_history,2.036,1.4507608826212999,1.315315444146827,1.4983976315733996
C_history,2.04,1.4538671222884942,1.3203857884669017,1.5020737770195338
C_history,2.044,1.456983398750284,1.3256092622545257,1.5029629602769354
C_history,2.048,1.4601117865861872,1.3309835305756457,1.4991053845472626
C_history,2.052,1.4632544654959778,1.3365065854059066,1.49546137834435
C_history,2.056,1.466413671234671,1.3421766653689047,1.5014027468504738
C_history,2.06,1.4695915695479365,1.3479921696713963,1.5087856525491863
C_history,2.064,1.4727900565519063,1.3506427255511044,1.5162164667634692
C_history,2.068,1.476010634802361,1.3483605704240131,1.5236915396477488
C_history,2.072,1.4792544995859767,1.3461094475210347,1.531207271247805
C_history,2.076,1.482522786228676,1.3481376572079466,1.5387601327210938
C_history,2.08,1.4858168002208294,1.3527945212588417,1.5463466730660267
C_history,2.084,1.4891381171733649,1.3580127871344942,1.5539635044257847
C_history,2.088,1.492488575275835,1.3634623546405837,1.561607263336172
C_history,2.092,1.4958702263799568,1.3689928020346995,1.5692745516658684
C_history,2.096,1.4992852730172141,1.3746034466015216,1.576961867641101
C_history,2.1,1.5027359880894116,1.3802935106275103,1.584665542121379
C_history,2.104,1.5062246202945115,1.385922497121135,1.5923816962738158
C_history,2.108,1.509753303677844,1.3860115870526217,1.6001062329326583
C_history,2.112,1.5133239918832395,1.3884266329735921,1.607834865767438
C_history,2.116,1.5169384293386257,1.3918327915419937,1.615563180333702
C_history,2.12,1.5205981625766127,1.3953601226532835,1.6232867127633797
C_history,2.124,1.5243045876027677,1.3990079535470845,1.6310010284767578
C_history,2.128,1.5280590214122247,1.4007958705722217,1.6387017859827075
C_history,2.132,1.5318627785778072,1.4003440426242733,1.646384778004137
C_history,2.136,1.5357172321789596,1.40039094315298,1.6540459504824527
C_history,2.14,1.539623844595813,1.4014910193046708,1.6616814061690075
C_history,2.144,1.54358416431108,1.402863161465831,1.669287401709827
C_history,2.148,1.5475997936915946,1.4045062981160925,1.6768603455219606
C_history,2.152,1.551672336584017,1.4064193035271941,1.6843967998830647
C_history,2.156,1.5558033348609785,1.409737217989038,1.6918934864815651
C_history,2.16,1.559994202582645,1.4138374922787025,1.699347291800611
C_history,2.164,1.5642461660500495,1.418056575586235,1.7067552679363756
C_history,2.168,1.5685602168696087,1.422393153577806,1.714114625729878
C_history,2.172,1.5729370828159959,1.4268456452787839,1.7214227197160314
C_history,2.176,1.5773772184790886,1.431412198231607,1.7286770273311414
C_history,2.18,1.5818808151377928,1.4360907098764297,1.7358751270619992
C_history,2.184,1.5864478270760036,1.4408788722784391,1.7430146810660787
C_history,2.188,1.5910780095722798,1.4457742346323001,1.7500934270066726
C_history,2.192,1.595770962415239,1.450774276385366,1.7571091816671824
C_history,2.196,1.6005261725106927,1.4558764833549138,1.7640598559428937
C_history,2.2,1.6053430500186212,1.4610784197117626,1.7709434778610897
C_history,2.204,1.6102209541336694,1.4665455612411686,1.7763785647293846
C_history,2.208,1.6151592067465805,1.4721987904523135,1.781638528735765
C_history,2.212,1.620157094636975,1.4779424291009566,1.7868701813174823
C_history,2.216,1.6252138633686866,1.483774817022921,1.7920713149082619
C_history,2.22,1.6303287081948317,1.4896944892993818,1.7972397332124779
C_history,2.224,1.6355007682182308,1.4957001612949725,1.8023732209326828
C_history,2.228,1.6407291289692179,1.5017907012163465,1.8055498968836612
C_history,2.232,1.6460128351189565,1.507965093201492,1.8078254119390333
C_history,2.236,1.6513509099297934,1.5142223944749045,1.8101247343674294
C_history,2.24,1.6567423732149884,1.5205616903639014,1.8124429919296523
C_history,2.244,1.662186247665725,1.526982050950275,1.8147758981907112
C_history,2.248,1.6676815461265693,1.5334824928235467,1.8176653993697673
C_history,2.2520000000000002,1.6732272390801781,1.5400619488239982,1.824435091554835
C_history,2.2560000000000002,1.6788222092320642,1.546735823236804,1.8312502985535137
C_history,2.2600000000000002,1.6844652051964892,1.55484023300463,1.8404226987765089
C_history,2.2640000000000002,1.6901548070040804,1.5630783485290318,1.8422463770282675
C_history,2.2680000000000002,1.6958894128355293,1.571447574783155,1.8441339796284324
C_history,2.2720000000000002,1.701667250760106,1.5799453051135428,1.8524777169798599
C_history,2.2760000000000002,1.7074864132848901,1.5885689019561395,1.8607640934633525
C_history,2.2800000000000002,1.7133449078915952,1.597356993709886,1.8685480093569438
C_history,2.2840000000000003,1.719240714706774,1.6068855275459044,1.8756810248060583
C_history,2.2880000000000003,1.7251718432119216,1.6165613912835393,1.882729111322073
C_history,2.2920000000000003,1.731136381839735,1.62638102743666,1.8896901219305242
C_history,2.2960000000000003,1.7371325348217135,1.6363407719799616,1.896562439492575
C_history,2.3000000000000003,1.7431586389106104,1.6464368653902917,1.9033451042532457
C_history,2.3040000000000003,1.7492131513228741,1.6566654696995264,1.9100378667453544
C_history,2.308,1.755294603709255,1.6670226904620171,1.916641149905401
C_history,2.312,1.7614015267175422,1.6775046025362874,1.9231559214003566
C_history,2.316,1.7675323624754722,1.6881051032616083,1.929583494521044
C_history,2.32,1.7736853919235394,1.6959459943055808,1.935925289605739
C_history,2.324,1.7798587047458014,1.7038333905297705,1.9415999494366483
C_history,2.328,1.786050228196321,1.7117647303788375,1.9466730319158208
C_history,2.332,1.792257806939641,1.7197376720207567,1.951663758982214
C_history,2.336,1.7984792968614578,1.7277501016055588,1.956570952019046
C_history,2.34,1.8047126230585235,1.7358001084923536,1.9613933923440199
C_history,2.344,1.8109557770410831,1.7438859381163634,1.966130088337253
C_history,2.348,1.8172067794984688,1.7538985497619235,1.97060523573451
C_history,2.352,1.823463667321839,1.764019830074273,1.9743753025705848
C_history,2.356,1.8297245385565737,1.7742152137532696,1.9776768362109922
C_history,2.36,1.8359876114147173,1.7844828421086338,1.9809084418489573
C_history,2.364,1.8422511946696634,1.7948211063145905,1.9840728072058984
C_history,2.368,1.848513528297915,1.8052286534567366,1.987172727288589
C_history,2.372,1.8547726105947533,1.8154935717959004,1.9902108114833583
C_history,2.376,1.861026189329045,1.818781958887531,1.9923209582915746
C_history,2.38,1.867271953125465,1.8200194388402133,1.9941022066302325
C_history,2.384,1.8735077688336748,1.8212210277364569,1.9958440129636479
C_history,2.388,1.8797317826490676,1.8228464273544969,1.9984978140787766
C_history,2.392,1.8859423406712128,1.8280501537083018,2.006856701983004
C_history,2.396,1.8921378232753423,1.8332525897376963,2.0117202664345193
C_history,2.4,1.8983165133219195,1.8384561195611693,2.014686533204211
C_history,2.404,1.9044765555943741,1.8436621109534443,2.017580446472997
C_history,2.408,1.9106159938735114,1.848193387762698,2.0204006074590195
C_history,2.412,1.9167328385789795,1.8488176662667994,2.023145958860708
C_history,2.416,1.9228251215590189,1.8493879207199884,2.025815939527522
C_history,2.42,1.92889091706289,1.8518480011832732,2.0284105678657
C_history,2.424,1.9349283340903054,1.8542625384323146,2.0309304499575913
C_history,2.428,1.9409355065918685,1.8565961094643861,2.033210600250654
C_history,2.432,1.9469106172788233,1.858841313399205,2.038403458533125
C_history,2.436,1.9528519798655264,1.860992463309308,2.0435873016275106
C_history,2.44,1.9587581705862278,1.863047192837912,2.0487418737275123
C_history,2.444,1.9646281579338651,1.8656831944206274,2.055990822719764
C_history,2.448,1.970461361848122,1.8710635690743973,2.0693309009241534
C_history,2.452,1.9762576025251135,1.8731491804155196,2.081956615740288
C_history,2.456,1.9820169632480447,1.8729034365002915,2.0929169668499776
C_history,2.46,1.9877396444785123,1.8725162253588477,2.103923996462601
C_history,2.464,1.9934258670480483,1.8719978764229614,2.114978411097156
C_history,2.468,1.9990757964820127,1.8713593795164165,2.1238755774625706
C_history,2.472,2.0046894244632565,1.8706121148302195,2.129592272168283
C_history,2.476,2.0102664210741956,1.8697671648679917,2.1352530669392946
C_history,2.48,2.0158060568093115,1.868833863729277,2.140858534004135
C_history,2.484,2.0213072799807708,1.8678184999405096,2.14640921084349
C_history,2.488,2.026768943880813,1.866724807893694,2.1519056060188855
C_history,2.492,2.0321900796307877,1.8655566646754516,2.157348202931767
C_history,2.496,2.0375700687787974,1.8643211851109518,2.1627374546496463
C_history,2.5,2.042908625894549,1.863029809755663,2.1680737671898274
C_history,2.504,2.048205622948271,1.864880616452249,2.172569037053407
C_history,2.508,2.0534608768369145,1.8694248307641341,2.1743098052853895
C_history,2.512,2.058674018613853,1.873964797735341,2.1759173391288016
C_history,2.516,2.063844493924541,1.878502634461016,2.1773929024041947
C_history,2.52,2.0689716685645183,1.8831538888184494,2.178737720650035
C_history,2.524,2.074054969113484,1.887970079268648,2.179952903895582
C_history,2.528,2.079093985787419,1.8927955109950725,2.181039335131109
C_history,2.532,2.084088492953142,1.8976304523945133,2.1819975724226395
C_history,2.536,2.0890383818290412,1.902475264465091,2.182827823125742
C_history,2.54,2.0939435320069153,1.9073304241221614,2.183530004801452
C_history,2.544,2.0988036660013565,1.9142276436743564,2.1841038384695457
C_history,2.548,2.1036182328280435,1.9219383283538283,2.184548895474679
C_history,2.552,2.10838635350155,1.9296412291119849,2.18486458131168
C_history,2.556,2.1131068399270942,1.9373354562361218,2.185050146506571
C_history,2.56,2.11777828139253,1.945020451180832,2.1851048651852163
C_history,2.564,2.1223991853883026,1.9526958774866416,2.1850284493475782
C_history,2.568,2.126968152449627,1.9603615161601444,2.1848216098601685
C_history,2.572,2.1314840488264633,1.9680171755644467,2.1844865493798955
C_history,2.576,2.135946126499151,1.9756626203670626,2.184027167882372
C_history,2.58,2.1403540492007957,1.9832975202933198,2.183448873442247
C_history,2.584,2.1447078200396446,1.9909214171898115,2.1827580420038553
C_history,2.588,2.1490076475576267,1.9985337077853729,2.1819612801927915
C_history,2.592,2.1532538027876034,2.006133639112018,2.18106467945612
C_history,2.596,2.1574465024038076,2.0137203134993795,2.180073218113307
C_history,2.6,2.1615858238900705,2.0237088769865443,2.1794329546263
C_history,2.604,2.1656716475449516,2.029060673275629,2.181606275251298
C_history,2.608,2.1697036326785857,2.031671431294784,2.1836976203018867
C_history,2.612,2.173681240812459,2.0361702699519393,2.185708342778907
C_history,2.616,2.177603788768135,2.0406343434961594,2.187639815702762
C_history,2.62,2.181470480870536,2.0438575846732276,2.1894934381677063
C_history,2.624,2.18528039464033,2.04305594729644,2.1912706421618164
C_history,2.628,2.189032463973806,2.0422237763291697,2.192972898574771
C_history,2.632,2.192725525743011,2.041359010069008,2.194601721168214
C_history,2.636,2.1963584356566686,2.040459358911299,2.195793163814333
C_history,2.64,2.1999301899203862,2.039523100942924,2.194166616244337
C_history,2.644,2.2034399836174656,2.0385495705911842,2.1925077703721776
C_history,2.648,2.206887185841782,2.037539200763786,2.19176229154308
C_history,2.652,2.210271261030509,2.0364932423734188,2.1944048984317783
C_history,2.656,2.213591681972836,2.035413384726684,2.200683308710425
C_history,2.66,2.216847866535075,2.034301448612073,2.210899282948774
C_history,2.664,2.220039147510266,2.03315921756432,2.217608355321673
C_history,2.668,2.223164768522868,2.0319883882656495,2.222661043108717
C_history,2.672,2.2262238928860807,2.030790584014382,2.2276658366925592
C_history,2.676,2.2292156138157395,2.029567376798456,2.232622814810045
C_history,2.68,2.232138958895807,2.0287052778520835,2.237531954473431
C_history,2.684,2.2349928861660233,2.0282455955567187,2.2423931454101917
C_history,2.688,2.237776272801772,2.0277883806629804,2.247206216925485
C_history,2.692,2.240487900360157,2.0273359062214853,2.251970972870623
C_history,2.696,2.2431264428740465,2.0268900645308823,2.256687226510629
C_history,2.7,2.245690464281311,2.026452215314583,2.261354825311342
C_history,2.704,2.2481784279662302,2.0260231138133653,2.2659736581346177
C_history,2.708,2.2505887141212435,2.025602935072053,2.2705436443672493
C_history,2.712,2.252919635057645,2.0251913949619995,2.2750647127661967
C_history,2.716,2.2551694406242673,2.0247879508411604,2.27548779105482
C_history,2.72,2.2573363152735664,2.0243920467541257,2.2756538584455717
C_history,2.724,2.2594183748588055,2.024003353672678,2.2757293406095784
C_history,2.728,2.261413664926375,2.0236739016575145,2.2757161841924596
C_history,2.732,2.263320149457326,2.026073355624165,2.275616147195563
C_history,2.736,2.2651356800867863,2.0284912240675963,2.275430666597421
C_history,2.74,2.2668579578107186,2.0324500306907787,2.275160760420361
C_history,2.744,2.268484518954306,2.0393020000429214,2.274807001410238
C_history,2.748,2.2700127669030072,2.0450323972945235,2.274369540942004
C_history,2.7520000000000002,2.2714400363946625,2.0438471555801283,2.273848118849913
C_history,2.7560000000000002,2.2727636529762334,2.0429980084972,2.2732420259279777
C_history,2.7600000000000002,2.2739809595001583,2.0427437908929957,2.272550081422664
C_history,2.7640000000000002,2.275089312375034,2.0424147413072538,2.2717707633992994
C_history,2.7680000000000002,2.2760860735917428,2.043880515658034,2.270902598853539
C_history,2.7720000000000002,2.2769686230032313,2.0428533622887013,2.269944780703576
C_history,2.7760000000000002,2.2777343943417905,2.0388648330107357,2.2688978240848154
C_history,2.7800000000000002,2.2783809171672322,2.0369656298790626,2.2683709052834717
C_history,2.7840000000000003,2.278905842109094,2.041387875910509,2.2679239272734146
C_history,2.7880000000000003,2.2793069403260438,2.0460587397208556,2.2674315054885
C_history,2.7920000000000003,2.279582085602798,2.0506395474434163,2.2668976089258392
C_history,2.7960000000000003,2.279729231410584,2.0551138726433353,2.266326035495393
C_history,2.8000000000000003,2.2797463847482,2.0573952763822034,2.2657203708193103
C_history,2.8040000000000003,2.27963157242455,2.058073093463234,2.2650839477246296
C_history,2.8080000000000003,2.2793828076843274,2.0584074906561085,2.264419807235588
C_history,2.8120000000000003,2.278998082325728,2.0583818458521153,2.26373066224351
C_history,2.816,2.2784754052841647,2.0579804233631043,2.263018865504513
C_history,2.82,2.2778128798412047,2.0571885407450687,2.2585341501027694
C_history,2.824,2.2770087848338867,2.0559927357094647,2.2560048328040176
C_history,2.828,2.2760616248854832,2.0543809323411972,2.252889500278957
C_history,2.832,2.274970137640817,2.0523426042078756,2.2510578232593743
C_history,2.836,2.273733271103193,2.049868929900362,2.2507801863046373
C_history,2.84,2.272350155276699,2.046952934735316,2.2571662625829685
C_history,2.844,2.270820087993049,2.0457578875422513,2.2637057882555953
C_history,2.848,2.2691425429690097,2.0451136532817613,2.2671209065224445
C_history,2.852,2.2673171972671087,2.044321367631521,2.2678502994902585
C_history,2.856,2.265343969766275,2.043379800287755,2.2685397658952744
C_history,2.86,2.2632230620686373,2.0422883222641466,2.269188845068986
C_history,2.864,2.2609549962443856,2.041046832437673,2.26979734567893
C_history,2.868,2.2585406474052183,2.039655680798442,2.2703654549346126
C_history,2.872,2.2559812715316454,2.0345175651673917,2.270893825659476
C_history,2.876,2.2532785294853754,2.0203368280504543,2.2713836309575273
C_history,2.88,2.2504345067598557,2.0069031418097873,2.271836578169492
C_history,2.884,2.247451725951651,1.9944488625099648,2.2722548770637747
C_history,2.888,2.244333146375616,1.9820307787679048,2.2726411615198354
C_history,2.892,2.241082144129672,1.96964939497908,2.2729983688971522
C_history,2.896,2.237702467364712,1.9618756966346032,2.2733295862218927
C_history,2.9,2.2341981657281638,1.9556987312356813,2.2736378765629737
C_history,2.904,2.2305734988746755,1.949499262821182,2.273926101865959
C_history,2.908,2.2268328345848833,1.9432756590156512,2.274196759623959
C_history,2.912,2.222980550360059,1.9370265861359661,2.2744518499315673
C_history,2.916,2.219020952244181,1.9307512234761408,2.2746927868205424
C_history,2.92,2.2149582213229273,1.9244494089781063,2.274920363659108
C_history,2.924,2.2107963931857464,1.920660689069766,2.2751347772664356
C_history,2.928,2.2065393701956753,1.9170159388577475,2.275335709728702
C_history,2.932,2.2021909617839555,1.9133220822775652,2.275522461160945
C_history,2.936,2.197754944491342,1.9095818105604627,2.2756941212785207
C_history,2.94,2.19323513088123,1.9057978836381688,2.275849763068496
C_history,2.944,2.188635434445195,1.9019728427014704,2.275988638551916
C_history,2.948,2.1839599163154455,1.8981087975736468,2.2761103550730666
C_history,2.952,2.1792127999327193,1.8942073202492211,2.2762150111514186
C_history,2.956,2.1743984438663073,1.8902694534097157,2.2763032739428746
C_history,2.96,2.169521273401168,1.886295821407273,2.276376385791331
C_history,2.964,2.1645856885471693,1.8750213333592902,2.2764360949124307
C_history,2.968,2.1595959823053468,1.863010094625713,2.2764845143019565
C_history,2.972,2.154556302194243,1.850841874286889,2.276523922527187
C_history,2.976,2.1494706591241077,1.8385367870577545,2.276556528881401
C_history,2.98,2.1443429467107284,1.8261139538266304,2.2765842320562637
C_history,2.984,2.1391769224986956,1.8135914515358418,2.276608404707434
C_history,2.988,2.1339761440523097,1.8009862721063081,2.2766297351267313
C_history,2.992,2.1287439059061746,1.788314295623283,2.2766481513684282
C_history,2.996,2.1234832071200627,1.7807083292009978,2.2766628430168336
C_history,3.0,2.1181967010557665,1.7736854039460197,2.276672382493121
C_history,3.004,2.1128865807749353,1.7666747518095391,2.2766749332441494
C_history,3.008,2.107554486037609,1.7614259521053635,2.276668518699818
C_history,3.012,2.102201588024052,1.7573952994553266,2.2766513159977366
C_history,3.016,2.0968288736862837,1.7534248441884392,2.276621934150689
C_history,3.02,2.0914374724978226,1.7495190513569074,2.276579638521305
C_history,3.024,2.086028851885208,1.745682796791612,2.276524491757017
C_history,3.028,2.08060483224081,1.7419212655735827,2.276457394069507
C_history,3.032,2.0751674865988683,1.738239773360689,2.2763800205043268
C_history,3.036,2.069719014072184,1.73464356803793,2.2762946671021043
C_history,3.04,2.0642616362809756,1.7311376565619763,2.276204029465844
C_history,3.044,2.058797520027836,1.7277266645343445,2.2761109447698864
C_history,3.048,2.053328710763337,1.7244147372452998,2.2760181309917877
C_history,3.052,2.0478570706988046,1.7212055576623986,2.275927955160336
C_history,3.056,2.042384234348122,1.7181026080190989,2.275842256365981
C_history,3.06,2.036911602105829,1.715109710927943,2.275762240349274
C_history,3.064,2.0314403802123806,1.7122316473367465,2.2756884521547596
C_history,3.068,2.02597165075851,1.7094744402194046,2.275620823167268
C_history,3.072,2.02050643664054,1.7068449363287042,2.2755587802089257
C_history,3.076,2.0150457312893564,1.7043496740818722,2.275501398267723
C_history,3.08,2.0095904937514057,1.7019934952961662,2.2754475753876764
C_history,3.084,2.004141642151874,1.699778583403127,2.2753962083611694
C_history,3.088,1.9987000768269272,1.6977043713910698,2.275346350823216
C_history,3.092,1.9932667231686572,1.695768230884839,2.275297340489041
C_history,3.096,1.987842550667407,1.6939664630564166,2.275248888491139
C_history,3.1,1.9824285509798407,1.6922951422164285,2.275201129369642
C_history,3.104,1.9770257242371188,1.6907506902459197,2.275154633057173
C_history,3.108,1.9716351414351467,1.689330309304288,2.2751103783201154
C_history,3.112,1.9662580755607901,1.6880323298686895,2.2750696812063795
C_history,3.116,1.9608960957372203,1.6868562799336362,2.275034068286023
C_history,3.12,1.9555510087911112,1.685802411409526,2.2746920349034894
C_history,3.124,1.9502246345433814,1.6848707087589636,2.2702130538498397
C_history,3.128,1.9449185262718456,1.6840598270809264,2.2657646690554896
C_history,3.132,1.939633786371114,1.6833665434376837,2.2585677506772495
C_history,3.136,1.9343710513438133,1.682785989719403,2.2462455542463853
C_history,3.14,1.929130604666017,1.6823124456158125,2.2454664988912736
C_history,3.144,1.9239125177488485,1.681940214859609,2.2407839243442482
C_history,3.148,1.918716746082278,1.681664209315137,2.2277992505146837
C_history,3.152,1.9135431726750425,1.6823251504828327,2.2148899061408702
C_history,3.156,1.9083916345297591,1.683423042551135,2.2020570636480263
C_history,3.16,1.9032619684294005,1.6846248223507594,2.194709116466608
C_history,3.164,1.8981540872448472,1.685925937441038,2.197842095038598
C_history,3.168,1.8930680738425054,1.6873222281636773,2.201040542359233
C_history,3.172,1.8880042669197263,1.6888096402422326,2.2043013410056935
C_history,3.176,1.8829633108773158,1.6903840970454371,2.2076212741577175
C_history,3.18,1.8779461559937338,1.6920414699444066,2.2109970590653503
C_history,3.184,1.8729540225577423,1.6931473449471228,2.2144253685265283
C_history,3.188,1.867988336879978,1.691811217536702,2.2179028406549937
C_history,3.192,1.863050584441444,1.69055277547908,2.2214260786119535
C_history,3.196,1.8581420239231736,1.6893692324134568,2.224991643677284
C_history,3.2,1.8532633702101489,1.6882578675504152,2.228596046385079
C_history,3.204,1.8484146917149225,1.6872160640224758,2.2322357407991893
C_history,3.208,1.8435956270997724,1.685854217007439,2.2359071258545327
C_history,3.212,1.8388057513193332,1.6790814893006865,2.2396065548400728
C_history,3.216,1.8340448376944583,1.6756021860520078,2.2433303499104507
C_history,3.22,1.829312910745534,1.6734220668622921,2.247074814153385
C_history,3.224,1.8246101565388038,1.671261021852025,2.2508362310852115
C_history,3.228,1.819936808488107,1.669117386526593,2.25461084232841
C_history,3.232,1.8152930742324798,1.6669896697748663,2.258394799229301
C_history,3.236,1.8106791011233336,1.6648765560605123,2.2621840918568807
C_history,3.24,1.8060949545786396,1.66277686434921,2.2653435681145355
C_history,3.244,1.8015406040010258,1.6606894585558005,2.2675103404768118
C_history,3.248,1.7970159336514695,1.6586131254605787,2.26968975389211
C_history,3.2520000000000002,1.7925207887216714,1.6565464524460296,2.271102271829154
C_history,3.2560000000000002,1.7880550389304777,1.6544877408224326,2.2724225044330564
C_history,3.2600000000000002,1.7836186254625392,1.6524349789059385,2.273770456914825
C_history,3.2640000000000002,1.77921156722091,1.6501985092570057,2.2751472335129197
C_history,3.2680000000000002,1.7748339264781419,1.647830527776125,2.276553870711944
C_history,3.2720000000000002,1.7704857522243036,1.6455037194503612,2.2779912284197406
C_history,3.2760000000000002,1.7661670235104527,1.6432149754346714,2.279459889091822
C_history,3.2800000000000002,1.7618776085803145,1.6409615520088447,2.2809600754369326
C_history,3.2840000000000003,1.7576172460360695,1.6362991981396622,2.282491597083815
C_history,3.2880000000000003,1.7533855470403903,1.6247333335965903,2.2840538325178255
C_history,3.2920000000000003,1.749182014429038,1.6132924549819068,2.285645746020499
C_history,3.2960000000000003,1.745006074706851,1.6019777344288029,2.2872659327443214
C_history,3.3000000000000003,1.7408571201126564,1.5907903281100262,2.2889126810114346
C_history,3.3040000000000003,1.736734558413088,1.5797313463373948,2.290584040775072
C_history,3.3080000000000003,1.7326378671194553,1.5688018478633474,2.2922778902452894
C_history,3.3120000000000003,1.7285666468475047,1.5580028524498537,2.2939919967522053
C_history,3.3160000000000003,1.7245206665599393,1.5473353639870813,2.2957240707481805
C_history,3.3200000000000003,1.7204998925224868,1.5368003969553339,2.2974718124719913
C_history,3.3240000000000003,1.7165044939160012,1.5263990007948087,2.299232949820545
C_history,3.3280000000000003,1.7125348218004308,1.5161322788769163,2.3010052648386212
C_history,3.332,1.7085913641301378,1.5060014006695854,2.3027866061980244
C_history,3.336,1.7046746854984138,1.4960076070870585,2.3045748865286897
C_history,3.34,1.7007853628327279,1.4861522098746915,2.3063680660530093
C_history,3.344,1.6969239264144362,1.4764365862906055,2.308164126712665
C_history,3.348,1.6930908134508325,1.4668621704405753,2.3099610428721613
C_history,3.352,1.6892863431630822,1.4574304425242555,2.311756755078499
C_history,3.356,1.6855107229249622,1.4481429170543172,2.3135491521192035
C_history,3.36,1.6817640825163913,1.4390011308777781,2.315336064121668
C_history,3.364,1.678046508239376,1.4300066315972633,2.3171152663762076
C_history,3.368,1.6743580331414543,1.4211609667781167,2.3188844907348884
C_history,3.372,1.6706985589721508,1.4124656741447654,2.3206414395012773
C_history,3.376,1.6670677366802817,1.4039222728219436,2.3223837960732707
C_history,3.38,1.6634648776730512,1.3955322555687624,2.3241092272971353
C_history,3.384,1.6598889643451578,1.3872970818930332,2.3258153743040086
C_history,3.388,1.656338770983797,1.3792181719281265,2.327499831087162
C_history,3.392,1.6528130409017503,1.3712969010128981,2.329160112699357
C_history,3.396,1.6493106432407025,1.363534595039992,2.330793617184827
C_history,3.4,1.6458306600117563,1.355932526821132,2.33239758680837
C_history,3.404,1.6423723985299037,1.3484919139329092,2.330102262032263
C_history,3.408,1.6389353547546843,1.3412139187007732,2.32915686368841
C_history,3.412,1.6355191603150003,1.3340996510746324,2.3338574442223585
C_history,3.416,1.6321235383199078,1.327150175055423,2.332463612829474
C_history,3.42,1.6287482814042886,1.3202449920018076,2.3293429586405585
C_history,3.424,1.6253932562628564,1.3131875808540887,2.32594281257614
C_history,3.428,1.6220584336297477,1.3063011773663273,2.3222630637983617
C_history,3.432,1.6187439393256067,1.2995870044819602,2.318304120088047
C_history,3.436,1.6154501174920495,1.293046313273106,2.3140668898071324
C_history,3.44,1.612177590438049,1.2866803918342513,2.3095527583453226
C_history,3.444,1.608927294111989,1.2804905674812255,2.3047635594438476
C_history,3.448,1.6057004699707087,1.2744782016040874,2.2997015422538793
C_history,3.452,1.6024986055084345,1.2686446779739644,2.294369335377637
C_history,3.456,1.5993233330482954,1.2629913865575473,2.2887699093998943
C_history,3.46,1.5961763119249035,1.2575197055994451,2.2829065395135264
C_history,3.464,1.5930591260107458,1.2522309847464188,2.276782769767713
C_history,3.468,1.5899732231424362,1.2471265313945201,2.270402380238991
C_history,3.472,1.5869199065331254,1.2422076014871113,2.263769358081028
C_history,3.476,1.5839003666738307,1.2374753949704345,2.2568878729997657
C_history,3.48,1.5809157238459257,1.2329310552609696,2.2497622572824487
C_history,3.484,1.5779670434771258,1.2285756715281384,2.242396990134866
C_history,3.488,1.5750552937042421,1.2244102823760903,2.234796685792779
C_history,3.492,1.5721812366325723,1.2204358795744987,2.226966084695933
C_history,3.496,1.569345274071476,1.2166534107581537,2.2189100469516365
C_history,3.5,1.5665472900567299,1.2130637803983157,2.210633547355156
C_history,3.504,1.5637865335498686,1.2096678487643835,2.202141671346191
C_history,3.508,1.5610615655785671,1.206466428979384,2.1934396114253247
C_history,3.512,1.5583702691401018,1.2034602825834386,2.1845326636918005
C_history,3.516,1.5557099031466493,1.200650114230176,2.175426224262294
C_history,3.52,1.553077180571095,1.1980365662415755,2.166125785371552
C_history,3.524,1.5504683621383428,1.1956202137376901,2.156636930939639
C_history,3.528,1.5478793733530745,1.1934015609476987,2.14696533133308
C_history,3.532,1.5453059701078313,1.1913810391116724,2.1371167369763286
C_history,3.536,1.542743986212862,1.1895590061168042,2.127096970417622
C_history,3.54,1.5401896627334022,1.1879357477019419,2.1169119164471133
C_history,3.544,1.537639956991254,1.1865114797421565,2.106567509921871
C_history,3.548,1.535092622603595,1.1852863508319489,2.096069721074062
C_history,3.552,1.5325459080825072,1.1842604441702511,2.0854245382532124
C_history,3.556,1.529998003146223,1.1834337776628918,2.074637948258562
C_history,3.56,1.5274466071324782,1.1828063012401662,2.0637159146263246
C_history,3.564,1.524888838326801,1.1823778906587132,2.052664354423765
C_history,3.568,1.5223212726219715,1.1821483375056783,2.041489114247879
C_history,3.572,1.519739851942839,1.1821173356992696,2.0301959462194943
C_history,3.576,1.5171398945067243,1.1822844654000428,2.018790484799852
C_history,3.58,1.5145166063104616,1.1826491758087738,2.007278225238494
C_history,3.584,1.5118659089637376,1.1832107687275253,1.9956645043947316
C_history,3.588,1.5091849536075805,1.1839683849207852,1.9839544845683594
C_history,3.592,1.5064720187930543,1.1849209951930766,1.9721531408376516
C_history,3.596,1.503726037359919,1.186067397705663,1.9602652522432336
C_history,3.6,1.5009461342956665,1.1874062224414117,1.9482953969845145
C_history,3.604,1.4981313562731655,1.1889359429825819,1.9462015208176917
C_history,3.608,1.4952805769973607,1.1906548949997375,1.945168792324518
C_history,3.612,1.4923925065487469,1.1925613001703808,1.9440116516055395
C_history,3.616,1.4894657587743125,1.194653293744819,1.9427291095007306
C_history,3.62,1.48649895811884,1.194490505702737,1.9413204955851961
C_history,3.624,1.4834908684697004,1.1838184802825682,1.9397853772174662
C_history,3.628,1.4804405144678037,1.172987218775634,1.9381234712181001
C_history,3.632,1.4773472620467234,1.1619976458053307,1.9363345574875148
C_history,3.636,1.474210838022324,1.1508510868498059,1.9344184016281571
C_history,3.64,1.4710312895216684,1.1395492751654592,1.9323746908222637
C_history,3.644,1.4678088994524332,1.1280943504039476,1.9302029845056017
C_history,3.648,1.4645440790732558,1.1164888488954416,1.9279026792855931
C_history,3.652,1.4612372572718093,1.1047356860205584,1.9254729863568132
C_history,3.656,1.457888784025636,1.0928381319195033,1.9229129193925334
C_history,3.66,1.4544988638715455,1.0807997829894205,1.9202212913472154
C_history,3.664,1.4510675312311954,1.0686245330060744,1.9173967194606372
C_history,3.668,1.4475946706533214,1.0563165488794501,1.9144376386301558
C_history,3.672,1.4440800730852354,1.043880256499744,1.9113423238761909
C_history,3.676,1.4405235104263228,1.031320341380054,1.9081089226449777
C_history,3.68,1.436924811793591,1.0186417666409655,1.9047354971058568
C_history,3.684,1.4332839366621264,1.0058498075426077,1.901220075502777
C_history,3.688,1.4296010517593065,0.9929500980053724,1.8975607102376566
C_history,3.692,1.4258766152206048,0.9799486815124681,1.8937555389998484
C_history,3.696,1.4221114513125115,0.9668520576026645,1.8898028442238486
C_history,3.7,1.418306783472209,0.9536672164845258,1.8857011057132826
C_history,3.704,1.4144642068942486,0.9404016579817143,1.8814490415610092
C_history,3.708,1.4105856144621645,0.9270633963764365,1.8770456335320307
C_history,3.712,1.4066730992855176,0.9136609591912322,1.8724901347251
C_history,3.716,1.4027288323377847,0.900203394923377,1.8677820593416228
C_history,3.72,1.3987549083244497,0.8903265112365257,1.8629211564503028
C_history,3.724,1.394753206695108,0.8809647525409304,1.8579073714205938
C_history,3.728,1.390725373751611,0.871527371806605,1.8527407999402732
C_history,3.732,1.3866730141653432,0.8629574373814426,1.8474216400676484
C_history,3.736,1.3825980814551158,0.8559349085871882,1.8419501475590412
C_history,3.74,1.378503331292953,0.8488524897283591,1.836326598843965
C_history,3.744,1.3743926211564848,0.8417154508213207,1.8305512646802167
C_history,3.748,1.370270895492301,0.8345282443965713,1.8246243959547797
C_history,3.7520000000000002,1.3661438839221098,0.8272945230339223,1.8185462215627384
C_history,3.7560000000000002,1.3620176954108385,0.8200172642726713,1.812316957022816
C_history,3.7600000000000002,1.3578984932986873,0.8126989816784407,1.8059368216344691
C_history,3.7640000000000002,1.353792347278031,0.8053419875253375,1.799406061615875
C_history,3.7680000000000002,1.3497052636629148,0.7979486658364373,1.7927249767514497
C_history,3.7720000000000002,1.345643312854456,0.7926497943215024,1.7858939484948348
C_history,3.7760000000000002,1.3416127421428172,0.7876428537946272,1.778913468022996
C_history,3.7800000000000002,1.3376200091169517,0.7827981580677232,1.7717841631978057
C_history,3.7840000000000003,1.3336717323850178,0.7781282068755376,1.7645068235707928
C_history,3.7880000000000003,1.3297745823668374,0.7736455507910025,1.7570824223594879
C_history,3.7920000000000003,1.3259351546909892,0.7693627150677074,1.7495121337586026
C_history,3.7960000000000003,1.3221598906876102,0.7662139025712692,1.7503575412505894
C_history,3.8000000000000003,1.3184550948821907,0.7675736160872826,1.7588138946873015
C_history,3.8040000000000003,1.314827042355045,0.7692136267473468,1.7673913927857396
C_history,3.8080000000000003,1.3112821125045186,0.7728802520398115,1.7760895407881752
C_history,3.8120000000000003,1.3078268684390764,0.7684084423997487,1.7849077385017427
C_history,3.8160000000000003,1.3044680261297774,0.7654301757600632,1.7938452184094118
C_history,3.8200000000000003,1.3012123047500834,0.7608122148692256,1.800064456127598
C_history,3.8240000000000003,1.2980661963868505,0.7474577156032313,1.7962530636824703
C_history,3.8280000000000003,1.295035722537279,0.734351473202335,1.8098178552497057
C_history,3.8320000000000003,1.292126247668064,0.7215143400549446,1.819972053816465
C_history,3.8360000000000003,1.2893423975991123,0.7107916019501392,1.8198132049048352
C_history,3.84,1.2866880935477363,0.7021725159896958,1.8126774766171745
C_history,3.844,1.2841666773835418,0.6941141274536132,1.8055903328049883
C_history,3.848,1.2817810826276594,0.6900918104887404,1.7985541413734467
C_history,3.852,1.2795340023680761,0.687858234138485,1.7915710450532587
C_history,3.856,1.2774280149787527,0.6895684311254036,1.7846429623724975
C_history,3.86,1.2754656444016317,0.6930713207698053,1.7777715893763364
C_history,3.864,1.2736493485056795,0.6969380003220254,1.7709584020553524
C_history,3.868,1.2719814434982244,0.701170811700474,1.7581920201978296
C_history,3.872,1.2704639826898976,0.7057720400965212,1.7448892091779213
C_history,3.876,1.2690986134184137,0.7107434485889191,1.7316236825038087
C_history,3.88,1.2678864368972926,0.7160858299587386,1.7183994210297753
C_history,3.884,1.2668278926961583,0.721798649611619,1.7052204086632035
C_history,3.888,1.2659226831920585,0.7278798237296245,1.6920906380487533
C_history,3.892,1.2651697459889972,0.734325648187691,1.679014111107233
C_history,3.896,1.2645672781613422,0.7411308691006306,1.667965117610274
C_history,3.9,1.2641128163875548,0.7482888666720389,1.6577093757910162
C_history,3.904,1.263803373131754,0.7557919115613991,1.6474524320368917
C_history,3.908,1.2636356076362891,0.7636314481525398,1.6371938419897065
C_history,3.912,1.2636059756857232,0.7717983619007933,1.6269342052597953
C_history,3.916,1.2637107910597865,0.7802831971654687,1.6166751354755564
C_history,3.92,1.263946182709915,0.7890763053261203,1.6064190619704781
C_history,3.924,1.2643080196215641,0.7965132546363957,1.5961689388640616
C_history,3.928,1.2647919103344598,0.7932842011026201,1.5859279374634847
C_history,3.932,1.265393317559202,0.7903607101805191,1.575699180964288
C_history,3.936,1.266107725996728,0.787739154598518,1.5654855566681665
C_history,3.94,1.2669307633293905,0.7854161905622775,1.5552896174140787
C_history,3.944,1.2678582189958303,0.7833887243944334,1.5451135639020825
C_history,3.948,1.2688859742601817,0.781653868440981,1.5349592842797795
C_history,3.952,1.2700098953092196,0.7867862909443356,1.52482841789426
C_history,3.956,1.2712257390499884,0.7935036258791055,1.514722408317346
C_history,3.96,1.2725290986853772,0.8004820810377654,1.5046425181619503
C_history,3.964,1.2739153937532,0.80770205627247,1.4945897941573603
C_history,3.968,1.2753798963217229,0.8151447217918956,1.484564991462114
C_history,3.972,1.2769177809027148,0.8227920432213663,1.4745684847914569
C_history,3.976,1.2785241862486096,0.8306267942393606,1.4646002040101245
C_history,3.98,1.2801942792834005,0.8386325578331539,1.4546596291743346
C_history,3.984,1.2819233138839883,0.8467937171424373,1.4447458645109876
C_history,3.988,1.2837066802303518,0.8550954368644242,1.4348577871228707
C_history,3.992,1.2855399439287616,0.8662803062068818,1.4322024405298763
C_history,3.996,1.2874188772291153,0.8770559647843996,1.4405078290756785
C_history,4.0,1.2893394862705887,0.8708587980315854,1.4488767620356584
C_history,4.0040000000000004,1.2912980378732386,0.8646208647144714,1.4573100147030498
C_history,4.008,1.2932910873792332,0.8583465378172278,1.4658086276996156
C_history,4.0120000000000005,1.2953155064269963,0.8520406316291986,1.4743738655407241
C_history,4.016,1.29736850724625,0.8457084142028206,1.4830071330487606
C_history,4.0200000000000005,1.299447658709115,0.8413234935098675,1.4917098725886653
C_history,4.024,1.3015508894104826,0.8480913178858954,1.5004834619986438
C_history,4.0280000000000005,1.3036764748580831,0.8549035710176669,1.5093291269309315
C_history,4.032,1.3058230094706393,0.8617626673538892,1.5100924204893458
C_history,4.0360000000000005,1.3079893688707445,0.8686712172734117,1.506138301758107
C_history,4.04,1.3101746728022157,0.8756319665265089,1.5022253804374022
C_history,4.0440000000000005,1.3123782631263543,0.8841645248650842,1.4983550528048544
C_history,4.048,1.3145997143460815,0.8959199896506687,1.4945282396619421
C_history,4.0520000000000005,1.316838892627397,0.9076845399280511,1.490745439376223
C_history,4.056,1.3190960616690772,0.902099663956949,1.4870067937361433
C_history,4.0600000000000005,1.321371986554602,0.8930114125335633,1.4833121573505235
C_history,4.064,1.3236679294250782,0.8839839371772872,1.479661164055959
C_history,4.0680000000000005,1.3259854435618212,0.8750308339961896,1.494790368565007
C_history,4.072,1.3283260200471783,0.866166310449317,1.5116630039591588
C_history,4.0760000000000005,1.3306908079505733,0.8574051820874924,1.5286258390331189
C_history,4.08,1.3330805504803227,0.8487628710779391,1.5456771475108606
C_history,4.0840000000000005,1.3354955662941814,0.8402554042098186,1.5628152715980161
C_history,4.088,1.3379355531913004,0.8318994070724743,1.5748674764155886
C_history,4.0920000000000005,1.340399431172428,0.823958997290692,1.5857770009564889
C_history,4.096,1.3428856865340768,0.8237184824913095,1.5967547790326606
C_history,4.1,1.3453931842227722,0.8243254996018166,1.6078010591092426
C_history,4.104,1.3479218721282535,0.828410897527529,1.6189160131356362
C_history,4.108,1.350472951512266,0.8279413371580344,1.6300997237219486
C_history,4.112,1.3530485879534742,0.8228507863424211,1.641352189352964
C_history,4.116,1.3556514781420406,0.8252079040547478,1.6526733411543393
C_history,4.12,1.3582845013814349,0.8277224892022428,1.6579747430388538
C_history,4.124,1.3609505121610164,0.8319719175250639,1.6559306559998224
C_history,4.128,1.3636522314594033,0.8365502109899716,1.6539254021797973
C_history,4.132,1.3663921797762046,0.8395279052939466,1.651958773878422
C_history,4.136,1.3691726179747028,0.8423423513065065,1.6500305300769385
C_history,4.14,1.371995487707093,0.8449954856070527,1.6481404412562481
C_history,4.144,1.374862359248917,0.8474891236522699,1.6462883214945023
C_history,4.148,1.377774400589449,0.8498248724676184,1.644474049394124
C_history,4.152,1.3807323795435908,0.8520040881079342,1.652680916351851
C_history,4.156,1.3837367024036202,0.8540278855826697,1.669422474178834
C_history,4.16,1.3867874816645203,0.8558972018241449,1.6862329429649416
C_history,4.164,1.3898846169533665,0.8576129047496606,1.7031133497021678
C_history,4.168,1.3930278716093358,0.859175935094505,1.7200647587488371
C_history,4.172,1.3962169315901185,0.8605874638465885,1.7370882508402419
C_history,4.176,1.3994514387344894,0.8618490473512985,1.7541849031525794
C_history,4.18,1.4027309940203552,0.862962763829953,1.7713557705405272
C_history,4.184,1.4060551308502307,0.863931317596671,1.7886018680129507
C_history,4.188,1.4094232672206826,0.8647580992019317,1.805924154462838
C_history,4.192,1.4128346567364514,0.8660102069786709,1.8233235176264633
C_history,4.196,1.4162883633901984,0.8682057769791947,1.8408007602126433
C_history,4.2,1.4197832765328313,0.8702478921730145,1.8583565871154348
C_history,4.204,1.4233181623785307,0.8721400147476073,1.8759915936023903
C_history,4.208,1.4268917283939668,0.8738858748968594,1.8937062543551635
C_history,4.212,1.4305026697860261,0.8754893114606944,1.911500913229454
C_history,4.216,1.4341496765793829,0.8698452663888936,1.9293757735964596
C_history,4.22,1.4378313980669104,0.8636293105091426,1.9473308891276147
C_history,4.224,1.4415463777782407,0.8592647040429782,1.9653661548877017
C_history,4.228,1.4452929799004022,0.8565115210398568,1.9834812986076567
C_history,4.232,1.4490693269698043,0.853707220866186,2.0016758720168055
C_history,4.236,1.4528732620248657,0.850853697976336,2.0199492421240173
C_history,4.24,1.456702340171352,0.8479528978101161,2.038300582347712
C_history,4.244,1.4605538474096664,0.8450070893611045,2.05672886340513
C_history,4.248,1.4644248399055013,0.842019100359811,2.0752328438813477
C_history,4.252,1.468312194868077,0.8389924722777065,2.093811060407746
C_history,4.256,1.4722126644135403,0.8368116908143003,2.112461817387869
C_history,4.26,1.476122925524486,0.8377474116325757,2.131183176215653
C_history,4.264,1.4800396216942662,0.8386509003290288,2.1499729439368562
C_history,4.268,1.4839593943685994,0.839527798482781,2.1688286613092314
C_history,4.272,1.4878789043476157,0.8403837184381202,2.187747590220665
C_history,4.276,1.4917948446201623,0.8412239820704186,2.2067267004273194
C_history,4.28,1.4957039466720823,0.8449715520673485,2.2257626555759313
C_history,4.284,1.4996029823566306,0.8522931392981284,2.244851798476069
C_history,4.288,1.5034887632332303,0.861206892564446,2.26113554089571
C_history,4.292,1.5073581390999014,0.8701427923986281,2.2763602378125802
C_history,4.296,1.511207997347076,0.8790970347582152,2.2914090451246065
C_history,4.3,1.515035264692376,0.8838246789673394,2.3062717138381155
C_history,4.304,1.5188369126972743,0.8878701001105133,2.3209382336009887
C_history,4.308,1.522609968096321,0.8857200815240569,2.3353988874080023
C_history,4.312,1.526351528292259,0.8831209572637815,2.349644299617912
C_history,4.316,1.5300587813336768,0.8804765651142495,2.363665475242879
C_history,4.32,1.5337290283633789,0.8777886843646003,2.3774538285043954
C_history,4.324,1.5373597052846333,0.8752814346484168,2.3910011986632425
C_history,4.328,1.5409484001561835,0.8742445086973034,2.4042998511146676
C_history,4.332,1.5444928649610983,0.8731803844941811,2.4173424617318
C_history,4.336,1.54799102570666,0.8720935021070451,2.430122082531483
C_history,4.34,1.5514410014885802,0.8709886964465425,2.4426320870554443
C_history,4.344,1.5548411453402031,0.8698713543157601,2.454866094532563
C_history,4.348,1.5581901102970117,0.868747659090977,2.4668178729904575
C_history,4.352,1.5614869229440358,0.8676248464826788,2.4784812229974404
C_history,4.356,1.5647310268566432,0.8665113075192661,2.485668143562703
C_history,4.36,1.5679222594912814,0.865416386752236,2.484085531342324
C_history,4.364,1.5710607555955325,0.8643498677077295,2.4819372267701123
C_history,4.368,1.5741468113327408,0.8633213301723317,2.4788255588292527
C_history,4.372,1.5771807665612598,0.8623396619492364,2.4711129870700255
C_history,4.376,1.5801629496863334,0.8614129263533639,2.4629519123177657
C_history,4.38,1.5830936878971509,0.8605485710751988,2.454366343374058
C_history,4.384,1.5859733462965795,0.8597537719825818,2.4453800820185627
C_history,4.388,1.5888023529623312,0.8590356878776028,2.436016518987942
C_history,4.392,1.5915811927734689,0.8584015496030393,2.4262984935619594
C_history,4.396,1.594310380038057,0.8578586557916303,2.4278025197343815
C_history,4.4,1.5969904247853424,0.8574143715744431,2.442000535996833
C_history,4.404,1.5996217960777905,0.8570761536859313,2.456153752458479
C_history,4.408,1.6022048767743642,0.8568515547024024,2.470251566084462
C_history,4.412,1.6047399060389005,0.8567481416555082,2.484282428709559
C_history,4.416,1.6072269138003648,0.85677328953742,2.4982338520458396
C_history,4.42,1.6096656584785478,0.8569338581959739,2.5120924210461797
C_history,4.424,1.6120555834230388,0.8572358315125341,2.5258438130154386
C_history,4.428,1.6143958096524549,0.8576840898776579,2.532153485005504
C_history,4.432,1.6166851816550287,0.8582825568856898,2.536264211492833
C_history,4.436,1.6189223740593417,0.8590349124469557,2.5403411649555196
C_history,4.44,1.6211060454095638,0.8599458242320142,2.539308547090937
C_history,4.444,1.6232349968607889,0.8610222950479367,2.5361923814662584
C_history,4.448,1.6253082780446455,0.8633457157677247,2.533060985036096
C_history,4.452,1.6273252017584265,0.8679368466934234,2.5299147186991897
C_history,4.456,1.6292852872835641,0.8728740372384332,2.5267541643064924
C_history,4.46,1.6311882208777306,0.879250116396701,2.52169769513714
C_history,4.464,1.6330339451964992,0.8858832331277389,2.5129387512810335
C_history,4.468,1.6348229140409398,0.8927774399150922,2.5041062478816762
C_history,4.472,1.6365563902918823,0.8999372718230505,2.4952077516078663
C_history,4.476,1.6382365505453351,0.9073674557059224,2.486253411087644
C_history,4.48,1.6398662339096977,0.9150725380938867,2.477254864599345
C_history,4.484,1.6414484013602482,0.9230564899682141,2.468223381258719
C_history,4.488,1.6429855477503363,0.9296799897873214,2.4591679254783867
C_history,4.492,1.6444793211657451,0.9254707414712848,2.4500937282113595
C_history,4.496,1.6459305269226554,0.9212351375828566,2.4410019063678394
C_history,4.5,1.647339546108481,0.9169708909789458,2.4318905156890764
C_history,4.5040000000000004,1.6487069558467335,0.9127892732183266,2.422756667933026
C_history,4.508,1.6500339740087155,0.9138069666462195,2.413598570043382
C_history,4.5120000000000005,1.6513224764008398,0.9147588593421846,2.404416500835189
C_history,4.516,1.6525746412579903,0.9156449800999525,2.3952126036722783
C_history,4.5200000000000005,1.6537924606276433,0.9191673411833714,2.3859900227060398
C_history,4.524,1.6549773263828627,0.9228795367955374,2.3767519829337083
C_history,4.5280000000000005,1.6561298205179955,0.9266187119639387,2.3675011584294343
C_history,4.532,1.657249811535547,0.9303861323531588,2.3582394008530576
C_history,4.5360000000000005,1.658336864005839,0.9341832397562172,2.348967745081557
C_history,4.54,1.659390780310087,0.9380117450661957,2.3556309023209376
C_history,4.5440000000000005,1.6604120106992841,0.9418737010898197,2.3672795737057473
C_history,4.548,1.661401792579086,0.9457715473845244,2.3788669794690405
C_history,4.5520000000000005,1.6623620624713928,0.949708119797926,2.390384838605255
C_history,4.556,1.6632952659273705,0.9536866187394717,2.4018248399095747
C_history,4.5600000000000005,1.664204167068899,0.9580203228229778,2.4131787684905808
C_history,4.564,1.6650917010868684,0.9648510520116752,2.4244386174089945
C_history,4.5680000000000005,1.6659608698954096,0.9719409284436081,2.435596686148375
C_history,4.572,1.6668146653562796,0.9792942446167121,2.446645660985747
C_history,4.5760000000000005,1.667656007691204,0.9869149203806449,2.4575786676443325
C_history,4.58,1.6684876956752255,0.9948061569770664,2.4639365001568434
C_history,4.5840000000000005,1.6693123702324322,1.0029701556327488,2.4690896395577138
C_history,4.588,1.6701324911726896,1.011407929434321,2.474012059022498
C_history,4.5920000000000005,1.670950321200161,1.0201192128996748,2.478703878666782
C_history,4.596,1.6717679077922931,1.0291024565809566,2.478951128143053
C_history,4.6000000000000005,1.6725870559316423,1.0383548882151195,2.467211767779703
C_history,4.604,1.6734092920209207,1.0478726244067809,2.455267765687652
C_history,4.6080000000000005,1.6742358268398594,1.0576508216846037,2.443133739852333
C_history,4.612,1.675067528527692,1.0676838585781172,2.430823334818855
C_history,4.616,1.6759049146057223,1.07796553984415,2.4183492539561486
C_history,4.62,1.6767481683636198,1.0884893112270977,2.4057232971142617
C_history,4.624,1.6775971835037307,1.0992484700618201,2.3929564029852166
C_history,4.628,1.6784516419214728,1.1102363552310577,2.3800586955876613
C_history,4.632,1.6793111271389018,1.121446500408463,2.3670395343783937
C_history,4.636,1.680175261816543,1.1328727374257863,2.353907567547937
C_history,4.64,1.6810438306156577,1.1445092417023595,2.340670788080908
C_history,4.644,1.6819168258102812,1.1563505181996152,2.320840862949172
C_history,4.648,1.6827943641637457,1.1683913332214741,2.300486057177801
C_history,4.652,1.6836764907452895,1.180626603398425,2.2800679359621805
C_history,4.656,1.684562982936986,1.193051257407897,2.2596011351052225
C_history,4.66,1.6854533191366898,1.205660087886169,2.2390994212888375
C_history,4.664,1.6863469085197256,1.2172972361311776,2.218575757171868
C_history,4.668,1.687243498203485,1.2067766041016426,2.1980423673999847
C_history,4.672,1.688143500098786,1.1963246995840007,2.177510803527362
C_history,4.676,1.6890479868068087,1.1859424513761534,2.156992005761726
C_history,4.68,1.68995835590895,1.17563079430931,2.136496359413565
C_history,4.684,1.6908759225662977,1.165390681136654,2.116033743991157
C_history,4.688,1.6918016682496297,1.1552230914394723,2.0956135730697913
C_history,4.692,1.6927361499215912,1.1451290383622768,2.075244823403862
C_history,4.696,1.6936794981226613,1.135109574679375,2.0549360522605555
C_history,4.7,1.694631509258171,1.1251658001107103,2.0346954026320154
C_history,4.704,1.6955918351497563,1.1152988716952998,2.0145305968064404
C_history,4.708,1.6965601882289487,1.1055100180381126,1.9944489197010267
C_history,4.712,1.6975364698843758,1.0958005560097708,1.9795854765464571
C_history,4.716,1.698520803951844,1.086171904953463,1.982617163792733
C_history,4.72,1.6995135168342679,1.076625589487767,1.9889268066577779
C_history,4.724,1.7005151073437226,1.0671632199621555,1.99694367188672
C_history,4.728,1.7015262238778424,1.0597036863068616,2.0048366343539605
C_history,4.732,1.7025476499337415,1.0589759932178242,2.0126028971040353
C_history,4.736,1.7035803003516787,1.0622037209815174,2.0202398551980627
C_history,4.74,1.704625239400757,1.0654880327004912,2.027745058889545
C_history,4.744,1.70568373113912,1.0688308566726097,2.035116178671922
C_history,4.748,1.7067573125262843,1.0722345816839123,2.042350976774107
C_history,4.752,1.707847849844016,1.0757027579000469,2.0423208799237678
C_history,4.756,1.7089575270775366,1.0792406494862046,2.0312868808564097
C_history,4.76,1.7100887427796383,1.0828553810571946,2.0331483232373895
C_history,4.764,1.711243944681296,1.086555616397488,2.044117313141678
C_history,4.768,1.7124254647799106,1.0903509250425842,2.0548973580113086
C_history,4.772,1.7136354075394025,1.0942510793217566,2.065481916858659
C_history,4.776,1.7148756111441792,1.0982654603193442,2.075864694764365
C_history,4.78,1.7161476766950823,1.1024026313515085,2.0860396756773603
C_history,4.784,1.7174530459757213,1.1066700586961833,2.096001152642529
C_history,4.788,1.7187930965650726,1.1110739520282897,2.105743755437401
C_history,4.792,1.720169219436121,1.1156192337444937,2.1152624759360537
C_history,4.796,1.7215828595419136,1.120309671491321,2.124552691805239
C_history,4.8,1.7230355294261526,1.125148179800274,2.1336101893270003
C_history,4.804,1.7245288296541563,1.1301372272712809,2.142431186193596
C_history,4.808,1.7260645070601754,1.1350251960215267,2.1510123550084357
C_history,4.812,1.7276445456460106,1.1322631728494945,2.159350847943698
C_history,4.816,1.729271236629798,1.1296122831444084,2.1674443225661544
C_history,4.82,1.7309471600869624,1.1270919620436421,2.175290968286377
C_history,4.824,1.732675061099578,1.1247244157698655,2.182889532275774
C_history,4.828,1.7344576841151516,1.1247121550116936,2.190239343114778
C_history,4.832,1.7362976636063656,1.1266491729755952,2.1973403299798617
C_history,4.836,1.7381975213779395,1.1286977978229582,2.2111878610181748
C_history,4.84,1.740159733665184,1.1308656012400657,2.2265899089088492
C_history,4.844,1.7421867814320169,1.1331601842524472,2.2417957347975475
C_history,4.848,1.7442811235453544,1.135588975727346,2.2568020504769786
C_history,4.852,1.7464450978875754,1.1381587594542624,2.2716057100244766
C_history,4.856,1.7486807976130223,1.1408752325087268,2.286203711753725
C_history,4.86,1.750989975123551,1.1437428259589117,2.300593205524126
C_history,4.864,1.753374018536934,1.1467648563761588,2.3147715038700074
C_history,4.868,1.7558340288713292,1.1499439720869788,2.3287360952929603
C_history,4.872,1.7583709876360516,1.1532827969627468,2.346079080935489
C_history,4.876,1.7609859554592286,1.1567846058779545,2.364069277135446
C_history,4.88,1.7636802210303937,1.1604538210535997,2.3820832663776885
C_history,4.884,1.7664553468122772,1.1626568841872298,2.4001201537064683
C_history,4.888,1.7693131126286015,1.1542302564024427,2.418179024910682
C_history,4.892,1.7722554013343803,1.1461247216971873,2.4362589397936603
C_history,4.896,1.7752840802020657,1.13834575824882,2.45435892584004
C_history,4.9,1.7784009125873035,1.1308992625023468,2.472477972460718
C_history,4.904,1.7816075066156127,1.1237916451933472,2.490615025995849
C_history,4.908,1.7849052881822476,1.1170298635038947,2.502927974714353
C_history,4.912,1.7882954807081881,1.1146943613489573,2.498935704167624
C_history,4.916,1.79177908049378,1.1156939948566629,2.4948875495008367
C_history,4.92,1.795356826344737,1.1171425777184318,2.490789072340111
C_history,4.924,1.799029168422947,1.1190499814311288,2.5008857302186245
C_history,4.928,1.8027962417044023,1.1214248490738352,2.511482125491038
C_history,4.932,1.8066578466238081,1.1242739880679329,2.5218509769433495
C_history,4.936,1.8106134374202671,1.1276019551116392,2.5319924410258796
C_history,4.94,1.8146621190552348,1.1314108484034877,2.5419066777164208
C_history,4.944,1.8188026551480967,1.1357002886849081,2.5515938371079865
C_history,4.948,1.8230334899288407,1.140467556203843,2.5610540487837268
C_history,4.952,1.827352785440721,1.145707848703245,2.5702874136558687
C_history,4.956,1.8317584714844024,1.1365974372378638,2.5792939978156655
C_history,4.96,1.8362483015961406,1.1256458416703876,2.5880738278809643
C_history,4.964,1.8408199054418883,1.1149538535256402,2.5948694458085084
C_history,4.968,1.845470827650572,1.1045261902219778,2.600711924899479
C_history,4.972,1.8501985458907224,1.0943676441363985,2.606329997112704
C_history,4.976,1.8550004667830549,1.0844830774973804,2.6117222303773335
C_history,4.98,1.859873905771342,1.0748774167464887,2.616887301501188
C_history,4.984,1.8648160635555429,1.0655556463872933,2.6218240094752
C_history,4.988,1.8698240135793394,1.0565228023376707,2.626531284405903
C_history,4.992,1.8748947101146485,1.0477839647978484,2.631008191755261
C_history,4.996,1.8800250157428464,1.0393442506416064,2.635253931767488
C_history,5.0,1.8852117353720055,1.0320193391291705,2.639267834178849
