model,t,mean,median,q25,q75,escaped_fraction
linear,0.0,0.0,0.0,0.0,0.0,0.0
linear,0.004,3.708092553608481e-05,4.1360788722379885e-05,2.0618169017923902e-05,5.361022056476248e-05,0.0
linear,0.008,0.0001483920200007401,0.0001654365099445809,8.246157656131775e-05,0.00021441867715376803,0.0
linear,0.012,0.00033413859893226174,0.0003722199539317097,0.0001855473872265066,0.00048240057559834526,0.0
linear,0.016,0.0005946325222540088,0.0006617137417680365,0.00032994815913587515,0.0008575514610488842,0.0
linear,0.02,0.0009302591154082271,0.0010339298877909608,0.0005157917428138519,0.0013398865998143492,0.0
linear,0.024,0.0013414589128531219,0.001488889097352206,0.0007432602186848007,0.0019294399379865277,0.0
linear,0.028,0.0018287161572676923,0.002026619854285329,0.0010125885778010598,0.0026262627541746974,0.0
linear,0.032,0.0023925497934951063,0.0026471573037511282,0.0013240631580116943,0.0034304220140594366,0.0
linear,0.036000000000000004,0.003033505758855675,0.0033512056473431005,0.0016780198499854835,0.004341998436103802,0.0
linear,0.04,0.003752150325455081,0.0041405357369786195,0.0020748420894158735,0.005361084279322627,0.0
linear,0.044,0.004549064412970337,0.005014415857951817,0.002514958653427851,0.006487780865463512,0.0
linear,0.048,0.0054248387688153755,0.005973274850413402,0.0030025845868510183,0.007722195849311943,0.0
linear,0.052000000000000005,0.006380069880143414,0.007017571279274526,0.00355120988370155,0.009064440252068345,0.0
linear,0.056,0.007415356472264915,0.008147789604523066,0.00415177326307956,0.01051462527385963,0.0
linear,0.06,0.00853129645765715,0.009364436100685864,0.004805764176737895,0.01207285890244075,0.0
linear,0.064,0.009728484219722704,0.010668034545498181,0.005514699052553156,0.013739242335994146,0.0
linear,0.068,0.011007508138561068,0.012059121698446272,0.006280116716353782,0.0155138662386568,0.0
linear,0.07200000000000001,0.012368948287985904,0.013538242590281902,0.007103574350722045,0.01739680684799553,0.0
linear,0.076,0.013813374251883864,0.0151059456448635,0.00798664384575895,0.019388121954108564,0.0
linear,0.08,0.015341343023237947,0.01676277765477313,0.00893090843818866,0.021487846770355125,0.0
linear,0.084,0.01695339696092807,0.018509278632087074,0.009937959566662784,0.0236888943990457,0.0
linear,0.088,0.01865006178828545,0.020345976555475147,0.011009393894432538,0.025983599710329507,0.0
linear,0.092,0.02043184462388573,0.022273382034453344,0.012146810467451478,0.028381954294480635,0.0
linear,0.096,0.022299232039758247,0.02429198291116351,0.013351807988003332,0.03088346464987672,0.0
linear,0.1,0.024252688145501935,0.026402238819481366,0.014625982192375202,0.03347873485321798,0.0
linear,0.10400000000000001,0.026292652699091888,0.028604575720611904,0.015970923326861636,0.03615919833373072,0.0
linear,0.108,0.028419539246700543,0.030899380433601895,0.017388213720263165,0.03893649157770842,0.0
linear,0.112,0.03063373329484847,0.03328699517842133,0.018879425453524203,0.04180963715067003,0.0
linear,0.116,0.03293559051879165,0.035767712148444014,0.020446118128663582,0.04477761661077733,0.0
linear,0.12,0.03532543501134827,0.038341768128305594,0.022089836739954367,0.04783937017228479,0.0
linear,0.124,0.03780355757646052,0.041009339172255514,0.023812109650618904,0.05099379638710333,0.0
linear,0.128,0.04037021407171567,0.04377053535725564,0.025614446678255683,0.054214466817364644,0.0
linear,0.132,0.04302562380387262,0.04662539562422166,0.027745469332489222,0.05755001383560316,0.0
linear,0.136,0.045769967981175344,0.049573882719978424,0.029709545115726165,0.06104037686328532,0.0
linear,0.14,0.04860338822590786,0.05261587825169796,0.03138576188275903,0.06460086477609107,0.0
linear,0.14400000000000002,0.051525985150270535,0.05575117786483699,0.033098685313972295,0.0682451710897033,0.0
linear,0.148,0.054537816998243005,0.058979486554880035,0.034924117424540047,0.07197972251483938,0.0
linear,0.152,0.057638898355658066,0.0623004141225503,0.03731741786040438,0.07580332222849852,0.0
linear,0.156,0.060829198930238325,0.06571347078155991,0.040032647173207786,0.07971472151661238,0.0
linear,0.16,0.06410864240285467,0.06921806292745525,0.04287610213886843,0.08371261891339801,0.0
linear,0.164,0.06747710535074658,0.07281348907566984,0.045874536999505194,0.0877956594022909,0.0
linear,0.168,0.07093441624290633,0.07649893597652521,0.04922352118959313,0.09196243368282558,0.0
linear,0.17200000000000001,0.07448035450726329,0.08027347491463499,0.052732706726256046,0.096211477507741,0.0
linear,0.176,0.078114649668715,0.08413605819995937,0.05640578327020679,0.1005412710945065,0.0
linear,0.18,0.08183698055643607,0.08808551585763189,0.06024642323850629,0.10495023861537227,0.0
linear,0.184,0.08564697457824787,0.0921205525236458,0.0642582794955836,0.10943674776996162,0.0
linear,0.188,0.08954420705915421,0.09623974455352996,0.06844498270964247,0.11399910944433647,0.0
linear,0.192,0.09352820064043532,0.10044153735128142,0.07281013833449229,0.11863557746038099,0.0
linear,0.196,0.09759842473494214,0.10472424292603694,0.07735732317288892,0.12334434841926267,0.0
linear,0.2,0.10175429503344582,0.1090860376842677,0.08209008147319677,0.1281235616426509,0.0
linear,0.20400000000000001,0.10599517305606856,0.11352496046567137,0.08701192050657287,0.13297129921529083,0.0
linear,0.20800000000000002,0.11032036574195558,0.11803891083140058,0.09212630556692808,0.13788558613245228,0.0
linear,0.212,0.11472912506944025,0.12262564761381148,0.09743665433062314,0.14286439055570319,0.0
linear,0.216,0.11922064769801159,0.12728278773754387,0.1014964821713705,0.14790562418037667,0.0
linear,0.22,0.12379407462242054,0.13200780532243303,0.10611655169597403,0.15300714271804,0.0
linear,0.224,0.12844849082826065,0.13679803107951766,0.11148056944760211,0.15816674649719925,0.0
linear,0.228,0.13318292493734907,0.14165065201223132,0.11580897579420953,0.16338218118540937,0.0
linear,0.232,0.13799634883022427,0.14706499874249546,0.11967480215714113,0.16875511044527453,0.0
linear,0.23600000000000002,0.14288767723209145,0.1530770125106977,0.12359256574335478,0.17416757545335562,0.0
linear,0.24,0.14785576724761063,0.15921355684297667,0.1275616163056023,0.1796302427412908,0.0
linear,0.244,0.15289941782907107,0.1654728971509511,0.13158130692052766,0.1851401443142213,0.0
linear,0.248,0.1580173691617756,0.17185309134739837,0.13565099471526343,0.19069422920530424,0.0
linear,0.252,0.16320830194991748,0.1783519803030525,0.13977004156376882,0.19628936530780622,0.0
linear,0.256,0.16847083658594567,0.18496717764057524,0.1439378147468978,0.2019223414560989,0.0
linear,0.26,0.17380353218645808,0.1916960588438945,0.1481536875699754,0.20758986976219101,0.0
linear,0.264,0.17920488547813226,0.19762988476043195,0.15241703993148667,0.21328858821438396,0.0
linear,0.268,0.184673329518219,0.20270085933266108,0.1567272588363456,0.21901506354455427,0.0
linear,0.272,0.19020723223581032,0.20777570486593971,0.16108373884711677,0.22476579437043,0.0
linear,0.276,0.19580489478260943,0.21337588945306096,0.1654858824665118,0.23053721461903032,0.0
linear,0.28,0.20146454968543703,0.22086726821855795,0.16993310044449925,0.2379311801222803,0.0
linear,0.28400000000000003,0.20718435879740044,0.22905705852328184,0.17442481200343365,0.24485581719275634,0.0
linear,0.28800000000000003,0.21296241105071564,0.23644689006622743,0.1789604449747507,0.2506668455351156,0.0
linear,0.292,0.21879672002182815,0.24393840936320835,0.18353943584099583,0.2564907086752511,0.0
linear,0.296,0.22468522132891064,0.2503292640799692,0.188161229677255,0.26267716703382304,0.0
linear,0.3,0.23062576989321956,0.25584145819030235,0.19282527998644827,0.27129003439947724,0.0
linear,0.304,0.23661613710931437,0.2613389475271942,0.19753104842344166,0.2799795393081512,0.0
linear,0.308,0.24265400798487496,0.2668176253777106,0.20227800440352606,0.29050240037402925,0.0
linear,0.312,0.24873697832879724,0.27227337735722273,0.20706562459152297,0.3000465694565115,0.0
linear,0.316,0.2548625520862927,0.2777020894083156,0.2118933922685987,0.3076614287534829,0.0
linear,0.32,0.2610281389415877,0.28309965613270727,0.2167607965748179,0.31454308270480047,0.0
linear,0.324,0.2672310523320391,0.288461989442006,0.22166733162652927,0.3205872981031692,0.0
linear,0.328,0.27346850804133543,0.2937850275099707,0.22661249550887633,0.32659605984999074,0.0
linear,0.332,0.27973762356295484,0.299064744005599,0.23159578914503745,0.3325654984026436,0.0
linear,0.336,0.28603541844688507,0.30429715758285736,0.23661671504524057,0.33849180802299994,0.0
linear,0.34,0.29235881586119294,0.30947834159924104,0.2416747759401456,0.3443712542911412,0.0
linear,0.34400000000000003,0.2987046456134269,0.3146044340316265,0.24676947330484983,0.35020018151580773,0.0
linear,0.34800000000000003,0.3050696488829122,0.31967164755411887,0.25190030578151273,0.35597502001296455,0.0
linear,0.352,0.3114504849114359,0.32467627973884416,0.2570667675104292,0.36169229322357355,0.0
linear,0.356,0.31784373988429615,0.3296147233369473,0.26251264360762544,0.3673486246415361,0.0
linear,0.36,0.3242459382040502,0.3344834765935012,0.26823625561398085,0.3729407445228089,0.0
linear,0.364,0.33065355631379023,0.3392791535466711,0.2740206373184457,0.3784654963469064,0.0
linear,0.368,0.3370630391643244,0.3439984942583908,0.2798663446741647,0.3839198430024202,0.0
linear,0.372,0.34347081934008616,0.34863837492104466,0.2857739721673919,0.38930087266877633,0.0
linear,0.376,0.34987333876302934,0.3531212544472593,0.2917441513638659,0.3946058043672575,0.0
linear,0.38,0.35626707278464,0.3573073668370865,0.29777754915178367,0.39983199315531875,0.0
linear,0.384,0.3626485563575574,0.36138008439154545,0.3038748656654683,0.4049769349394329,0.0
linear,0.388,0.36901441185565986,0.36587869200607814,0.31003683187309766,0.41003827088311134,0.0
linear,0.392,0.37536137799174235,0.3705471264250356,0.3162642068109769,0.41501379138835653,0.0
linear,0.396,0.38168633917295525,0.37512159797758626,0.3225577744457796,0.4199014396306025,0.0
linear,0.4,0.38798635454427455,0.37959925144312945,0.3289183401449616,0.42469931462918614,0.0
linear,0.404,0.39425868590747154,0.3839774638957021,0.3353467267341635,0.4294056738375495,0.0
linear,0.40800000000000003,0.4005008236742359,0.38825385766154497,0.3418437701188949,0.43401893523969115,0.0
linear,0.41200000000000003,0.40671051002234576,0.3924263123506957,0.3467672029347902,0.43853767894184403,0.0
linear,0.41600000000000004,0.4128857584754472,0.3964929758180048,0.35527689797534195,0.44296064825094006,0.0
linear,0.42,0.4190248692194736,0.400452273914787,0.36623293811717195,0.44728675023411424,0.0
linear,0.424,0.42512643959807483,0.4043029189010168,0.36963643515888733,0.4515150557562645,0.0
linear,0.428,0.4311893693887517,0.40890574978101835,0.3724777422064466,0.45564479899552185,0.0
linear,0.432,0.4372128606413832,0.41739893625534075,0.37647251029377676,0.4596753764393381,0.0
linear,0.436,0.4431964120506997,0.42598464485195997,0.3813026851818146,0.4636063453667783,0.0
linear,0.44,0.44913980802273984,0.4346612815320768,0.3861059082101788,0.4674374218254499,0.0
linear,0.444,0.4550431027718574,0.4434269587764516,0.3908815434969638,0.47162671559537017,0.0
linear,0.448,0.46090659994034217,0.4488019253924538,0.3956290315555111,0.47630915512503513,0.0
linear,0.452,0.46673082836032503,0.45613473243211333,0.4003478902969939,0.4879917237734874,0.0
linear,0.456,0.4725165146729752,0.4635577527791306,0.40446814495834427,0.5006934093324695,0.0
linear,0.46,0.47826455358111514,0.4689990557728011,0.40734702401806266,0.5135811917124422,0.0
linear,0.464,0.48397597653857194,0.472646042128694,0.4126638960386439,0.5252511767927385,0.0
linear,0.468,0.48965191967487404,0.4759815725091773,0.4180106800630658,0.532771001416463,0.0
linear,0.47200000000000003,0.4952935917206759,0.47867094743760996,0.42338797745718515,0.5403013140178087,0.0
linear,0.47600000000000003,0.5009022426418042,0.4812572590437701,0.42973762447533503,0.5478392341666426,0.0
linear,0.48,0.5064791336129341,0.48374208822525255,0.43413352065043653,0.5553817074248693,0.0
linear,0.484,0.5120255088707352,0.48612717502673713,0.4368239133133134,0.563759265234122,0.0
linear,0.488,0.5175425698861493,0.4884144110660265,0.43944162140151577,0.575219176121741,0.0
linear,0.492,0.5230314521914089,0.49060583148515274,0.4419895439583291,0.5868869734276612,0.0
linear,0.496,0.5284932050943305,0.49489291632711874,0.4444707018868591,0.5987619736555917,0.0
linear,0.5,0.5339287744146615,0.5027233893067111,0.44688821960569053,0.6108426912685646,0.0
linear,0.504,0.5393389882884237,0.5060967119640896,0.44924530674793217,0.6176136719457375,0.0
linear,0.508,0.5447245460089737,0.5087180649555234,0.4516429665135843,0.6239330510595732,0.0
linear,0.512,0.5500860098095367,0.5112701634053629,0.45420429445399374,0.6302470728800962,0.0
linear,0.516,0.5554237994418822,0.5138412021862264,0.45674382037232736,0.6365549089432199,0.0
linear,0.52,0.5607381893692034,0.5185469778748142,0.46124773873636066,0.6428554709177484,0.0
linear,0.524,0.5660293083669339,0.5232252914867801,0.4664522224407098,0.6491474020493199,0.0
linear,0.528,0.571297141311419,0.5278767527668586,0.4716660724799571,0.6554290718457831,0.0
linear,0.532,0.5765415329308425,0.5325020300395144,0.4748437288239911,0.661698574308005,0.0
linear,0.536,0.5817621932934063,0.5371018457663779,0.47618630493293324,0.672959796319251,0.0
linear,0.54,0.5869587048122715,0.5416769717962053,0.47748484533887137,0.6893981195538598,0.0
linear,0.544,0.5921305305533383,0.5462282243492597,0.47874314050511796,0.7060019869263899,0.0
linear,0.548,0.5972770236391107,0.5507564587807467,0.4799649976876123,0.7227556961087669,0.0
linear,0.552,0.6023974375486191,0.5552625641698442,0.4811542293898171,0.739642781749043,0.0
linear,0.556,0.6074909371191404,0.5597474577819717,0.4823146420600683,0.7538224623526998,0.0
linear,0.56,0.6125566100601731,0.5642120794522619,0.4840222549256959,0.7671947347498238,0.0
linear,0.5640000000000001,0.6175934787940692,0.5686573859377471,0.48593622240846934,0.7805922753153336,0.0
linear,0.5680000000000001,0.6226005124415069,0.573084345284631,0.487831497447554,0.7940024253061698,0.0
linear,0.5720000000000001,0.6275766387743402,0.5765912370435403,0.4897104665931479,0.8074123203079073,0.0
linear,0.5760000000000001,0.6325207559641288,0.5797065516342845,0.49157548817287755,0.8208089636719484,0.0
linear,0.58,0.6374317439625593,0.5828088628226764,0.49342888543455704,0.8341793001562507,0.0
linear,0.584,0.6423084753606388,0.5859003943005515,0.49527293985305454,0.8475102886865059,0.0
linear,0.588,0.6471498255873078,0.5889833359951421,0.4971098846241774,0.8607889731903088,0.0
linear,0.592,0.6519546823250353,0.5920598371015833,0.4990368507841507,0.8679663131313533,0.0
linear,0.596,0.6567219540398281,0.5951319993820373,0.5011175712432477,0.8740479608452124,0.0
linear,0.6,0.6614505775453401,0.5982018707623282,0.5031965713883314,0.8800304342218643,0.0
linear,0.604,0.6661395245447365,0.60127143925451,0.5052753745664054,0.8859106404715211,0.0
linear,0.608,0.6707878071187154,0.6045372569631419,0.5073554297318349,0.8916856011180523,0.0
linear,0.612,0.6753944821526989,0.6091913417091903,0.5094381089420602,0.8973524703965332,0.0
linear,0.616,0.6799586547197178,0.6138398881274386,0.5115247050751205,0.902908551186536,0.0
linear,0.62,0.684479480457105,0.618482889485258,0.5121989001502999,0.9076814979130212,0.0
linear,0.624,0.6889561669940475,0.6231203122243523,0.5124995211850443,0.9099347529209358,0.0
linear,0.628,0.6933879745028492,0.6277520948039217,0.5127748468951916,0.912090566507493,0.0
linear,0.632,0.6977742154590864,0.6323781466874152,0.5130257476133043,0.9141502806384747,0.0
linear,0.636,0.7021142537045916,0.6369983474812053,0.5132530224848445,0.9161152452105223,0.0
linear,0.64,0.7064075029124642,0.6416125462320148,0.5134574017114927,0.9179868211829981,0.0
linear,0.644,0.7106534245552929,0.646220560888406,0.5136395488719948,0.9197663832999432,0.0
linear,0.648,0.714851525476835,0.6508221779301386,0.5141620251424206,0.9214553224249223,0.0
linear,0.652,0.7190013551639781,0.6554171521677324,0.5155216686342455,0.9230550475117454,0.0
linear,0.656,0.7231025028103468,0.6600052067131575,0.5168912544819126,0.9245669872340783,0.0
linear,0.66,0.7271545942559238,0.6645860331212333,0.5182711970495436,0.9259925912967784,0.0
linear,0.664,0.7311572888789944,0.6676281694794524,0.5196618568953808,0.9273333314515098,0.0
linear,0.668,0.7351102765079871,0.6695300139298934,0.5210635441443925,0.9285907022387755,0.0
linear,0.672,0.7390132744117981,0.6714284399119922,0.5224765216879061,0.9297662214780329,0.0
linear,0.676,0.7428660244182381,0.6733244197074842,0.524044689847709,0.9308614305270079,0.0
linear,0.68,0.74666829020158,0.6752188481206747,0.5260465168657139,0.9318778943307294,0.0
linear,0.684,0.7504198547720262,0.6771125431123628,0.5280829441282844,0.9328172012801919,0.0
linear,0.6880000000000001,0.7541205181923902,0.6790062467062798,0.530154151159279,0.9336809628998921,0.0
linear,0.6920000000000001,0.7577700955404583,0.6809006261597474,0.532260262353857,0.9344708133828457,0.0
linear,0.6960000000000001,0.7613684151294653,0.6827962753899336,0.5344013497996198,0.9351884089909978,0.0
linear,0.7000000000000001,0.764915316993827,0.6846937166468211,0.5365774360101286,0.935835427338296,0.0
linear,0.704,0.7684106516427663,0.6865934024238157,0.5387884965782899,0.9364135665729989,0.0
linear,0.708,0.7718542790806631,0.6884957175967699,0.5410344627579144,0.9369245444751408,0.0
linear,0.712,0.7752460680898411,0.6904009817821187,0.5433152239823644,0.9373700974843968,0.0
linear,0.716,0.7785858957689785,0.6925053568093715,0.5456306303296163,0.9377519796729327,0.0
linear,0.72,0.7818736473183562,0.6960395092562031,0.5479804949432983,0.9380719616771634,0.0
linear,0.724,0.7851092160616638,0.6995916610981803,0.5503645964193193,0.9383318296016872,0.0
linear,0.728,0.7882925036929898,0.7031611259932242,0.5527826811676124,0.9385333839079963,0.0
linear,0.732,0.7914234207368831,0.7067471657177056,0.5552344657582734,0.9386784382999243,0.0
linear,0.736,0.794501887208932,0.7103489946225934,0.5577196392610064,0.9387688186171075,0.0
linear,0.74,0.797527833464074,0.7139657841460482,0.5602378655862983,0.9388063617470932,0.0
linear,0.744,0.8005012012198417,0.7175966673677086,0.5627887858361496,0.938792914566041,0.0
linear,0.748,0.8034219447418544,0.7212407435907553,0.5653720206715032,0.9387303329172901,0.0
linear,0.752,0.8062900321790961,0.7248970829386776,0.5679871727027452,0.938620480636379,0.0
linear,0.756,0.8091054470368245,0.7285647309545036,0.5706338289088144,0.9384652286303845,0.0
linear,0.76,0.8118681897752997,0.7322427131910523,0.5733115630895589,0.9382664540187513,0.0
linear,0.764,0.8145782795229106,0.735930039781554,0.576019938355047,0.9380260393420283,0.0
linear,0.768,0.8172357558926517,0.7396257099807272,0.5787585096545435,0.9377458718441873,0.0
linear,0.772,0.8198406808912896,0.7433287166671103,0.5815268263468738,0.9374278428334165,0.0
linear,0.776,0.8223931409109184,0.7470380507981098,0.5843244348128631,0.9370738471255032,0.0
linear,0.78,0.8248932487929324,0.7507527058098508,0.5871508811095076,0.9366857825730793,0.0
linear,0.784,0.8273411459547411,0.7544716819544806,0.5900057136645025,0.9362655496831808,0.0
linear,0.788,0.8297370045698175,0.7581939905681091,0.5928884860087216,0.9358150513246967,0.0
linear,0.792,0.8320810297918669,0.7619186582630303,0.5961029224444042,0.9353361925263954,0.0
linear,0.796,0.8343734620140866,0.7656447310383077,0.599313712852974,0.934830880365287,0.0
linear,0.8,0.8366145791545925,0.7693712783031628,0.6025099207332578,0.9343010239441517,0.0
linear,0.804,0.8388046989591722,0.7730973968079509,0.6056912849874552,0.9337485344560754,0.0
linear,0.808,0.840944181312538,0.776822214477775,0.6088575860442771,0.9331753253328416,0.0
linear,0.812,0.8430334305492353,0.780544894144023,0.6120086467917976,0.932583312473001,0.0
linear,0.8160000000000001,0.8450728977552983,0.7842646371693199,0.6151443335419622,0.9319744145443863,0.0
linear,0.8200000000000001,0.8470630830516255,0.7879806869615222,0.6182645570209293,0.9313505533547581,0.0
linear,0.8240000000000001,0.8490045378499069,0.7916923323725129,0.6213692733785628,0.9333509566159359,0.0
linear,0.8280000000000001,0.8508978670717269,0.7953989109776287,0.624458485209606,0.9362337832431976,0.0
linear,0.8320000000000001,0.8527437313212559,0.7990998122316104,0.627532242578349,0.9390880017380824,0.0
linear,0.836,0.8545428490016581,0.8027944804969871,0.6305906440379463,0.9419144995312285,0.0
linear,0.84,0.8562959983650629,0.8064824179408134,0.6332715586452797,0.9447141971490212,0.0
linear,0.844,0.8580040194855986,0.8101631872956531,0.6351350458117561,0.9474880489107004,0.0
linear,0.848,0.8596678161446423,0.8138364144806723,0.6369317928112342,0.9502370436104544,0.0
linear,0.852,0.8612883576170439,0.8175017910786602,0.6386611821545276,0.9529622051792326,0.0
linear,0.856,0.8628666803466691,0.8211590766647279,0.6404830238764412,0.955664593320659,0.0
linear,0.86,0.8644038894991818,0.8248081009823852,0.6424369013704944,0.9583453041151013,0.0
linear,0.864,0.8659011603795197,0.8284487659626225,0.6443593645900959,0.961005470585619,0.0
linear,0.868,0.8673597397010578,0.8320810475815591,0.6462497994695308,0.9636462632192173,0.0
linear,0.872,0.8687809466929595,0.8357049975521674,0.6481076705414108,0.9662688904365342,0.0
linear,0.876,0.8701661740317335,0.8393207448455253,0.6499325228743013,0.9688745990028198,0.0
linear,0.88,0.871516888582509,0.8429284970370117,0.6517239838450011,0.9714646743728071,0.0
linear,0.884,0.8728346319350514,0.8465285414728372,0.6546405285287471,0.9740404409618334,0.0
linear,0.888,0.8741210207190532,0.8501212462522956,0.6577092027402938,0.9766032623353598,0.0
linear,0.892,0.8753777466827646,0.8537070610211367,0.6607867527507509,0.9791545413088273,0.0
linear,0.896,0.8766065765185977,0.8572865175715054,0.6638736166537695,0.9816957199496248,0.0
linear,0.9,0.8778093514189305,0.8608602302439601,0.6669703219775363,0.9842282794727777,0.0
linear,0.904,0.8789879863450105,0.8644288961271821,0.6700774851720501,0.9867537400218456,0.0
linear,0.908,0.8801444689915907,0.8679932950511258,0.6731958107937905,0.9892736603264092,0.0
linear,0.912,0.8812808584297793,0.8710199110174217,0.6763260903838781,0.9917896372274481,0.0
linear,0.916,0.8823992834105499,0.8726351401862222,0.679469201036592,0.994303305061859,0.0
linear,0.92,0.883501940311494,0.8742703954994928,0.682626103655901,0.996816334897343,0.0
linear,0.924,0.8845910907097257,0.8759271931692103,0.6857978408985772,0.9993304336088923,0.0
linear,0.928,0.8856690585644016,0.8776070751710432,0.6889855348034236,1.0018473427881518,0.0
linear,0.932,0.8867382269931747,0.8793116055685812,0.6921903841071855,1.0043688374769848,0.0
linear,0.936,0.8878010346280598,0.8810423663722675,0.6954136612488271,1.006896724716689,0.0
linear,0.9400000000000001,0.8888599715377286,0.8826839205837488,0.698656709065028,1.0094328419044254,0.0
linear,0.9440000000000001,0.889917574705225,0.8842975975889366,0.7014427784721539,1.011979054948605,0.0
linear,0.9480000000000001,0.8909764230525073,0.8859397150104606,0.7025797651698797,1.0145372562151667,0.0
linear,0.9520000000000001,0.8920391320061691,0.8876118850035195,0.7037682794838114,1.017109362256928,0.0
linear,0.9560000000000001,0.8931083476021447,0.8893157118887497,0.7050116222485515,1.0196973113184533,0.0
linear,0.96,0.8941867401312222,0.8910527848790258,0.7063131364496528,1.0223030606091998,0.0
linear,0.964,0.8952769973317263,0.8928246702057427,0.7076761975350876,1.0249285833380464,0.0
linear,0.968,0.8963818171408005,0.8946329026303637,0.7091042032103704,1.027575865502689,0.0
linear,0.972,0.8975039000212144,0.8964701500792583,0.7106005627578482,1.030246902427805,0.0
linear,0.976,0.8986459408865037,0.8980043837264493,0.7121686859262433,1.0329436950463609,0.0
linear,0.98,0.8998106206533436,0.8995786902056381,0.7138119714419437,1.0356682459189033,0.0
linear,0.984,0.9010005974562503,0.9011944922899489,0.7155337951986747,1.038422554986239,0.0
linear,0.988,0.9022184975658005,0.9028531345591522,0.7173374981869638,1.0412086150514634,0.0
linear,0.992,0.903466906057302,0.9045558709046695,0.7192263742291338,1.0440284069879138,0.0
linear,0.996,0.904748357282099,0.9063038513706472,0.721203657589316,1.0468838946702839,0.0
linear,1.0,0.9060653251981361,0.9080981083448775,0.723272510531096,1.049777019626846,0.0
linear,1.004,0.9074202136198778,0.9099395421197202,0.7254360108977902,1.0527096954114645,0.0
linear,1.008,0.908815346449966,0.9118289058505133,0.7276971397919323,1.055683801694911,0.0
linear,1.012,0.9102529579559675,0.913766789947346,0.730058769431275,1.0587011780758597,0.0
linear,1.016,0.9117351831551158,0.915753605945717,0.7325236512584231,1.0617636176128846,0.0
linear,1.02,0.9132640483680952,0.9177895699126201,0.7350944043801039,1.0648728600798223,0.0
linear,1.024,0.9148414619997116,0.9198746854572508,0.7377735044100197,1.068030584947996,0.0
linear,1.028,0.9164692055998716,0.9220087264299615,0.7405632727862517,1.0703959390437139,0.0
linear,1.032,0.9181489252529526,0.9250588324098891,0.7434658666302998,1.072466970829289,0.0
linear,1.036,0.919882123337598,0.9295838124629265,0.7464832692101366,1.0746065472072281,0.0
linear,1.04,0.921670150692657,0.934178576780169,0.7496172810641678,1.0768149087222567,0.0
linear,1.044,0.9235141992187497,0.9388448975189065,0.7528695118368274,1.0790920582714472,0.0
linear,1.048,0.9254152949391704,0.9435844683329521,0.7562413728698192,1.0814377431994293,0.0
linear,1.052,0.927374291538946,0.9483988978415703,0.759734070585816,1.0838514368015555,0.0
linear,1.056,0.9293918643971703,0.9532897032719174,0.7633486006939395,1.0863323192734133,0.0
linear,1.06,0.9314685051254876,0.9582583042995396,0.7670857432386288,1.0888792581560638,0.0
linear,1.064,0.9336045166250537,0.9633060171106573,0.7709460585057659,1.0914907883394063,0.0
linear,1.068,0.9358000086754977,0.968434048709013,0.7749298837922403,1.0941650917014027,0.0
linear,1.072,0.938054894072405,0.9736434914889377,0.7790373310376739,1.096899976478918,0.0
linear,1.076,0.9403688853345196,0.9789353180950557,0.7832682853098822,1.0996928564870159,0.0
linear,1.08,0.9427414920080377,0.9843103765876673,0.7876224041289527,1.1025407303280894,0.0
linear,1.084,0.9451720186027629,0.9897693859313691,0.7920991176086349,1.1054401607606004,0.0
linear,1.088,0.9476595632031201,0.9953129318228744,0.7968581966898411,1.1083872544298565,0.0
linear,1.092,0.9502030168056542,1.000941462872335,0.8032071148635571,1.111377642200529,0.0
linear,1.096,0.9528010634431283,1.0066552871507055,0.8096779126786136,1.114406460372798,0.0
linear,1.1,0.9554521811631032,1.0124545691138986,0.8162673561206766,1.1174683331113213,0.0
linear,1.104,0.9581546439353111,1.018339326912638,0.8229719571149343,1.117895170548926,0.0
linear,1.108,0.9609065245665483,1.0243094300950537,0.8297879814377918,1.1180563995884718,0.0
linear,1.112,0.9637056987035868,1.0303645977071922,0.8367114573466893,1.1182191357443045,0.0
linear,1.116,0.9665498500030962,1.0365043967947658,0.8437381848707501,1.1184601948950337,0.0
linear,1.12,0.9694364765422889,1.0427282413076293,0.8508637457047497,1.119555884866848,0.0
linear,1.124,0.9723628985345236,1.049035391406694,0.8530892342987628,1.1223641849924617,0.0
linear,1.1280000000000001,0.9753262674003039,1.0554249531712518,0.8543834165245597,1.125150055613159,0.0
linear,1.1320000000000001,0.9783235762260466,1.061895878703038,0.8555026593401072,1.1279038172236684,0.0
linear,1.1360000000000001,0.981351671621106,1.068446966621778,0.8564342864960061,1.1306152629763246,0.0
linear,1.1400000000000001,0.9844072669586177,1.0747426982069026,0.857166122651799,1.135931578811821,0.0
linear,1.1440000000000001,0.9874869569589088,1.0754785255280104,0.8576866417502254,1.1418800416435426,0.0
linear,1.1480000000000001,0.9905872335469729,1.0762702247571099,0.8579851167414734,1.1413222870489586,0.0
linear,1.1520000000000001,0.9937045028895108,1.0771175463871239,0.8580517671481298,1.1404194318821002,0.0
linear,1.156,0.9968351034940159,1.0780201293096847,0.8578779006177095,1.1431476304551886,0.0
linear,1.16,0.9999753252338776,1.0789775026191344,0.8574560444109856,1.1479399411097586,0.0
linear,1.164,1.0031214291506394,1.0814147401794327,0.8567800627557929,1.1539193549905502,0.0
linear,1.168,1.006269667877858,1.081472150991568,0.8558452561828243,1.1599742801298634,0.0
linear,1.172,1.0094163065300583,1.0815744600967347,0.8546484393634399,1.1661038441823446,0.0
linear,1.176,1.0125576439038035,1.0817206000955442,0.8531879945837546,1.1723070653308212,0.0
linear,1.18,1.0156900338435917,1.0819094039782686,0.8514638987895439,1.178582854241325,0.0
linear,1.184,1.0188099066303227,1.0821396087180246,0.8494777230802221,1.1849300162282077,0.0
linear,1.188,1.021913790251165,1.0824098590869768,0.8472326045596874,1.191347253616641,0.0
linear,1.192,1.024998331403822,1.088009351602408,0.844733191500076,1.1978331682892678,0.0
linear,1.196,1.0280603160732127,1.0949907831717214,0.8419855637712452,1.2043862644033654,0.0
linear,1.2,1.0310966894935316,1.101925787750866,0.8389971313683369,1.2110049512645529,0.0
linear,1.204,1.034104575274422,1.1088082215521955,0.8357765145772981,1.2176875463428396,0.0
linear,1.208,1.0370812934293623,1.1117686077060127,0.8382135153515041,1.2244322784166741,0.0
linear,1.212,1.0400243770020294,1.1134325641806306,0.8405304299784992,1.2312372908305838,0.0
linear,1.216,1.042931586948495,1.1154500146323563,0.8426990348565904,1.2375438670777346,0.0
linear,1.22,1.045800924906597,1.118325670077566,0.8447200787438337,1.2436518875298463,0.0
linear,1.224,1.048630643475509,1.1210148014110493,0.846594619552788,1.2498199103139875,0.0
linear,1.228,1.0514192536442173,1.1235161195176593,0.8483239870642052,1.2560464712825026,0.0
linear,1.232,1.0541655290509735,1.1262274995808013,0.8499097480265865,1.2623300375072217,0.0
linear,1.236,1.0568685068278494,1.1328967292488281,0.8513536742867733,1.268669009708733,0.0
linear,1.24,1.0595274848829808,1.1394673688468844,0.8526577143890384,1.275986966434365,0.0
linear,1.244,1.0621420155926014,1.145933476564048,0.8538239688838286,1.282979529721953,0.0
linear,1.248,1.0647118960073267,1.1522892873733621,0.8550470117097664,1.286584463386088,0.0
linear,1.252,1.067237154812392,1.1585292320375837,0.8585789799857364,1.2876405840822076,0.0
linear,1.256,1.0697180364088754,1.1646479558816256,0.8619495060015788,1.289476167034894,0.0
linear,1.26,1.072154982592208,1.1706403371905618,0.8651570434007134,1.2914317737975258,0.0
linear,1.264,1.0745486123870045,1.1765015050831205,0.8682003969737015,1.2949104923354626,0.0
linear,1.268,1.0768997006477306,1.1822268567036103,0.8710787256089767,1.3021282982310312,0.0
linear,1.272,1.0792091560504349,1.187812073570647,0.8733875120138628,1.3093746038128096,0.0
linear,1.276,1.0814779990824626,1.1932531369192008,0.8709023568022085,1.3166465222267627,0.0
linear,1.28,1.083707340588611,1.1985463418736964,0.8684521546536685,1.3239411450713194,0.0
linear,1.284,1.085898361359454,1.2023008524713599,0.8660379415103594,1.331255546114135,0.0
linear,1.288,1.088052293158091,1.2000676247827873,0.8636608227720182,1.3385867848972217,0.0
linear,1.292,1.0901704014830726,1.1976430102388353,0.8613219723785445,1.3459319102245133,0.0
linear,1.296,1.0922539702652283,1.1950384877464595,0.8590226315755305,1.353287963526682,0.0
linear,1.3,1.0943042886008747,1.1922656913351977,0.8567641073875811,1.3606519820987393,0.0
linear,1.304,1.09632263953839,1.1893363149637683,0.8545477708263222,1.3680210022066945,0.0
linear,1.308,1.098310290862648,1.1862620299346442,0.8523750548615896,1.3753920620602356,0.0
linear,1.312,1.1002684877640907,1.1830544147419946,0.8502474521853991,1.3827622046491124,0.0
linear,1.316,1.1021984472366377,1.179724896770255,0.8473969409167184,1.3901284804415752,0.0
linear,1.32,1.1041013540204268,1.1762847049614107,0.8442724721240218,1.3974879499439021,0.0
linear,1.324,1.1059783578901012,1.1727448323717307,0.8412061206420915,1.4048376861207168,0.0
linear,1.328,1.1078305720850157,1.1691160074309557,0.8381996607421746,1.4121747766764505,0.0
linear,1.332,1.1096590726821631,1.1654086726838906,0.8352549197328553,1.4194963261989444,0.0
linear,1.336,1.1114648987236833,1.1616329698200998,0.8323737760827536,1.4267994581668364,0.0
linear,1.34,1.1132490529264678,1.1577987298665833,0.829558157537706,1.4340813168230018,0.0
linear,1.344,1.1150125028198918,1.1539154675169816,0.8275087095760345,1.441339068916939,0.0
linear,1.348,1.11675618217757,1.1499923786870434,0.8255382248677365,1.448569905319622,0.0
linear,1.352,1.1184809926291541,1.146038340510002,0.8236299380059339,1.45577104251494,0.0
linear,1.356,1.1201878053575756,1.142061913109581,0.8217851388456954,1.4629397239724682,0.0
linear,1.36,1.1218774628052786,1.1380713426069475,0.8200051831502622,1.4700732214069108,0.0
linear,1.364,1.1235507803294091,1.134074564927304,0.8182914928185502,1.4771688359301485,0.0
linear,1.368,1.1252085477604465,1.130079210069591,0.8168297853143914,1.484223899102433,0.0
linear,1.372,1.1268515308312708,1.1260926065877959,0.8157861955331873,1.49123577388983,0.0
linear,1.3760000000000001,1.1284804724542303,1.122121786104445,0.8148381644517527,1.4982018555356036,0.0
linear,1.3800000000000001,1.13009609383247,1.1181734877363207,0.8139861479527177,1.5035603944782876,0.0
linear,1.3840000000000001,1.1316990953987645,1.1142541623602562,0.8132306682686623,1.5082774293851122,0.0
linear,1.3880000000000001,1.1332901575805892,1.1103699766840966,0.8125723159930028,1.5128653496983293,0.0
linear,1.3920000000000001,1.1348699413942978,1.1065268171159115,0.8120117518572323,1.517323577909629,0.0
linear,1.3960000000000001,1.1364390888743203,1.1027302934446332,0.8115497082690866,1.5216517112522487,0.0
linear,1.4000000000000001,1.1379982233454,1.0989857423588072,0.8116310907971511,1.5258495202311755,0.0
linear,1.4040000000000001,1.13954794954725,1.0952982308382881,0.8136791438380919,1.5299169465635485,0.0
linear,1.408,1.1410888536218282,1.0916725594576657,0.8157422370515747,1.5338263731577313,0.0
linear,1.412,1.1426215029738067,1.0881132656408967,0.8178194853414671,1.537588032904771,0.0
linear,1.416,1.1441464460149509,1.0846246269049815,0.8199100723864898,1.5412112652438936,0.0
linear,1.42,1.1456642118030749,1.0812106641272172,0.8215682449271939,1.5446969360003056,0.0
linear,1.424,1.1471753095862016,1.0778751448662134,0.8184548857341973,1.5480460831110805,0.0
linear,1.428,1.1486802282625324,1.074621586761953,0.8155090241100607,1.551259910763368,0.0
linear,1.432,1.1501794357669484,1.071453261035052,0.8127309162156124,1.5543397830169372,0.0
linear,1.436,1.1516733783951236,1.0683731961003409,0.810120666215532,1.5572872169494774,0.0
linear,1.44,1.1531624800768676,1.065384181305134,0.8076782345264597,1.560103875366511,0.0
linear,1.444,1.154647141611216,1.0624887707982011,0.8054034454261674,1.562791559120722,0.0
linear,1.448,1.1561277398769467,1.0596892875316042,0.8037290591448472,1.5653521990879589,0.0
linear,1.452,1.157604627033697,1.0569878273942503,0.803389524696136,1.5677878478490863,0.0
linear,1.456,1.159078129730654,1.0543862634732335,0.8032208181239215,1.5701006711282188,0.0
linear,1.46,1.160548548341844,1.0518862504367907,0.803224618056587,1.5722929390386833,0.0
linear,1.464,1.1620161562493165,1.0494892290309512,0.8034026035916346,1.5743670171883268,0.0
linear,1.468,1.1634811991979064,1.047196430680647,0.8037564528662475,1.5763253576955065,0.0
linear,1.472,1.1649438947476682,1.0450088821851677,0.8042878412295267,1.5781704901663125,0.0
linear,1.476,1.166404431852348,1.042927410497279,0.8049984390160387,1.5799050126823277,0.0
linear,1.48,1.1678629705942605,1.0409526475750783,0.806059284493877,1.581531582846508,0.0
linear,1.484,1.1693196421074474,1.0390850352956515,0.807293393820584,1.583052908932673,0.0
linear,1.488,1.1707745487218149,1.0373248304197844,0.8086653102664546,1.5844717411816505,0.0
linear,1.492,1.1722277643608532,1.0356721095973302,0.8101778151019782,1.5912455394840612,0.0
linear,1.496,1.1736793352242851,1.0341267744032967,0.8118336758893587,1.5984127707146236,0.0
linear,1.5,1.1751292807843674,1.0326885563952621,0.8136356405409463,1.6055567894070832,0.0
linear,1.504,1.1765775951203419,1.0313570221833288,0.8155864310510557,1.612669176301538,0.0
linear,1.508,1.1780242486095753,1.0301315785044638,0.8176887368786379,1.6197412994491245,0.0
linear,1.512,1.179469189986121,1.0290114772936991,0.8199452079562496,1.6267643570728232,0.0
linear,1.516,1.1809123487677424,1.0279958207453166,0.8223584472987606,1.6337294270499043,0.0
linear,1.52,1.1823536380410202,1.0270835663577524,0.8251055553435089,1.6406275228643858,0.0
linear,1.524,1.1837929575811552,1.0262735319565395,0.8280902746107999,1.6474496556830387,0.0
linear,1.528,1.185230197268901,1.0255644006901683,0.8312736806770843,1.654186901996302,0.0
linear,1.532,1.1866652407521798,1.0249547259942515,0.8346568971749123,1.6608304760431336,0.0
linear,1.536,1.188097969285007,1.024442936519851,0.8382409545155707,1.6673718060154783,0.0
linear,1.54,1.1895282656620991,1.0240273410222485,0.8420267794371186,1.673802612824487,0.0
linear,1.544,1.190956018154814,1.02370613320682,0.846015183824565,1.680114990018748,0.0
linear,1.548,1.1923811243437312,1.0234773965290138,0.8502068527745836,1.6863014832869165,0.0
linear,1.552,1.1938034947359994,1.023339108945719,0.85460233188043,1.692355167865024,0.0
linear,1.556,1.1952230560523591,1.0232891476155617,0.8583879071053114,1.6982697221126783,0.0
linear,1.56,1.1966397540699405,1.0244885509032042,0.8580397729360155,1.7040394955301386,0.0
linear,1.564,1.1980535559129832,1.0273578741634461,0.8577383602320234,1.709659569564208,0.0
linear,1.568,1.199464451694475,1.030360983353809,0.8574824952893964,1.7151258096954758,0.0
linear,1.572,1.2008724554271828,1.0334976152846467,0.857270942904677,1.7204349075085237,0.0
linear,1.576,1.202277605142105,1.0367673251493785,0.8571024110201882,1.7255844117121293,0.0
linear,1.58,1.2036799621752046,1.040169480821171,0.8569755553971038,1.7305727473859505,0.0
linear,1.584,1.2050796096083933,1.0437032570591622,0.856888984309302,1.7353992230686408,0.0
linear,1.588,1.2064766498770072,1.0473676296931094,0.8568412632508117,1.740064025652785,0.0
linear,1.592,1.2078712015822222,1.0511613698678015,0.8568309196494066,1.7445682033969763,0.0
linear,1.596,1.209263395571946,1.055083038441689,0.8568564475786936,1.7471945606674006,0.0
linear,1.6,1.2106533703765652,1.0591309806477627,0.8569163124607712,1.7496122503489313,0.0
linear,1.604,1.2120412671057874,1.063303321138438,0.8570089557513124,1.7519070106673567,0.0
linear,1.608,1.213427223929024,1.067597959549734,0.857132799598674,1.7538996673176903,0.0
linear,1.612,1.2148113702739356,1.0720125667329463,0.8572862514684102,1.754726468977529,0.0
linear,1.616,1.2161938208858025,1.0765445818137178,0.8574677087243353,1.7554711966475565,0.0
linear,1.62,1.2175746698942878,1.0811912102483547,0.8576755631570688,1.756135547215632,0.0
linear,1.624,1.2189539850341773,1.085949423054678,0.8579082054507989,1.7567212108169223,0.0
linear,1.6280000000000001,1.2203318021631044,1.0908159573989025,0.858164029578807,1.7572298690449084,0.0
linear,1.6320000000000001,1.2217081202124882,1.0957873187202163,0.8584414371181333,1.7576631933190265,0.0
linear,1.6360000000000001,1.2230828966982878,1.1008597845700678,0.858738841473609,1.758022843396016,0.0
linear,1.6400000000000001,1.2244560439060888,1.1060294103329125,0.859054672001351,1.75831046601236,0.0
linear,1.6440000000000001,1.225827425850767,1.111292036978639,0.8593873780217066,1.758527693645684,0.0
linear,1.6480000000000001,1.2271968560948052,1.1166433009735388,0.8597354327115447,1.7586761433835665,0.0
linear,1.6520000000000001,1.2285640964914355,1.1220786464462058,0.8600973368657304,1.7587574158889256,0.0
linear,1.6560000000000001,1.229928856899376,1.1309320597920052,0.8604716225175773,1.7587730944519115,0.0
linear,1.6600000000000001,1.2312907958951322,1.1419648907991309,0.860856856408058,1.7587247441190625,0.0
linear,1.6640000000000001,1.2326495224869094,1.1531184330446382,0.8612516432935695,1.758613910891337,0.0
linear,1.668,1.2340045988113784,1.164382832635541,0.8616546290820827,1.7584421209834988,0.0
linear,1.672,1.2353555437712,1.1757479537715294,0.8620645037875856,1.7582108801381948,0.0
linear,1.676,1.2367018375478749,1.1872034369143707,0.8624800042928198,1.7579216729888947,0.0
linear,1.68,1.2380429269016848,1.1987387620892793,0.8628999169104477,1.75757596246668,0.0
linear,1.684,1.2393782311489885,1.2103433164732547,0.8633230797329497,1.7571751892466265,0.0
linear,1.688,1.2407071486876766,1.2220064652481615,0.8637483847617596,1.7567207712302364,0.0
linear,1.692,1.2420290639250526,1.233717624540475,0.8641747798063693,1.756214103061039,0.0
linear,1.696,1.2433433544495536,1.245466335144434,0.8646012701444308,1.7556565556710702,0.0
linear,1.7,1.244649398279342,1.257242335639198,0.8650269199341921,1.7550494758564767,0.0
linear,1.704,1.2459465810174257,1.2690356334702935,0.8654508533709692,1.754394185880957,0.0
linear,1.708,1.2472343027449877,1.2808365725756619,0.8658722555797742,1.753691983106159,0.0
linear,1.712,1.2485119844921415,1.292635896198853,0.8662903732366747,1.7529441396484948,0.0
linear,1.716,1.249779074138187,1.304424803645095,0.8667045149119813,1.7521519020621124,0.0
linear,1.72,1.2510350516111386,1.3161949998958486,0.8671140511289228,1.7513164910479906,0.0
linear,1.724,1.2522794332781229,1.327938737196984,0.8675184141321035,1.7504391011892917,0.0
linear,1.728,1.2535117754431688,1.3396488479653827,0.8679170973607224,1.7495209007132269,0.0
linear,1.732,1.2547316768958694,1.351318768607558,0.8683096546222899,1.748563031279765,0.0
linear,1.736,1.2559387804821247,1.3585390872657954,0.868695698963394,1.7475666077975511,0.0
linear,1.74,1.2571327736955145,1.3633333210597076,0.8690749012349557,1.7465327182674,0.0
linear,1.744,1.2583133883136621,1.362204956325621,0.869446988350373,1.7454624236536993,0.0
linear,1.748,1.2594803991273076,1.3611005100614162,0.8698117412359714,1.744356757784007,0.0
linear,1.752,1.2606336218299474,1.3600216603135222,0.8701689924742905,1.7432167272770434,0.0
linear,1.756,1.2617729101523623,1.3589701353522465,0.8705186236418951,1.7420433114991944,0.0
linear,1.76,1.2628981523388243,1.3579477125152435,0.8708605623446477,1.740837462549541,0.0
linear,1.764,1.2640092670703365,1.356956216713857,0.8711947789546896,1.7396001052733112,0.0
linear,1.768,1.265106198945023,1.355997518600692,0.8715212830547581,1.7383321373035492,0.0
linear,1.772,1.2661889136272089,1.355073532398006,0.8732918212737366,1.737034429130679,0.0
linear,1.776,1.267257392775237,1.3541862133877838,0.8751172388517474,1.7357078241995256,0.0
linear,1.78,1.268311628854319,1.353337555065731,0.8769890889487107,1.7343531390332638,0.0
linear,1.784,1.269351619935263,1.3525295859628286,0.8789081416312272,1.732971163383657,0.0
linear,1.788,1.270377364573435,1.3517643661395837,0.8808751503925802,1.7312617066426572,0.0
linear,1.792,1.2713888568553577,1.3510439833596477,0.8828908473561167,1.7292431283870133,0.0
linear,1.796,1.2723860816935197,1.3503705489510751,0.88495593836923,1.7271916649583074,0.0
linear,1.8,1.2733690104437443,1.3497461933651311,0.8870710980039239,1.7251087110355843,0.0
linear,1.804,1.2743375969143114,1.3491730614442454,0.8892369644806803,1.7229956294723956,0.0
linear,1.808,1.2752917738324314,1.3486533074124183,0.8914541345330866,1.7208537507421693,0.0
linear,1.812,1.2762314498319736,1.3481890896031192,0.8937231582313587,1.7186843724510348,0.0
linear,1.816,1.2771565070271165,1.3477825649414537,0.8960445337835473,1.7164887589156022,0.0
linear,1.82,1.2780667992402686,1.3474358831991156,0.8984187023338179,1.7142681408031797,0.0
linear,1.824,1.2789621509599063,1.3471511810423373,0.9008460427777387,1.712023714831957,0.0
linear,1.828,1.2798423571158006,1.3469305758947505,0.9033268666150054,1.709756643528718,0.0
linear,1.832,1.2807071837766322,1.3467761596386532,0.9058614128604408,1.7074680550417347,0.0
linear,1.836,1.281556369899973,1.3466899921797633,0.9084498430344594,1.7051590430065566,0.0
linear,1.84,1.2823896302994604,1.346674094901962,0.9110922362544324,1.702830666462532,0.0
linear,1.844,1.2832066600421732,1.3467304440398853,0.9140645595436211,1.700483949817988,0.0
linear,1.848,1.284007140555737,1.3468609639984344,0.9150340406631529,1.6981198828621473,0.0
linear,1.852,1.2847907478167488,1.3470675206493214,0.9163357438722972,1.7010159294569684,0.0
linear,1.856,1.2855571631202143,1.3473519146356736,0.917683514018575,1.708160496157293,0.0
linear,1.86,1.2863060871091578,1.3477158747164029,0.9190776558319631,1.7152505152208695,0.0
linear,1.864,1.2870372579968565,1.348161051182558,0.9205183708114455,1.7222859698823778,0.0
linear,1.868,1.2877504752742905,1.3486890093781447,0.9220057524067161,1.7292667305857305,0.0
linear,1.872,1.2884456307108645,1.3493012233579422,0.9235397814765756,1.7332308246783628,0.0
linear,1.8760000000000001,1.289122749197825,1.3499990697146496,0.9220250331419216,1.7343042294317106,0.0
linear,1.8800000000000001,1.2897820430522473,1.3507838216072465,0.9174932161238232,1.7328289630494365,0.0
linear,1.8840000000000001,1.2904239849343844,1.3516566430217334,0.9127723357700693,1.7310969779300842,0.0
linear,1.8880000000000001,1.2910494067099678,1.3526185832944675,0.90823120588189,1.7350070256954808,0.0
linear,1.8920000000000001,1.291659634594962,1.353670571927083,0.9061466140670708,1.7409642428524026,0.0
linear,1.8960000000000001,1.2922566748168431,1.3548134137205172,0.9039900590775498,1.7431904087009502,0.0
linear,1.9000000000000001,1.2928434683814902,1.3560477842539571,0.9017602866154948,1.7441910985599227,0.0
linear,1.9040000000000001,1.2934242364322635,1.3573742257325843,0.8994560238185149,1.74517211812139,0.0
linear,1.9080000000000001,1.2940049333964097,1.3587931432258504,0.89707598055347,1.7461329256840814,0.0
linear,1.9120000000000001,1.294593799358155,1.3603048013156842,0.8946188509997045,1.7470729561468077,0.0
linear,1.9160000000000001,1.295201926212308,1.3619093211715165,0.8920833155671118,1.7479916233020754,0.0
linear,1.92,1.295843579451292,1.3636066780663731,0.8894680432005986,1.747204749208303,0.0
linear,1.924,1.2965357345113886,1.3653966993455247,0.8902788330757991,1.7461829130420128,0.0
linear,1.928,1.2972960669526157,1.3672790628563292,0.8916190259245796,1.7451483703993458,0.0
linear,1.932,1.2981390296779804,1.3692532958450103,0.8929782270771964,1.744100635297659,0.0
linear,1.936,1.2990711638196293,1.3713187743231918,0.8943541662774336,1.743039229455833,0.0
linear,1.94,1.3000884010157168,1.373474722904089,0.8957445278323134,1.741963683402984,0.0
linear,1.944,1.3011773468007817,1.3757202151053916,0.8971469565874064,1.740873537573521,0.0
linear,1.948,1.3023194735347081,1.3780541741130623,0.898559063830426,1.7397683433894717,0.0
linear,1.952,1.3034954127702216,1.3804753739975741,0.9039826047179221,1.7386476643308826,0.0
linear,1.956,1.304687599159852,1.382982441371529,0.9097820494406056,1.7375110769949524,0.0
linear,1.96,1.3058812321188558,1.385573857475169,0.9156207586570818,1.7363581721444468,0.0
linear,1.964,1.3070642425135688,1.388247960674035,0.9214924253279804,1.7351885557457685,0.0
linear,1.968,1.3082268691519232,1.3910029493509595,0.9273907320402095,1.7340018499969294,0.0
linear,1.972,1.309361173101879,1.3938368851727159,0.9333093639557145,1.7327976943455037,0.0
linear,1.976,1.3104606181374632,1.3967476967100056,0.9392420213250645,1.7315757464964874,0.0
linear,1.98,1.3115197467509294,1.3997331833880424,0.9451824315631988,1.7303356834098258,0.0
linear,1.984,1.3125339433034706,1.4027910197438074,0.9511243608875091,1.7290772022872116,0.0
linear,1.988,1.313499265962368,1.405918759965104,0.9570616255206973,1.72780002154758,0.0
linear,1.992,1.3144123296270098,1.4091138426858094,0.9629881024625835,1.7265038817905747,0.0
linear,1.996,1.3152702255417397,1.4123735960112471,0.9688977398362879,1.7251885467470724,0.0
linear,2.0,1.3160704669516077,1.415695242747319,0.9747845668150302,1.7238538042157114,0.0
linear,2.004,1.3168109531694614,1.4190759058070086,0.9806427031362206,1.7224994669841793,0.0
linear,2.008,1.3174899466997247,1.4225126137679904,0.9864663682096175,1.7211253737338703,0.0
linear,2.012,1.3181060597332663,1.4260023065554515,0.9922498898261477,1.7197313899263453,0.0
linear,2.016,1.318658247552354,1.4295418412247274,0.9979877124735657,1.7183174086698887,0.0
linear,2.02,1.319145807309199,1.433127997819052,1.0012288399257911,1.7168833515642747,0.0
linear,2.024,1.3195683813822345,1.436757485278544,1.0032809184869704,1.7154291695217307,0.0
linear,2.028,1.319925965164543,1.4404269473775126,1.0058654898042112,1.7139548435619218,0.0
linear,2.032,1.3202189197787002,1.4441329686682396,1.008721776928506,1.712460385578641,0.0
linear,2.036,1.3204479909172382,1.447872080410566,1.0115070091144112,1.7109458390757635,0.0
linear,2.04,1.320614335857058,1.451640766467872,1.014216757398275,1.70941127986988,0.0
linear,2.044,1.3207195617782752,1.455435469151349,1.016846707367777,1.7078568167569055,0.0
linear,2.048,1.3207657799319144,1.4592525949958557,1.0193926729938838,1.7062825921398512,0.0
linear,2.052,1.3207556820400872,1.4630885204520456,1.0218506102650613,1.7046887826148205,0.0
linear,2.056,1.3206926476090488,1.466939597480909,1.024216630559695,1.7030755995122009,0.0
linear,2.06,1.3205808934044636,1.4708021590383145,1.0264870136902162,1.7014432893899305,0.0
linear,2.064,1.3204256783878736,1.4746725244385974,1.0286582205503316,1.69979213447562,0.0
linear,2.068,1.320233576661869,1.4785470045876905,1.0307269052951142,1.6981224530542465,0.0
linear,2.072,1.3200128218407827,1.4824219070777191,1.0326899269825864,1.6964345997980652,0.0
linear,2.076,1.3197736968615872,1.4862935411363911,1.034544360604927,1.6947289660353213,0.0
linear,2.08,1.319528872666711,1.4901582224258805,1.0362875074375983,1.6930059799543007,0.0
linear,2.084,1.3192934639035137,1.4940122776872284,1.0379169046356267,1.6912661067392245,0.0
linear,2.088,1.3190843842061604,1.4956201217986833,1.03943033400799,1.6895098486344557,0.0
linear,2.092,1.3189185022793795,1.4952146859611273,1.0408258299036666,1.6877377449334792,0.0
linear,2.096,1.3188094903043712,1.4947982020174775,1.0421016861463552,1.6859503718891036,0.0
linear,2.1,1.3187643585847422,1.4943696182188524,1.0432564619592533,1.6841483425413537,0.0
linear,2.104,1.3187817301713431,1.493927889149612,1.0442889868265304,1.682332306459522,0.0
linear,2.108,1.3188533607961817,1.493471977375513,1.0451983642442835,1.6805029493949017,0.0
linear,2.112,1.3189682973872903,1.4930008550784426,1.0459839743207002,1.678660992840753,0.0
linear,2.116,1.3191177342782743,1.4925135056790588,1.0466454751929182,1.6768071934961228,0.0
linear,2.12,1.3192993039583643,1.4920089254489546,1.0471828032364736,1.6749423426302044,0.0
linear,2.124,1.3195208501767717,1.4914861251142388,1.0475961720522633,1.673067265344019,0.0
linear,2.128,1.3198038230946207,1.4909441314526222,1.0478860702254391,1.6711828197262983,0.0
linear,2.132,1.320183796337738,1.4903819888862342,1.0480532578605068,1.6692898959005646,0.0
linear,2.136,1.3207001893489572,1.4897987610724952,1.0480987619069553,1.6673894149605477,0.0
linear,2.14,1.3213703566802324,1.4891935324953651,1.0480238702998772,1.6654823277912207,0.0
linear,2.144,1.322169828295416,1.4885654100592083,1.0478301249500568,1.6635696137729088,0.0
linear,2.148,1.323046055647784,1.4879135246873734,1.0475193136277894,1.6616522793661148,0.0
linear,2.152,1.3239464941033918,1.4872370329273161,1.0470934607940727,1.6597313565749081,0.0
linear,2.156,1.3248321810970898,1.486535118563752,1.0465548174416248,1.6578079012869453,0.0
linear,2.16,1.3256776632916216,1.4858069942408785,1.0459058500163212,1.6558829914884439,0.0
linear,2.164,1.3264670418897668,1.4850519030941445,1.0446496194262316,1.6539577253526854,0.0
linear,2.168,1.327190512548041,1.484269120391403,1.0413840234240692,1.6520332192009184,0.0
linear,2.172,1.3278420844280636,1.4834579551825118,1.0380337048570858,1.6521382447361264,0.0
linear,2.176,1.3284181892316123,1.4826177519556016,1.0346020058361032,1.6548804347753006,0.0
linear,2.18,1.3289168425808149,1.4817478922972809,1.0310924928820933,1.6575478613978947,0.0
linear,2.184,1.32933713083293,1.4808477965530074,1.0275089457196933,1.660139009180274,0.0
linear,2.188,1.3296788888832594,1.4799169254827618,1.023855344460043,1.6626524458645633,0.0
linear,2.192,1.329942491759807,1.4789547819059787,1.020135855259391,1.6650868206490552,0.0
linear,2.196,1.3301287155773172,1.4779609123284925,1.0163548145642831,1.6674408622997317,0.0
linear,2.2,1.3302386418577543,1.4769349085430015,1.0125167120767575,1.669713377090052,0.0
linear,2.204,1.3302735896758535,1.475876409193336,1.0086261725932406,1.6719032465763553,0.0
linear,2.208,1.330235066114895,1.474785101291576,1.0046879368881252,1.6740094252164701,0.0
linear,2.212,1.3301247290676543,1.4736607216758957,1.000706841826949,1.676030937839375,0.0
linear,2.216,1.3299443585562762,1.4725030583959215,0.9966877999042458,1.6779668769740417,0.0
linear,2.22,1.3296958340629055,1.4713119520113755,0.9926357784073724,1.6798164000459144,0.0
linear,2.224,1.3293811161931304,1.4700872967889271,0.9885557784098175,1.6809709351999513,0.0
linear,2.228,1.3290022315281884,1.4688290417814562,0.984452813795751,1.6800026395631344,0.0
linear,2.232,1.3285612598719632,1.4675371917734354,0.9803318905120726,1.6790147849461046,0.0
linear,2.236,1.3280603233325408,1.4662118080758226,0.9761979862352657,1.678007841580926,0.0
linear,2.24,1.3275015768368172,1.4648530091538179,0.9720560306283685,1.676982229347254,0.0
linear,2.244,1.3268871997860696,1.4634609710710318,0.9679108863488083,1.6759383122644864,0.0
linear,2.248,1.3262193886369622,1.4620359277341126,0.963767330951223,1.674683876341648,0.0
linear,2.2520000000000002,1.325500350246669,1.460578170922639,0.959630039811272,1.67243692878772,0.0
linear,2.2560000000000002,1.3247322958597019,1.4590880500901833,0.9555035701773498,1.670212922163597,0.0
linear,2.2600000000000002,1.3239174356422243,1.4575659719237959,0.9513923464375946,1.6680126622056175,0.0
linear,2.2640000000000002,1.323057973690299,1.456012399650843,0.947300646670114,1.665836841943761,0.0
linear,2.2680000000000002,1.3221561034538467,1.4544278520840546,0.9432325905253538,1.6636860359960604,0.0
linear,2.2720000000000002,1.3212140035295517,1.4528129023978307,0.9391921284714222,1.6615606949812278,0.0
linear,2.2760000000000002,1.3202338337846435,1.4511681766312825,0.9351830324162064,1.6594611400796064,0.0
linear,2.2800000000000002,1.31921773178018,1.4494943519160823,0.9312088877045666,1.6573875577744575,0.0
linear,2.2840000000000003,1.318167809467621,1.4477921544299768,0.9272730864749092,1.655339994807495,0.0
linear,2.2880000000000003,1.3170861501366482,1.4460623570796765,0.923378822347118,1.6533183533844233,0.0
linear,2.2920000000000003,1.3159748055954787,1.444305776919786,0.9195290864032394,1.651322386668014,0.0
linear,2.2960000000000003,1.314835793567676,1.4425232723173704,0.915726664413433,1.6493516945979443,0.0
linear,2.3000000000000003,1.313671095291744,1.4407157398746695,0.9119741352524773,1.647405720078173,0.0
linear,2.3040000000000003,1.3124826533117693,1.4388841111252644,0.9082738704464794,1.6454837455740152,0.0
linear,2.308,1.3112723694490727,1.437029349021683,0.9046280347852507,1.6435848901622436,0.0
linear,2.312,1.3100421029463365,1.4351524442348893,0.9010385879329494,1.6417081070784665,0.0
linear,2.316,1.308793668777009,1.4332544112883308,0.8975072869679361,1.6398521818066378,0.0
linear,2.32,1.307528836113991,1.431336284551198,0.8940356897821277,1.638015730755781,0.0
linear,2.324,1.3062493269526572,1.429399114117175,0.8906251592704123,1.6361972005688539,0.0
linear,2.328,1.304956814884221,1.427443961596293,0.8872768682416544,1.6343948681079923,0.0
linear,2.332,1.3036529240162733,1.4254718958484607,0.8839918049844315,1.6326068411591774,0.0
linear,2.336,1.3023392280380364,1.423483988687844,0.8807707794227035,1.6308310598975466,0.0
linear,2.34,1.3010172494284589,1.4214813105875037,0.8776144297990538,1.6290652991520793,0.0
linear,2.344,1.2996884588057624,1.4194649264135866,0.874523229825831,1.627307171505169,0.0
linear,2.348,1.2983542744173788,1.4174358912178762,0.8714974962473788,1.6255541312585864,0.0
linear,2.352,1.2970160617694517,1.4153952461167172,0.8685373967595035,1.6238034792925093,0.0
linear,2.356,1.2956751333951608,1.413344014283214,0.8656429582353069,1.6220523688385822,0.0
linear,2.36,1.2943327487610983,1.41128319707821,0.8628140752094783,1.6202978121813787,0.0
linear,2.364,1.2929901143107625,1.4092137703439231,0.8600505185760428,1.6185366882951602,0.0
linear,2.368,1.2916483836439532,1.4071366808822674,0.8573519444573592,1.6167657514144371,0.0
linear,2.372,1.2903086578304475,1.4050528431378733,0.8547179032048546,1.6149816405276458,0.0
linear,2.376,1.2889719858558322,1.4029631361036552,0.8521478484945261,1.6131808897732374,0.0
linear,2.38,1.287639365196751,1.4008684004645477,0.849641146482643,1.611359939706819,0.0
linear,2.384,1.2863117425221386,1.3987694359926968,0.8471970849893382,1.6095151493967308,0.0
linear,2.388,1.2849900145162287,1.3966669992050755,0.8448148826798678,1.6076428092937833,0.0
linear,2.392,1.2836750288183385,1.394561801292166,0.8424936982152695,1.6057391548090354,0.0
linear,2.396,1.2823675850735397,1.3924545063240592,0.8402326393459397,1.6038003805215872,0.0
linear,2.4,1.2810684360875075,1.3903457297381163,0.838030771923312,1.6018226549267602,0.0
linear,2.404,1.2797782890779785,1.3882360371101934,0.8358871288063289,1.5998021356239127,0.0
linear,2.408,1.2784978070144526,1.3861259432094264,0.8338007186407941,1.5977349848328228,0.0
linear,2.412,1.2772276100370645,1.38401591133468,0.8317705344909598,1.5956173851183741,0.0
linear,2.416,1.2759682769449139,1.3819063529290032,0.8297955623038609,1.593445555195457,0.0
linear,2.42,1.2747203467436574,1.3797976274668486,0.8278747891879565,1.5912157656798838,0.0
linear,2.424,1.273484320241829,1.3776900426073508,0.8260072114886013,1.58892435464695,0.0
linear,2.428,1.2722606616851884,1.3755838546056802,0.8241918426437249,1.5865677428573137,0.0
linear,2.432,1.27104980041846,1.3734792689733506,0.82242772080389,1.5841424485102666,0.0
linear,2.436,1.2698521325640744,1.3713764413773952,0.8207139162016024,1.5816451013874457,0.0
linear,2.44,1.2686680227080478,1.3692754787674875,0.8190495382553826,1.579072456255539,0.0
linear,2.444,1.2674978055838664,1.367176440719423,0.817433742394695,1.5786071399727344,0.0
linear,2.448,1.2663417877462622,1.3650793409828323,0.8158657365923319,1.5781895658677398,0.0
linear,2.452,1.265200249227997,1.3629841492205812,0.8143447875913399,1.5777519919459202,0.0
linear,2.456,1.264073445174271,1.3608907929270377,0.8128702268139856,1.5772906012152255,0.0
linear,2.46,1.262961607451082,1.3587991595121975,0.8114414559406499,1.576301464397178,0.0
linear,2.464,1.261864946225778,1.356709098538578,0.8100579521469013,1.5746633215678654,0.0
linear,2.468,1.2607836515201332,1.3546204240978037,0.8087192729873216,1.5729653007276565,0.0
linear,2.472,1.2597178947385421,1.3525329173138876,0.8074250609149773,1.5712049763986926,0.0
linear,2.476,1.2586678301762446,1.350446328960356,0.8061750474257385,1.5693799256996157,0.0
linear,2.48,1.2576335965149243,1.3483603821785843,0.804969056816938,1.567487735668184,0.0
linear,2.484,1.2566153183154387,1.3462747752849458,0.8038070095501887,1.5655260107894535,0.0
linear,2.488,1.255613107519826,1.3441891846546725,0.8026889252084921,1.5634923807060124,0.0
linear,2.492,1.254627064976998,1.342103267670637,0.8016149250381244,1.5613845080846946,0.0
linear,2.496,1.2536572820086356,1.3400166657255885,0.800585234066175,1.5592000966122386,0.0
linear,2.5,1.2527038420336514,1.3379290072667285,0.7996001827850405,1.5569368990904249,0.0
linear,2.504,1.2517668222710894,1.335839910871841,0.7986602083956624,1.5545927255994112,0.0
linear,2.508,1.2508462955424102,1.3337489883465412,0.7977658556018514,1.5521654516962913,0.0
linear,2.512,1.2499423321946481,1.3316558478325322,0.7969177769486687,1.5496530266143442,0.0
linear,2.516,1.2490550021658087,1.32956009691707,0.7961167326985499,1.5470534814270795,0.0
linear,2.52,1.248184377212997,1.327461345734144,0.7953635902396727,1.5443649371400106,0.0
linear,2.524,1.247330533321966,1.3253592100481346,0.7946593230219879,1.5415856126721388,0.0
linear,2.528,1.2464935533139667,1.322394711496818,0.7940050090173696,1.5387138326884688,0.0
linear,2.532,1.2456735296618127,1.316864508672476,0.793401828701505,1.5357480352444262,0.0
linear,2.536,1.2448705675218477,1.311309754103806,0.7928510625564306,1.5326867792029657,0.0
linear,2.54,1.24408478798196,1.3057327899500928,0.792354088094054,1.5295287513853215,0.0
linear,2.544,1.2433163315178373,1.300136023773661,0.7919123764025655,1.5262727734168704,0.0
linear,2.548,1.2425653616403833,1.2945219297540824,0.7915274882193563,1.5229178082304213,0.0
linear,2.552,1.2418320687066524,1.2888930496914166,0.791201069535903,1.5194629661904027,0.0
linear,2.556,1.2411166738549926,1.2832519937834674,0.7909348467420755,1.5159075108029252,0.0
linear,2.56,1.2404194330126244,1.2776014411626773,0.7907306213194296,1.5122508639785042,0.0
linear,2.564,1.2397406409109601,1.2719441401789433,0.7905902640952964,1.5084926108163677,0.0
linear,2.568,1.2390806350311154,1.2662829084153189,0.7906077041132995,1.5046325038816766,0.0
linear,2.572,1.2384397993898664,1.260620632424299,0.7912543354176733,1.5006704669496722,0.0
linear,2.576,1.2378185680654439,1.2549602671731268,0.7919711964761311,1.4957811454372802,0.0
linear,2.58,1.2372174283537636,1.2493048351873737,0.7927593521933926,1.4905943894549332,0.0
linear,2.584,1.236636923439702,1.2436574253828578,0.793619894762322,1.485373956927745,0.0
linear,2.588,1.2360776544655834,1.2380211915768673,0.7945539392202899,1.480123228387629,0.0
linear,2.592,1.2355402818806454,1.232399350670578,0.7971648060860935,1.4764507353530973,0.0
linear,2.596,1.235025525961467,1.2267951804955453,0.8002109947454661,1.474026549407915,0.0
linear,2.6,1.234534166404236,1.2212120173182126,0.8033409030137235,1.4714863520195633,0.0
linear,2.604,1.2340670409053973,1.2156532529974882,0.8065539521292145,1.4686671668589797,0.0
linear,2.608,1.2336250426672133,1.2101223317916392,0.8098495248072555,1.4646705951559114,0.0
linear,2.612,1.2332091167885602,1.2046227468120234,0.8132269643849201,1.4605436617436176,0.0
linear,2.616,1.2328202555279488,1.1991580361225327,0.8166855739587664,1.4562865386845454,0.0
linear,2.62,1.2324594924542756,1.1937317784850558,0.8202246155214687,1.451899599126037,0.0
linear,2.624,1.232127895529979,1.188347588752797,0.8238433091038094,1.4473834163636845,0.0
linear,2.628,1.2318265591998463,1.183009112914906,0.8277444061982455,1.4427387623592205,0.0
linear,2.632,1.2315565955855599,1.1777200227975848,0.8319446558371879,1.4379666057297718,0.0
linear,2.636,1.2313191249101343,1.1724840104286227,0.8362310577818244,1.4330681092277018,0.0
linear,2.64,1.2311152652968544,1.1673047820742153,0.8406024578983708,1.428044626732445,0.0
linear,2.644,1.2309461221036224,1.1621860519588796,0.8451693114240096,1.4228976997776184,0.0
linear,2.648,1.2308127769654629,1.1571315356813252,0.8505539739802289,1.4176290536383491,0.0
linear,2.652,1.2307162767252653,1.1521449433412612,0.8559920623646132,1.4122405930051112,0.0
linear,2.656,1.2306576224358423,1.1472299723942934,0.8614787153237013,1.4067343972714548,0.0
linear,2.66,1.2306377586153796,1.1423903002542746,0.8670088497930643,1.4011127154638565,0.0
linear,2.664,1.230657562933755,1.1394661017782524,0.8725771645388082,1.3953779608424708,0.0
linear,2.668,1.2307178364994447,1.1374474844972844,0.8781781461424651,1.3916195892093848,0.0
linear,2.672,1.2308192949061616,1.1355486882078762,0.883806077689108,1.389783106244836,0.0
linear,2.676,1.2309625601852343,1.1337717510098275,0.8894550505262678,1.387849266765266,0.0
linear,2.68,1.2311481537941664,1.1321185335351196,0.8951189794565582,1.3858178346743404,0.0
linear,2.684,1.2313764907536924,1.1305907130834159,0.9007916217063419,1.3836887313421369,0.0
linear,2.688,1.2316478750248723,1.1291897782943856,0.9064665999728385,1.3814620365439767,0.0
linear,2.692,1.2319624961939568,1.1279170243772876,0.9121374297894296,1.3791379890210007,0.0
linear,2.696,1.2323204275057373,1.1257259748100585,0.9177975513608858,1.376716986660649,0.0
linear,2.7,1.2327216252555857,1.1223699981079311,0.9234403659050794,1.3741995862968246,0.0
linear,2.704,1.2331659295164623,1.1196435545561367,0.9290592763952827,1.3715865031311139,0.0
linear,2.708,1.2336530661401603,1.11695579943637,0.9346477324292449,1.368878609778025,0.0
linear,2.712,1.2341826499327637,1.1143074626877931,0.9401992787621971,1.3660769349387618,0.0
linear,2.716,1.23475418886401,1.1116992500983276,0.9457076068378943,1.363182661709563,0.0
linear,2.72,1.235367089130857,1.1091318431913715,0.9511666084447714,1.3589526338310383,0.0
linear,2.724,1.2360206608594184,1.106605899043548,0.9565704304258694,1.354309778208343,0.0
linear,2.728,1.2367141241992745,1.1051039440288433,0.9619135291959775,1.3495821800857268,0.0
linear,2.732,1.2374466155429884,1.104123317151354,0.96719072368291,1.344772811445949,0.0
linear,2.736,1.2382171935941937,1.1039103977558424,0.9723972452269689,1.3398847625569419,0.0
linear,2.74,1.2390248450123136,1.104550001200007,0.9775287829561611,1.3349212356860614,0.0
linear,2.744,1.2398684893823797,1.1052756223061502,0.9825815232135019,1.3298855386800525,0.0
linear,2.748,1.2407469832950007,1.1060871042509746,0.9875521817501393,1.3247810784333445,0.0
linear,2.7520000000000002,1.241659123373492,1.106984198585049,0.9924380276110429,1.3196113542666468,0.0
linear,2.7560000000000002,1.2426036481502658,1.107966564781012,0.9972368979188646,1.317812587901442,0.0
linear,2.7600000000000002,1.2435792387693374,1.1090337701197468,1.0004572108819818,1.3164167162608007,0.0
linear,2.7640000000000002,1.244584518571651,1.110185289917478,0.9968462726776786,1.3151406620732444,0.0
linear,2.7680000000000002,1.2456180516997981,1.1114205080941688,0.9932953045328723,1.3139849169214701,0.0
linear,2.7720000000000002,1.2466783409332451,1.1127387180810053,0.9898037811269793,1.3129497789519973,0.0
linear,2.7760000000000002,1.2477638250295668,1.1141391240621976,0.986371092828237,1.3120353530597286,0.0
linear,2.7800000000000002,1.248872875897241,1.1178894072551562,0.9829965476744256,1.3112415518126843,0.0
linear,2.7840000000000003,1.250003795958365,1.1186277383877212,0.9817047659820496,1.3105680971069185,0.0
linear,2.7880000000000003,1.2511548160735317,1.1176748869348756,0.9846802272266366,1.3100145225360338,0.0
linear,2.7920000000000003,1.2523240943956915,1.116759644420429,0.9876719496102817,1.308010572770602,0.0
linear,2.7960000000000003,1.253509716496042,1.1158812979310357,0.9921580365375271,1.3054956227770582,0.0
linear,2.8000000000000003,1.254709697064622,1.1150390631009537,0.9986955158045202,1.3029876089291519,0.0
linear,2.8040000000000003,1.2559219834339785,1.1142320869707991,1.0051789200407764,1.3004883388428752,0.0
linear,2.8080000000000003,1.257144461109036,1.113459450894005,1.008091841204978,1.2979996092111963,0.0
linear,2.8120000000000003,1.2583749614134516,1.1127201734845178,1.0086665571986624,1.2955232036404878,0.0
linear,2.816,1.259611271285537,1.1134100194602428,1.0092908252562158,1.2956454562846151,0.0
linear,2.82,1.2608511451786604,1.1193856153467392,1.0105859794377998,1.3006669979486598,0.0
linear,2.824,1.2620923189448559,1.1253494094381689,1.015371456808741,1.3057264916427551,0.0
linear,2.828,1.2633325255091987,1.1312975508748637,1.0200045313530681,1.3108178765650769,0.0
linear,2.832,1.2645695120788263,1.1372262084223543,1.0267219718725489,1.315426898221503,0.0
linear,2.836,1.2658010585766086,1.14313157565405,1.0337036076095414,1.3182202534084941,0.0
linear,2.84,1.2670249969471181,1.149009876074252,1.0404512542678688,1.3156367256325998,0.0
linear,2.844,1.2682392309528425,1.1548573681845977,1.0469524068441731,1.313102355136798,0.0
linear,2.848,1.2694417560620146,1.15576980848765,1.0501475372789,1.310385253674047,0.0
linear,2.852,1.2706306790255792,1.1554568922016277,1.0520192727712971,1.307191303422615,0.0
linear,2.856,1.271804236748563,1.1551449500149809,1.0536735910294888,1.3040900324671925,0.0
linear,2.86,1.2729608140786524,1.1548350344710818,1.0551090814400403,1.3010819619199276,0.0
linear,2.864,1.2740989601598567,1.1545281830684186,1.0571482664304133,1.2981675014071112,0.0
linear,2.868,1.275217403029461,1.1542254173491888,1.0613061004035471,1.2953469522853513,0.0
linear,2.872,1.2763150621700217,1.1539277420590053,1.065233244551445,1.2926205108697846,0.0
linear,2.876,1.2773910587636286,1.15363614437564,1.0689329840674313,1.2899882716616844,0.0
linear,2.88,1.2784447234326524,1.1563881126603022,1.0724100486992443,1.2874502305641835,0.0
linear,2.884,1.2794756012902764,1.1626591148414884,1.0756705221621368,1.2850062880761302,0.0
linear,2.888,1.280483454166678,1.1687525302685875,1.0787217318626152,1.2826562524553398,0.0
linear,2.892,1.2814682599244664,1.174662680550827,1.0815721226557664,1.2814247798175495,0.0
linear,2.896,1.2824302088314554,1.1789027938885965,1.0842311186714488,1.284798357875269,0.0
linear,2.9,1.283369697020722,1.1801877924119553,1.0847863353127747,1.2881942711897356,0.0
linear,2.904,1.28428731713659,1.1813318320159343,1.0823932570352253,1.2916109684794752,0.0
linear,2.908,1.285183846338482,1.182336186454528,1.0813526494037269,1.295046911079675,0.0
linear,2.912,1.2860602319088152,1.1832033651245868,1.084522226011288,1.2985005747343263,0.0
linear,2.916,1.286917574781508,1.1839370812250274,1.0876996839993034,1.301970451310445,0.0
linear,2.92,1.2877571113689394,1.184542195670049,1.088065896564411,1.305586339304825,0.0
linear,2.924,1.2885801941124586,1.1850246392313615,1.0870707984170545,1.3101466806406434,0.0
linear,2.928,1.2893882712108522,1.1853913161714762,1.086009798481295,1.3146224263908088,0.0
linear,2.932,1.2901828659902859,1.1856499931818723,1.0848961078377044,1.3190100439622294,0.0
linear,2.936,1.2909655563677296,1.1858091777372959,1.083742610245568,1.3233061850245842,0.0
linear,2.94,1.291737954829196,1.1858779900261247,1.0825617887116263,1.3275076920344704,0.0
linear,2.944,1.2925016892973007,1.1847103546724287,1.0813656640308626,1.3316116043660524,0.0
linear,2.948,1.2932583852038286,1.1842448318723013,1.0801657446803716,1.3356151640073457,0.0
linear,2.952,1.2940096490167363,1.183756370392151,1.0789729872837241,1.3395158207796771,0.0
linear,2.956,1.2947570534020805,1.1839991417892892,1.0777977667569534,1.343311237036803,0.0
linear,2.96,1.29550212413379,1.1845667312718229,1.07664985518973,1.3469992917996925,0.0
linear,2.964,1.296246328801512,1.185190452731861,1.0765520558495802,1.3505780842832236,0.0
linear,2.968,1.2969910673113412,1.185868875255987,1.0767457648809384,1.3540459367719553,0.0
linear,2.972,1.297737664127658,1.1866005636242396,1.0769712262017679,1.3574013968038887,0.0
linear,2.976,1.2984873621672062,1.187384078761336,1.0772350877354782,1.360643238623654,0.0
linear,2.98,1.299241318228796,1.1882179780527662,1.077543437673993,1.3637704638699173,0.0
linear,2.984,1.3000005998230617,1.192400477593349,1.077901816408481,1.3667823014659808,0.0
linear,2.988,1.3007661832554882,1.19665376415099,1.0783152312081863,1.3696782066875086,0.0
linear,2.992,1.3015389528112953,1.200861392357361,1.078788173072423,1.3724578593870211,0.0
linear,2.996,1.3023197008914147,1.205021214100698,1.0793246352506753,1.3751211613611751,0.0
linear,3.0,1.3031091289535894,1.2091311863883936,1.0799281329915682,1.377668232853829,0.0
linear,3.004,1.303907849120334,1.2131893769233144,1.0806017241422878,1.3800046535471528,0.0
linear,3.008,1.3047163863252698,1.2171939696649425,1.081348030275483,1.3823515847758316,0.0
linear,3.012,1.3055351808802977,1.2211432702993692,1.0821692580705031,1.3851076463845653,0.0
linear,3.016,1.3063645913576183,1.225035711534578,1.0830672207202092,1.3878278651830986,0.0
linear,3.02,1.3072048976922583,1.228869858131199,1.0840433591736935,1.3905124527494706,0.0
linear,3.024,1.308056304422114,1.2326444115742812,1.0850987630594444,1.3931616642012368,0.0
linear,3.028,1.308918943993456,1.2363582142889458,1.0862341911632052,1.3957757966358306,0.0
linear,3.032,1.3097928800700795,1.2400102533022594,1.0874500913603862,1.3983551874188707,0.0
linear,3.036,1.3106781107938574,1.2435996632555208,1.0887466199248848,1.4009002123162855,0.0
linear,3.04,1.3115745719532894,1.247125728675519,1.090123660154933,1.4034112834674206,0.0
linear,3.044,1.3124821400247677,1.2505878854202273,1.0915808402725469,1.4058888471977757,0.0
linear,3.048,1.313400635058712,1.2539857212238417,1.0931175505666422,1.408333381671638,0.0
linear,3.052,1.3143298233895355,1.2573189752778957,1.0947329597612652,1.4107453943866428,0.0
linear,3.056,1.3152694201546142,1.2605875367991988,1.0964260305999325,1.4131254195141465,0.0
linear,3.06,1.3162190916130865,1.263791442551209,1.09819553464508,1.4154740150912413,0.0
linear,3.064,1.3171784572604517,1.2668511355710734,1.1000400662982694,1.4177917600722318,0.0
linear,3.068,1.3181470917395954,1.2697909413916864,1.101958056052341,1.4200792512493963,0.0
linear,3.072,1.3191245265530558,1.2727079922066293,1.1026132039701841,1.4223371000548344,0.0
linear,3.076,1.3201102515850671,1.2755229037737104,1.1030326830763184,1.424565929257137,0.0
linear,3.08,1.3211037164452017,1.2783347850392677,1.1035228396350396,1.4267663695684536,0.0
linear,3.084,1.3221043316482564,1.281144340697455,1.1040829394718605,1.428939056179237,0.0
linear,3.088,1.3231114696473956,1.283952236034188,1.1047121996195157,1.4310846252395177,0.0
linear,3.092,1.3241244657395026,1.2867591006505044,1.105409788965193,1.4332037103069208,0.0
linear,3.096,1.3251426188631363,1.2895655307631348,1.1061748289479802,1.435296938782804,0.0
linear,3.1,1.3261651923105495,1.292372090212608,1.1070063943088255,1.4373649283588252,0.0
linear,3.104,1.3271914143757881,1.2949096469637855,1.1079035138954423,1.4394082834969182,0.0
linear,3.108,1.3282204789610874,1.2973864623239075,1.1088651715246953,1.441427591966077,0.0
linear,3.112,1.3292515461635517,1.2998096198388063,1.1098903069051094,1.4434234214594748,0.0
linear,3.116,1.3302837428635284,1.3021804476434715,1.1109778166222353,1.4453963163153305,0.0
linear,3.12,1.3313161633351667,1.3045002885083505,1.1121265551896826,1.447346794364516,0.0
linear,3.124,1.332347869898454,1.306770489185435,1.113335336168672,1.4492753439272377,0.0
linear,3.128,1.3333778936305571,1.3089923902160643,1.1146029333590077,1.4511824209802051,0.0
linear,3.132,1.3344052351526479,1.3111673162991426,1.1159280820643516,1.4530684465145498,0.0
linear,3.136,1.335428865506564,1.3132965673060255,1.1173094804346548,1.4549338041033761,0.0
linear,3.14,1.33644772713372,1.315381410014956,1.1187457908885325,1.4557952388720405,0.0
linear,3.144,1.337460734966686,1.3174230706239978,1.120235641618253,1.454511251664626,0.0
linear,3.148,1.3384667776417958,1.3194227280872628,1.1217776281798484,1.4531661744085302,0.0
linear,3.152,1.3394647188391309,1.3213815083052172,1.1233703151706544,1.4517612722084423,0.0
linear,3.156,1.3404533987542153,1.3233004791862308,1.1250122379963174,1.4502977778125015,0.0
linear,3.16,1.341431635703836,1.32518064658358,1.1267019047289972,1.4487768927561326,0.0
linear,3.164,1.3423982278665676,1.3270229511000529,1.1284377980581104,1.447199788848536,0.0
linear,3.168,1.3433519551568485,1.328828265741269,1.1302183773345371,1.4455676099936188,0.0
linear,3.172,1.3442915812298568,1.3305973943889793,1.1317739645367444,1.443881474335685,0.0
linear,3.176,1.3452158556129772,1.3314995233596645,1.131533767443115,1.4421424767188256,0.0
linear,3.18,1.3461235159583143,1.3317721668229208,1.131311180501015,1.440351691447625,0.0
linear,3.184,1.34701329040955,1.3320447303549714,1.1311060248028921,1.438510175335558,0.0
linear,3.188,1.3478839000754044,1.3323190613254057,1.1309180466143485,1.436618971026288,0.0
linear,3.192,1.3487340616010792,1.3325968616974704,1.130746923458837,1.4372934483838735,0.0
linear,3.196,1.3495624898283196,1.332879690494134,1.1305922703568336,1.439278393123054,0.0
linear,3.2,1.3503679005341143,1.3331689669787752,1.130453646198446,1.4412513390118382,0.0
linear,3.204,1.3511490132375743,1.3334659744875894,1.1303305602281042,1.4432120546349114,0.0
linear,3.208,1.3519045540641506,1.3337718648504078,1.13022247861965,1.4451602507769918,0.0
linear,3.212,1.3526332586560912,1.334087663336859,1.1301288311197855,1.4470955813758186,0.0
linear,3.216,1.3533338751178627,1.334414274065659,1.1300490177374853,1.4490176446567986,0.0
linear,3.22,1.354005166985178,1.3347524858161346,1.1304719824386447,1.4509259844421831,0.0
linear,3.224,1.3546459162062612,1.3351029781828316,1.131357614721444,1.452820091627054,0.0
linear,3.228,1.3552549261240368,1.3354663280161447,1.1322214053387516,1.4546994058138947,0.0
linear,3.232,1.3558310244480318,1.3358430160942523,1.1330617101808866,1.4565633170970809,0.0
linear,3.236,1.3563730662049418,1.3362334339741904,1.133876879599637,1.4584111679882468,0.0
linear,3.24,1.3568799366570048,1.3366378909726162,1.1346652656464284,1.4602422554731929,0.0
linear,3.244,1.3573505541775532,1.3370566212296051,1.1354252293973477,1.4622377313186663,0.0
linear,3.248,1.357783873073348,1.3374897908116905,1.1361551483245793,1.465752145109107,0.0
linear,3.2520000000000002,1.3581788863435909,1.3349627900144363,1.1368534236728502,1.4692166159011673,0.0
linear,3.2560000000000002,1.3585346283657604,1.3322950619503082,1.1375184877988738,1.4726285894095308,0.0
linear,3.2600000000000002,1.3588501774987294,1.3296210258410526,1.1381488114315872,1.475985559267651,0.0
linear,3.2640000000000002,1.359124658593892,1.3269422950451997,1.1387429108111802,1.4792850687219636,0.0
linear,3.2680000000000002,1.3593572454053406,1.3242605419131326,1.139299354665535,1.4825247122817176,0.0
linear,3.2720000000000002,1.359547162890408,1.3215775026900194,1.1398167709837312,1.4848095602785105,0.0
linear,3.2760000000000002,1.3596936893921903,1.3188949821599458,1.1402938535477054,1.4865070582096669,0.0
linear,3.2800000000000002,1.3597961586959528,1.3162148580080617,1.1407293681849866,1.488115361621915,0.0
linear,3.2840000000000003,1.3598539619515901,1.313539084877936,1.1411221587076241,1.4896328239957288,0.0
linear,3.2880000000000003,1.359866549454606,1.310869698101655,1.1414711525049557,1.491057885150518,0.0
linear,3.2920000000000003,1.359833432278336,1.3082088170805735,1.1417753657606917,1.4923890726010778,0.0
linear,3.2960000000000003,1.359754183750408,1.3055586482950003,1.1420339082678916,1.4936250028470766,0.0
linear,3.3000000000000003,1.3596284407667074,1.3029214879215005,1.1422459878186986,1.4947643825950994,0.0
linear,3.3040000000000003,1.3594559049363688,1.3002997240369192,1.1424109141491783,1.4958060099125672,0.0
linear,3.3080000000000003,1.3592363435515904,1.297695838388706,1.1425281024231737,1.4967487753126494,0.0
linear,3.3120000000000003,1.358969590376335,1.2982189926005123,1.1425970762427335,1.4975916627691122,0.0
linear,3.3160000000000003,1.358655546248265,1.298759897909532,1.1426174701763165,1.4983337506598617,0.0
linear,3.3200000000000003,1.3582941794885501,1.299268014077113,1.1425890317995737,1.4989742126377528,0.0
linear,3.3240000000000003,1.3578855261145077,1.299743122211521,1.1425116232470192,1.499512318427053,0.0
linear,3.3280000000000003,1.3574296898503724,1.300185068410527,1.1423852222762945,1.49994743454377,0.0
linear,3.332,1.3569268419318754,1.3005937640586915,1.142209922849912,1.5002790249378455,0.0
linear,3.336,1.3563772207007339,1.3009691859048162,1.141985935242384,1.5005066515550316,0.0
linear,3.34,1.3557811309856347,1.3013113759168773,1.1417135856833884,1.4994783909231675,0.0
linear,3.344,1.355138943266848,1.3016204409120786,1.1413933155501361,1.496336280060522,0.0
linear,3.348,1.3544510926222324,1.3018965519599432,1.1410256801243333,1.4930914212708044,0.0
linear,3.352,1.3537180774531357,1.3021399435566894,1.1406113469310748,1.489745569974907,0.0
linear,3.356,1.3529404579895281,1.3023509125694086,1.1401510936786732,1.4863006069308662,0.0
linear,3.36,1.3521188545746892,1.3025298169488628,1.1396458058197945,1.4827585379805344,0.0
linear,3.364,1.35125394573089,1.3026770742099876,1.139096473755379,1.479121493594801,0.0
linear,3.368,1.3503464660087972,1.3027931596794655,1.1385041897036459,1.4762631459892706,0.0
linear,3.372,1.3493972036248012,1.3028786045099847,1.1378701442570618,1.476803908623477,0.0
linear,3.376,1.3484069978921362,1.3029339934610562,1.1371956226505138,1.4772857455172739,0.0
linear,3.38,1.347376736453527,1.302959962446486,1.1364820007640253,1.4777081491594535,0.0
linear,3.384,1.3463073523252052,1.3029571958488289,1.1357307408833448,1.4780706624457045,0.0
linear,3.388,1.3451998207644438,1.3029264236013414,1.135206933795233,1.4783728797697504,0.0
linear,3.392,1.344055155975308,1.3028684180381473,1.1356498769359022,1.4786144480236416,0.0
linear,3.396,1.3428744076700618,1.3027839905134817,1.1361250946392953,1.4787950675047306,0.0
linear,3.4,1.341658657506644,1.304550257943454,1.136634343854648,1.478914492726882,0.0
linear,3.404,1.340409015425716,1.306488462158149,1.1371793881668006,1.4789725331334527,0.0
linear,3.408,1.33912661591405,1.3084653318927744,1.1377619911834893,1.4789690537095666,0.0
linear,3.412,1.3378126142243365,1.310481842259881,1.1383839098296697,1.47890397549116,0.0
linear,3.416,1.336468182584796,1.3125389623279797,1.1390468875741488,1.4787772759682176,0.0
linear,3.42,1.3350945064351993,1.3144555711668189,1.1397526476140123,1.4785889893795339,0.0
linear,3.424,1.3336927807289143,1.3138874493885286,1.1405028860424822,1.4783392068962369,0.0
linear,3.428,1.3322642063432633,1.3133487347765986,1.141299265025872,1.4780280766911893,0.0
linear,3.432,1.3308099866426482,1.3128414216172741,1.1421434060152282,1.4776558038912406,0.0
linear,3.436,1.329331324240404,1.3123674851918825,1.143232449073485,1.4772226504091397,0.0
linear,3.44,1.3278294180059627,1.3119288775519455,1.1453472825460382,1.4767289346517365,0.0
linear,3.444,1.3263054603634643,1.3115275232698247,1.1475253473972107,1.4761750311008972,0.0
linear,3.448,1.3247606349261658,1.311165315178647,1.1497672818901412,1.475561369763334,0.0
linear,3.452,1.3231961145076947,1.3108441101157138,1.152073632647952,1.4748884354853078,0.0
linear,3.456,1.3216130595461237,1.3105657246839262,1.154444849305852,1.474156767127906,0.0
linear,3.46,1.3200126169698179,1.3103319310460435,1.1568812793922054,1.473366956598311,0.0
linear,3.464,1.3183959195248858,1.310144452766763,1.1593831634606913,1.4725196477321834,0.0
linear,3.468,1.316764085572811,1.3085974028507878,1.1589647623793304,1.4716155350219902,0.0
linear,3.472,1.3151182193534368,1.3047132138262105,1.1583309597132803,1.470655362185762,0.0
linear,3.476,1.3134594116931722,1.3008577369658418,1.157664042551032,1.4696399205704629,0.0
linear,3.48,1.3117887411214115,1.2970347631076267,1.1569637563206618,1.468570047383806,0.0
linear,3.484,1.3101072753402716,1.2932480564399227,1.1562298113915925,1.468424613660945,0.0
linear,3.488,1.3084160729746839,1.2895013480866024,1.1554618825023018,1.46909673820074,0.0
linear,3.492,1.3067161855126164,1.285798329598772,1.1546596084849863,1.4697469013087237,0.0
linear,3.496,1.305008659330024,1.2821426463706465,1.1538225923064955,1.4703761116632068,0.0
linear,3.5,1.3032945376833758,1.278537890998546,1.1547794360902361,1.4709853873915673,0.0
linear,3.504,1.3015748625458001,1.2749875966034157,1.1561872300385965,1.4715757521768063,0.0
linear,3.508,1.2998506761623907,1.2714952301386604,1.1575769793799773,1.4721482312021865,0.0
linear,3.512,1.298123022207239,1.2680641857064159,1.1589476514493975,1.472703846927717,0.0
linear,3.516,1.2963929464401565,1.2646977779066617,1.16029816923837,1.4713993013268025,0.0
linear,3.52,1.2946614967850436,1.2613992352447452,1.1616274129699866,1.469656648792038,0.0
linear,3.524,1.2929297227841463,1.2581716936239755,1.1629342219766705,1.4678571085160417,0.0
linear,3.528,1.2911986744217703,1.2550997069965495,1.1642173968814902,1.4660017586459373,0.0
linear,3.532,1.2894694003555558,1.2524900748546428,1.1654757020818887,1.464091603207661,0.0
linear,3.536,1.287742945640474,1.2519789487415343,1.16670786853246,1.4621275599191867,0.0
linear,3.54,1.286020349077228,1.2534069138005566,1.167912596821065,1.4601104472920428,0.0
linear,3.544,1.2843026403591964,1.2548909402748463,1.1690885605301167,1.458040971008677,0.0
linear,3.548,1.2825908372270962,1.2564302148655004,1.170234409872299,1.4562282232049504,0.0
linear,3.552,1.2808859428647275,1.2580238098880954,1.171348775587344,1.456699222687641,0.0
linear,3.556,1.2791889437796862,1.2596706844264935,1.172430273083802,1.4558743515714847,0.0
linear,3.56,1.277500808407162,1.2613696857465837,1.1734775068070435,1.4488323581963485,0.0
linear,3.564,1.2758224866506733,1.2631195509646633,1.1716209986506574,1.444133947184149,0.0
linear,3.568,1.2741549105287748,1.2649189089647872,1.1670594074077594,1.4441147054025696,0.0
linear,3.572,1.2724989960289705,1.2667662825590775,1.162371198618335,1.4440836728720143,0.0
linear,3.576,1.2708556461766716,1.2686600908847958,1.1575522722379357,1.4440415927470112,0.0
linear,3.58,1.2692257552043675,1.2706271972478795,1.1525983460178715,1.4439892078010423,0.0
linear,3.584,1.2676102135504461,1.2758313532767498,1.1475049807249569,1.443927259404742,0.0
linear,3.588,1.2660099132243254,1.2811073922960585,1.1422676116156678,1.4438564865244197,0.0
linear,3.592,1.2644257528430187,1.2864495034369252,1.136881586702797,1.4437776247421383,0.0
linear,3.596,1.2628586413769898,1.2918517795628865,1.1313422122862322,1.4436914052985141,0.0
linear,3.6,1.261309499353327,1.2973082290580873,1.1256448061178272,1.4435985541593452,0.0
linear,3.604,1.259779255981807,1.3028127875012459,1.1197847584282152,1.4434997911071048,0.0
linear,3.608,1.2582688404489208,1.306559399498019,1.1137576008563932,1.4440925491038163,0.0
linear,3.612,1.2567791655526785,1.3027444502880885,1.107559083088115,1.4482678999827772,0.0
linear,3.616,1.2553111020451244,1.298873267506146,1.10118525672613,1.452469246794427,0.0
linear,3.62,1.2538654426466296,1.2949453399956536,1.0946325655869344,1.4564070511726033,0.0
linear,3.624,1.2524428558145053,1.2943039483523686,1.0878979412519438,1.4601994580709161,0.0
linear,3.628,1.251043831024459,1.296616088228539,1.0809789023078067,1.4640230382268304,0.0
linear,3.632,1.249668619428757,1.298943497159123,1.0738736553082548,1.4678752915111266,0.0
linear,3.636,1.2483171759314922,1.3012834689583146,1.0665811951011612,1.4717536577113526,0.0
linear,3.64,1.246989110386778,1.303570209678353,1.0591014018168625,1.4756555190140648,0.0
linear,3.644,1.2456836561047684,1.3007782724940107,1.0514351315381485,1.4795782024470183,0.0
linear,3.648,1.24439966263162,1.297925299544671,1.0437041722357387,1.4835189822749761,0.0
linear,3.652,1.2431356167946204,1.2950061027145006,1.0385001756968313,1.4874750823440912,0.0
linear,3.656,1.241889691822395,1.2920153919445474,1.03321530238895,1.4914436783710898,0.0
linear,3.66,1.2406598200008965,1.2889478332358408,1.0278526969618498,1.4954219001748597,0.0
linear,3.664,1.2394437809549035,1.2857981154713969,1.022415968789884,1.4994068338494104,0.0
linear,3.668,1.2382392960520217,1.2825610259632418,1.0181786828025685,1.5033955238786003,0.0
linear,3.672,1.2370441197865054,1.2792315342965574,1.015007110973066,1.5073849751944446,0.0
linear,3.676,1.2358561208900376,1.275804883647163,1.0118315327208665,1.5113721551822619,0.0
linear,3.68,1.2346733485825383,1.2722766882997494,1.0086536170322036,1.5153518464295745,0.0
linear,3.684,1.23349408206461,1.268643035608914,1.0054750543411826,1.5181909325586707,0.0
linear,3.688,1.232316863538742,1.2649005901476502,1.0022975503876637,1.5210187051493693,0.0
linear,3.692,1.2311405164998617,1.2610466973112107,0.9991228200071578,1.5238327263457894,0.0
linear,3.696,1.2299641517712434,1.2570794832277787,0.9959525809148174,1.52663054409249,0.0
linear,3.7,1.2287871639323256,1.2573928876751774,0.9932235737410813,1.5294096941722504,0.0
linear,3.704,1.2276092205872529,1.2580133180675692,0.9918355342843801,1.5321677022839555,0.0
linear,3.708,1.2264302465353027,1.2586193047782563,0.9844661553858881,1.5349020861740916,0.0
linear,3.712,1.2252504044598385,1.2592105194809553,0.9783316755503756,1.5376103578358922,0.0
linear,3.716,1.224070073335381,1.2597866733210752,0.9722323029698519,1.5397252491012707,0.0
linear,3.72,1.2228898254068157,1.260347516629666,0.9661720341852778,1.5394665346278542,0.0
linear,3.724,1.2217104023357996,1.2608928384412355,0.9601546810551247,1.5392267892291485,0.0
linear,3.728,1.2205326909342247,1.2614224658227817,0.9541838609874369,1.53900651838933,0.0
linear,3.732,1.2193576987999528,1.2619362630222848,0.9482629894937298,1.5388062002247145,0.0
linear,3.736,1.2181865301185268,1.2624341304456488,0.9423952749261247,1.5386262850583494,0.0
linear,3.74,1.2170203618777573,1.2629160034717573,0.9365837152355365,1.5384671950836941,0.0
linear,3.744,1.2158604207433292,1.2633818511158257,0.9308310965731732,1.5383293241237777,0.0
linear,3.748,1.2147079608490639,1.2638316745516525,0.9251399935491342,1.541478650290699,0.0
linear,3.7520000000000002,1.2135642427553013,1.2642655055036676,0.919512770959518,1.5460603999120406,0.0
linear,3.7560000000000002,1.212430513816966,1.2646834045198643,0.9139515867960585,1.5505223206538377,0.0
linear,3.7600000000000002,1.2113079901769412,1.2650854591367802,0.9084583963588702,1.5548616749437754,0.0
linear,3.7640000000000002,1.2101978405610267,1.2654717819476713,0.9030349573023982,1.5590758817440291,0.0
linear,3.7680000000000002,1.2091011720010167,1.2658425085849165,0.89768283545626,1.563162516696432,0.0
linear,3.7720000000000002,1.2080190175563748,1.2661977956274832,0.8924034112755662,1.5671193121361027,0.0
linear,3.7760000000000002,1.2069523260473758,1.2665378184440308,0.8879988023497793,1.5709441569736657,0.0
linear,3.7800000000000002,1.2059019537576368,1.2668627689818739,0.8847894567757382,1.5746350964449543,0.0
linear,3.7840000000000003,1.204868658015314,1.2671728535116593,0.8816036331910062,1.578190331725861,0.0
linear,3.7880000000000003,1.2038530925223787,1.2674682903371577,0.8784422656532851,1.5816082194088465,0.0
linear,3.7920000000000003,1.2028558042715953,1.267749307479109,0.8753062085682475,1.5848872708365107,0.0
linear,3.7960000000000003,1.2018772318715438,1.2680161403415737,0.8721962379066093,1.5880261512866216,0.0
linear,3.8000000000000003,1.200917705090648,1.2682690293687089,0.8691130526867628,1.5910236790021306,0.0
linear,3.8040000000000003,1.1999774454305931,1.268508217699398,0.8660572766989926,1.5938788240589303,0.0
linear,3.8080000000000003,1.1990565675462694,1.2687339488266192,0.8630294604478693,1.5965907070635397,0.0
linear,3.8120000000000003,1.198155081341763,1.2689464642679427,0.8600300832901495,1.5991585976725102,0.0
linear,3.8160000000000003,1.197272894588365,1.269146001253051,0.8570595557463656,1.601581912925149,0.0
linear,3.8200000000000003,1.1964098159295475,1.2693327904336926,0.854118221965244,1.603860215381213,0.0
linear,3.8240000000000003,1.1955655581580917,1.2695070536210427,0.8512063623211114,1.6059932110555148,0.0
linear,3.8280000000000003,1.1947397416710313,1.2696690015550205,0.8483241961255281,1.6079807471419472,0.0
linear,3.8320000000000003,1.1939318980279587,1.2698188317097308,0.8423350555993763,1.609822809520246,0.0
linear,3.8360000000000003,1.193141473557001,1.270400646214871,0.8345540649836097,1.6115195200399441,0.0
linear,3.84,1.1923678329699974,1.2725958810773563,0.8269367387937591,1.6130711335773205,0.0
linear,3.844,1.191610262963927,1.2747962091698328,0.8194855626610734,1.6144780348628174,0.0
linear,3.848,1.1908679757993155,1.2770003277353437,0.8122024792201181,1.61574073507829,0.0
linear,3.852,1.1901401128582039,1.2792069479911967,0.8050889308673262,1.6168598682255801,0.0
linear,3.856,1.1894257481943753,1.2814147916276684,0.7981459005446081,1.617836187270248,0.0
linear,3.86,1.1887238920969507,1.28362258721554,0.7913739503462474,1.6186705600667861,0.0
linear,3.864,1.188033494695329,1.285829066537528,0.7847732578302516,1.6193639650742702,0.0
linear,3.868,1.1873534496388365,1.2880329608587668,0.7783436499823799,1.6199174868741175,0.0
linear,3.872,1.1866825978884763,1.2902329971516189,0.7720846348341996,1.6203323115043466,0.0
linear,3.876,1.1860197316608871,1.2924278942901666,0.7659954307776825,1.6206097216274713,0.0
linear,3.88,1.1853635985660622,1.294616359229853,0.7600749936498521,1.6207510915517895,0.0
linear,3.884,1.1847129059805952,1.2967970831878257,0.7546535519752747,1.6207578821283595,0.0
linear,3.888,1.1840663256971493,1.2989687378396422,0.7517094161631239,1.6206316355482775,0.0
linear,3.892,1.1834224988884858,1.3011299715480849,0.7488216932588213,1.6203739700669852,0.0
linear,3.896,1.1827800414206524,1.3032794056399477,0.7459897242907523,1.619986574684165,0.0
linear,3.9,1.1821375495447692,1.305415630746744,0.7432127995377411,1.6189379317860557,0.0
linear,3.904,1.1814936059901844,1.3075372032253956,0.7404901656075511,1.6175412389171087,0.0
linear,3.908,1.1808467864734995,1.3096426416750684,0.7378210320484403,1.6158243126286118,0.0
linear,3.912,1.1801956666281377,1.3117304235664122,0.7352045775306618,1.6139876397630202,0.0
linear,3.916,1.1795388293476603,1.3137989819995641,0.7326399556328737,1.611991997107459,0.0
linear,3.92,1.178874872523059,1.3158467026073692,0.7301263002662426,1.6097262852088987,0.0
linear,3.924,1.1782024171399001,1.317871920620349,0.7276627307666618,1.6073647301424536,0.0
linear,3.928,1.177520115685731,1.3195060395520528,0.725248356683067,1.6049088866718522,0.0
linear,3.932,1.176826660801921,1.3187155783357094,0.7228822822873484,1.602360345729795,0.0
linear,3.936,1.176120794097616,1.3178857500567607,0.7205636108288945,1.5997207312880959,0.0
linear,3.94,1.1754013150273148,1.3170171550303262,0.7182914485543846,1.5969916973498066,0.0
linear,3.944,1.1746670897184373,1.3161103245735117,0.7160649085111112,1.5941749250802437,0.0
linear,3.948,1.1739170596219457,1.315165720303137,0.713883114149859,1.5912721200920767,0.0
linear,3.952,1.1731502498484292,1.314183733863218,0.7117452027412351,1.5882850098977477,0.0
linear,3.956,1.1723657770448894,1.3131646870662195,0.7096503286173195,1.5852153415405095,0.0
linear,3.96,1.171562856664532,1.3121088324314467,0.7075976662486098,1.582064879413329,0.0
linear,3.964,1.1707408094838132,1.3110163541034252,0.7055864131644597,1.5788354032728282,0.0
linear,3.968,1.1698990672282252,1.3098873691327912,0.703615792723565,1.5755287064533645,0.0
linear,3.972,1.1690371771810146,1.3087219291019734,0.7016850567395333,1.5721465942843196,0.0
linear,3.976,1.1681548056670987,1.3075200220778522,0.6997934879651784,1.5693187174723149,0.0
linear,3.98,1.1672517403273952,1.3062815748735497,0.6979404024379046,1.5684713216520616,0.0
linear,3.984,1.1663278911259014,1.3050064556015517,0.6961251516873902,1.5664775819640584,0.0
linear,3.988,1.1653832900620138,1.3036944765004659,0.6943471248057412,1.5644394451603576,0.0
linear,3.992,1.164418089592592,1.3023453970178624,0.692605750379345,1.5623587226953555,0.0
linear,3.996,1.1634325598005917,1.3009589271318027,0.6909004982808336,1.5598160091549582,0.0
linear,4.0,1.1624270843783713,1.299534730893857,0.6892308813188308,1.5562326344499335,0.0
linear,4.0040000000000004,1.1614021555224712,1.2980724301765896,0.687596456742532,1.552583256925007,0.0
linear,4.008,1.160358367861636,1.2965716086086823,0.6859968275976204,1.5488705156800582,0.0
linear,4.0120000000000005,1.1592964115599609,1.2950318156810423,0.6844316439295706,1.5450970292436428,0.0
linear,4.016,1.1582170647516767,1.2934525710073976,0.682900603830027,1.5412653963561553,0.0
linear,4.0200000000000005,1.1571211854728216,1.291833368723037,0.6814034543216505,1.5373781971333953,0.0
linear,4.024,1.1560097032578158,1.2901736820054608,0.6799399920766187,1.5334379945806846,0.0
linear,4.0280000000000005,1.1548836105661529,1.2884729677008153,0.6785100639638362,1.5294473364264425,0.0
linear,4.032,1.1537439541964674,1.2867306710400532,0.6771135674198392,1.5254087572431625,0.0
linear,4.0360000000000005,1.152591826833031,1.2849462304288148,0.6757504506384006,1.5213247808230617,0.0
linear,4.04,1.1514283588540808,1.2831190822950518,0.6744207125739168,1.5171979227752805,0.0
linear,4.0440000000000005,1.1502547105133314,1.2812486659784197,0.6731244027538117,1.51303069331133,0.0
linear,4.048,1.149072064586484,1.2793344286454582,0.671861620895418,1.508825600185535,0.0
linear,4.0520000000000005,1.1478816195544848,1.2773758302145497,0.6706325163230819,1.5045851517574564,0.0
linear,4.056,1.1466845833754329,1.275372348274613,0.6694372871816091,1.5003118601436682,0.0
linear,4.0600000000000005,1.1454821678781664,1.2733234829814415,0.6682761794426013,1.4960082444268028,0.0
linear,4.064,1.144275583793082,1.2712287619155611,0.6671494857007366,1.4916768338904576,0.0
linear,4.0680000000000005,1.143066036420139,1.269087744885438,0.6660575437576373,1.4873201712493058,0.0
linear,4.072,1.1418547219204294,1.2669000286598415,0.6650007349916108,1.4829408158446253,0.0
linear,4.0760000000000005,1.1406428242063156,1.2646652516131547,0.6639794825122969,1.4785413467763795,0.0
linear,4.08,1.1394315123959293,1.2623830982674416,0.6629942491000418,1.474124365943982,0.0
linear,4.0840000000000005,1.1382219387906949,1.2600533037151176,0.662045534930713,1.472240657169775,0.0
linear,4.088,1.1370152373293654,1.2576756579061463,0.6611338750876183,1.472228594262766,0.0
linear,4.0920000000000005,1.1358125224686493,1.2552500097838166,0.6602598368632188,1.4721907901392841,0.0
linear,4.096,1.134614888438605,1.2527762712533028,0.6594240168544278,1.47212723660322,0.0
linear,4.1,1.133423408820431,1.2502544209674666,0.6586270378564494,1.4720379630116511,0.0
linear,4.104,1.1322391363947948,1.2476845079146117,0.6578695455613361,1.471923037176145,0.0
linear,4.108,1.1310631032102583,1.2450666547932854,0.6571522050687308,1.4717825661898294,0.0
linear,4.112,1.1298963208234534,1.242401061159628,0.6564756972175921,1.4716166971758695,0.0
linear,4.116,1.1287397806652586,1.2396880063332845,0.6558407147490728,1.4714256179530243,0.0
linear,4.12,1.127594454490202,1.2369278520484754,0.6552479583121245,1.4702800493406953,0.0
linear,4.124,1.126461294869513,1.2341210448374893,0.654698132324831,1.467547920917641,0.0
linear,4.128,1.1253412356915617,1.2312681181346208,0.6541919407058939,1.4634696452371068,0.0
linear,4.132,1.124235192636791,1.2283696940894195,0.6537300824921224,1.4591306704795262,0.0
linear,4.136,1.1231440635975822,1.2254264850790535,0.6533132473591757,1.4548122787022182,0.0
linear,4.14,1.1220687290167555,1.2224392949106064,0.652942111064166,1.450518573514102,0.0
linear,4.144,1.1210100521215591,1.2194090197052576,0.6526173308300297,1.4462398708475634,0.0
linear,4.148,1.1199688790330236,1.2163366484574665,0.6523395406928053,1.4411858499776549,0.0
linear,4.152,1.118946038733456,1.2132232632635866,0.6521093468340877,1.4361582496405654,0.0
linear,4.156,1.1179423428776025,1.2100700392156774,0.651927322921958,1.431160008674981,0.0
linear,4.16,1.1169585854356379,1.2068782439577124,0.6517940054845729,1.4261940239214295,0.0
linear,4.164,1.1159955421586918,1.2036492369028797,0.6517098893413604,1.4212631499689454,0.0
linear,4.168,1.1150539698600643,1.2003844681122113,0.6516754231173457,1.4163701986410513,0.0
linear,4.172,1.1141346055077208,1.1970854768363783,0.6516910048665523,1.4115179382164789,0.0
linear,4.176,1.1132381651260732,1.1937538897241144,0.6517569778306501,1.4067090923826417,0.0
linear,4.18,1.1123653425074969,1.1903914187023892,0.6518736263590468,1.401946338922405,0.0
linear,4.184,1.1115168077366375,1.1869998585351076,0.6520411720164552,1.3972323081371414,0.0
linear,4.188,1.1106932055332113,1.18358108406879,0.6522597699035821,1.3925695810114311,0.0
linear,4.192,1.1098951534219648,1.1801370471753172,0.6525295052160025,1.387960687127055,0.0
linear,4.196,1.1091232397416033,1.1766697734034564,0.6528503900654847,1.383408102336158,0.0
linear,4.2,1.1083780215080157,1.1731813583524358,0.6532223605870557,1.3789142462055843,0.0
linear,4.204,1.1076600221509945,1.1696739637823614,0.6536452743539094,1.374481479246453,0.0
linear,4.208,1.1069697291479648,1.166149813477682,0.6541189081209138,1.3701120999450098,0.0
linear,4.212,1.106307591583006,1.1626111888812538,0.6551813568114401,1.3658083416126594,0.0
linear,4.216,1.1056740176647257,1.1590604245177856,0.6566260778173938,1.3615723690748704,0.0
linear,4.22,1.1050693722422797,1.1554999032265383,0.6581396894140408,1.3574062752202776,0.0
linear,4.224,1.1044939743650413,1.1519320512241398,0.659721542944477,1.3533120774328693,0.0
linear,4.228,1.1039480949379619,1.148359333019175,0.6613708777650957,1.3492917139315186,0.0
linear,4.232,1.1034319545314666,1.144784246200884,0.6630868206602092,1.3453470400423835,0.0
linear,4.236,1.1029457214114946,1.141209316124777,0.6648683856162836,1.3414798244307726,0.0
linear,4.24,1.102489509861829,1.1376370905182902,0.6667144739557408,1.3376917453199821,0.0
linear,4.244,1.1020633788767085,1.134070134029725,0.6686238748280066,1.3339843867253258,0.0
linear,4.248,1.1016673313064476,1.130511022743639,0.6705952660532274,1.3303592347320863,0.0
linear,4.252,1.1013013135417988,1.1269623386856114,0.6726272153119311,1.3268176738464197,0.0
linear,4.256,1.1009652158234493,1.123426664338834,0.6747181816718357,1.3233609834482998,0.0
linear,4.26,1.1006588732606133,1.1199065771943644,0.6777703245469279,1.3199903343754409,0.0
linear,4.264,1.1003820676364193,1.116404644356027,0.6817675556872158,1.316706785666723,0.0
linear,4.268,1.1001345300669974,1.1129672148925205,0.6840773139712687,1.3135112814929952,0.0
linear,4.272,1.0999159445652629,1.1115323959915342,0.6863746272604361,1.310404648302248,0.0
linear,4.276,1.099725952538957,1.1101009291119412,0.6886663943792812,1.3073875922050084,0.0
linear,4.28,1.0995641582254962,1.108674366055865,0.6909472819810549,1.304460696624445,0.0
linear,4.284,1.0994301350339177,1.1072542658444615,0.6932118999642412,1.3016244202340848,0.0
linear,4.288,1.0993234327275352,1.1058421885659135,0.6954548417540589,1.298879095204232,0.0
linear,4.292,1.099243585341241,1.104439689234212,0.6976707279691685,1.2962249257761942,0.0
linear,4.296,1.099190119686674,1.1030483116950516,0.6998542527441234,1.2936619871812314,0.0
linear,4.3,1.0991625642591618,1.1016695826137135,0.7041910744483886,1.2926313790504238,0.0
linear,4.304,1.0991604583253105,1.1003050055780785,0.7104295846988975,1.2920401756141071,0.0
linear,4.308,1.099183360942262,1.0989560553478515,0.7165242014012747,1.2915848935980372,0.0
linear,4.312,1.0992308596418232,1.0976241722788003,0.7224645705550007,1.291265605965622,0.0
linear,4.316,1.0993025785072006,1.0963107569483186,0.7273367444119144,1.2910821948217492,0.0
linear,4.32,1.0993981853785448,1.095017165005976,0.7296906233856042,1.2910343512521434,0.0
linear,4.324,1.099517397946404,1.0931057405557847,0.7320784918480269,1.2911215757795351,0.0
linear,4.328,1.0996599885288645,1.0876515201256791,0.7344978852012517,1.291343179432966,0.0
linear,4.332,1.099825787376772,1.0821756754134895,0.7369463110759715,1.2916982854225754,0.0
linear,4.336,1.100014684408981,1.0766822119496469,0.7394212548270311,1.2921858314083212,0.0
linear,4.34,1.1002266293424454,1.0711750841424093,0.7419201850152062,1.2928045723473458,0.0
linear,4.344,1.1004616302459624,1.0656581877317302,0.7444405588603832,1.2935530839011382,0.0
linear,4.348,1.1007197506074156,1.06013535254686,0.7469798276523129,1.2944297663802855,0.0
linear,4.352,1.1010011050587705,1.0546103355865617,0.7495354421061158,1.2954328492015255,0.0
linear,4.356,1.1013058539479057,1.0490868144392045,0.7521048576507293,1.2965603958289695,0.0
linear,4.36,1.1016341969796382,1.0435683810583751,0.7555936857234533,1.2978103091688333,0.0
linear,4.364,1.101986366169124,1.0380585359080252,0.7596937144075926,1.2991803373848014,0.0
linear,4.368,1.1023626183591697,1.0331868073629804,0.7637953296424098,1.3006680800992336,0.0
linear,4.372,1.102763227549807,1.0306070690075229,0.767895777021036,1.3022709949438627,0.0
linear,4.376,1.1031884772751754,1.028068439940457,0.7719923485399837,1.3039864044223861,0.0
linear,4.38,1.1036386532411453,1.0255707770796496,0.7760823891538261,1.3058115030464421,0.0
linear,4.384,1.1041140364090734,1.0231138541590241,0.7801633031785398,1.3077433647058772,0.0
linear,4.388,1.1046148966784486,1.020697364336091,0.7842325605094677,1.309005039924806,0.0
linear,4.392,1.1051414872854795,1.0183209229647687,0.7882877026188693,1.309518429326398,0.0
linear,4.396,1.1056940399971937,1.0159840705251262,0.7923263482974504,1.3100999023456497,0.0
linear,4.4,1.106272761142281,1.0136862757015082,0.7963461991041869,1.310748020241741,0.0
linear,4.404,1.106877828481363,1.0114269386003163,0.8003007148380417,1.3114612868662332,0.0
linear,4.408,1.1075093888810814,1.009205394098523,0.7965295823903814,1.3122381524956872,0.0
linear,4.412,1.1081675567187184,1.0070209153137586,0.7928161288927129,1.3130770176848405,0.0
linear,4.416,1.1088524129072965,1.0048727171865919,0.7891627926696523,1.3139762371206511,0.0
linear,4.42,1.1095640043958943,1.0027599601653585,0.7870776509671418,1.3149341234580332,0.0
linear,4.424,1.1103023439668707,1.0006817539836494,0.7892920952683167,1.3159489511187494,0.0
linear,4.428,1.1110674101221407,0.9986371615203034,0.7914859187409282,1.3170189600356483,0.0
linear,4.432,1.1118591468260806,0.996625202731485,0.7936598582660811,1.3181423593252468,0.0
linear,4.436,1.1126774628552907,0.9946448586441832,0.7958147629014749,1.3193173308725485,0.0
linear,4.44,1.1135222304978956,0.9926950754002152,0.797951591045222,1.3205420328129438,0.0
linear,4.444,1.1143932833503054,0.990774768339592,0.8000714065922006,1.3218146028970403,0.0
linear,4.448,1.115290412980532,0.9888828261118954,0.8021753741069795,1.323133161725335,0.0
linear,4.452,1.1162133642671095,0.987018114804135,0.8042647530529667,1.3244958158407274,0.0
linear,4.456,1.1171618292833911,0.9851794820733947,0.8063408911324039,1.3259006606680015,0.0
linear,4.46,1.1181354396791992,0.9833657612724664,0.8084052168057417,1.327345783290557,0.0
linear,4.464,1.1191337576137936,0.9815757755565866,0.8104592310714902,1.3288292650558238,0.0
linear,4.468,1.12015626541183,0.9798083419593518,0.8095010520221485,1.3303491840019877,0.0
linear,4.472,1.1212023542399776,0.9780622754258976,0.8050293412183653,1.3319036170998315,0.0
linear,4.476,1.122271312226175,0.9763363927914819,0.8006323034505181,1.3334906423046917,0.0
linear,4.48,1.1233623125537968,0.9746295166937143,0.796310882062421,1.3351083404147244,0.0
linear,4.484,1.124474402146324,0.9729404794068344,0.7920658838493954,1.3367547967328604,0.0
linear,4.488,1.1256064916025699,0.9712681265866387,0.7878979827180843,1.3384281025310247,0.0
linear,4.492,1.126757347039368,0.9696113209149275,0.7838077236970478,1.3401263563163819,0.0
linear,4.496,1.1279255844441776,0.9679689456326404,0.7797955272770184,1.3418476649005449,0.0
linear,4.5,1.1291096670366803,0.9663399079512183,0.7758616940580984,1.3435901442738707,0.0
linear,4.5040000000000004,1.1303079059947525,0.9647231423321367,0.7720064096796767,1.3453519202881354,0.0
linear,4.508,1.1315184647298522,0.9631176136250059,0.768619801341328,1.3472424421720823,0.0
linear,4.5120000000000005,1.132739366716571,0.9615223200551446,0.7654911224870102,1.3495436502913027,0.0
linear,4.516,1.1339685067078353,0.9599362960520652,0.762405151207744,1.3518054990155999,0.0
linear,4.5200000000000005,1.135203665015803,0.958358614910898,0.7593626813707226,1.3540254332487283,0.0
linear,4.524,1.1364425244194147,0.9567883912793917,0.7563644901449798,1.3562009468333158,0.0
linear,4.5280000000000005,1.13768268917829,0.9552247834637811,0.7534113411561719,1.3583295865568388,0.0
linear,4.532,1.1389217055896084,0.9544928497572516,0.7505039875087347,1.3604089563038209,0.0
linear,4.5360000000000005,1.140157083516261,0.9566598024380407,0.7476431746514619,1.3624367213515156,0.0
linear,4.54,1.1413863183349426,0.9588037583204997,0.7448296430631411,1.364410612802925,0.0
linear,4.5440000000000005,1.142606912795148,0.9609256666547253,0.7429975112305216,1.366328432147326,0.0
linear,4.548,1.143816398337955,0.963026461880838,0.7424931988477759,1.3681880559346116,0.0
linear,4.5520000000000005,1.145012355491838,0.9651070597039331,0.742031086062765,1.3699874405457038,0.0
linear,4.556,1.1461924330380096,0.9671683535547655,0.7416107834859578,1.3717246270371675,0.0
linear,4.5600000000000005,1.1473543657175467,0.9692112114268532,0.74123194404271,1.373397746033972,0.0
linear,4.564,1.1484959903354126,0.9712364730773607,0.7408942509492158,1.3750050226402148,0.0
linear,4.5680000000000005,1.149615260201288,0.9732449475763597,0.7405974070560236,1.376544781333605,0.0
linear,4.572,1.1507102579329866,0.9752374111868255,0.7403411256568981,1.3780154508057159,0.0
linear,4.5760000000000005,1.1517792067340509,0.9772146055560208,0.7401251227950132,1.3794155687065115,0.0
linear,4.58,1.1528204803420528,0.9791772361976856,0.7399491110440513,1.3807437862485776,0.0
linear,4.5840000000000005,1.1538326119276845,0.9811259712436736,0.7398127946988687,1.3819988726239032,0.0
linear,4.588,1.1548143023073565,0.9830614404433056,0.743680348013986,1.3835910793826562,0.0
linear,4.5920000000000005,1.1557644279155745,0.9849842343887104,0.7484572873861071,1.3853215492085489,0.0
linear,4.596,1.1566820490715923,0.9868949039447443,0.7532320927346539,1.387030333738123,0.0
linear,4.6000000000000005,1.157566419173793,0.9887939598626907,0.7580043919380997,1.3887156708650383,0.0
linear,4.604,1.1584169955739538,0.9906818725577803,0.7627737437138744,1.3903757953685612,0.0
linear,4.6080000000000005,1.1592334530342527,0.9925590720316206,0.7675396359664309,1.392008939206093,0.0
linear,4.612,1.160015700868953,0.9944259479218189,0.7723014860898869,1.3932082980080502,0.0
linear,4.616,1.1607639051411442,0.9962828496624054,0.7770586428710413,1.3939249781714018,0.0
linear,4.62,1.1614785176488727,0.9981300867400797,0.7818103896703542,1.3946547710634212,0.0
linear,4.624,1.1621603139255292,0.9999679290327577,0.7865559485924665,1.3953964789358886,0.0
linear,4.628,1.1628104431294677,1.0017966072183913,0.7912944853923609,1.3961488893380207,0.0
linear,4.632,1.1634304935337871,1.003616313243529,0.7960251148970954,1.3969107775083,0.0
linear,4.636,1.1640225783459575,1.005427200842552,0.798630301135402,1.3976809088635171,0.0
linear,4.64,1.1645894477045444,1.0072293860999486,0.7992372399016309,1.3984580415814982,0.0
linear,4.644,1.165134633641207,1.009022948049366,0.799848156339541,1.3992409292729708,0.0
linear,4.648,1.1656626348705,1.0108079293044743,0.8004623272991451,1.4000283237369087,0.0
linear,4.652,1.1661791459577855,1.0125843367178946,0.8010791814884686,1.4008189777925664,0.0
linear,4.656,1.1666913276815036,1.0143521420655643,0.8016982843697308,1.4016116481802365,0.0
linear,4.66,1.167208096840069,1.0161112827549388,0.8023193244438196,1.402405098521586,0.0
linear,4.664,1.1677403763327665,1.0178616625563466,0.8029421008171765,1.4031981023292763,0.0
linear,4.668,1.1683011825056357,1.0196031523576274,0.8035665119353028,1.4039894460544342,0.0
linear,4.672,1.1689053416199993,1.021335590942885,0.8078100862314005,1.4047779321594869,0.0
linear,4.676,1.1695685655964685,1.0230587857967848,0.8145878698594473,1.4055623822029113,0.0
linear,4.68,1.1703056898354611,1.0247725139363184,0.8212990812427203,1.4063416399215793,0.0
linear,4.684,1.1711282157958098,1.0256138895383327,0.8279426574083499,1.4071145742956792,0.0
linear,4.688,1.1720418636430794,1.0248053739580703,0.834517643866286,1.4078800825806392,0.0
linear,4.692,1.1730452026617864,1.024008024553241,0.8410231826550087,1.4086370932901195,0.0
linear,4.696,1.1741300700396127,1.0232217397375163,0.8474585020072772,1.4093845691139848,0.0
linear,4.7,1.1752835322886157,1.0224463115848703,0.8538229074092182,1.4101215097552366,0.0
linear,4.704,1.176490409512711,1.0216814239471188,0.8601157738523207,1.4108469546701787,0.0
linear,4.708,1.1777354173808345,1.0209266512468798,0.8663365391025463,1.4115599856966186,0.0
linear,4.712,1.1790045077801623,1.0201814579856554,0.872484697833495,1.412259729555692,0.0
linear,4.716,1.180285462304361,1.019445199002271,0.8785597964912227,1.4129453602138775,0.0
linear,4.72,1.1815679876922958,1.0187171205114813,0.8845614287768817,1.4136161010930002,0.0
linear,4.724,1.182843553796367,1.0179963619461734,0.8904892316498725,1.4142712271174283,0.0
linear,4.728,1.1841051355462486,1.0175507573014957,0.8951080983533137,1.4149100665892713,0.0
linear,4.732,1.1853469459060526,1.0178278244559638,0.8944195784707019,1.4155320028841154,0.0
linear,4.736,1.1865641978641364,1.0181136306873428,0.8937145538281213,1.4161364759616961,0.0
linear,4.74,1.1877529069341295,1.0184069420297057,0.8929934099513314,1.416722983687835,0.0
linear,4.744,1.1889097333195078,1.020489289443368,0.8922565393814792,1.417291082965942,0.0
linear,4.748,1.1900318582375393,1.022887787850999,0.8915043406322329,1.4178403906783628,0.0
linear,4.752,1.1911168878962832,1.025098588284831,0.8907372171851703,1.4183705844397727,0.0
linear,4.756,1.1921627791329752,1.0266847610785679,0.8899555765219094,1.4186247032083907,0.0
linear,4.76,1.1931677817229311,1.0282266620095526,0.8891598291909326,1.4181339312327408,0.0
linear,4.764,1.194130393405406,1.0297235932866753,0.8883503879065056,1.4175732619049914,0.0
linear,4.768,1.1950493245788736,1.0311748488556725,0.8875276666765313,1.4169431426060501,0.0
linear,4.772,1.1959234703515027,1.0319270511711887,0.8866920799556189,1.4162441151942051,0.0
linear,4.776,1.1967518882030084,1.0326721481514487,0.8858440418190593,1.415476813769354,0.0
linear,4.78,1.1975337799480017,1.035787148021856,0.8849839651527993,1.4146419621977695,0.0
linear,4.784,1.1982684770169132,1.0388372462069533,0.8841122608538986,1.4137403714357513,0.0
linear,4.788,1.1989554283138049,1.041821081060816,0.883229337035306,1.4127729366914397,0.0
linear,4.792,1.1995941900912246,1.0447373517724896,0.8823355982281453,1.4117406344642893,0.0
linear,4.796,1.2001844174166383,1.0475848265861525,0.8814314445740068,1.4106445195012631,0.0
linear,4.8,1.200725856904906,1.0503623505696753,0.8805172709990365,1.4094857217077386,0.0
linear,4.804,1.2012183404657557,1.052742291498578,0.8795934663608802,1.408265443049491,0.0
linear,4.808,1.2016617798709368,1.0545444053023934,0.8786604125587613,1.4069849544799533,0.0
linear,4.812,1.2020561619876518,1.0562952816819702,0.877718483596188,1.4056455929243894,0.0
linear,4.816,1.2024015445565648,1.0579939516365262,0.8767680445849394,1.4042487583496381,0.0
linear,4.82,1.202698052416912,1.0596395572101156,0.8758094506781273,1.4027959109448758,0.0
linear,4.824,1.2029458740998344,1.061231355185145,0.8748430459192299,1.4012885684353595,0.0
linear,4.828,1.2031452587255824,1.0627687199277904,0.8738691619930674,1.3997283035475454,0.0
linear,4.832,1.203296513151612,1.0642511453873742,0.873000163311837,1.398116741640302,0.0
linear,4.836,1.2033999993276878,1.0663339540345982,0.8729725985745937,1.3964555585132812,0.0
linear,4.84,1.203456131821373,1.0687469934384999,0.8729237008654049,1.394746478399909,0.0
linear,4.844,1.2034653754832108,1.071112783451897,0.8728533568343193,1.392991272148961,0.0
linear,4.848,1.2034282432257182,1.0734312930157164,0.8727615010452425,1.3911917555953532,0.0
linear,4.852,1.2033452938942604,1.0757025458865028,0.8726481147694889,1.3893497881176466,0.0
linear,4.856,1.2032171302111268,1.0779266226226238,0.8725132243293294,1.3874672713768423,0.0
linear,4.86,1.203044396776766,1.0801036624744027,0.8723568989713917,1.3855461482283815,0.0
linear,4.864,1.2028277781143077,1.0822338651725325,0.8721792482486609,1.3835884017968734,0.0
linear,4.868,1.2025679967452265,1.084317492609408,0.871980418888739,1.3815960547009511,0.0
linear,4.872,1.2022658112853972,1.0863548704082744,0.8717605911249959,1.3795711684138088,0.0
linear,4.876,1.2019220145518807,1.0883463893753311,0.8715199744663091,1.377515842743426,0.0
linear,4.88,1.2015374316716285,1.0902925068301865,0.8712588028802929,1.3754322154151941,0.0
linear,4.884,1.2011129181839397,1.0921937478102686,0.8709773293642914,1.3733224617386426,0.0
linear,4.888,1.200649358129011,1.0940507061450147,0.8706758198780277,1.3711887943392034,0.0
linear,4.892,1.200147662115301,1.0958640453958597,0.8703545466116829,1.369033462935433,0.0
linear,4.896,1.1996087653587542,1.0976344996582261,0.8700137805634258,1.3668587541418142,0.0
linear,4.9,1.1990336256872056,1.0993628742218868,0.8696537834010567,1.364666991277174,0.0
linear,4.904,1.1984232215035753,1.1010500460862334,0.869274798583585,1.3624605341588718,0.0
linear,4.908,1.1977785497017703,1.1026969643271307,0.8688770417202867,1.3602417788631826,0.0
linear,4.912,1.1971006235295882,1.1043046503121687,0.8684606901471954,1.35801315743275,0.0
linear,4.916,1.196390470393384,1.1058741977612498,0.8680258717042,1.3557771375125725,0.0
linear,4.92,1.1956491295998382,1.107406772649575,0.867572652700042,1.3535362218966829,0.0
linear,4.924,1.194877650030882,1.1089036129501881,0.8671010250577094,1.3512929479685258,0.0
linear,4.928,1.1940770877487252,1.1103660282133496,0.8666108926391454,1.3490498870189391,0.0
linear,4.932,1.193248503528993,1.1117953989801115,0.866102056756008,1.3468096434266728,0.0
linear,4.936,1.192392960321255,1.113193176027543,0.8655742008826444,1.3445748536874473,0.0
linear,4.94,1.1915115206377442,1.1145608794431685,0.8650268745986748,1.3423481852787231,0.0
linear,4.944,1.1906052438728123,1.1159000975262472,0.8644594768018656,1.340132335348538,0.0
linear,4.948,1.1896751835576995,1.117212485513619,0.8638712382475577,1.3379300292180467,0.0
linear,4.952,1.1887223845575323,1.1184997641279335,0.8632612034890623,1.335744018688691,0.0
linear,4.956,1.1877478802200867,1.1197637179461526,0.8626282123144426,1.333577080146257,0.0
linear,4.96,1.1867526894888505,1.121006193586315,0.8619708807992238,1.3314320124554662,0.0
linear,4.964,1.1857378139962167,1.1222290977106395,0.8605949675770606,1.3326714231779317,0.0
linear,4.968,1.1847042351563604,1.1234343948431271,0.8574610266906108,1.3351944314044006,0.0
linear,4.972,1.1836529112813678,1.1246241049999304,0.8542586749244587,1.337737579712819,0.0
linear,4.976,1.1825847747486529,1.125800301130838,0.8509883215144569,1.3403025239859019,0.0
linear,4.98,1.1815007292524224,1.1269651063703352,0.8476504689613115,1.3422581110330956,0.0
linear,4.984,1.1804016471770784,1.1281206910967905,0.8442457124663223,1.342839951216731,0.0
linear,4.988,1.1792883671357866,1.12926926979842,0.842015829832864,1.3434504663624478,0.0
linear,4.992,1.1781616917229858,1.1304130977447886,0.8418890363475805,1.3440925134630626,0.0
linear,4.996,1.1770223855352586,1.1315544674626983,0.8417081102225811,1.344768950334285,0.0
linear,5.0,1.1758711735205165,1.1326957050154123,0.8414741236931357,1.345482630664971,0.0
poly2,0.0,0.0,0.0,0.0,0.0,0.0
poly2,0.004,1.770388738860619e-05,1.9829062011545776e-05,7.853823660699308e-06,2.3039078620596457e-05,0.0
poly2,0.008,7.08545048517931e-05,7.933358930608785e-05,3.146139958936676e-05,9.217284921185012e-05,0.0
poly2,0.012,0.0001595346601354555,0.00017855262265720347,7.095085311093987e-05,0.000207483331784426,0.0
poly2,0.016,0.00028383797930360674,0.00031749569329894966,0.0001265091275724441,0.00036908444263581916,0.0
poly2,0.02,0.00044386862866277476,0.0004961432511658976,0.0001983799820864533,0.0005771226582898366,0.0
poly2,0.024,0.000639739140639879,0.0007144464703848965,0.0002868611876447481,0.0008317765167645014,0.0
poly2,0.028,0.0008715681971912213,0.0009723270944618652,0.0003923011537218641,0.0011332560127002879,0.0
poly2,0.032,0.001139478501868027,0.001269677323771974,0.0005150950541195119,0.0014818018926511364,0.0
poly2,0.036000000000000004,0.0014435947981469338,0.001606359747873005,0.0006556805272855555,0.0018776848578642802,0.0
poly2,0.04,0.0017840420435952919,0.0019822073251090184,0.0008145330300301555,0.0023212046828551816,0.0
poly2,0.044,0.002160943727832247,0.0023970234118734406,0.0009921609245730826,0.0028126892589709425,0.0
poly2,0.048,0.002574420317891221,0.002850581843756898,0.0011891003774316615,0.003352493572908644,0.0
poly2,0.052000000000000005,0.003024587818241566,0.0033426270706423578,0.0014059101451256836,0.003940998630808451,0.0
poly2,0.056,0.0035115564384514,0.003872874347583673,0.0016431663164919047,0.0045786103390858925,0.0
poly2,0.06,0.004035429366490225,0.00444100998306793,0.0019014570749400252,0.005265758353567803,0.0
poly2,0.064,0.00459630164913159,0.005046691645975124,0.0021813775367266392,0.006002894908783406,0.0
poly2,0.068,0.005194259182874597,0.005689548732245631,0.0024835247136413955,0.006790493639419832,0.0
poly2,0.07200000000000001,0.0058293778196262655,0.0063691827919260145,0.002808492640721227,0.0076290484059813035,0.0
poly2,0.076,0.006501722591443647,0.007085168016913335,0.0031568677020523154,0.008519072136600324,0.0
poly2,0.08,0.007211347058245922,0.007837051789339097,0.0035292241805569427,0.009461095696756247,0.0
poly2,0.084,0.00795829278177283,0.008624355290147925,0.003930465295145768,0.010455666798331403,0.0
poly2,0.088,0.008742588928340586,0.009446574167022562,0.004358488375001299,0.011503348959032454,0.0
poly2,0.092,0.00956425200220182,0.010303179260401245,0.004813226277881537,0.012604720522698863,0.0
poly2,0.096,0.010423285710606706,0.011164929106122693,0.005295253042976943,0.013760373750417935,0.0
poly2,0.1,0.011319680961000316,0.01204717661646521,0.005805115361713695,0.014970913991716175,0.0
poly2,0.10400000000000001,0.012253415990194236,0.012954228737022068,0.006343330037649001,0.01623695894435281,0.0
poly2,0.108,0.013224456624800915,0.013884812277146948,0.006910381689500569,0.01755913801045339,0.0
poly2,0.112,0.014232756671732053,0.014837624152579089,0.0075067206849522335,0.018938091755880997,0.0
poly2,0.116,0.015278258437109463,0.015811333867566002,0.008132761291652517,0.020374471478864776,0.0
poly2,0.12,0.016360893371527158,0.01680458601635071,0.008788880030804701,0.02186893889298281,0.0
poly2,0.124,0.017480582839225465,0.017816002794889606,0.009475414217878777,0.02342216592866116,0.0
poly2,0.128,0.018637239008386892,0.018844186513533083,0.010192660674215516,0.025034834656383863,0.0
poly2,0.132,0.0198307658594441,0.019887722101303407,0.010940874592599823,0.026707637333829554,0.0
poly2,0.136,0.021061060307994782,0.02103398488108363,0.01172026853922231,0.028441276578161565,0.0
poly2,0.14,0.02232801343865761,0.02226813488734579,0.01253101157380311,0.03023646566369447,0.0
poly2,0.14400000000000002,0.02363151184597418,0.02353433484223029,0.013373228468993905,0.032093928944159744,0.0
poly2,0.148,0.024971439078271738,0.024832126956994917,0.014246999009484012,0.034014402397778094,0.0
poly2,0.152,0.026347677180252594,0.026161029157829405,0.015152357350523187,0.03599863429233299,0.0
poly2,0.156,0.02776010832996631,0.027520534708399318,0.016089291414798902,0.03804738596641928,0.0
poly2,0.16,0.029208616565748642,0.028910111779255565,0.01705774230580166,0.04016143272201551,0.0
poly2,0.164,0.030693089598661145,0.030329202949945004,0.01805760371496089,0.042341564822492336,0.0
poly2,0.168,0.032213420705906985,0.03177722462893734,0.01908872129894856,0.04458858858912407,0.0
poly2,0.17200000000000001,0.03376951070059479,0.03325356637583371,0.02015089200264975,0.046903327588110416,0.0
poly2,0.176,0.03536126997298893,0.03475759010975603,0.02124386330239719,0.049286623899032406,0.0
poly2,0.18,0.036988620597924314,0.036288629187371246,0.022367332343194685,0.05173933945456602,0.0
poly2,0.184,0.038651498502213805,0.0378459873336582,0.023520944942841782,0.05423728991260858,0.0
poly2,0.188,0.04034985568443339,0.03942893740834333,0.024704294435162096,0.056801340517603584,0.0
poly2,0.192,0.042083662477155094,0.04103671999089947,0.025916920323976727,0.05943452222539702,0.0
poly2,0.196,0.04385290983816328,0.04266854176717237,0.02715830671912674,0.06213766387995798,0.0
poly2,0.2,0.04565761165203225,0.04432357370109572,0.02842788052579289,0.06491162186325766,0.0
poly2,0.20400000000000001,0.04749780701620131,0.046000948975599185,0.029725009358690446,0.06775728190313167,0.0
poly2,0.20800000000000002,0.04937356247592117,0.047699760687774734,0.031048999153537357,0.07067556087093234,0.0
poly2,0.212,0.05128497415982031,0.049419059284653635,0.0323990914496233,0.07366740854856146,0.0
poly2,0.216,0.053232169752260625,0.05115784972764044,0.03358539606292333,0.07673380934257529,0.0
poly2,0.22,0.05521531022049442,0.052915088375788996,0.03460717898531015,0.07987447985433498,0.0
poly2,0.224,0.05723459119498309,0.054689679580763,0.03563191415577163,0.08301865941540686,0.0
poly2,0.228,0.059290243882187676,0.05648047198956251,0.03665904166647185,0.08623426400347671,0.0
poly2,0.232,0.06138253537396978,0.058286254555013725,0.03768801942878993,0.08952222449078914,0.0
poly2,0.23600000000000002,0.0635117682109131,0.060105752258680464,0.03868946667183899,0.09288351732895891,0.0
poly2,0.24,0.06567827906362489,0.061937621556381946,0.039490082529076126,0.09631916614864348,0.0
poly2,0.244,0.06788243642144721,0.06378044556299134,0.04015854351571557,0.0998302431164951,0.0
poly2,0.248,0.07012463722531775,0.06563272900077,0.04091064774323765,0.10341787000118857,0.0
poly2,0.252,0.07240530245048096,0.06749289294429389,0.04213842036846747,0.1070832188959256,0.0
poly2,0.256,0.07472487172984912,0.06935926940519754,0.04378726057100405,0.1108275125402304,0.0
poly2,0.26,0.07708379719880845,0.07123009581164534,0.04548543644114191,0.11465202417909381,0.0
poly2,0.264,0.07948253682158642,0.07310350945080596,0.047234484131174405,0.1185580768926522,0.0
poly2,0.268,0.08192154751156619,0.07497754195779571,0.04903596157483342,0.12254704232465677,0.0
poly2,0.272,0.08440127837076702,0.0768501139517429,0.05089144191661693,0.12662033873308015,0.0
poly2,0.276,0.08692216434309502,0.07871902993891691,0.05280250634597092,0.13077942828141229,0.0
poly2,0.28,0.0894846205082338,0.08058197362437622,0.0543093336887327,0.13502581348464765,0.0
poly2,0.28400000000000003,0.09208903715331017,0.08243650379735,0.05548657060226124,0.1393610327197984,0.0
poly2,0.28800000000000003,0.09473577566708474,0.08428005098152817,0.056835860710509965,0.14378665470715712,0.0
poly2,0.292,0.09742516522425362,0.08610991506943871,0.05816762173416411,0.1483042718656914,0.0
poly2,0.296,0.10015750017727418,0.08792326418978853,0.05947858356382187,0.1529154924441168,0.0
poly2,0.3,0.10293303805365936,0.08971713508748322,0.060765323584490626,0.15762193132863528,0.0
poly2,0.304,0.10575199806432196,0.09172900875763781,0.0620242758112021,0.1624251994293614,0.0
poly2,0.308,0.10861456005496369,0.09457543203610222,0.06325174529686367,0.167326891550439,0.0
poly2,0.312,0.11152086386763546,0.09747385778569248,0.06444392884514157,0.1723285726541499,0.0
poly2,0.316,0.11447100911412136,0.10042436947209196,0.06559694313722306,0.1774317624373621,0.0
poly2,0.32,0.11746505538954748,0.10342701317973096,0.06670686143767574,0.18251578692781364,0.0
poly2,0.324,0.12050302296909818,0.10648180398635279,0.06776976007390634,0.18701345453530796,0.0
poly2,0.328,0.1235848940310906,0.10958873532645572,0.06977001440371712,0.19157072723995144,0.0
poly2,0.332,0.12671061443649462,0.1127477917587652,0.07195556017896382,0.19647781207501114,0.0
poly2,0.336,0.12988009607115159,0.11595896552469326,0.07480722770134504,0.20205991364275422,0.0
poly2,0.34,0.13309321972752788,0.11922227722933855,0.07775995179124194,0.20775069619345832,0.0
poly2,0.34400000000000003,0.13634983847507148,0.12253780088865676,0.08081449170505481,0.2135507755119296,0.0
poly2,0.34800000000000003,0.13964978145104073,0.12590569346130295,0.08340958031554316,0.21946052601926042,0.0
poly2,0.352,0.14299285800647837,0.1293262288180207,0.08609151844239973,0.22548004895027438,0.0
poly2,0.356,0.14637886217247162,0.13279983589424188,0.0867288471736656,0.2316091393910349,0.0
poly2,0.36,0.14980757747244783,0.136327140524865,0.08775669954482306,0.23784725249161318,0.0
poly2,0.364,0.15327878219021568,0.13990901018013874,0.08888325595726229,0.24419346923544574,0.0
poly2,0.368,0.15679225529116958,0.14354660051924506,0.08999004757126447,0.2506464622151084,0.0
poly2,0.372,0.1603477832519314,0.14689882888685346,0.09107621669661409,0.25720446193340757,0.0
poly2,0.376,0.1639451680370578,0.1506392135323481,0.09214090133694114,0.2638652242161164,0.0
poly2,0.38,0.1675842363224624,0.15442609819571282,0.09318323138287883,0.2706259993857989,0.0
poly2,0.384,0.17126484976447018,0.15825679918830016,0.09420232382352667,0.2774835039019121,0.0
poly2,0.388,0.17498691563239283,0.16212835156499933,0.09519727697449254,0.2844338952173561,0.0
poly2,0.392,0.17875039647351296,0.16603751058290633,0.09616716376261616,0.29147275063223177,0.0
poly2,0.396,0.1825553167125579,0.169980756384027,0.09757054729187191,0.29859505093807753,0.0
poly2,0.4,0.18640176329794375,0.1739543021042872,0.09977995439408072,0.3057951696367248,0.0
poly2,0.404,0.1902898768458297,0.17795410554819965,0.10202237528887712,0.3130668684839164,0.0
poly2,0.40800000000000003,0.19421982942624305,0.18197588449370466,0.1042967404105093,0.3204033000464068,0.0
poly2,0.41200000000000003,0.19819178549236455,0.18601513560674487,0.10660179964867919,0.3277970178707108,0.0
poly2,0.41600000000000004,0.20220584383081602,0.18884548568015075,0.11077902760066335,0.3352399947414767,0.0
poly2,0.42,0.2062619610812869,0.1904168674574369,0.11521717514295966,0.3427236493585439,0.0
poly2,0.424,0.21035986128586875,0.19193476750214256,0.1197873955559485,0.3502388815865805,0.0
poly2,0.428,0.21449894042514012,0.19340634922795352,0.12449037799345335,0.3576989204841535,0.0
poly2,0.432,0.21867817862370184,0.19483943260924527,0.12932661822563019,0.3650965961706483,0.0
poly2,0.436,0.2228960739646532,0.19624235073419943,0.13429640479832294,0.37249809438833564,0.0
poly2,0.44,0.2271506094438344,0.1976237943548172,0.1393998052874012,0.37989318564302416,0.0
poly2,0.444,0.23143925872015036,0.19899265032576216,0.14463665275101253,0.38727138396132266,0.0
poly2,0.448,0.2357590287931756,0.20035783997307677,0.15000653248807883,0.39462202074044544,0.0
poly2,0.452,0.2401065311763694,0.20200125297940463,0.15451845302427647,0.4019343230472813,0.0
poly2,0.456,0.24447806957574283,0.20449257058392667,0.1556340344115483,0.4091974950724614,0.0
poly2,0.46,0.24886973206262758,0.20698470441708813,0.1567790764345962,0.4164008013394718,0.0
poly2,0.464,0.2532774783353167,0.21036106563975854,0.1579573885815708,0.42353365020671563,0.0
poly2,0.468,0.25769721634928333,0.21368532339872637,0.1591722439955958,0.43058567618505866,0.0
poly2,0.47200000000000003,0.2621248660193748,0.2169537968820534,0.1604263974255812,0.4375468196256278,0.0
poly2,0.47600000000000003,0.266556410145099,0.22019727735548406,0.16172211848186305,0.44440740241085025,0.0
poly2,0.48,0.2709879340606802,0.22635297486315686,0.16306123768973624,0.45115819840200616,0.0
poly2,0.484,0.2754156559901503,0.23079139839250196,0.16444520264826878,0.4577904975529549,0.0
poly2,0.488,0.2798359500224503,0.2346399066447229,0.16587514157097813,0.46429616278462255,0.0
poly2,0.492,0.2842453632978713,0.23667475652700154,0.1673519315811817,0.47066767891970634,0.0
poly2,0.496,0.2886406286076803,0.23867643985258127,0.16887626932710142,0.47689819319273524,0.0
poly2,0.5,0.2930186732583104,0.2406467500230552,0.17044874173951952,0.4829815470681208,0.0
poly2,0.504,0.29737662478287774,0.2425875812052904,0.17206989505040218,0.488912299309725,0.0
poly2,0.508,0.3017118139028931,0.2445009035186984,0.17374030050155667,0.4953353854592371,0.0
poly2,0.512,0.30602177504154915,0.24638873921270338,0.17546061548041691,0.5079077931153186,0.0
poly2,0.516,0.3103042446506516,0.24844243295583324,0.17723163911302603,0.52062031003674,0.0
poly2,0.52,0.3145571576193985,0.25085203508708054,0.17905436161425015,0.5334637260038821,0.0
poly2,0.524,0.31877864206947815,0.2531818938628001,0.18093000693791927,0.5429692317531941,0.0
poly2,0.528,0.3229670128936172,0.2554317270245774,0.18336908608594535,0.5498466940379224,0.0
poly2,0.532,0.3271207644511679,0.2576014065768452,0.1865773736426532,0.5556147725085675,0.0
poly2,0.536,0.33123856288285236,0.2596909439690925,0.18988493616053373,0.5612161464640101,0.0
poly2,0.54,0.3353192385369785,0.26170047591518014,0.1932945665301782,0.5666487184839346,0.0
poly2,0.544,0.339361779003195,0.2636302510012166,0.19680944780223072,0.5719109641004132,0.0
poly2,0.548,0.34336532322295693,0.2654806171953147,0.20043315181200688,0.5770019108836117,0.0
poly2,0.552,0.3473291570895082,0.267252010337318,0.20416963549761177,0.5819211145006365,0.0
poly2,0.556,0.35125271087176024,0.2689449436547616,0.20802323488840768,0.5866686323268019,0.0
poly2,0.56,0.3551355587094528,0.2705599983232474,0.2119986567586695,0.5912449951670742,0.0
poly2,0.5640000000000001,0.3589774203493944,0.2727263384119596,0.2161009679581571,0.5956511776141684,0.0
poly2,0.5680000000000001,0.362778165244542,0.2753965137845126,0.22033558244803464,0.5998885675310802,0.0
poly2,0.5720000000000001,0.36653781913862693,0.2780896468605551,0.22470824608779824,0.6039589351019243,0.0
poly2,0.5760000000000001,0.3702565733252433,0.2808087277352956,0.22922501923709862,0.6078644018478085,0.0
poly2,0.58,0.37393479691235953,0.2835569934937728,0.233062309467495,0.6116074099558674,0.0
poly2,0.584,0.3775730526424064,0.28633791593921165,0.234870247646983,0.6151906922209912,0.0
poly2,0.588,0.3811721170978052,0.2891551877412093,0.2366885792811049,0.6186172428524309,0.0
poly2,0.592,0.3847330064066222,0.2920127072310434,0.2385230349485118,0.6218902893522922,0.0
poly2,0.596,0.3882570087121355,0.2949145620482331,0.240379319909535,0.6250132656306463,0.0
poly2,0.6,0.3917457243645034,0.2978650118236183,0.24226310096527945,0.6279897864830738,0.0
poly2,0.604,0.3952011133791145,0.30086847006951545,0.24417999410156227,0.6308236235212028,0.0
poly2,0.608,0.39862554601321587,0.3051959972487255,0.24613555285223043,0.6335186826153414,0.0
poly2,0.612,0.40202184469165925,0.31043928130093956,0.24813525733192812,0.6360789828806374,0.0
poly2,0.616,0.4053932928963932,0.3169265558118405,0.25018450390096963,0.6385086372142185,0.0
poly2,0.62,0.40874357205334083,0.32364639817660756,0.2522885954346838,0.6408118343703182,0.0
poly2,0.624,0.4120765841100923,0.3306062007210923,0.25445273217663217,0.6429928225432174,0.0
poly2,0.628,0.41539614945963343,0.33781340177388464,0.2566820031597763,0.6450558944137001,0.0
poly2,0.632,0.4187056484441779,0.34527545064467446,0.2619241298295605,0.6470053736033314,0.0
poly2,0.636,0.4220077539331263,0.3505694905777859,0.2680126928030066,0.6488456024719348,0.0
poly2,0.64,0.42530439003947773,0.3540946979293431,0.2743121992163715,0.6505809311868997,0.0
poly2,0.644,0.42859692623255574,0.3577024277742508,0.2761222552289781,0.6522157079881027,0.0
poly2,0.648,0.4318864885807602,0.36139726251963156,0.2754432291366058,0.65375427056903,0.0
poly2,0.652,0.43517424968382723,0.36518369064316525,0.27470952779780344,0.65520093849291,0.0
poly2,0.656,0.4384616255812671,0.3690660948674481,0.27392359407791567,0.6565600065620605,0.0
poly2,0.66,0.4417503777551376,0.37304874136130434,0.2730878514513808,0.6618576995610295,0.0
poly2,0.664,0.4450426495713466,0.3771357700442083,0.27220470716574596,0.665089497173577,0.0
poly2,0.668,0.44834096698576786,0.3841196474938563,0.27127655576046555,0.6672551080365472,0.0
poly2,0.672,0.4516482225346725,0.3921839954585327,0.2703057829616445,0.6692755893887232,0.0
poly2,0.676,0.454967650855462,0.4004897053317781,0.2692947699804805,0.6711525900935535,0.0
poly2,0.68,0.45830279652732847,0.4090409104499626,0.2682458982495571,0.6728878454021998,0.0
poly2,0.684,0.46165747079808694,0.41819177992728623,0.26716155463733815,0.6744831697705327,0.0
poly2,0.6880000000000001,0.4650356921763853,0.42986758715419116,0.26677978743735486,0.675940449940488,0.0
poly2,0.6920000000000001,0.46844160670199236,0.44188744979672845,0.26705235993473403,0.6772090186291176,0.0
poly2,0.6960000000000001,0.4718793870164181,0.45425484050810366,0.2673501884683257,0.6779799367362649,0.0
poly2,0.7000000000000001,0.47535311494245847,0.4669728723059948,0.2676753728956401,0.6787027836693084,0.0
poly2,0.704,0.4788666591192602,0.48004430353078686,0.268029945401834,0.6793811953347499,0.0
poly2,0.708,0.4824235653131093,0.4934715447130289,0.2684158717534536,0.6800187505100354,0.0
poly2,0.712,0.48602698002617045,0.5072566672842311,0.26883505300251886,0.6806189700481511,0.0
poly2,0.716,0.4896796269714427,0.5214014140593006,0.26928932770656744,0.6811853161259279,0.0
poly2,0.72,0.49338385316568917,0.5359072114127146,0.26978047473023387,0.6817211915041193,0.0
poly2,0.724,0.49714176436325175,0.5507751830638348,0.27031021669278904,0.682229938771055,0.0
poly2,0.728,0.50095549571492,0.5660061653795952,0.2708802241236911,0.6827148395453906,0.0
poly2,0.732,0.5048277594405397,0.5816007240951366,0.27149212038446036,0.683179113617139,0.0
poly2,0.736,0.5087631303369642,0.5964935462335089,0.27214748740993944,0.6856636616733205,0.0
poly2,0.74,0.5127715722372721,0.6058198131651723,0.2728478723150135,0.6981872811451404,0.0
poly2,0.744,0.5168776007241892,0.6153665233596417,0.27359479490393857,0.7052723954228965,0.0
poly2,0.748,0.5211240800414217,0.6251348463683364,0.2743897561082625,0.7086662988983867,0.0
poly2,0.752,0.5255204134563987,0.6351258000278888,0.27523424736560487,0.7105807237737292,0.0
poly2,0.756,0.5300303011314698,0.638199859007927,0.27612976093491526,0.7116014081382811,0.0
poly2,0.76,0.5346289974634182,0.6384641571603271,0.2770778011238389,0.7242133099422272,0.0
poly2,0.764,0.5393075215351132,0.638735114914651,0.2780798963800336,0.7370531401806337,0.0
poly2,0.768,0.5440633027755799,0.6390146614477754,0.2791376121702652,0.7401647359817867,0.0
poly2,0.772,0.548896241607827,0.6393046326525791,0.2802525645384234,0.7494374895788134,0.0
poly2,0.776,0.5538073440489681,0.6396067708172026,0.27934723955507834,0.7677243705832487,0.0
poly2,0.78,0.5587982103916518,0.6399227246201936,0.2768351492666891,0.7834946018187512,0.0
poly2,0.784,0.5638708231826557,0.6402540494774993,0.27520539958025486,0.792143814934274,0.0
poly2,0.788,0.5690274520518239,0.6431951510113896,0.27460638830694734,0.7981746194957466,0.0
poly2,0.792,0.5742706091911842,0.6513389320052617,0.27405587007903626,0.8041741321880719,0.0
poly2,0.796,0.5796030289099663,0.6597142877979817,0.2737079424017931,0.8085842403435978,0.0
poly2,0.8,0.5850276595715875,0.664429264225185,0.2748713354856045,0.8089476176685404,0.0
poly2,0.804,0.5905476623163253,0.6646561907444712,0.2761793452005787,0.8091630936207455,0.0
poly2,0.808,0.5961664136690608,0.664891914892099,0.2776410504287074,0.8092332536072312,0.0
poly2,0.812,0.6018875104055214,0.66513726856608,0.2828928998634198,0.8091606680118925,0.0
poly2,0.8160000000000001,0.607714775691468,0.6653930175291733,0.2927476710260746,0.808947889755617,0.0
poly2,0.8200000000000001,0.613652265853949,0.6656598673751504,0.3029709352006798,0.8085974520966099,0.0
poly2,0.8240000000000001,0.619704277345168,0.665938470221137,0.3148411720229529,0.8081118666554723,0.0
poly2,0.8280000000000001,0.6258753535911546,0.666229432144922,0.31846310744945183,0.8107032966466354,0.0
poly2,0.8320000000000001,0.632170291516198,0.6656317614918565,0.32043898205968474,0.8240025293349365,0.0
poly2,0.836,0.6385941476186097,0.6618287739960768,0.32244442610688,0.8376975205337204,0.0
poly2,0.84,0.6451522435527731,0.6579445322640942,0.3244810419167781,0.8518090157493312,0.0
poly2,0.844,0.6518501712494891,0.653981642651785,0.3265505213565332,0.8586017691967861,0.0
poly2,0.848,0.6586937976801805,0.6499429102688776,0.32865465279492745,0.8626159264224657,0.0
poly2,0.852,0.6656892694364754,0.645831360491016,0.3307953285092309,0.866701150741411,0.0
poly2,0.856,0.6728430173489104,0.6416502622316832,0.33446376352421453,0.8708660207300978,0.0
poly2,0.86,0.6801617613997915,0.6374031531083404,0.3407288265699513,0.8751197307881795,0.0
poly2,0.864,0.6876525161883242,0.6330938666448824,0.3471619310877797,0.8794721297840685,0.0
poly2,0.868,0.6953225971744625,0.6287265616596487,0.353770890306928,0.8839337587359267,0.0
poly2,0.872,0.7031796278565089,0.6243057539943918,0.36056399737535777,0.888515886308216,0.0
poly2,0.876,0.711231547923059,0.6198363507442455,0.3675500562429163,0.8932305405126721,0.0
poly2,0.88,0.7194866222607712,0.6153236871511769,0.3709454864859089,0.8980905345117711,0.0
poly2,0.884,0.7279534504950042,0.6152896310664464,0.3753353556646516,0.9031094838123747,0.0
poly2,0.888,0.7366409764902271,0.6249074649625015,0.38094923346200893,0.9083018113855017,0.0
poly2,0.892,0.745558496940476,0.6354797665795332,0.3866872581209298,0.9136827363331608,0.0
poly2,0.896,0.7547156678355238,0.6471425421143726,0.39255432727878975,0.9192682406252586,0.0
poly2,0.9,0.7641225071942437,0.6592948899052465,0.3985557278064003,0.9250750071360516,0.0
poly2,0.904,0.7737893920124157,0.6719631738145087,0.4046971530698441,0.9311203207215579,0.0
poly2,0.908,0.7837270468812197,0.672521849073807,0.4109847203327621,0.9374219224227718,0.0
poly2,0.912,0.7939465212054053,0.6695794392105547,0.420061285215855,0.945911536642083,0.0
poly2,0.916,0.8044591514094253,0.666630450528346,0.43110180697795203,0.9784107200029155,0.0
poly2,0.92,0.8152765040070588,0.6636809083431074,0.4424853476000638,1.0030335183912709,0.0
poly2,0.924,0.8264102949931216,0.6607371125873338,0.4542282492192192,1.0285841594976375,0.0
poly2,0.928,0.8378722807980757,0.657805650955797,0.46634784203911633,1.0551076697380442,0.0
poly2,0.932,0.8496741161751984,0.6548934115266412,0.4788625002373791,1.0826499020054212,0.0
poly2,0.936,0.8618271750628785,0.6520075946379688,0.4917916999148411,1.1112570098131993,0.0
poly2,0.9400000000000001,0.8743423319264931,0.6554316354651628,0.5051560787733202,1.1409747496077483,0.0
poly2,0.9440000000000001,0.8872297036089233,0.6621903224247038,0.5083694282210957,1.171847575870131,0.0
poly2,0.9480000000000001,0.9004983555629374,0.669259539395714,0.5058578010706645,1.2039174910263897,0.0
poly2,0.9520000000000001,0.9141559816587039,0.6766591497963643,0.503539169220693,1.2372226118473422,0.0
poly2,0.9560000000000001,0.9282085734834119,0.6844100938914648,0.5014400287654166,1.2717954175161164,0.0
poly2,0.96,0.9426601027150143,0.6925344294993773,0.49958878696509207,1.3076606539850026,0.0
poly2,0.964,0.9575122477489224,0.7010553663220422,0.49801577765776806,1.3448328872726318,0.0
poly2,0.968,0.9727642016579967,0.709997291035633,0.4967532463193397,1.3651943526010712,0.0
poly2,0.972,0.9884126006604971,0.7193857794930741,0.4958352985909417,1.376930426608111,0.0
poly2,0.976,1.0044516084115211,0.7166444645839258,0.4973138186573045,1.3890537341789955,0.0
poly2,0.98,1.020873180229757,0.7216041118109371,0.5014428949814842,1.4015483753842495,0.0
poly2,0.984,1.0376675131336706,0.7303888775254246,0.5058380359175211,1.4143901184150527,0.0
poly2,0.988,1.0548236649638627,0.7395826710637057,0.5105175782957376,1.4275457311132809,0.0
poly2,0.992,1.072330303749667,0.7492103012066944,0.5155002345775614,1.440972708827984,0.0
poly2,0.996,1.0901765324264,0.7592974488362403,0.5230909510744371,1.454619556796934,0.0
poly2,1.0,1.1083527280464662,0.7651928830529557,0.5325269075066754,1.4684267685033658,0.0
poly2,1.004,1.1268513391052692,0.7653314711923069,0.5422731926902411,1.4823285912104247,0.0
poly2,1.008,1.1456675957314393,0.7654598638792198,0.5495380843546847,1.496255583511543,0.0
poly2,1.012,1.164800099183663,0.7655781997010869,0.559244286487379,1.5101378548175721,0.0
poly2,1.016,1.184251264334789,0.7656866694502875,0.568955067345547,1.5239087531171678,0.0
poly2,1.02,1.204027590522053,0.765785519282294,0.5811618237165876,1.5375086646903522,0.0
poly2,1.024,1.2241397356235766,0.765875053671383,0.594562014256552,1.5508885386633842,0.0
poly2,1.028,1.2446023709593161,0.7659556381652879,0.6081633196028581,1.5640127707717377,0.0
poly2,1.032,1.2654338047427074,0.7712976720591112,0.6142197813476773,1.5768611743652727,0.0
poly2,1.036,1.2866553796620341,0.7843475672012812,0.6122634220958355,1.589429909795081,0.0
poly2,1.04,1.3082906722680745,0.7977599611279809,0.617153676360749,1.6017313982755343,0.0
poly2,1.044,1.3303645429946507,0.811546613812475,0.6222191502512566,1.6408765975641741,0.0
poly2,1.048,1.3529021015544993,0.8257195020763959,0.63121528975264,1.6912674995204993,0.0
poly2,1.052,1.3759276612725386,0.8402906893311399,0.6335485040900123,1.7425509750225503,0.0
poly2,1.056,1.3994637580334177,0.8552721637398284,0.6332768585348981,1.7946780559540079,0.0
poly2,1.06,1.42353030625191,0.8706756398609552,0.6349318087442047,1.8475815718151596,0.0
poly2,1.064,1.4481439564515814,0.8865123186374606,0.6429614629342315,1.9011754500495905,0.0
poly2,1.068,1.4733177063164573,0.9027926006408251,0.659423262814759,1.9553560590020227,0.0
poly2,1.072,1.4990607983108821,0.930678113214416,0.6781003401266679,2.010005744208501,0.0
poly2,1.076,1.5253789113564136,0.96175236260827,0.6979190310501364,2.0649984402863444,0.0
poly2,1.08,1.5522746225945014,0.9869246678624033,0.7188827052488784,2.1202069367271457,0.0
poly2,1.084,1.5797480816329992,1.0063427166166394,0.7347224311309386,2.1755110902224644,0.0
poly2,1.088,1.6077978100806711,1.0262965800349932,0.7484343140284007,2.2308060774524736,0.0
poly2,1.092,1.6364215208270927,1.0467877861504093,0.7626144176874452,2.2860097319430093,0.0
poly2,1.096,1.6656168501665618,1.0678142334544647,0.7772687770120765,2.341068134917742,0.0
poly2,1.1,1.6953819133506118,1.089369570965216,0.7924030676788675,2.3959589116741418,0.0
poly2,1.104,1.7257156272881418,1.1114425759853965,0.8080225964684183,2.4506920541555104,0.0
poly2,1.108,1.7566177854130882,1.1340165615445517,0.8241322863551119,2.505308456338703,0.0
poly2,1.112,1.7880889098771409,1.1544495261244165,0.8407366552718868,2.5598766304510505,0.0
poly2,1.116,1.820129937014795,1.1573178162348152,0.8578397874636694,2.614488222474373,0.0
poly2,1.12,1.8527418086730278,1.1603225155533223,0.8754452963514012,2.669252961610083,0.0
poly2,1.124,1.885925043794772,1.172242986511515,0.8935562778544748,2.724293590924434,0.0
poly2,1.1280000000000001,1.9196793542201065,1.1907155562881788,0.9121752531722829,2.7797411812786588,0.0
poly2,1.1320000000000001,1.9540033504348926,1.209716370770559,0.9313041001184856,2.835731071845605,0.0
poly2,1.1360000000000001,1.988894361646078,1.2292067162332905,0.948073448465345,2.888170432625408,0.0
poly2,1.1400000000000001,2.02434837410043,1.2491419036604525,0.961002824141815,2.9340804228786475,0.0
poly2,1.1440000000000001,2.0603600749352964,1.2694713554596544,0.9810435106100919,2.9800926234188134,0.0
poly2,1.1480000000000001,2.096922977918946,1.2901389839805684,0.998999749460219,3.0263387757226092,0.0
poly2,1.1520000000000001,2.1340296029953065,1.311083903902639,1.0145515673276124,3.072946927537301,0.0
poly2,1.156,2.1716716832149974,1.3322414998555683,1.030411429328653,3.1200399889558454,0.0
poly2,1.16,2.2098403787757457,1.3535448415308562,1.0492034562655057,3.1677345402568973,0.0
poly2,1.164,2.248526485829966,1.374926403356631,1.0706120651782594,3.2161398314759646,0.0
poly2,1.168,2.287720634452388,1.396320008911387,1.0924756494453463,3.2653569307716457,0.0
poly2,1.172,2.3274134735082597,1.4227208587649907,1.1147899733256892,3.315477994472087,0.0
poly2,1.176,2.3675958396974366,1.4544826970553792,1.1375496831847427,3.366585645118729,0.0
poly2,1.18,2.408258905266146,1.48610201583423,1.160748211650821,3.4187524543569063,0.0
poly2,1.184,2.4493942963387,1.517537261852435,1.1793636510253636,3.4720405350232326,0.0
poly2,1.188,2.4909941737632417,1.5487570511309698,1.1945375780350111,3.526501251346332,0.0
poly2,1.192,2.533051271607202,1.5797409117857708,1.210082649337696,3.582175058054786,0.0
poly2,1.196,2.5755588941626373,1.610479569061309,1.2259971150442404,3.6390914787163053,0.0
poly2,1.2,2.6185108786941163,1.640974805618924,1.2422779901952967,3.697269231227693,0.0
poly2,1.204,2.6619015362681395,1.6747055112428357,1.2608243665096572,3.756716504498939,0.0
poly2,1.208,2.7057255855758826,1.710533053078146,1.2746851535572552,3.8174313855194106,0.0
poly2,1.212,2.7499780943482337,1.7460758729169934,1.2829212061027047,3.879402430658854,0.0
poly2,1.216,2.794654440194845,1.7813268425146185,1.2938818280662012,3.9426093697201035,0.0
poly2,1.22,2.8397502983651326,1.8162868638690741,1.3051657477614211,4.007023926355836,0.0
poly2,1.224,2.885261659035278,1.850964864911582,1.3167782104970762,4.072610734347484,0.0
poly2,1.228,2.931184872151918,1.8853778251196913,1.3287242458228803,4.139328326186672,0.0
poly2,1.232,2.9775167142341283,1.9195507961449374,1.3410086592925594,4.207130168559577,0.0
poly2,1.236,3.0242544691825093,1.9535168751487868,1.3536360246247068,4.2759657187659945,0.0
poly2,1.24,3.0713960141346823,1.9873170897884602,1.3666106762627643,4.343003410058668,0.0
poly2,1.244,3.118939901604143,2.0210001620109197,1.3799367023322235,4.410086437678498,0.0
poly2,1.248,3.1668854302788914,2.0546221304473367,1.393617937990145,4.478024064505572,0.0
poly2,1.252,3.21523269861528,2.0882458254701226,1.407657959159289,4.546771064034464,0.0
poly2,1.256,3.263982637421524,2.1219402044285602,1.4220600766366227,4.616282208634969,0.0
poly2,1.26,3.313137019708436,2.155779565470077,1.4368273305637063,4.686512939353612,0.0
poly2,1.264,3.362698447981942,2.1898426657854557,1.4519624852445476,4.757419962530264,0.0
poly2,1.268,3.4126703207233433,2.224211773978057,1.467468024294921,4.828961768797442,0.0
poly2,1.272,3.463056780975143,2.258971687021134,1.4833461461059345,4.901099072600136,0.0
poly2,1.276,3.513862650703153,2.2942087407224507,1.499598759603815,4.973795172658772,0.0
poly2,1.28,3.5650933549628925,2.330009839622015,1.5162274802874425,5.0470162357434,0.0
poly2,1.284,3.61675483991458,2.366461528558516,1.5332336265251485,5.120731507707773,0.0
poly2,1.288,3.6688534884809663,2.4036491243000033,1.550618216092672,5.194913456946145,0.0
poly2,1.292,3.7213960370099506,2.4416559219657095,1.5683819629349833,5.269537856300576,0.0
poly2,1.296,3.7743894957717883,2.480562487596363,1.5865252741358535,5.344583809993177,0.0
poly2,1.3,3.8278410755597734,2.5204460451536317,1.605048247080661,5.420033732425459,0.0
poly2,1.304,3.881758122125876,2.561379963370782,1.623950666799893,5.495873285719641,0.0
poly2,1.308,3.936148059698978,2.6034333451487552,1.6481003294106695,5.57209128271877,0.0
poly2,1.312,3.991018344411612,2.646670719533695,1.675726298186671,5.648679561856811,0.0
poly2,1.316,4.04637642809399,2.691151833709461,1.7036163875255177,5.7256328398953595,0.0
poly2,1.32,4.102229732564436,2.7369315399280856,1.7317640540461383,5.80294854803479,0.0
poly2,1.324,4.158585634235617,2.784059769960749,1.7601647660270954,5.880626656373825,0.0
poly2,1.328,4.215451458553003,2.832581587585092,1.7888159995449253,5.958669491136467,0.0
poly2,1.332,4.272834483482479,2.8825373079412215,1.8177171995675092,6.037081548528321,0.0
poly2,1.336,4.330741950973452,2.9339626713856264,1.8468697117703712,6.115869308540024,0.0
poly2,1.34,4.389181085055786,2.9868890588191563,1.8762766910169122,6.1950410514947825,0.0
poly2,1.344,4.448159115000836,3.041343735394852,1.9059429921044688,6.2423286850333515,0.0
poly2,1.348,4.507683301805978,3.0973501100152396,1.9358750476580284,6.279250795287522,0.0
poly2,1.352,4.567760966162455,3.1549279990584838,1.9660807370947044,6.3159574484342755,0.0
poly2,1.356,4.6283995160459295,3.2140938842461044,1.996569249519755,6.397121921161009,0.0
poly2,1.36,4.689606472129254,3.274861156373925,2.027350942364624,6.4898078175736,0.0
poly2,1.364,4.7513894893528335,3.330144606368898,2.058437196629523,6.572184035249355,0.0
poly2,1.368,4.813756373189136,3.3821419465466853,2.0898402688110314,6.654914823130486,0.0
poly2,1.372,4.876715089391207,3.435140038565551,2.1215731390185533,6.730546522650353,0.0
poly2,1.3760000000000001,4.940273766305121,3.4891422024420233,2.1536493544308133,6.771742420066741,0.0
poly2,1.3800000000000001,5.004440689138008,3.5441503322149597,2.186082867117364,6.812658022605193,0.0
poly2,1.3840000000000001,5.069224285892539,3.60016488174758,2.21888786533994,6.853309498580606,0.0
poly2,1.3880000000000001,5.134633104993135,3.6571848470457087,2.2520785977343025,6.893712791544903,0.0
poly2,1.3920000000000001,5.200675784928522,3.7152077495369644,2.2856691902270136,6.933883596976759,0.0
poly2,1.3960000000000001,5.267361016511287,3.7742296245733113,2.3196734561287853,6.973837343892647,0.0
poly2,1.4000000000000001,5.334697498601271,3.8342450190240385,2.3541047005263263,7.01358918081793,0.0
poly2,1.4040000000000001,5.402693888350777,3.8952470012520077,2.388975520822913,7.038585542942288,0.0
poly2,1.408,5.471358747201475,3.957227186054406,2.4242976060054606,7.055476859305579,0.0
poly2,1.412,5.540700483991807,4.020175776346861,2.460081537892055,7.071857700301447,0.0
poly2,1.416,5.610727296617031,4.084081622524657,2.5037245498718486,7.087740787439877,0.0
poly2,1.42,5.6814471137191775,4.148932299593761,2.5498058534397083,7.103138294485482,0.0
poly2,1.424,5.75286753787019,4.214714201370054,2.59711786290646,7.118061868310113,0.0
poly2,1.428,5.824995791648347,4.281412650334003,2.6457135501016227,7.1325226498896,0.0
poly2,1.432,5.897838667897434,4.349012021128246,2.6956409246579778,7.1465312952690585,0.0
poly2,1.436,5.9714024853042496,4.417495875216748,2.7469426430186648,7.1600979963535165,0.0
poly2,1.44,6.045693050238554,4.486847103896542,2.799655702029708,7.1732325014083775,0.0
poly2,1.444,6.120715625579338,4.5570480766682255,2.8276927852047065,7.185944135177993,0.0
poly2,1.448,6.1964749070118454,4.628080791923157,2.848696544437596,7.1982418185508195,0.0
poly2,1.452,6.27297500703318,4.699927026981101,2.8693635457897515,7.210134087716761,0.0
poly2,1.456,6.35021944666219,4.772568484694488,2.889688738550315,7.221629112776842,0.0
poly2,1.46,6.428211154623691,4.845986934104113,2.909667267917704,7.232734715777374,0.0
poly2,1.464,6.506952473578406,4.920164342963743,2.929294472456724,7.243458388151029,0.0
poly2,1.468,6.586445172807255,4.995083000326092,2.9485658826172445,7.253807307555596,0.0
poly2,1.472,6.666690466637609,5.070725627778735,2.9674772201897457,7.263788354108138,0.0
poly2,1.476,6.747689037823548,5.147075478317511,2.9860243985598567,7.3509476363343005,0.0
poly2,1.48,6.829441065061879,5.224116422230624,3.0063253988137264,7.4555430308863135,0.0
poly2,1.484,6.911946253838096,5.301833019726465,3.033148301606086,7.561019085525535,0.0
poly2,1.488,6.995203869846402,5.3802105803625615,3.059696177712419,7.66736953781488,0.0
poly2,1.492,7.079212774307813,5.459235209615656,3.0859548745517724,7.774588216759819,0.0
poly2,1.496,7.163971460611539,5.538893843170218,3.1119106606546167,7.882669011660753,0.0
poly2,1.5,7.249478091817613,5.615264941131956,3.1375502587809097,7.943921297000359,0.0
poly2,1.504,7.335730538673536,5.655960460671012,3.162860876252518,7.987868635131587,0.0
poly2,1.508,7.422726417905179,5.696918794188293,3.1878302322551333,8.031883679082771,0.0
poly2,1.512,7.510463130634553,5.738126375928482,3.2124465819116828,8.07596762920425,0.0
poly2,1.516,7.598937900847528,5.779570334024788,3.236698736978195,8.120121551419738,0.0
poly2,1.52,7.688147813879061,5.821238494907932,3.2605760830627655,8.164346384329521,0.0
poly2,1.524,7.778089854899314,5.863119380331938,3.2840685933176608,8.208642947037184,0.0
poly2,1.528,7.868760947371674,5.905202198267443,3.307166838602486,8.25301194757633,0.0
poly2,1.532,7.96015799141532,5.947476828844394,3.329861994161808,8.297453991822485,0.0
poly2,1.536,8.05227790194532,5.989933806442593,3.3521458429027597,8.341969592784915,0.0
poly2,1.54,8.145117646388808,6.032564298934945,3.374010775396311,8.38655918018316,0.0
poly2,1.544,8.238674281694093,6.075360084988045,3.3954497867594626,8.431223110223218,0.0
poly2,1.548,8.3329449902693,6.118313530221433,3.4164564706042713,8.475961675498452,0.0
poly2,1.552,8.427927114416352,6.161417562922943,3.43702501026313,8.520775114949693,0.0
poly2,1.556,8.523618188772733,6.204665649915474,3.4571501675180443,8.565663623828222,0.0
poly2,1.56,8.620015970243204,6.248051773072093,3.4768272690748327,8.656139797881776,0.0
poly2,1.564,8.717118464900917,6.29157040688289,3.4960521910314757,8.767472297658356,0.0
poly2,1.568,8.814923951363735,6.335216497389784,3.514821341593528,8.879490551489589,0.0
poly2,1.572,8.913431000206419,6.378985442725141,3.5331316422889913,8.992201371301668,0.0
poly2,1.576,9.012638489049937,6.422873075417192,3.55098050793076,9.105611707368013,0.0
poly2,1.58,9.112545613070468,6.466875646560249,3.568365825567234,9.219728640149679,0.0
poly2,1.584,9.213151890787206,6.510989811890559,3.5852859326513453,9.334559372436932,0.0
poly2,1.588,9.314457165112767,6.555212619759348,3.6017395946457342,9.450111221740118,0.0
poly2,1.592,9.416461599776587,6.5995415009531495,3.6177259822674523,9.566391612890165,0.0
poly2,1.596,9.51916567135405,6.700186514644313,3.6400515350792504,9.68340807081902,0.0
poly2,1.6,9.622570157247065,6.810502907400581,3.667830403449414,9.801168213498263,0.0
poly2,1.604,9.726676120061644,6.921660715107279,3.6953726618948743,9.91967974502049,0.0
poly2,1.608,9.831484888912044,7.03365235178264,3.7226705552662445,10.038950448812752,0.0
poly2,1.612,9.936998038247431,7.146470706513285,3.7497163857929716,10.15898818097489,0.0
poly2,1.616,10.04321736484587,7.221925100608798,3.776502499448841,10.279800863737892,0.0
poly2,1.62,10.15014486365096,7.269875169634599,3.8030212732166273,10.401396479039068,0.0
poly2,1.624,10.257782703139977,7.316290476993047,3.8292651036684777,10.523783062211567,0.0
poly2,1.6280000000000001,10.366133200909054,7.362757700823398,3.85522639729325,10.646968695786155,0.0
poly2,1.6320000000000001,10.47519880014164,7.409276484924861,3.8808975630079114,10.770961503403122,0.0
poly2,1.6360000000000001,10.58498204759179,7.455846758404398,3.9062710072855635,10.895769643831917,0.0
poly2,1.6400000000000001,10.695485573664257,7.502468735399782,3.931339132315843,11.021401305095667,0.0
poly2,1.6440000000000001,10.806712075109164,7.549142914827087,3.9560943375828574,11.147864698697292,0.0
poly2,1.6480000000000001,10.918664300771104,7.595870080066519,3.980529025200013,11.275168053943478,0.0
poly2,1.6520000000000001,11.031345040741355,7.642651298514915,4.022073414235087,11.403319612362331,0.0
poly2,1.6560000000000001,11.144757119159122,7.6532649668028,4.068378216876047,11.532327622210346,0.0
poly2,1.6600000000000001,11.258903390795101,7.652028401284937,4.114603157012374,11.662200333064005,0.0
poly2,1.6640000000000001,11.373786741431006,7.650606593734775,4.160718842670191,11.792945990491457,0.0
poly2,1.668,11.489410091925418,7.64900323797754,4.2066959727422475,11.924572830799645,0.0
poly2,1.672,11.605776405733755,7.6472221221554335,4.252505456461886,12.05708907585262,0.0
poly2,1.676,11.722888699532632,7.645267134950999,4.298118541529753,12.190502927957022,0.0
poly2,1.68,11.840750056492123,7.6431422719346935,4.343506949373288,12.324822564811182,0.0
poly2,1.684,11.95936364164741,7.640851642046341,4.388643015635158,12.460056134514826,0.0
poly2,1.688,12.078732718749421,7.638399474220239,4.433499833641971,12.596211750636941,0.0
poly2,1.692,12.19886066792532,7.635790124163557,4.478051398319252,12.733297487339991,0.0
poly2,1.696,12.31975100345698,7.633028081297674,4.5222727478113995,12.871321374559335,0.0
poly2,1.7,12.441407390989843,7.630117975872011,4.56614009995231,13.010291393237367,0.0
poly2,1.704,12.563833663515442,7.627064586259877,4.609630980724756,13.150215470612565,0.0
poly2,1.708,12.687033835526472,7.623872846445686,4.652724341950439,13.291101475564243,0.0
poly2,1.712,12.81101211482038,7.620547853712814,4.695400665667163,13.432957214014424,0.0
poly2,1.716,12.935772911521488,7.617094876541181,4.737642052967296,13.575790424388785,0.0
poly2,1.72,13.061320843997768,7.613519362723382,4.779432295478753,13.719608773139123,0.0
poly2,1.724,13.187660741460899,7.60982694770801,4.820756928146662,13.864419850330236,0.0
poly2,1.728,13.314797643151644,7.60602346317836,4.861603262496754,14.01023116529441,0.0
poly2,1.732,13.442736794122041,7.602114945874388,4.901960400104727,14.15705014235712,0.0
poly2,1.736,13.571483637726889,7.59810764666525,4.941819226532278,14.30488411663758,0.0
poly2,1.74,13.701043805025964,7.601400498074177,4.981172386495757,14.45374032992815,0.0
poly2,1.744,13.83142310137317,7.6318441504789005,5.0200142414852404,14.603625926656461,0.0
poly2,1.748,13.962627490527538,7.662307424447348,5.0583408114332755,14.75454794993428,0.0
poly2,1.752,14.094663076663696,7.692796023436896,5.096149702331645,14.906513337697033,0.0
poly2,1.756,14.227536084685841,7.723315787913454,5.133440021905101,15.05952891893776,0.0
poly2,1.76,14.361252839261008,7.753872695857318,5.170212285572443,15.213601410039095,0.0
poly2,1.764,14.495819742985617,7.784472863551683,5.206468314961863,15.368737411206764,0.0
poly2,1.768,14.631243254085911,7.815122546651425,5.24221113120728,15.52494340300764,0.0
poly2,1.772,14.767529864029791,7.845828141531175,5.277444845146715,15.682225743015273,0.0
poly2,1.776,14.904686075396725,7.876596186912734,5.312174546385364,15.840590662565308,0.0
poly2,1.78,15.04271838031577,7.907433365772547,5.346406192988594,16.000044263623032,0.0
poly2,1.784,15.181633239740563,7.938346507530147,5.380146503346981,16.160592515764723,0.0
poly2,1.788,15.321437063786457,7.969342590518474,5.413402851518937,16.322241253274235,0.0
poly2,1.792,15.462136193309538,8.000428744736407,5.446183167117523,16.484996172355718,0.0
poly2,1.796,15.603736882861124,8.031612254883212,5.478495840575423,16.648862828463034,0.0
poly2,1.8,15.746245285105676,8.062900563673377,5.510349634403113,16.81384663374604,0.0
poly2,1.804,15.889667436745166,8.094301275428943,5.54175360085491,16.97995285461338,0.0
poly2,1.808,16.034009245949555,8.125822159944693,5.572717006239175,17.147186609411136,0.0
poly2,1.812,16.179276481251755,8.157471156619348,5.603249261954387,17.31555286621627,0.0
poly2,1.816,16.325474761826563,8.189256378843627,5.6333598622022745,17.48505644074329,0.0
poly2,1.82,16.472609549037138,8.221186118632986,5.663058328222397,17.655701994362417,0.0
poly2,1.824,16.620686139099952,8.253268851489672,5.6923541588078495,17.8274940322269,0.0
poly2,1.828,16.76970965669056,8.285513241475005,5.705431334106993,18.000436901507037,0.0
poly2,1.832,16.919685049287665,8.317928146468436,5.707575739641947,18.174534789727915,0.0
poly2,1.836,17.070617082033387,8.350522623585162,5.709360278686809,18.349791723207808,0.0
poly2,1.84,17.22251033287251,8.383305934718567,5.710788962146215,18.526211565593574,0.0
poly2,1.844,17.375369187724363,8.416287552167478,5.711865669855781,18.703798016489493,0.0
poly2,1.848,17.529197835437287,8.449477164301198,5.712594155201116,18.882554610175394,0.0
poly2,1.852,17.684000262278506,8.482884681207253,5.712978049633202,19.071283859769355,0.0
poly2,1.856,17.839780245720732,8.516520240257764,5.7130208670756835,19.28030247515484,0.0
poly2,1.86,17.99654134730431,8.550394211520025,5.7127260082209705,19.490300781819094,0.0
poly2,1.864,18.15428690437328,8.584517202925385,5.7120967647130865,19.70127645996021,0.0
poly2,1.868,18.313020020519613,8.618900065097401,5.711136323216185,19.91322729755237,0.0
poly2,1.872,18.472743554596097,8.65355389572553,5.709847769368455,20.126151191412408,0.0
poly2,1.8760000000000001,18.633460108222618,8.68849004335404,5.70823409162182,20.34004614796487,0.0
poly2,1.8800000000000001,18.79517201172318,8.723720110437249,5.706298184968452,20.554910283695676,0.0
poly2,1.8840000000000001,18.957881308563532,8.759255955491344,5.704042854555614,20.77074182528608,0.0
poly2,1.8880000000000001,19.12158973827324,8.795109694149794,5.7014708191907495,20.987539109420517,0.0
poly2,1.8920000000000001,19.286298718204353,8.83129369890342,5.709980731089289,21.205300582263625,0.0
poly2,1.8960000000000001,19.452009323935776,8.867820597277536,5.720881924926701,21.42402479860357,0.0
poly2,1.9000000000000001,19.618722269475537,8.904703268166756,5.7316199568352495,21.643710420660515,0.0
poly2,1.9040000000000001,19.786437885811317,8.941954836013263,5.7421921149783275,21.864356216560942,0.0
poly2,1.9080000000000001,19.95515610211802,8.97958866247622,5.752595830923481,22.085961058480102,0.0
poly2,1.9120000000000001,20.124876421677982,9.017618335198678,5.762828696339572,22.308523920456594,0.0
poly2,1.9160000000000001,20.295597911590114,9.056057653233886,5.772888476448659,22.532043875884767,0.0
poly2,1.92,20.467319165400674,9.094920608645563,5.782773120391167,22.756520094691915,0.0
poly2,1.924,20.64003833291157,9.13422136374686,5.792480768693738,22.98195184020897,0.0
poly2,1.928,20.813753002726404,9.173974223391141,5.802009758052987,23.20833846574451,0.0
poly2,1.932,20.98846043772095,9.21419360167529,5.8113586236656225,23.43567941087319,0.0
poly2,1.936,21.164156986384143,9.254893982364468,5.820526099346414,23.663974197451058,0.0
poly2,1.94,21.340839481385633,9.296089872297834,5.829511115680841,23.893222425370887,0.0
poly2,1.944,21.518501825125302,9.337795746990418,5.838312796459654,24.123423768071824,0.0
poly2,1.948,21.69714343009853,9.380025987609947,5.846930453638469,24.354577967818464,0.0
poly2,1.952,21.883841638388105,9.422794808483339,5.85536358105782,24.586684830764973,0.05
poly2,1.956,22.01851106327524,9.466116174280389,5.8636118471482055,24.819744221820585,0.05
poly2,1.96,22.153908209411693,9.510003706038342,5.871675086831509,25.05375605933324,0.05
poly2,1.964,22.290027806405785,9.55447057523709,5.879553292815032,25.288720309608415,0.05
poly2,1.968,22.4268641889762,9.599529385219641,5.88724660645805,25.524636981280462,0.05
poly2,1.972,22.56441130930035,9.645192039385027,5.894755308373687,25.761506119553886,0.05
poly2,1.976,22.70266275731355,9.691469595771594,5.902079808911372,25.99932780033201,0.05
poly2,1.98,22.84161175951053,9.738372107908244,5.909220638647718,26.238102124250425,0.05
poly2,1.984,22.9812512188926,9.785908452150498,5.916178438996507,26.477829210632333,0.05
poly2,1.988,23.12157365470369,9.834086142146905,5.922953953031965,26.718509191382935,0.05
poly2,1.992,23.26257136050465,9.882911131607198,5.929548016603799,26.9601422048392,0.05
poly2,1.996,23.404236051437074,9.932387607170625,5.935961549807768,27.2027283895915,0.05
poly2,2.0,23.546559692048607,9.982517773899481,5.942195548861912,27.446267878292673,0.05
poly2,2.004,23.689532535423833,10.033301636740136,5.948251078426111,27.690760791469827,0.05
poly2,2.008,23.833147814006843,10.084736782181867,5.9541292643914545,27.93620723135346,0.05
poly2,2.012,23.977390359318782,10.136818165271695,5.959831287155874,28.182607275737993,0.05
poly2,2.016,24.12226454982825,10.189537908064729,5.965358375393743,28.429960971887013,0.05
poly2,2.02,24.267724931267928,10.242885116444064,5.970711800319608,28.678268330495882,0.05
poly2,2.024,24.432223501080667,10.296845722956903,5.975892870439742,28.927529319723796,0.1
poly2,2.028,24.53630801007504,10.351402363797666,5.980902926779947,29.177743859306336,0.1
poly2,2.032,24.64077489997755,10.406534298231872,5.985743338573676,29.428911814759125,0.1
poly2,2.036,24.745614059052564,10.462217378505528,5.990415499391183,29.6810329916823,0.1
poly2,2.04,24.85081518663948,10.518424077545642,5.994920823687871,29.934107130174752,0.1
poly2,2.044,24.95636783843242,10.57512358047557,5.999260743748293,30.188133899366324,0.1
poly2,2.048,25.062261479442135,10.632281944130057,6.004372466537807,30.443112892075575,0.1
poly2,2.052,25.168485543893024,10.689862326394797,6.040063542103033,30.69904361959975,0.1
poly2,2.056,25.275029500908126,10.747825284406993,6.07577155349852,30.955925506643002,0.1
poly2,2.06,25.381882924456324,10.806129137587945,6.111498602318183,31.213757886388272,0.1
poly2,2.064,25.489035565698153,10.864730388337637,6.147246817195488,31.4725399957174,0.1
poly2,2.068,25.596477425587018,10.923584190240017,6.183018347314592,31.73227097058354,0.1
poly2,2.072,25.70419882537778,10.982644851052271,6.218815356591164,31.992949841539133,0.1
poly2,2.076,25.81219047257797,11.04186635580865,6.254640018457046,32.254575529422326,0.1
poly2,2.08,25.920443519858576,11.101202894238844,6.290494511187511,32.51714684120394,0.1
poly2,2.084,26.02894961452747,11.160609376489884,6.32638101371467,32.780662465996556,0.1
poly2,2.088,26.137700936359874,11.220041921869285,6.362301701875472,33.04512097122698,0.1
poly2,2.092,26.24669022187593,11.279458306925806,6.398258745047485,33.31052079897254,0.1
poly2,2.096,26.355910773548068,11.338818361502526,6.434254303130419,33.576860262461416,0.1
poly2,2.1,26.465356452904825,11.39808430422482,6.470290523835851,33.84413754273675,0.1
poly2,2.104,26.57502165706244,11.45722101198133,6.50636954025188,34.11235068548383,0.1
poly2,2.108,26.68490127885018,11.516196221074356,6.542493468653499,34.381497598019195,0.1
poly2,2.112,26.794990651384627,11.574980660637348,6.5786644065331625,34.65157604644038,0.1
poly2,2.116,26.9052854786709,11.633548121465846,6.6148844308295045,34.922583652934556,0.1
poly2,2.12,27.015781754534185,11.691875465465468,6.651155596335215,35.194517893243834,0.1
poly2,2.124,27.126475672871226,11.749942582426765,6.687479934267921,35.467376094285285,0.1
poly2,2.128,27.237363532804956,11.807732301786743,6.723859450990425,35.741155431922834,0.1
poly2,2.132,27.348441642763987,11.865230267469627,6.7602961268688215,36.015852928888584,0.1
poly2,2.136,27.45970622772982,11.922424783885806,6.79679191525902,36.29146545285025,0.1
poly2,2.14,27.57115334384489,11.97930664079577,6.833348741613814,36.56798971462205,0.1
poly2,2.144,27.68277880422344,12.03586892411047,6.869968502704154,36.84542226651545,0.1
poly2,2.148,27.794578119157244,12.092106818891262,6.906653065949492,37.12375950082649,0.1
poly2,2.152,27.90654645300175,12.148017409912507,6.943404268853127,37.402997648456264,0.1
poly2,2.156,28.01867859894446,12.203599484225341,6.980223918539392,37.68313277766095,0.1
poly2,2.16,28.130968971705805,12.258853339262844,7.01711379139023,37.96416079292754,0.1
poly2,2.164,28.243411617120177,12.313780599192494,7.046720845152633,38.24607743397186,0.1
poly2,2.168,28.35600023660367,12.368384041473966,7.034958288230731,38.52887827485483,0.1
poly2,2.172,28.46872822381776,12.422667434931585,7.02266794023639,38.81255872321332,0.1
poly2,2.176,28.581588710430736,12.476635390104349,7.009859328121924,39.097114019601634,0.1
poly2,2.18,28.69457461776532,12.530293222189686,6.996541752566061,39.38253923693998,0.1
poly2,2.184,28.807678711268647,12.583646826542534,6.982724291074602,39.66882928006583,0.1
poly2,2.188,28.92089365509124,12.636702566419597,6.968415801896505,39.95597888538456,0.1
poly2,2.192,29.034212064543475,12.68946717245842,6.95362492862672,40.24398262061534,0.1
poly2,2.196,29.147626554741045,12.741947653241391,6.938360105383869,40.53283488462869,0.1
poly2,2.2,29.261129784292883,12.794151216205002,6.92262956246583,40.82252990737167,0.1
poly2,2.204,29.374714493381525,12.846085198105087,6.906441332399552,41.11306174987726,0.1
poly2,2.208,29.488373536005906,12.897757004230385,6.889803256313198,41.40442430435395,0.1
poly2,2.212,29.60209990648922,12.949174055562361,6.872722990569113,41.69661129435212,0.1
poly2,2.216,29.715886760595897,13.000343743102281,6.8552080136054,41.98961627500337,0.1
poly2,2.22,29.8297274317619,13.051273388622104,6.837265632941936,42.283432633329504,0.1
poly2,2.224,29.943615443031803,13.101970211139282,6.81890299231392,42.57805358861745,0.1
poly2,2.228,30.057544515330658,13.152441298464364,6.800127078902312,42.87347219285674,0.1
poly2,2.232,30.1715085726913,13.202693583221022,6.780944730636154,43.16968133123626,0.1
poly2,2.236,30.285501745022152,13.252733822789665,6.761362643546635,43.46667372269671,0.1
poly2,2.24,30.39951836894712,13.316031560350982,6.741387379157081,43.76444192053582,0.1
poly2,2.244,30.513552987186074,13.379649064574085,6.72102537189688,44.06297831306278,0.1
poly2,2.248,30.627600346877507,13.443353163793716,6.700282936530653,44.362275124299,0.1
poly2,2.2520000000000002,30.74165539717934,13.507141874248155,6.679166275596926,44.66232441472199,0.1
poly2,2.2560000000000002,30.855713286420873,13.571013168322978,6.657681486853174,44.96311808204932,0.1
poly2,2.2600000000000002,30.969769359020965,13.634964973128696,6.635834570726306,45.264647862059775,0.1
poly2,2.2640000000000002,31.08381915233569,13.69899516896752,6.613631437769718,45.56690532944877,0.1
poly2,2.2680000000000002,31.19785839355016,13.763101587687206,6.591077916129739,45.86988189871515,0.1
poly2,2.2720000000000002,31.31188299669027,13.827282010920257,6.581153094043408,46.17356882507659,0.1
poly2,2.2760000000000002,31.425889059788506,13.891534168206825,6.577297465915518,46.47795720541103,0.1
poly2,2.2800000000000002,31.53987286221196,13.95585573499983,6.573230976643556,46.783037979221156,0.1
poly2,2.2840000000000003,31.653830862120266,14.020244330551174,6.568957865809117,47.08880192961972,0.1
poly2,2.2880000000000003,31.767759694012632,14.084697515678023,6.564482261617134,47.39523968433279,0.1
poly2,2.2920000000000003,31.881656166270187,14.149212790408566,6.559808186310906,47.702341716718685,0.1
poly2,2.2960000000000003,31.99551725862753,14.225017100288674,6.554939561503895,48.010098346800035,0.1
poly2,2.3000000000000003,32.109340119405566,14.311759242666131,6.54988021343409,48.31849974230658,0.1
poly2,2.3040000000000003,32.223122062463304,14.398741061571785,6.544633878147493,48.627535919726526,0.1
poly2,2.308,32.33686056356565,14.485959679262898,6.539204206618006,48.9371967453639,0.1
poly2,2.312,32.45055325628581,14.573412098480478,6.533594769811573,49.247471936400046,0.1
poly2,2.316,32.56419792678767,14.661095199115124,6.527809063702995,49.55835106195677,0.1
poly2,2.32,32.677792508201,14.749005734760276,6.521850514254416,49.86982354415925,0.1
poly2,2.324,32.79133507282781,14.837140329155202,6.515722482364822,50.18187865919652,0.1
poly2,2.328,32.904823824948124,14.925495472520819,6.509428268800515,50.49450553837764,0.1
poly2,2.332,33.0182570886752,15.014067517792284,6.502971119116812,50.80769316918151,0.1
poly2,2.336,33.13163330084798,15.102852676753212,6.496354228581742,51.12143039629854,0.1
poly2,2.34,33.2449509898243,15.191847016077293,6.489580747112928,51.43570592266225,0.1
poly2,2.344,33.3582087764131,15.281046453284208,6.482653784239221,51.75050831046916,0.1
poly2,2.348,33.47140532723281,15.370446752617816,6.475576414099201,52.06582598218512,0.1
poly2,2.352,33.584539395858044,15.460043520855724,6.468351680489024,52.38164722153669,0.1
poly2,2.356,33.6976096869571,15.549832203060628,6.460982601972668,52.697960174485736,0.1
poly2,2.36,33.8106150673483,15.639808078285265,6.4534721770681065,53.0147528501859,0.1
poly2,2.364,33.923554079533815,15.729966255243902,6.445823389523524,53.332013121919616,0.1
poly2,2.368,34.03642586140382,15.820301667965069,6.441095390262277,53.649728728014075,0.1
poly2,2.372,34.14922819956353,15.91080907144153,6.480172933952033,53.96788727273527,0.1
poly2,2.376,34.26196147623393,16.00148303729513,6.5194360778605205,54.2864762271586,0.1
poly2,2.38,34.37462039284189,16.092317949475756,6.558885255097592,54.60548293001523,0.1
poly2,2.384,34.48721127873468,16.183308000015302,6.598520903407346,54.92489458851311,0.1
poly2,2.388,34.59971539235939,16.27444718485914,6.638343468200375,55.24469827913205,0.1
poly2,2.392,34.71216726375074,16.365729299799465,6.678353405645689,55.56488094839155,0.1
poly2,2.396,34.82448597441565,16.457147936536273,6.718551185829456,55.885429413591794,0.1
poly2,2.4,34.93684206694455,16.548696478893753,6.758937295987963,56.206330363525765,0.1
poly2,2.404,35.04885534942785,16.640368099221256,6.799512243822384,56.527570359164656,0.1
poly2,2.408,35.16137613768065,16.73215575500977,6.840276560903299,56.84913583431223,0.1
poly2,2.412,35.27255907776497,16.824052185756205,6.81629035802441,57.17101309623501,0.1
poly2,2.416,35.38689375747922,16.916049910109408,6.785486623650247,57.49318832625708,0.1
poly2,2.42,35.49588747346659,17.008141223333006,6.754387712134635,57.81564758033846,0.1
poly2,2.424,35.62728190251202,17.10031819512133,6.722997993409175,58.13837678960678,0.1
poly2,2.428,35.771378343964415,17.192572667805788,6.691321823295517,58.461361760894306,0.1
poly2,2.432,36.124301749016844,17.284896254989725,6.659363550253334,58.78458817719474,0.1
poly2,2.436,36.46914221516209,17.37728034065035,6.62712752231416,59.10804159818773,0.15
poly2,2.44,36.5607519113269,17.469716078746693,6.594618094222181,59.43170746058132,0.15
poly2,2.444,36.65135234539896,17.562194393372444,6.561839634804053,59.75557107870761,0.15
poly2,2.448,36.744123791311274,17.654705979492185,6.52879653459088,60.07961764461723,0.15
poly2,2.452,36.83269664648601,17.74724130429888,6.495493213716592,60.40383222900638,0.15
poly2,2.456,36.935295698860685,17.839790609229244,6.461934130118088,60.72819978061195,0.15
poly2,2.46,37.03230363459362,17.932343912672312,6.428123788063743,61.05270512832348,0.15
poly2,2.464,37.26042444412672,18.024891013404346,6.394066747038032,61.3773329783278,0.15
poly2,2.468,37.79188915167891,18.11742149478095,6.359767631011365,61.70206792033311,0.2
poly2,2.472,37.863827752694064,18.209924729714324,6.3252311381254565,62.026894416988945,0.2
poly2,2.476,37.93569746362047,18.302389886460233,6.290462050825849,62.35179682465254,0.2
poly2,2.48,38.00749686656904,18.394805935235382,6.255465246474553,62.676759355163135,0.2
poly2,2.484,38.079224701745595,18.487161655681565,6.220245708476994,63.00176614964621,0.2
poly2,2.488,38.15087982949181,18.579445645188155,6.1848085379587445,63.3268011377792,0.2
poly2,2.492,38.22246126929685,18.671646328079284,6.149158966028698,63.65184831157584,0.2
poly2,2.496,38.29396807114243,18.76375196566624,6.113302366666388,63.976891191529674,0.2
poly2,2.5,38.36539949808259,18.855750667159782,6.07724427027222,64.30191388000031,0.2
poly2,2.504,38.436754573588125,18.947630401430402,6.040990377920058,64.62689896903305,0.2
poly2,2.508,38.50803288039141,19.03937900959815,6.004546576352277,64.95183173479849,0.2
poly2,2.512,38.579232820293846,19.130984218426565,5.967918953757602,65.2766916632519,0.2
poly2,2.516,38.650355017996844,19.222433654488306,5.931113816372003,65.60146971823603,0.2
poly2,2.52,38.72139517415893,19.31371485906301,5.894137705942403,65.9261328725155,0.2
poly2,2.524,38.792358701645625,19.404815303720746,5.856997418091838,66.25069756462433,0.2
poly2,2.528,38.863230002854294,19.49572240653764,5.819700021623009,66.57507636271404,0.2
poly2,2.532,38.934036960678526,19.586423548883406,5.782252878794609,66.8994006890137,0.2
poly2,2.536,39.00471402501883,19.676906092714162,5.744663666601352,67.2233365046714,0.2
poly2,2.54,39.07539495820269,19.76715739829794,5.706940399083968,67.54754826202128,0.2
poly2,2.544,39.14578284108574,19.85716484229475,5.669091450689542,67.87054912396489,0.2
poly2,2.548,39.21652213236292,19.94691583610834,5.631125580695052,68.19556140517695,0.2
poly2,2.552,39.28621635994218,20.036397844422332,5.593051958697688,68.5156051232414,0.2
poly2,2.556,39.3580992424281,20.125598403830317,5.554880191164135,68.84685364601347,0.2
poly2,2.56,39.42569767460579,20.214505141466645,5.516620349017264,69.15694860315254,0.2
poly2,2.564,39.50716287672075,20.303105793543118,5.47828299622218,69.53665556176306,0.2
poly2,2.568,39.58161892048945,20.391388223695905,5.439879219314022,69.88160653403997,0.2
poly2,2.572,39.784574013647244,20.479340441047317,5.401420657786877,70.86935623107595,0.2
poly2,2.576,40.39251355993578,20.56695061788816,5.36291953523636,73.88234715387307,0.25
poly2,2.58,40.442857575451754,20.654207106888517,5.324388691117304,74.10769643357293,0.25
poly2,2.584,40.493091039793555,20.741098457747977,5.285841612942369,74.33284732083388,0.25
poly2,2.588,40.54320791736457,20.827613433200238,5.247292468706788,74.55778900879574,0.25
poly2,2.592,40.593202024332236,20.91374102429186,5.2087561392786705,74.78251067430776,0.25
poly2,2.596,40.64306708822696,20.999470464860636,5.170248250443167,75.0070014788587,0.25
poly2,2.6,40.69279680709087,21.08479124514537,5.1317852042322265,75.2312505694558,0.25
poly2,2.604,40.74238490719825,21.169693124465784,5.093384209109898,75.45524707950261,0.25
poly2,2.608,40.791825198508754,21.254166142918784,5.055063308516532,75.6789801295942,0.25
poly2,2.612,40.84111162716017,21.338200632045247,5.016841407204576,75.90243882835637,0.25
poly2,2.616,40.89023832439136,21.42178722442965,4.97873829472502,76.12561227312278,0.25
poly2,2.62,40.93919965140843,21.50491686220316,4.94077466534882,76.34848955078067,0.25
poly2,2.624,40.98799023971567,21.58758080442943,4.902972133633774,76.57105973824203,0.25
poly2,2.628,41.03660502658389,21.669770633360617,4.865353244777578,76.79331190343152,0.25
poly2,2.632,41.085039285216396,21.75147825955937,4.827941478835793,77.01523510530812,0.25
poly2,2.636,41.13328864948141,21.83269592589064,4.790761247833888,77.23681839539982,0.25
poly2,2.64,41.18134913267984,21.9134162103948,4.753837884770787,77.45805081666383,0.25
poly2,2.644,41.22921714062008,21.993632028060688,4.7185431370488615,77.67892140679302,0.25
poly2,2.648,41.2768894780368,22.073336631524025,4.693354527663573,77.89941919375339,0.25
poly2,2.652,41.324363349674265,22.152523610722824,4.668222749705951,78.11953320466591,0.25
poly2,2.656,41.37163635356315,22.23118689154688,4.643148914264932,78.33925245123916,0.25
poly2,2.66,41.41870647085709,22.30932073352343,4.618135647630136,78.55856595636801,0.25
poly2,2.664,41.46557204474811,22.38691972658526,4.593187174955838,78.77746270752638,0.25
poly2,2.668,41.51223176229779,22.46397878697115,4.5683093934154515,78.99593174095864,0.25
poly2,2.672,41.558684615075805,22.540493152311313,4.543509935373544,79.2139619899764,0.25
poly2,2.676,41.60492988332948,22.616458375952796,4.518798222211812,79.43154256150666,0.25
poly2,2.68,41.65096706344549,22.691870320581327,4.494185509492996,79.648662228883,0.25
poly2,2.684,41.69679588794899,22.766725151196916,4.469684924134486,79.86531036929921,0.25
poly2,2.688,41.74241616366103,22.841019327500963,4.445311494195215,80.08147521816738,0.25
poly2,2.692,41.78782794243872,22.914749595752262,4.421082171760625,80.2971471428445,0.25
poly2,2.696,41.83303106031351,22.987912980148625,4.397015849246877,80.51231245741319,0.25
poly2,2.7,41.87802587368154,23.060506773789594,4.373133369243102,80.72696519129488,0.25
poly2,2.704,41.9228117086308,23.132528529274055,4.349457527775701,80.94108453491975,0.25
poly2,2.708,41.96738971839518,23.203976048984632,4.326013070617339,81.15467836861282,0.25
poly2,2.712,42.01175720257152,23.274847375108372,4.302826681981191,81.3676986607546,0.25
poly2,2.716,42.05591860991064,23.34514077944074,4.301599006547317,81.58020704458269,0.25
poly2,2.72,42.09986375632969,23.414854753017107,4.303010478469897,81.79204853257302,0.25
poly2,2.724,42.14361096495582,23.483987995613013,4.304205852303347,82.00349895703633,0.25
poly2,2.728,42.18712083705232,23.552539405151485,4.305193277640425,82.21397176041111,0.25
poly2,2.732,42.23046967307825,23.620508067052484,4.305982468837785,82.42461941818242,0.25
poly2,2.736,42.27349852511883,23.687893243556513,4.306584585961449,82.63306921368296,0.25
poly2,2.74,42.31652913269606,23.754694363051197,4.3070121133330135,82.84416214884402,0.25
poly2,2.744,42.35889821810956,23.820911009426574,4.307278735001361,83.04796714607372,0.25
poly2,2.748,42.40199625645665,23.886542911481833,4.307399206301625,83.26536228138693,0.25
poly2,2.7520000000000002,42.44300582904615,23.951589932403195,4.307389220547902,83.45410970533614,0.25
poly2,2.7560000000000002,42.488229888346616,24.016052059329947,4.307265269844571,83.70877919046617,0.25
poly2,2.7600000000000002,42.52605726362367,24.079929393022766,4.307044498998834,83.85523028192127,0.25
poly2,2.7640000000000002,42.58899986547696,24.14322213764607,4.306744551581053,84.38116993280441,0.25
poly2,2.7680000000000002,42.64519295473512,24.205930590673752,4.306383407316,84.80865616456863,0.25
poly2,2.7720000000000002,42.963670688903264,24.268055132925205,4.313105145259951,89.17323092654391,0.25
poly2,2.7760000000000002,43.71277146245517,24.329596218736945,4.322061756070937,100.0,0.3
poly2,2.7800000000000002,43.73989571846083,24.390554366272802,4.330754095921923,100.0,0.3
poly2,2.7840000000000003,43.76682605206898,24.450930147974425,4.339162144380167,100.0,0.3
poly2,2.7880000000000003,43.79356044226547,24.510724181152153,4.347267042018777,100.0,0.3
poly2,2.7920000000000003,43.82009682657458,24.569937118715053,4.355051221795041,100.0,0.3
poly2,2.7960000000000003,43.846433099490234,24.62856964003801,4.362498509750259,100.0,0.3
poly2,2.8000000000000003,43.87256704325078,24.68662244196272,4.369594195392735,100.0,0.3
poly2,2.8040000000000003,43.898496352040986,24.74409622992885,4.376325073164271,100.0,0.3
poly2,2.8080000000000003,43.924218485708444,24.80099170923119,4.382679457205702,100.0,0.3
poly2,2.8120000000000003,43.94973079576837,24.857309576398173,4.388647172221783,100.0,0.3
poly2,2.816,43.97503018819293,24.91305051068725,4.3903219625968575,100.0,0.3
poly2,2.82,44.00011356107915,24.968215165692477,4.377170036158084,100.0,0.3
poly2,2.824,44.024976937136,25.022804161060122,4.364980682081451,100.0,0.3
poly2,2.828,44.049616811609624,25.076818074308356,4.353783040515662,100.0,0.3
poly2,2.832,44.074027746325626,25.130257432747833,4.343604949431045,100.0,0.3
poly2,2.836,44.09820638079757,25.18312270550073,4.3344722591400195,100.0,0.3
poly2,2.84,44.122144476763516,25.235414295616625,4.326408114767595,100.0,0.3
poly2,2.844,44.145840825336094,25.28713253228491,4.3194322206001186,100.0,0.3
poly2,2.848,44.16928065530228,25.338277663144474,4.313560102735484,100.0,0.3
poly2,2.852,44.192471299661975,25.388849846692953,4.308802388855169,100.0,0.3
poly2,2.856,44.21538020978031,25.438849144799285,4.305164126036116,100.0,0.3
poly2,2.86,44.23804313257192,25.488275515325064,4.302644159082632,100.0,0.3
poly2,2.864,44.26037486564181,25.5371288048619,4.301234592632932,100.0,0.3
poly2,2.868,44.28250171192418,25.585408741593962,4.300920360037468,100.0,0.3
poly2,2.872,44.304176075887625,25.633114928296948,4.301678920511183,100.0,0.3
poly2,2.876,44.325811627370975,25.68024683548669,4.303480103196404,100.0,0.3
poly2,2.88,44.34664965924918,25.726803794732962,4.306286112508776,100.0,0.3
poly2,2.884,44.368024565553654,25.772784992156158,4.310051703577217,100.0,0.3
poly2,2.888,44.387551685896156,25.818189462126874,4.314724529974614,100.0,0.3
poly2,2.892,44.4095773197011,25.863016081190736,4.320245658649567,100.0,0.3
poly2,2.896,44.426519983586154,25.90726356224301,4.326550239502479,100.0,0.3
poly2,2.9,44.453193601302125,25.950930448979996,4.333568309957499,100.0,0.3
poly2,2.904,44.464827810516894,25.994015110656115,4.341225708725133,100.0,0.3
poly2,2.908,44.52633583217213,26.036515737178085,4.349445068226074,100.0,0.3
poly2,2.912,44.537299597428984,26.078430334569216,4.358146852227895,100.0,0.3
poly2,2.916,45.798730359016446,26.119756720838915,4.3672504043350155,100.0,0.3
poly2,2.92,46.173998421235595,26.160492522293993,4.376674974077957,100.0,0.35
poly2,2.924,46.18793278119834,26.20063517032985,4.386340690290801,100.0,0.35
poly2,2.928,46.20120105014463,26.240181898740634,4.386510884977916,100.0,0.35
poly2,2.932,46.21463822979335,26.279129741588235,4.3809051682007025,100.0,0.35
poly2,2.936,46.226812458412326,26.31747553167054,4.374984719083866,100.0,0.35
poly2,2.94,46.24019122990441,26.35521589962913,4.3687549282448614,100.0,0.35
poly2,2.944,46.25060049059486,26.392347273736497,4.362221094564886,100.0,0.35
poly2,2.948,46.265479731618726,26.428865880401446,4.355388419279274,100.0,0.35
poly2,2.952,46.27247032771511,26.46476774543054,4.348262001105913,100.0,0.35
poly2,2.956,46.296153577218924,26.500048696080732,4.340846832291671,100.0,0.35
poly2,2.96,46.295340205865074,26.534704363936424,4.33314779546871,100.0,0.35
poly2,2.964,46.41322818923173,26.56873018864046,4.325169661223378,100.0,0.35
poly2,2.968,46.50929966903312,26.60212142250527,4.316917086290396,100.0,0.35
poly2,2.972,48.10359908661863,26.634873136025625,4.308394612294162,100.0,0.4
poly2,2.976,48.11025133307028,26.666980224309803,4.299606664967291,100.0,0.4
poly2,2.98,48.116587363221825,26.698437414440235,4.290557553784085,100.0,0.4
poly2,2.984,48.122610996018686,26.729239273768755,4.281251471953398,100.0,0.4
poly2,2.988,48.128326658478024,26.75938021914501,4.271692496721566,100.0,0.4
poly2,2.992,48.13373935113089,26.78885452706952,4.261884589941584,100.0,0.4
poly2,2.996,48.13885460790341,26.81765634475557,4.251831598869723,100.0,0.4
poly2,3.0,48.143678448670244,26.84577970207654,4.242361819070879,100.0,0.4
poly2,3.004,48.14821732247002,26.873218524367317,4.235376857891894,100.0,0.4
poly2,3.008,48.15247803927269,26.899966646040582,4.228107480287399,100.0,0.4
poly2,3.012,48.15646768830916,26.926017824970867,4.2272408724327395,100.0,0.4
poly2,3.016,48.16019354138594,26.95136575759144,4.2268659592619375,100.0,0.4
poly2,3.02,48.16366294038872,26.976004094641638,4.2260230674530455,100.0,0.4
poly2,3.024,48.166883169363444,26.999926457495054,4.224718958793892,100.0,0.4
poly2,3.028,48.169861313146804,27.023126454992415,4.222960592988684,100.0,0.4
poly2,3.032,48.17260410639629,27.04559770069689,4.22075507690165,100.0,0.4
poly2,3.036,48.17511777885811,27.06733383048437,4.218109619771154,100.0,0.4
poly2,3.04,48.177407904504626,27.088328520376674,4.21503149381923,100.0,0.4
poly2,3.044,48.17947926343303,27.108575504522243,4.2115279997228985,100.0,0.4
poly2,3.048,48.18133572577888,27.1280685932262,4.207606436454892,100.0,0.4
poly2,3.052,48.18298016614427,27.146801690930236,4.203274075041786,100.0,0.4
poly2,3.056,48.184414415083666,27.164768814042418,4.198538135826297,100.0,0.4
poly2,3.06,48.18563925126818,27.18196410851762,4.193405768857493,100.0,0.4
poly2,3.064,48.186654434413924,27.19838186709123,4.187884037067306,100.0,0.4
poly2,3.068,48.18745877554836,27.214016546071623,4.181979901924271,100.0,0.4
poly2,3.072,48.18805023815354,27.228862781600924,4.175700211285416,100.0,0.4
poly2,3.076,48.18842606173029,27.242915405298533,4.169051689195028,100.0,0.4
poly2,3.08,48.188582898405016,27.256169459207747,4.162040927404452,100.0,0.4
poly2,3.084,48.18851695354058,27.268620209972518,4.154674378410332,100.0,0.4
poly2,3.088,48.18822412239316,27.280263162178816,4.146958349829923,100.0,0.4
poly2,3.092,48.18770011672184,27.291094070803,4.138898999951289,100.0,0.4
poly2,3.096,48.18694057705725,27.30110895271808,4.13050233431364,100.0,0.4
poly2,3.1,48.18594116843147,27.31030409721762,4.121774203188767,100.0,0.4
poly2,3.104,48.18469765870339,27.3186760755257,4.112720299848721,100.0,0.4
poly2,3.108,48.183205980214616,27.326221749270797,4.1033461595175735,100.0,0.4
poly2,3.112,48.18146227587393,27.332938277910053,4.093657158916643,100.0,0.4
poly2,3.116,48.17946293189358,27.338823125099317,4.0836585163227355,100.0,0.4
poly2,3.12,48.17720459877316,27.34387406401272,4.073355292068205,100.0,0.4
poly2,3.124,48.1746842032271,27.348089181623656,4.062752389419873,100.0,0.4
poly2,3.128,48.17189895216491,27.351466881966473,4.051854555781156,100.0,0.4
poly2,3.132,48.16884633153161,27.354005888405162,4.040666384168385,100.0,0.4
poly2,3.136,48.16552410004748,27.355705244941674,4.029192314918113,100.0,0.4
poly2,3.14,48.161930280961194,27.356564316602054,4.017436637587467,100.0,0.4
poly2,3.144,48.158063150310255,27.356582788943477,4.0054034930142635,100.0,0.4
poly2,3.148,48.153921225760406,27.355760666729463,3.9930968755077543,100.0,0.4
poly2,3.152,48.149503252284546,27.354098271823894,3.9805206351445834,100.0,0.4
poly2,3.156,48.144808190864474,27.35159624035718,3.967678480147823,100.0,0.4
poly2,3.16,48.13983520299391,27.348255519219762,3.954573979329912,100.0,0.4
poly2,3.164,48.1345836411905,27.344077361939576,3.941210564582918,100.0,0.4
poly2,3.168,48.12905303254049,27.339063324000435,3.927591533401905,100.0,0.4
poly2,3.172,48.1232430727132,27.333215257658544,3.9137200514292285,100.0,0.4
poly2,3.176,48.11715360768015,27.32653530631359,3.8995991550094775,100.0,0.4
poly2,3.18,48.110784633255925,27.31902589848987,3.8852317537464143,100.0,0.4
poly2,3.184,48.104136272868715,27.310689741481294,3.8706206330547426,100.0,0.4
poly2,3.188,48.09720878568686,27.30152981471231,3.8557684567008863,100.0,0.4
poly2,3.192,48.090002536525944,27.29154936286432,3.840677769328118,100.0,0.4
poly2,3.196,48.08251801765032,27.280751888814798,3.8253509989624748,100.0,0.4
poly2,3.2,48.07475580404578,27.269141146433395,3.8097904594968774,100.0,0.4
poly2,3.204,48.06671659756828,27.25672113327643,3.7939983531516903,100.0,0.4
poly2,3.208,48.058401156074574,27.243496083217977,3.777976772910854,100.0,0.4
poly2,3.212,48.04981037470078,27.229470459052738,3.7617277049333615,100.0,0.4
poly2,3.216,48.04094516941418,27.214648945102443,3.745253030940602,100.0,0.4
poly2,3.22,48.03180662047851,27.199036439854474,3.7285545305806984,100.0,0.4
poly2,3.224,48.02239577774387,27.18263804865809,3.7116338837715515,100.0,0.4
poly2,3.228,48.01271390847843,27.165459076500515,3.694492673024901,100.0,0.4
poly2,3.232,48.002762169714245,27.147505020881944,3.6771323857542226,100.0,0.4
poly2,3.236,47.992542030945756,27.12878156480583,3.6595544165698453,100.0,0.4
poly2,3.24,47.98205472258139,27.10929456989748,3.6417600695651537,100.0,0.4
poly2,3.244,47.97130195048614,27.089050069661653,3.623750560598303,100.0,0.4
poly2,3.248,47.96028497028492,27.068054262887003,3.6055270195743496,100.0,0.4
poly2,3.2520000000000002,47.94900578636686,27.046313507202775,3.587090492733276,100.0,0.4
poly2,3.2560000000000002,47.9374656056654,27.02383431279081,3.568441944949912,100.0,0.4
poly2,3.2600000000000002,47.92566683573988,27.000623336253824,3.549582262052335,100.0,0.4
poly2,3.2640000000000002,47.9136105173344,26.976687374638725,3.5305122531659237,100.0,0.4
poly2,3.2680000000000002,47.90129963101409,26.952033359611992,3.511232653090895,100.0,0.4
poly2,3.2720000000000002,47.888734862541675,26.92666835178229,3.4917441247218006,100.0,0.4
poly2,3.2760000000000002,47.87592003555143,26.900599535163934,3.4720472615182114,100.0,0.4
poly2,3.2800000000000002,47.86285517820977,26.87383421177332,3.4521425900365816,100.0,0.4
poly2,3.2840000000000003,47.84954538081479,26.84637979634916,3.432030572534125,100.0,0.4
poly2,3.2880000000000003,47.835989533089474,26.818243811185955,3.411711609656466,100.0,0.4
poly2,3.2920000000000003,47.82219464899687,26.789433881069396,3.3911860432217957,100.0,0.4
poly2,3.2960000000000003,47.80815772465293,26.75995772830094,3.3704541591153703,100.0,0.4
poly2,3.3000000000000003,47.793888705877535,26.729823167798365,3.349516190309353,100.0,0.4
poly2,3.3040000000000003,47.779381524728045,26.699038102257983,3.328372320024294,100.0,0.4
poly2,3.3080000000000003,47.7646505889512,26.667610517363826,3.3070226850499655,100.0,0.4
poly2,3.3120000000000003,47.74968497770347,26.635548477028227,3.2854673792448104,100.0,0.4
poly2,3.3160000000000003,47.73450585529001,26.602860118647985,3.2637064572349623,100.0,0.4
poly2,3.3200000000000003,47.719094753885685,26.569553648359722,3.241739938335665,100.0,0.4
poly2,3.3240000000000003,47.70348299140794,26.535637336277787,3.2195678107199575,100.0,0.4
poly2,3.3280000000000003,47.68764055739139,26.50111951169783,3.1971900358617598,100.0,0.4
poly2,3.332,47.671613882313665,26.4660085582489,3.174606553282945,100.0,0.4
poly2,3.336,47.65535558135189,26.43031290897702,3.151817285636723,100.0,0.4
poly2,3.34,47.638934327025126,26.394041041342906,3.1288221441626414,100.0,0.4
poly2,3.344,47.622276990871164,26.3572014721169,3.105621034551819,100.0,0.4
poly2,3.348,47.60548457015712,26.319802752154025,3.082213863264611,100.0,0.4
poly2,3.352,47.58844639261666,26.28185346103255,3.0586005443469446,100.0,0.4
poly2,3.356,47.571309789875144,26.243362201539597,3.0347810067959062,100.0,0.4
poly2,3.36,47.553910214234506,26.204337593987894,3.0107552025300084,100.0,0.4
poly2,3.364,47.53646043709801,26.164788270348147,2.9865231150248817,100.0,0.4
poly2,3.368,47.51871986078708,26.124722868182257,2.962084768680972,100.0,0.4
poly2,3.372,47.50099225609777,26.084150024363197,2.937440238996266,100.0,0.4
poly2,3.376,47.482931432251874,26.043078368568334,2.9203081787234924,100.0,0.4
poly2,3.38,47.46496573434776,26.001516516533815,2.9042134266845143,100.0,0.4
poly2,3.384,47.44660466857855,25.959473063058862,2.8878547700682633,100.0,0.4
poly2,3.388,47.428444642037775,25.91695657474986,2.8712324922481414,100.0,0.4
poly2,3.392,47.40980062475196,25.87397558249571,2.8543469279822027,100.0,0.4
poly2,3.396,47.39149325595653,25.83053857366721,2.8371984737127396,100.0,0.4
poly2,3.4,47.372577324993124,25.786653984035087,2.8197875989250627,100.0,0.4
poly2,3.404,47.35417185040324,25.74233018940297,2.8021148586618363,100.0,0.4
poly2,3.408,47.33498212997773,25.697575496953714,2.784180907299894,100.0,0.4
poly2,3.412,47.31653008010599,25.652398136309614,2.7659865137079658,100.0,0.4
poly2,3.416,47.29703811516457,25.606806250309333,2.74753257791636,100.0,0.4
poly2,3.42,47.27859791773855,25.56080788550699,2.7288201494434334,100.0,0.4
poly2,3.424,47.25871686094997,25.514410982401444,2.7098504474386904,100.0,0.4
poly2,3.428,47.24037414460343,25.46762336540679,2.690624882818809,100.0,0.4
poly2,3.432,47.2198705702813,25.420452732577957,2.6837184970356707,100.0,0.4
poly2,3.436,47.20181864806334,25.37290664510863,2.680530279192449,100.0,0.4
poly2,3.44,47.17999963881344,25.324992516622082,2.6770002281484175,100.0,0.4
poly2,3.444,47.162937251169225,25.276717602278772,2.6731292106077325,100.0,0.4
poly2,3.448,47.13702355862923,25.2280889877284,2.6689181791023233,100.0,0.4
poly2,3.452,47.12547035554424,25.179113577937713,2.6643681849417846,100.0,0.4
poly2,3.456,47.073518990634156,25.129798085929067,2.6594803924942694,100.0,0.4
poly2,3.46,47.16549847749333,25.0801490214686,2.654256094916504,100.0,0.4
poly2,3.464,46.459930966165075,25.030172679746805,2.6486967314615946,100.0,0.4
poly2,3.468,49.60612910442406,24.97987513009779,2.6428039065041915,100.0,0.45
poly2,3.472,49.59259719076178,24.929262204807596,2.6365794104335247,100.0,0.45
poly2,3.476,49.579106526880466,24.878339488065226,2.630025242575668,100.0,0.45
poly2,3.48,49.565659898585416,24.827112305113612,2.62314363631674,100.0,0.45
poly2,3.484,49.55225992092677,24.775585711660973,2.61593708660814,100.0,0.45
poly2,3.488,49.53890897297879,24.723764483615916,2.6084083800427686,100.0,0.45
poly2,3.492,49.525609133387015,24.6716531072121,2.600560627696632,100.0,0.45
poly2,3.496,49.51236212366526,24.61925576959071,2.5826735132180856,100.0,0.45
poly2,3.5,49.49916926585066,24.5665763499105,2.55261129439996,100.0,0.45
poly2,3.504,49.486031460207464,24.51361841105654,2.522409677652799,100.0,0.45
poly2,3.508,49.47294918728095,24.46038519201923,2.4920774627412214,100.0,0.45
poly2,3.512,49.45992253687048,24.406879601015405,2.46162449686316,100.0,0.45
poly2,3.516,49.44695126458667,24.35310420942238,2.4310617792871327,100.0,0.45
poly2,3.52,49.43403487477087,24.299061246594622,2.400401574820896,100.0,0.45
poly2,3.524,49.4211727268599,24.244752595630302,2.369657536531858,100.0,0.45
poly2,3.528,49.40836416091545,24.19017979015213,2.3388448380580957,100.0,0.45
poly2,3.532,49.39560863708454,24.13534401216306,2.307980315730524,100.0,0.45
poly2,3.536,49.38290588323376,24.080246091032635,2.277082620563016,100.0,0.45
poly2,3.54,49.37025604486883,24.024886503664497,2.2461723799480633,100.0,0.45
poly2,3.544,49.357659831635814,23.969265375889087,2.215272368610033,100.0,0.45
poly2,3.548,49.34511865510409,23.913382485118674,2.184407688004791,100.0,0.45
poly2,3.552,49.33263475305628,23.857237264293886,2.1536059529021134,100.0,0.45
poly2,3.556,49.32021129607423,23.800828807142622,2.122897483336002,100.0,0.45
poly2,3.56,49.307852472750675,23.74415587476306,2.1033059650883006,100.0,0.45
poly2,3.564,49.29556355034184,23.68721690353295,2.0867555353767187,100.0,0.45
poly2,3.568,49.28335090809883,23.63001001433746,2.070366732860639,100.0,0.45
poly2,3.572,49.27122204089423,23.572533023097627,2.0541302492521476,100.0,0.45
poly2,3.576,49.25918553112864,23.514783452570963,2.038040893670715,100.0,0.45
poly2,3.58,49.24725098731217,23.456758545385625,2.0220978972733676,100.0,0.45
poly2,3.584,49.23542894822332,23.398455278258915,2.0063051783228887,100.0,0.45
poly2,3.588,49.22373075221307,23.339870377341192,1.9906715727798099,100.0,0.45
poly2,3.592,49.21216837209916,23.281000334616465,1.9888075944490216,100.0,0.45
poly2,3.596,49.20075421722663,23.221841425281948,2.0033464177695546,100.0,0.45
poly2,3.6,49.189500905673,23.162389726020344,2.0177977274479115,100.0,0.45
poly2,3.604,49.178421011235734,23.10264113407121,2.0321317552574913,100.0,0.45
poly2,3.608,49.16752679168661,23.04259138700092,2.0503407633930317,100.0,0.45
poly2,3.612,49.15682990668475,22.98223608306509,2.0774715072827568,100.0,0.45
poly2,3.616,49.146341135504514,22.92157070205282,2.104197783399727,100.0,0.45
poly2,3.62,49.13607010609538,22.860590626498592,2.130492394212876,100.0,0.45
poly2,3.624,49.12602504764718,22.799291163145497,2.156332135666666,100.0,0.45
poly2,3.628,49.11621257851254,22.73766756454244,2.181697443754068,100.0,0.45
poly2,3.632,49.10663753985306,22.67571505065817,2.2065720544087677,100.0,0.45
poly2,3.636,49.09730288271191,22.613428830396458,2.2309426798906387,100.0,0.45
poly2,3.64,49.088209612566075,22.550804122899343,2.254798703818253,100.0,0.45
poly2,3.644,49.079356791180366,22.487836178529,2.2781318961560633,100.0,0.45
poly2,3.648,49.07074159131603,22.424520299423655,2.3009361487771818,100.0,0.45
poly2,3.652,49.06235939612407,22.360851859528573,2.316385390933651,100.0,0.45
poly2,3.656,49.054203932372715,22.296826324009736,2.3088092766167945,100.0,0.45
poly2,3.66,49.046267425335564,22.23243926796507,2.3008368259054044,100.0,0.45
poly2,3.664,49.038540763286335,22.167686394356043,2.2924680212039714,100.0,0.45
poly2,3.668,49.03101366096682,22.102563551090725,2.2837030081551157,100.0,0.45
poly2,3.672,49.023674813803765,22.037066747198185,2.27454210125982,100.0,0.45
poly2,3.676,49.0165120376315,21.97119216804313,2.264985790831121,100.0,0.45
poly2,3.68,49.00951239179082,21.904936189538617,2.2550347513389686,100.0,0.45
poly2,3.684,49.002662286314724,21.8382953913238,2.2610260715497863,100.0,0.45
poly2,3.688,48.99594757615988,21.77126656888273,2.269412712257611,100.0,0.45
poly2,3.692,48.98935364689306,21.703846744588624,2.277451544811233,100.0,0.45
poly2,3.696,48.98286549681493,21.636033177666704,2.2851436723203857,100.0,0.45
poly2,3.7,48.97646782024493,21.567823373076497,2.292490340769932,100.0,0.45
poly2,3.704,48.97014509575074,21.499215089322078,2.2994929374563693,100.0,0.45
poly2,3.708,48.963881681706944,21.43020634520561,2.3061529907169542,100.0,0.45
poly2,3.712,48.957661919966064,21.360795425546048,2.312472170962858,100.0,0.45
poly2,3.716,48.95147024686672,21.290980885890534,2.318452293036566,100.0,0.45
poly2,3.72,48.945291309489214,21.22076155625121,2.324095319922944,100.0,0.45
poly2,3.724,48.939110084129176,21.150136543904704,2.3294033678529926,100.0,0.45
poly2,3.728,48.93291199345363,21.079105235295305,2.3343787128493947,100.0,0.45
poly2,3.732,48.926683018716886,21.007667297086197,2.3390237987735927,100.0,0.45
poly2,3.736,48.92040980368613,20.935822676405525,2.3477453460781295,100.0,0.45
poly2,3.74,48.91407974746424,20.86357160033637,2.365476316917551,100.0,0.45
poly2,3.744,48.907681084100105,20.79091457470078,2.382904235960356,100.0,0.45
poly2,3.748,48.9012029476489,20.717852382189243,2.4000173335620882,100.0,0.45
poly2,3.7520000000000002,48.89463542210672,20.644386079887227,2.416805412839139,100.0,0.45
poly2,3.7560000000000002,48.88796957633893,20.57051699625037,2.433259732856112,100.0,0.45
poly2,3.7600000000000002,48.88119748470906,20.496246727579557,2.449372891056372,100.0,0.45
poly2,3.7640000000000002,48.874312234578454,20.421577134046263,2.465138707182104,100.0,0.45
poly2,3.7680000000000002,48.86730792217837,20.346510335317326,2.4805521104337607,100.0,0.45
poly2,3.7720000000000002,48.860179638564,20.271048705827063,2.495609031183373,100.0,0.45
poly2,3.7760000000000002,48.852923447455325,20.195194869742828,2.510306298182289,100.0,0.45
poly2,3.7800000000000002,48.84553635677155,20.118951695668386,2.5246415418891375,100.0,0.45
poly2,3.7840000000000003,48.83801628559193,20.042322291127384,2.538613104284289,100.0,0.45
poly2,3.7880000000000003,48.83036202814655,19.965309996867088,2.5522199553274856,100.0,0.45
poly2,3.7920000000000003,48.82257321627193,19.88791838102033,2.5654616160500723,100.0,0.45
poly2,3.7960000000000003,48.81465028157586,19.810151233161363,2.5783380881463427,100.0,0.45
poly2,3.8000000000000003,48.806594418353605,19.732012558288872,2.590849789834304,100.0,0.45
poly2,3.8040000000000003,48.7984075480949,19.65350657076715,2.6029974976891914,100.0,0.45
poly2,3.8080000000000003,48.79009228622341,19.574637688254153,2.6147822941084726,100.0,0.45
poly2,3.8120000000000003,48.78165191152091,19.495410525642683,2.6262055200405046,100.0,0.45
poly2,3.8160000000000003,48.773090338509206,19.415829889038868,2.637268732596635,100.0,0.45
poly2,3.8200000000000003,48.764412092890694,19.335900769799842,2.6479736671651675,100.0,0.45
poly2,3.8240000000000003,48.75562228998196,19.25562833865031,2.6583222036524985,100.0,0.45
poly2,3.8280000000000003,48.74672661590798,19.175017939895845,2.668316336489649,100.0,0.45
poly2,3.8320000000000003,48.737731311151606,19.094075085748507,2.67795814805953,100.0,0.45
poly2,3.8360000000000003,48.7286431558675,19.012805450778863,2.6872497852201387,100.0,0.45
poly2,3.84,48.71946945616561,18.931214866506252,2.6961934386203494,100.0,0.45
poly2,3.844,48.71021803033976,18.849309316137933,2.704791324527094,100.0,0.45
poly2,3.848,48.70089719375968,18.76709492946575,2.7130456689049844,100.0,0.45
poly2,3.852,48.69151574085929,18.684577977927766,2.720958693511103,100.0,0.45
poly2,3.856,48.682082922348584,18.60176486984065,2.728532603788689,100.0,0.45
poly2,3.86,48.67260841546651,18.518662145807525,2.7357695783633105,100.0,0.45
poly2,3.864,48.66310228480712,18.435276474304597,2.7426717599638177,100.0,0.45
poly2,3.868,48.65357493103941,18.35161464744881,2.7492412476077916,100.0,0.45
poly2,3.872,48.64403702476471,18.26768357694775,2.75548008990731,100.0,0.45
poly2,3.876,48.63449942289764,18.183490290231955,2.761390279365687,100.0,0.45
poly2,3.88,48.62497306541361,18.099041926768933,2.766973747549348,100.0,0.45
poly2,3.884,48.61546885116597,18.0143457345574,2.7722323610313704,100.0,0.45
poly2,3.888,48.6059974928083,17.9294090667993,2.777167918014388,100.0,0.45
poly2,3.892,48.59656935266834,17.84423937874667,2.7817821455506793,100.0,0.45
poly2,3.896,48.58719426362673,17.75884422471956,2.7860766972863704,100.0,0.45
poly2,3.9,48.57788134145077,17.67323125529065,2.790053151664907,100.0,0.45
poly2,3.904,48.568638797293694,17.587408214631672,2.7937130105322887,100.0,0.45
poly2,3.908,48.55947376077379,17.501382938016135,2.797057698093173,100.0,0.45
poly2,3.912,48.55039212476725,17.41516334947233,2.8000885601728647,100.0,0.45
poly2,3.916,48.5413984224544,17.328757459580125,2.802806863745465,100.0,0.45
poly2,3.92,48.53249574514141,17.24217336340466,2.8052137966931814,100.0,0.45
poly2,3.924,48.52368570611954,17.155419238559432,2.8052749587324883,100.0,0.45
poly2,3.928,48.51496845178789,17.068503343390987,2.807644831592026,100.0,0.45
poly2,3.932,48.50634271711026,16.981434015276946,2.814378199173325,100.0,0.45
poly2,3.936,48.49780591888117,16.89421966902871,2.8201532092360506,100.0,0.45
poly2,3.94,48.489354277778304,16.806868795389676,2.8261515851972105,100.0,0.45
poly2,3.944,48.48098295904647,16.71938995961952,2.8323007075532924,100.0,0.45
poly2,3.948,48.47268622186573,16.63179180015466,2.8380736501093935,100.0,0.45
poly2,3.952,48.464457568733124,16.54408302733445,2.84347549923211,100.0,0.45
poly2,3.956,48.45628988812804,16.456272422182494,2.849548856229143,100.0,0.45
poly2,3.96,48.448175585913475,16.368368835231742,2.8562409677260816,100.0,0.45
poly2,3.964,48.44010670299763,16.280381185381923,2.862551352683792,100.0,0.45
poly2,3.968,48.432075018508044,16.19231845877705,2.8684856316385288,100.0,0.45
poly2,3.972,48.424072139005034,16.104189707690605,2.8740492354461695,100.0,0.45
poly2,3.976,48.41608957507047,16.016004049405346,2.879247407270414,100.0,0.45
poly2,3.98,48.40811880701197,15.927770665074233,2.884085204907525,100.0,0.45
poly2,3.984,48.40015134151012,15.83949879854854,2.888567503383268,100.0,0.45
poly2,3.988,48.392178760908095,15.751197755158628,2.8926989977662645,100.0,0.45
poly2,3.992,48.38419276658712,15.662876900432448,2.8964842061493883,100.0,0.45
poly2,3.996,48.376185217560625,15.574545658736234,2.899927472757412,100.0,0.45
poly2,4.0,48.368148165107606,15.486213511821413,2.9030329711448353,100.0,0.45
poly2,4.0040000000000004,48.360073883984185,15.397889997261178,2.9058047074528663,100.0,0.45
poly2,4.008,48.35195490052135,15.309584706759765,2.9082465236988986,100.0,0.45
poly2,4.0120000000000005,48.34378401774496,15.230088575886654,2.9103621010757204,100.0,0.45
poly2,4.016,48.33555433753678,15.168895302712357,2.9121549632410058,100.0,0.45
poly2,4.0200000000000005,48.32725927979138,15.10759825170706,2.913628479580626,100.0,0.45
poly2,4.024,48.31889259850038,15.04618282861278,2.9147858684318404,100.0,0.45
poly2,4.0280000000000005,48.31044839470544,14.984634996136718,2.915630200254707,100.0,0.45
poly2,4.032,48.301921126293976,14.922941354717068,2.9161644007419714,100.0,0.45
poly2,4.0360000000000005,48.29330561465761,14.861089212486185,2.9163912538594134,100.0,0.45
poly2,4.04,48.28459704828623,14.79906664418083,2.9163134048101007,100.0,0.45
poly2,4.0440000000000005,48.27579098342335,14.736862538995151,2.91593336291729,100.0,0.45
poly2,4.048,48.26688334195718,14.674466637593554,2.9152535044218393,100.0,0.45
poly2,4.0520000000000005,48.25787040676323,14.611869558692838,2.9142760751909558,100.0,0.45
poly2,4.056,48.2487488147469,14.549062815783103,2.9130031933359595,100.0,0.45
poly2,4.0600000000000005,48.23951554785706,14.486038824683597,2.9114368517374736,100.0,0.45
poly2,4.064,48.23016792235511,14.42279090272347,2.9095789204770908,100.0,0.45
poly2,4.0680000000000005,48.22070357662785,14.359313260399563,2.9074311491751006,100.0,0.45
poly2,4.072,48.211120457829416,14.295600986397151,2.904995169234386,100.0,0.45
poly2,4.0760000000000005,48.20141680762741,14.231650026867435,2.9038277788149696,100.0,0.45
poly2,4.08,48.19159114731319,14.167457159842126,2.9034302098746663,100.0,0.45
poly2,4.0840000000000005,48.18164226251803,14.103019965633877,2.9027433365814796,100.0,0.45
poly2,4.088,48.17156918775571,14.038336794025666,2.90176835739777,100.0,0.45
poly2,4.0920000000000005,48.16137119098976,13.973406728996457,2.9005063833134184,100.0,0.45
poly2,4.096,48.15104775840169,13.90822955166713,2.8989584393707233,100.0,0.45
poly2,4.1,48.140598579514275,13.842805702083613,2.8971254661218033,100.0,0.45
poly2,4.104,48.130023532803705,13.777136240385019,2.8950083210192754,100.0,0.45
poly2,4.108,48.11932267191563,13.711222807836123,2.8926077797410934,100.0,0.45
poly2,4.112,48.10849621258296,13.645067588136907,2.8899245374506193,100.0,0.45
poly2,4.116,48.09754452032904,13.578673269358621,2.886959209993081,100.0,0.45
poly2,4.12,48.086468099027286,13.512043006796677,2.883712335029721,100.0,0.45
poly2,4.124,48.075267580378686,13.445180386976359,2.88018437311103,100.0,0.45
poly2,4.128,48.06394371436078,13.378089392998081,2.8763757086906017,100.0,0.45
poly2,4.132,48.05249736069656,13.310774371364817,2.8722866510812075,100.0,0.45
poly2,4.136,48.04092948138868,13.243240000395549,2.867917435354859,100.0,0.45
poly2,4.14,48.02924113436295,13.175491260294663,2.865541678535923,100.0,0.45
poly2,4.144,48.01743346826633,13.10753340491811,2.863855798994878,100.0,0.45
poly2,4.148,48.00550771846695,13.039371935252438,2.8618718544262647,100.0,0.45
poly2,4.152,47.99346520430756,12.971012574602149,2.859589854591477,100.0,0.45
poly2,4.156,47.981307327670216,12.902461245463778,2.8570097797319995,100.0,0.45
poly2,4.16,47.96903557291582,12.83372404805143,2.8541315809439327,100.0,0.45
poly2,4.164,47.95665150827075,12.764807240427519,2.85095518053636,100.0,0.45
poly2,4.168,47.944156788740685,12.695717220184314,2.847480472374431,100.0,0.45
poly2,4.172,47.93155316064125,12.62646050761552,2.8437073222082057,100.0,0.45
poly2,4.176,47.918842467843305,12.557043730313037,2.8396355679884677,100.0,0.45
poly2,4.18,47.90602665983944,12.487473609121217,2.8352650201709464,100.0,0.45
poly2,4.184,47.89310780174428,12.418786588053218,2.8305954620105687,100.0,0.45
poly2,4.188,47.88008808634605,12.366770160336916,2.825626649847614,100.0,0.45
poly2,4.192,47.86696984832656,12.314902399785918,2.820358313387868,100.0,0.45
poly2,4.196,47.853755580761785,12.263188843228683,2.8147901559791535,100.0,0.45
poly2,4.2,47.84044795400133,12.211634663987338,2.8089218548869086,100.0,0.45
poly2,4.204,47.82704983700045,12.160244652913104,2.8027530615717837,100.0,0.45
poly2,4.208,47.81356432113874,12.109023201420825,2.796283401972569,100.0,0.45
poly2,4.212,47.7999947464986,12.05797428656386,2.7895124767981616,100.0,0.45
poly2,4.216,47.78634473049125,12.007101458187744,2.78243986183267,100.0,0.45
poly2,4.22,47.77261819859676,11.956407828197143,2.775065108258192,100.0,0.45
poly2,4.224,47.7588194168224,11.905896061965098,2.7673877430003317,100.0,0.45
poly2,4.228,47.744953025267996,11.85556837190692,2.759407269102022,100.0,0.45
poly2,4.232,47.7310240719099,11.805426513233053,2.7511231661318276,100.0,0.45
poly2,4.236,47.717038045365754,11.755471781885891,2.742534890633575,100.0,0.45
poly2,4.24,47.70300090497598,11.705705014655209,2.733641876624848,100.0,0.45
poly2,4.244,47.68891910603377,11.656126591455454,2.7282099503840245,100.0,0.45
poly2,4.248,47.67479961742526,11.606736439735894,2.7243876474294457,100.0,0.45
poly2,4.252,47.66064992833511,11.55753404098181,2.7202360553400533,100.0,0.45
poly2,4.256,47.646478040083935,11.508518439251674,2.7157556314506683,100.0,0.45
poly2,4.26,47.6322924386813,11.459688251681612,2.7109468207143,100.0,0.45
poly2,4.264,47.61810204343001,11.411041680875325,2.705810055436907,100.0,0.45
poly2,4.268,47.603916127069866,11.362576529084125,2.7003457551134327,100.0,0.45
poly2,4.272,47.589744203697926,11.314290214069423,2.6945543263641016,100.0,0.45
poly2,4.276,47.57559588223961,11.266179786527932,2.6884361629706732,100.0,0.45
poly2,4.28,47.5614806857077,11.21824194894904,2.6828700568063835,100.0,0.45
poly2,4.284,47.5474078398878,11.170473075764018,2.6842307175413613,100.0,0.45
poly2,4.288,47.533386039232035,11.122869234638475,2.6852333208422063,100.0,0.45
poly2,4.292,47.51942320217351,11.075426208752411,2.6858791155823725,100.0,0.45
poly2,4.296,47.50552623207151,11.028139519907196,2.686169307345602,100.0,0.45
poly2,4.3,47.49170080268161,10.981004452295133,2.6861050580568877,100.0,0.45
poly2,4.304,47.477951187571975,10.934016076765552,2.685687485733276,100.0,0.45
poly2,4.308,47.46428015073061,10.887169275421392,2.6849176643499164,100.0,0.45
poly2,4.312,47.45068891072745,10.840458766382035,2.6837966238175697,100.0,0.45
poly2,4.316,47.437177183839935,10.793879128551575,2.6823253500686057,100.0,0.45
poly2,4.32,47.42374330369163,10.74742482623688,2.6805047852492807,100.0,0.45
poly2,4.324,47.41038440758992,10.701090233466365,2.6783358280168565,100.0,0.45
poly2,4.328,47.39709667412812,10.654869657868417,2.6680774002147207,100.0,0.45
poly2,4.332,47.38387559350643,10.608757363977546,2.6560187137490807,100.0,0.45
poly2,4.336,47.37071625156974,10.562747595846592,2.64371085586287,100.0,0.45
poly2,4.34,47.357613610343286,10.516834598854413,2.6311523819021505,100.0,0.45
poly2,4.344,47.34456277110767,10.471012640610127,2.6183418174596484,100.0,0.45
poly2,4.348,47.331559209942135,10.425276030867247,2.6052776593233933,100.0,0.45
poly2,4.352,47.3185989794497,10.379619140373427,2.5919583765590133,100.0,0.45
poly2,4.356,47.30567887356475,10.334036418594154,2.5783824117395855,100.0,0.45
poly2,4.36,47.29279655469613,10.288522410261095,2.564548182338259,100.0,0.45
poly2,4.364,47.27995064395895,10.243071770708049,2.5504540823002766,100.0,0.45
poly2,4.368,47.26714077602388,10.197679279969266,2.5360984838125917,100.0,0.45
poly2,4.372,47.25436762038294,10.152339855626108,2.5214797392910024,100.0,0.45
poly2,4.376,47.24163287083917,10.107048564398763,2.5065961836066184,100.0,0.45
poly2,4.38,47.22893920502302,10.061800632489568,2.4914461365755765,100.0,0.45
poly2,4.384,47.216290215933604,10.016591454693646,2.4760279057382095,100.0,0.45
poly2,4.388,47.20369031806321,9.97141660230087,2.4603397894564316,100.0,0.45
poly2,4.392,47.19114463167149,9.926271829820507,2.4443800803608973,100.0,0.45
poly2,4.396,47.17865885020819,9.881153080566463,2.428147069182585,100.0,0.45
poly2,4.4,47.166239097579194,9.836056491146621,2.4116390490068813,100.0,0.45
poly2,4.404,47.153891783612494,9.79097839490446,2.3948543199920103,100.0,0.45
poly2,4.408,47.14162346729197,9.745915324365079,2.377791194597836,100.0,0.45
poly2,4.412,47.129440737634454,9.700864012740702,2.3604480033756605,100.0,0.45
poly2,4.416,47.117350121108245,9.655821394553072,2.342823101374781,100.0,0.45
poly2,4.42,47.10535802204971,9.610784605431606,2.3249148752271775,100.0,0.45
poly2,4.424,47.09347069875401,9.565750981147096,2.306721750977996,100.0,0.45
poly2,4.428,47.08169427324789,9.520718055940927,2.2882422027363947,100.0,0.45
poly2,4.432,47.070034767911984,9.475683560209534,2.2694747622290157,100.0,0.45
poly2,4.436,47.058498157930664,9.430645417602939,2.2504180293468297,100.0,0.45
poly2,4.44,47.047090425764786,9.385601741595067,2.231070683785546,100.0,0.45
poly2,4.444,47.03581760300345,9.340550831581854,2.2114314978902248,100.0,0.45
poly2,4.448,47.024685786290135,9.295491168561318,2.1914993508263048,100.0,0.45
poly2,4.452,47.01370111745331,9.25042141044756,2.177517249820542,100.0,0.45
poly2,4.456,47.00286972314028,9.20534038706828,2.169392021558938,100.0,0.45
poly2,4.46,46.99219761553878,9.160247094892911,2.1609088877571168,100.0,0.45
poly2,4.464,46.98169056234777,9.115140691535796,2.152065453722841,100.0,0.45
poly2,4.468,46.9713539400261,9.0700204900761,2.142859712390864,100.0,0.45
poly2,4.472,46.961192588438976,9.02488595323349,2.133290017780572,100.0,0.45
poly2,4.476,46.95121068638654,8.979736687435725,2.1233550647590684,100.0,0.45
poly2,4.48,46.94141166554907,8.934572436811699,2.125913348488986,100.0,0.45
poly2,4.484,46.93179817513989,8.88939307714067,2.1371336678087394,100.0,0.45
poly2,4.488,46.92237210175468,8.8441986097859,2.147892844429657,100.0,0.45
poly2,4.492,46.91313463990876,8.798989155638285,2.158193147598073,100.0,0.45
poly2,4.496,46.904086400240594,8.753764949093167,2.168037218216229,100.0,0.45
poly2,4.5,46.89522753592435,8.708526332081195,2.1774280262970045,100.0,0.45
poly2,4.5040000000000004,46.88655786460566,8.663273748171818,2.186368835984899,100.0,0.45
poly2,4.508,46.8780769636319,8.618007736765918,2.1948631775737315,100.0,0.45
poly2,4.5120000000000005,46.86978422032024,8.572728927392149,2.2029148260365443,100.0,0.45
poly2,4.516,46.861678825820015,8.527438034119603,2.2105277856634697,100.0,0.45
poly2,4.5200000000000005,46.85375970978465,8.48213585009782,2.217706280479163,100.0,0.45
poly2,4.524,46.8460254223926,8.436823242233377,2.224454750183158,100.0,0.45
poly2,4.5280000000000005,46.83847397896492,8.391501146011018,2.2132892399645767,100.0,0.45
poly2,4.532,46.831102689224714,8.346170560465751,2.1943306927468464,100.0,0.45
poly2,4.5360000000000005,46.82390799697163,8.300832543311184,2.175018338562969,100.0,0.45
poly2,4.54,46.81688535581575,8.25548820622822,2.1553534895212585,100.0,0.45
poly2,4.5440000000000005,46.8100291624783,8.210138710317178,2.135337850039532,100.0,0.45
poly2,4.548,46.803332761668415,8.16478526171553,2.1149735645924417,100.0,0.45
poly2,4.5520000000000005,46.79678852707315,8.11942910738255,2.094263270329238,100.0,0.45
poly2,4.556,46.7903880133642,8.074071531051501,2.0772966152404635,100.0,0.45
poly2,4.5600000000000005,46.7841221660887,8.028713849349279,2.0699646827401756,100.0,0.45
poly2,4.564,46.77798157111526,7.983357408082881,2.062290768052775,100.0,0.45
poly2,4.5680000000000005,46.77195672341441,7.9380035786915855,2.0542709273478064,100.0,0.45
poly2,4.572,46.76603829605639,7.89265375486326,2.0459017930123795,100.0,0.45
poly2,4.5760000000000005,46.76021739356416,7.847309349312875,2.037180560766132,100.0,0.45
poly2,4.58,46.754485778116035,7.801971790721007,2.0281049807768357,100.0,0.45
poly2,4.5840000000000005,46.7488360615868,7.7566425208298355,2.018673352739195,100.0,0.45
poly2,4.588,46.743261860353265,7.711322991693939,2.0088845249050538,100.0,0.45
poly2,4.5920000000000005,46.737757912789775,7.666014663083082,1.99873789708037,100.0,0.45
poly2,4.596,46.73232016134081,7.6207190000340095,1.988233427632676,100.0,0.45
poly2,4.6000000000000005,46.72694580206967,7.575437470548248,1.977371644582103,100.0,0.45
poly2,4.604,46.721633304840516,7.530171543432834,1.9787089539872114,100.0,0.45
poly2,4.6080000000000005,46.71638240702647,7.48492268628091,1.9915174835068985,100.0,0.45
poly2,4.612,46.71119408307595,7.43969236358914,2.0039572036867837,100.0,0.45
poly2,4.616,46.70607049161023,7.394482035008927,2.0160262415572703,100.0,0.45
poly2,4.62,46.70101490113225,7.3492931537285475,2.0402315935699535,100.0,0.45
poly2,4.624,46.696031595024834,7.304127164983326,2.0645057475775306,100.0,0.45
poly2,4.628,46.69112575639078,7.25898550469118,2.0883662282212203,100.0,0.45
poly2,4.632,46.686303333477134,7.213869598210921,2.1118103783136926,100.0,0.45
poly2,4.636,46.68157088691443,7.168780859220905,2.1348362237094256,100.0,0.45
poly2,4.64,46.676935420716624,7.123720688715764,2.157442400272298,100.0,0.45
poly2,4.644,46.6724041998029,7.078690474119144,2.1796280877802183,100.0,0.45
poly2,4.648,46.66798455756253,7.033691588510544,2.2013929501452747,100.0,0.45
poly2,4.652,46.663683697544535,6.988725389964625,2.2227370813734595,100.0,0.45
poly2,4.656,46.6595084936324,6.94379322100147,2.2436609567329286,100.0,0.45
poly2,4.66,46.65546529308254,6.898896408146637,2.2641653886432453,100.0,0.45
poly2,4.664,46.651559726708385,6.854036261599973,2.2842514868394774,100.0,0.45
poly2,4.668,46.64779653050175,6.809214075012487,2.3039206224041795,100.0,0.45
poly2,4.672,46.644179383312924,6.7644311253708285,2.3231743952968418,100.0,0.45
poly2,4.676,46.6407107659422,6.719688672989176,2.342014605044351,100.0,0.45
poly2,4.68,46.63739184798382,6.674987961608656,2.3604432242873896,100.0,0.45
poly2,4.684,46.63422240961377,6.630330218604694,2.3784623749064764,100.0,0.45
poly2,4.688,46.63120080568257,6.585716655303032,2.3960743064777357,100.0,0.45
poly2,4.692,46.62832397845333,6.541148467405456,2.4132813768325105,100.0,0.45
poly2,4.696,46.625587522864066,6.496626835526639,2.430086034516827,100.0,0.45
poly2,4.7,46.62298580444844,6.452152925843821,2.446490802966545,100.0,0.45
poly2,4.704,46.62051212559131,6.407727890861484,2.462498266232039,100.0,0.45
poly2,4.708,46.61815893145465,6.363352870293491,2.478111056102487,100.0,0.45
poly2,4.712,46.61591804351433,6.3190289920656335,2.4933318404945664,100.0,0.45
poly2,4.716,46.613780906783504,6.2747573734418784,2.508163312983598,100.0,0.45
poly2,4.72,46.61173883665067,6.230539122278149,2.5226081833671357,100.0,0.45
poly2,4.724,46.609783252623494,6.186375338407823,2.5366691691617813,100.0,0.45
poly2,4.728,46.607905888666025,6.142267115163721,2.550348987943698,100.0,0.45
poly2,4.732,46.60609897266403,6.098215541041794,2.563650350452038,100.0,0.45
poly2,4.736,46.604355370334346,6.054221701512317,2.576575954382365,100.0,0.45
poly2,4.74,46.60266869124534,6.010286680984885,2.58912847880424,100.0,0.45
poly2,4.744,46.60103335636887,5.966411564934201,2.601310579143488,100.0,0.45
poly2,4.748,46.59944462773762,5.9225974421941565,2.6131248826754336,100.0,0.45
poly2,4.752,46.59789860146495,5.878845407428473,2.624573984480541,100.0,0.45
poly2,4.756,46.59639216579303,5.835156563786766,2.6356604438185327,100.0,0.45
poly2,4.76,46.59492292619306,5.791532025755682,2.6441444702996018,100.0,0.45
poly2,4.764,46.59348910005371,5.747972922215515,2.6428990087689828,100.0,0.45
poly2,4.768,46.592089384313155,5.704480399713482,2.6412875078113793,100.0,0.45
poly2,4.772,46.59072280058661,5.661055625965711,2.639309321686911,100.0,0.45
poly2,4.776,46.58938852386998,5.6176997936008775,2.636963692011439,100.0,0.45
poly2,4.78,46.5880857025931,5.574414124159335,2.63208265813907,100.0,0.45
poly2,4.784,46.58681327935982,5.5311998723625955,2.6269807657374957,100.0,0.45
poly2,4.788,46.585569822777444,5.488058330668978,2.617248149073392,100.0,0.45
poly2,4.792,46.58435338097117,5.444990834132362,2.6064368594959513,100.0,0.45
poly2,4.796,46.58316136642705,5.401998765582038,2.59529767156542,100.0,0.45
poly2,4.8,46.581990479637405,5.359083561142817,2.583828190058753,100.0,0.45
poly2,4.804,46.5808366758206,5.316246716115751,2.578889248252015,100.0,0.45
poly2,4.808,46.57969517518189,5.273489791240976,2.574890950480239,100.0,0.45
poly2,4.812,46.57856051335866,5.230814419365521,2.570698961154634,100.0,0.45
poly2,4.816,46.577426625443636,5.188222312540091,2.57690646907015,100.0,0.45
poly2,4.82,46.57628695476182,5.145715269570225,2.5827379280425826,100.0,0.45
poly2,4.824,46.5751345766122,5.1032951840483625,2.5881953287306043,100.0,0.45
poly2,4.828,46.57396232743591,5.060964052894764,2.593280535340482,100.0,0.45
poly2,4.832,46.572762931094005,5.018723985436336,2.5979952867857308,100.0,0.45
poly2,4.836,46.57152911576754,4.9765772130536545,2.6023411981529385,100.0,0.45
poly2,4.84,46.570253717056154,4.9345260994275435,2.6063197624588472,100.0,0.45
poly2,4.844,46.56892976483472,4.892573151417517,2.609932352689804,100.0,0.45
poly2,4.848,46.56755055311891,4.8507210306052455,2.6131802241205015,100.0,0.45
poly2,4.852,46.56610969348545,4.808972565536775,2.6160645169145784,100.0,0.45
poly2,4.856,46.56460115347334,4.767330764697584,2.6185862590152995,100.0,0.45
poly2,4.86,46.5630192819019,4.725798830254582,2.6207463693401847,100.0,0.45
poly2,4.864,46.56135882325262,4.684380172598754,2.6225456612992275,100.0,0.45
poly2,4.868,46.55961492325671,4.643078425721255,2.623984846662366,100.0,0.45
poly2,4.872,46.55778312768362,4.60189746345424,2.625064539808144,100.0,0.45
poly2,4.876,46.555859376100585,4.560841416605492,2.62578526239219,100.0,0.45
poly2,4.88,46.553839992114476,4.519914691012775,2.6261474484813188,100.0,0.45
poly2,4.884,46.551721671348005,4.479121986539623,2.62615145020683,100.0,0.45
poly2,4.888,46.549501468159896,4.438468317028919,2.6257975439990267,100.0,0.45
poly2,4.892,46.54717678190591,4.39795903122368,2.625085937474287,100.0,0.45
poly2,4.896,46.54474534335604,4.367620406168617,2.624016777056252,100.0,0.45
poly2,4.9,46.54220520173443,4.34949220427355,2.6225901564240135,100.0,0.45
poly2,4.904,46.53955471272935,4.33126985569427,2.619209053408543,100.0,0.45
poly2,4.908,46.53679252772741,4.312952935708472,2.6236873167590677,100.0,0.45
poly2,4.912,46.53391758445486,4.294541106607969,2.627823836211776,100.0,0.45
poly2,4.916,46.53092909915621,4.276034110830301,2.6316184993166267,100.0,0.45
poly2,4.92,46.52782656040169,4.257431764442628,2.63507115280074,100.0,0.45
poly2,4.924,46.52460972458847,4.23873395096849,2.638181596964097,100.0,0.45
poly2,4.928,46.521278613182446,4.21994061554768,2.6409495806690786,100.0,0.45
poly2,4.932,46.51783351173619,4.2010517594192835,2.6433747968651353,100.0,0.45
poly2,4.936,46.51427497071259,4.18206743471776,2.645456878596141,100.0,0.45
poly2,4.94,46.510603808140736,4.162987739571899,2.6471953954437075,100.0,0.45
poly2,4.944,46.50682111413046,4.143812813496514,2.6485898503649965,100.0,0.45
poly2,4.948,46.502928257273,4.124542833066784,2.649639676888393,100.0,0.45
poly2,4.952,46.498926892956675,4.1051780078652795,2.6503442366348526,100.0,0.45
poly2,4.956,46.49481897362797,4.08571857669191,2.6507028171368545,100.0,0.45
poly2,4.96,46.49060676102823,4.066164804027212,2.6507146299307096,100.0,0.45
poly2,4.964,46.486292840435034,4.046516976739652,2.6503788089015385,100.0,0.45
poly2,4.968,46.481880136932034,4.026775401027924,2.6496944088635996,100.0,0.45
poly2,4.972,46.477371933723234,4.006940399589458,2.6486604043618023,100.0,0.45
poly2,4.976,46.47277189249286,3.9870123090067455,2.647275688683294,100.0,0.45
poly2,4.98,46.46808407579188,3.966991477343398,2.6455390730709136,100.0,0.45
poly2,4.984,46.46331297140118,3.946878261942187,2.6434492861331504,100.0,0.45
poly2,4.988,46.45846351858005,3.926673027417718,2.6410049734480614,100.0,0.45
poly2,4.992,46.45354113605144,3.906376143836744,2.63820469736137,100.0,0.45
poly2,4.996,46.4485517514994,3.8859879850794963,2.641647912209708,100.0,0.45
poly2,5.0,46.44350183225517,3.8655089273758243,2.6498361662949543,100.0,0.45
forest,0.0,0.0,0.0,0.0,0.0,0.0
forest,0.004,0.0006456078051618203,0.0005391103132002977,0.00042420695104935027,0.0009299133982280516,0.0
forest,0.008,0.0013241628260157088,0.0011140251551232973,0.0009025528454385226,0.0019192322788731666,0.0
forest,0.012,0.002006885781465264,0.0016664656000157374,0.0013386518668288302,0.00291488800274077,0.0
forest,0.016,0.002714627918234506,0.002269597683605347,0.0018403955270237286,0.003704274177509867,0.0
forest,0.02,0.003418736064485313,0.002764405337190468,0.002270192570170044,0.0045933859156504645,0.0
forest,0.024,0.004151022752829447,0.0031910504650148257,0.0026954927207983267,0.005635065354358452,0.0
forest,0.028,0.004892461786724926,0.00357556928940809,0.003214836179410333,0.006780610378029052,0.0
forest,0.032,0.005568763114493906,0.004016961862990645,0.0036945123124570737,0.008114581032080915,0.0
forest,0.036000000000000004,0.006257645184196499,0.004578402374171559,0.0039798415795747905,0.008989721819629405,0.0
forest,0.04,0.006947136241244029,0.005101121036230076,0.004302661434933611,0.010081796556342079,0.0
forest,0.044,0.007617927934270251,0.005565106328988552,0.004683286710326242,0.011403313227090157,0.0
forest,0.048,0.008149810731907197,0.006098187658835229,0.005168071772860581,0.01146436230096571,0.0
forest,0.052000000000000005,0.008698162785224398,0.006723562492966164,0.005821160079882303,0.011965553729539637,0.0
forest,0.056,0.0092627901406506,0.007227555403302834,0.006407542623375373,0.012216956719891738,0.0
forest,0.06,0.009772962135480633,0.007716873817752771,0.00694835253099983,0.012521682330385706,0.0
forest,0.064,0.010244171201307493,0.008364117874296185,0.0070204061097551545,0.01323443168976763,0.0
forest,0.068,0.010724532638347006,0.008955006688082018,0.006952301763365247,0.014000368438746517,0.0
forest,0.07200000000000001,0.011199452188475142,0.009536794526747994,0.007269234002581823,0.014743095847390931,0.0
forest,0.076,0.011681622454540649,0.010026624407914176,0.008045874881465081,0.015386083020852752,0.0
forest,0.08,0.01206434446668712,0.010443707496200803,0.00855643173700517,0.01582843349548739,0.0
forest,0.084,0.012436480186064506,0.010874350903987775,0.0088065598887161,0.01626680041172465,0.0
forest,0.088,0.012822479136671358,0.011424192387965354,0.00893102287353636,0.016659062201285418,0.0
forest,0.092,0.013077450029781501,0.011782737899950626,0.009078073229470329,0.016839477935994468,0.0
forest,0.096,0.013422217581915677,0.012116881462025615,0.009365809173637307,0.01720259365471881,0.0
forest,0.1,0.013793082943904498,0.012227495700720653,0.009544794067072973,0.017664951321317054,0.0
forest,0.10400000000000001,0.014144208653773629,0.012383183418550912,0.009936003319978846,0.017794810899060508,0.0
forest,0.108,0.014513508487732512,0.012631187876787811,0.010777793549564959,0.017805111487713035,0.0
forest,0.112,0.014885283434204824,0.013054302835397883,0.011496842169855932,0.01791474904499058,0.0
forest,0.116,0.015175438652164783,0.013604017151607646,0.011957082547362077,0.017634173283426518,0.0
forest,0.12,0.015396123780195267,0.013920180147037739,0.012065978345159718,0.01771358160035776,0.0
forest,0.124,0.01564547062043897,0.014259903572057609,0.012016117616272703,0.018202802229709072,0.0
forest,0.128,0.01590638944296019,0.01472483903087236,0.011907127834030414,0.018390048784508953,0.0
forest,0.132,0.016297411566392656,0.015141216775539354,0.0118558351384996,0.018541131191824937,0.0
forest,0.136,0.016707175249326214,0.015569979290383762,0.011881455144122166,0.019542933676216054,0.0
forest,0.14,0.017116794146253955,0.015780198769161403,0.011994054570255212,0.020275330688711436,0.0
forest,0.14400000000000002,0.01754589334411793,0.015958515905375784,0.01206839093189756,0.021007977717632277,0.0
forest,0.148,0.01801829585020711,0.016202040942900356,0.01224491560964113,0.021448697539149998,0.0
forest,0.152,0.018498841206346102,0.016434141382581313,0.012450618288394732,0.021975090119364212,0.0
forest,0.156,0.019031453494272953,0.01662261793452946,0.012808376545365313,0.022428637766838552,0.0
forest,0.16,0.019461146911236987,0.016849069744939542,0.012848697250380889,0.02294635156594244,0.0
forest,0.164,0.019804567630751405,0.01711011167799549,0.012842520160803231,0.02346455652634181,0.0
forest,0.168,0.020298975959760834,0.01747338588665756,0.012959733388426658,0.024021208717585486,0.0
forest,0.17200000000000001,0.020917114667693387,0.01822789332102366,0.01292037585477027,0.024357193111784477,0.0
forest,0.176,0.02141358696135689,0.018989194973765403,0.012733697606541949,0.02468239997471406,0.0
forest,0.18,0.02185371324726932,0.019525860687008886,0.013019474574872496,0.025008412317904016,0.0
forest,0.184,0.022439198313042218,0.020058310645594227,0.013315029036388405,0.025552344547442006,0.0
forest,0.188,0.02297089555243626,0.02048867378125846,0.013760315368411973,0.02580651924716607,0.0
forest,0.192,0.02354332509134064,0.02090964027873508,0.014173959094490273,0.026161503755963076,0.0
forest,0.196,0.024154028834176288,0.02132136932415745,0.014479031551158008,0.02655946027169877,0.0
forest,0.2,0.024886335315373778,0.021843990973681997,0.014600416174771522,0.027206536141045335,0.0
forest,0.20400000000000001,0.025488802822786965,0.02215783827923631,0.014663464666132227,0.027909853686039553,0.0
forest,0.20800000000000002,0.026239598239544408,0.023345260187037996,0.014579338030855152,0.028797105873836316,0.0
forest,0.212,0.026895426544892437,0.02451810886193133,0.014308632198150156,0.029466926895434186,0.0
forest,0.216,0.027612949457857465,0.025194717953851517,0.014967450080304852,0.030922397923213073,0.0
forest,0.22,0.02847412777499687,0.02580317107092095,0.015696723568727238,0.033108787767931,0.0
forest,0.224,0.029258116564391458,0.026467793610436642,0.016201801444018588,0.03495610138958082,0.0
forest,0.228,0.03021918680953199,0.027322347694466207,0.016997898952809416,0.03660343127107597,0.0
forest,0.232,0.03130529010113524,0.02803680055426135,0.017875311408388883,0.038154451598197074,0.0
forest,0.23600000000000002,0.03236460217780306,0.028764452728927824,0.018769633244519707,0.03959663188617602,0.0
forest,0.24,0.033478161729045774,0.029642311875932536,0.019583040179374005,0.041307927706968915,0.0
forest,0.244,0.03464831246316949,0.030499797207380202,0.02036245573645902,0.042814445224623104,0.0
forest,0.248,0.03585664392277871,0.031047298961485177,0.020857915437201224,0.04500707888208899,0.0
forest,0.252,0.03728808136260865,0.031585975369639724,0.02115686295349757,0.048439143928648204,0.0
forest,0.256,0.03876672984030779,0.0326014347650732,0.021793028566620614,0.05126406015144046,0.0
forest,0.26,0.04017250441371798,0.03429752656627505,0.022556077279210496,0.053351727409764495,0.0
forest,0.264,0.04155063698261244,0.03542984863423153,0.023277573251913344,0.05439852282338732,0.0
forest,0.268,0.04323599522925834,0.03669276604808724,0.023884735340732904,0.05713699343397463,0.0
forest,0.272,0.04492226238245679,0.0379105446860319,0.024503679158443908,0.05901978124723376,0.0
forest,0.276,0.04652059740826956,0.03908678605973177,0.02471232130488036,0.06131440590507479,0.0
forest,0.28,0.048103843181872996,0.040356948481247615,0.02487531568787925,0.06419684445356325,0.0
forest,0.28400000000000003,0.04971806723937142,0.04168809045349198,0.024622079847178274,0.06753409467454141,0.0
forest,0.28800000000000003,0.051204256244407685,0.042230376626905014,0.024521637355349988,0.070809307736854,0.0
forest,0.292,0.052770197320428,0.04291615519614002,0.024406158719123647,0.07392941859299917,0.0
forest,0.296,0.05444605598726586,0.04430286494304929,0.024628798968426555,0.07685233888512932,0.0
forest,0.3,0.05615907344488193,0.045760965445819285,0.02514331489598213,0.07992359658999067,0.0
forest,0.304,0.05793938950556793,0.04720925095159728,0.025711974287826855,0.08352215359603235,0.0
forest,0.308,0.059694942374341683,0.04886065814671932,0.025693724319118545,0.08637253746519148,0.0
forest,0.312,0.06164743417724915,0.05115798036272022,0.026271576582940295,0.08917236627398084,0.0
forest,0.316,0.06368457911977515,0.05343517803292048,0.02653178831921179,0.09233210342209647,0.0
forest,0.32,0.06595558763153077,0.05629237543738901,0.026885426248916607,0.09621208489876833,0.0
forest,0.324,0.06818294490944671,0.059272394412155524,0.0278836069162905,0.09950998132225596,0.0
forest,0.328,0.07057094062792654,0.06168650217818157,0.028572559847725464,0.10367255310365317,0.0
forest,0.332,0.07308602816164907,0.06382060210349813,0.029380616465126203,0.1079519931622093,0.0
forest,0.336,0.07568625419873783,0.06593193188299346,0.030173415408304722,0.1119606039529323,0.0
forest,0.34,0.07826413544919816,0.06841780465918179,0.0309152897689147,0.1156651586494741,0.0
forest,0.34400000000000003,0.0808208831265043,0.07099410419693902,0.031430031055760935,0.11889776957633809,0.0
forest,0.34800000000000003,0.08356064818972171,0.07365274422257642,0.03210447349810812,0.12239983067155763,0.0
forest,0.352,0.08630791133275197,0.0763439507752463,0.03279981958203484,0.12669341561102473,0.0
forest,0.356,0.08910656509835242,0.07910351648492128,0.03371400961877005,0.1311358183962878,0.0
forest,0.36,0.09198391406062753,0.08197176814407704,0.035649632471741875,0.13559360747135968,0.0
forest,0.364,0.09489803299013051,0.0847807293263995,0.03798991746862813,0.13998971674314903,0.0
forest,0.368,0.09787265647413781,0.08768493994594441,0.04058273911152159,0.14453427711906958,0.0
forest,0.372,0.10093769900548791,0.0905717759281501,0.04290464118960057,0.14910736189252138,0.0
forest,0.376,0.10401380325118978,0.09361503722780283,0.04505552672189886,0.15378079908282338,0.0
forest,0.38,0.10714577560653678,0.09668696759880593,0.047202548095609295,0.1584949121631385,0.0
forest,0.384,0.11032386027472577,0.0995426408861535,0.049123536149299395,0.16342503922657992,0.0
forest,0.388,0.11339758625796333,0.10233374088391267,0.05078920184493124,0.1681720580030438,0.0
forest,0.392,0.11643411529686531,0.10510173754915075,0.052280109513760484,0.1727842419144332,0.0
forest,0.396,0.11948743070344955,0.10787137178940528,0.05383147921631834,0.17748225770178608,0.0
forest,0.4,0.1226803036667405,0.11063834765885543,0.05542205432450262,0.1821129276809637,0.0
forest,0.404,0.12586576628209598,0.11339393325045789,0.057147773964472084,0.1867929069795396,0.0
forest,0.40800000000000003,0.12902914955062264,0.11619018184488455,0.059082263478977895,0.19154918183349479,0.0
forest,0.41200000000000003,0.1321779618627232,0.11901914692003893,0.06097419467447253,0.19620899688232485,0.0
forest,0.41600000000000004,0.13536244673490977,0.12181463263609693,0.06286849815638061,0.2008709390777394,0.0
forest,0.42,0.13853420535835573,0.1246072769423742,0.06486238910408358,0.2054860710475619,0.0
forest,0.424,0.14180797120002997,0.12735570526372744,0.06706553170350994,0.21016650450245342,0.0
forest,0.428,0.14505015853995876,0.13010804712970195,0.06927695021855526,0.2147238132097539,0.0
forest,0.432,0.14830669554196516,0.1337481261553058,0.07135017268716543,0.2190903852373633,0.0
forest,0.436,0.15153193539448387,0.13738424528682103,0.07341369295836009,0.22342855135044554,0.0
forest,0.44,0.15477807772639915,0.14124325513822575,0.07530364556693021,0.22753381821842772,0.0
forest,0.444,0.15798869927028128,0.1452187205898582,0.07666353459293443,0.2314382119653911,0.0
forest,0.448,0.1611567118118063,0.14908539404330517,0.07798532359727832,0.23539114648034393,0.0
forest,0.452,0.1643226944631355,0.15311403086763925,0.07939223260646228,0.2390896563646468,0.0
forest,0.456,0.1674738106371331,0.1572469539897063,0.0809327629779534,0.24279980946838972,0.0
forest,0.46,0.1705752442287051,0.16143989733140918,0.08240313179119864,0.24621247600680132,0.0
forest,0.464,0.173703742820821,0.16572974874532675,0.08407846519270451,0.249707932294007,0.0
forest,0.468,0.17678660364930082,0.17006153651100833,0.08577378624232418,0.25332753976547095,0.0
forest,0.47200000000000003,0.17986256332761005,0.17458170924928632,0.0875774294275821,0.25669320795567724,0.0
forest,0.47600000000000003,0.18293630048927897,0.1792999793779762,0.08938349049797953,0.25983776140279424,0.0
forest,0.48,0.1859905382851184,0.18376623030412365,0.09105905171758408,0.2629732840456842,0.0
forest,0.484,0.18898378577478522,0.1867393140787049,0.09270154027987415,0.26591626730418294,0.0
forest,0.488,0.1919289920582145,0.18969894402846676,0.09426361321014087,0.26871231338605717,0.0
forest,0.492,0.1948198181900802,0.1926384661984375,0.09595546684989353,0.2739140650362291,0.0
forest,0.496,0.19766899785640524,0.1955451611998413,0.09767800372571334,0.2803072992163571,0.0
forest,0.5,0.2004860919985358,0.19846463126240613,0.09952276424401335,0.28659501467720283,0.0
forest,0.504,0.20331817848652567,0.20131891509514832,0.10120544650322685,0.29319899744293887,0.0
forest,0.508,0.2061701950498862,0.20419981647133098,0.10315306838854463,0.29980443780655386,0.0
forest,0.512,0.20901985857588284,0.20693897544442405,0.1051447577085084,0.3066682645394713,0.0
forest,0.516,0.21184572924273937,0.20982739108117934,0.10712745482291157,0.3135265768624635,0.0
forest,0.52,0.21462119801648774,0.21269920899340494,0.10910145363223253,0.32006657678728684,0.0
forest,0.524,0.21728933758830676,0.2154165785199997,0.11099919734711025,0.32641811049029207,0.0
forest,0.528,0.21989061004315186,0.21820068121344152,0.11286735731909592,0.3327154703635977,0.0
forest,0.532,0.22242904777684874,0.22082594562201283,0.11470853270586995,0.3384259030553477,0.0
forest,0.536,0.22490382288797867,0.22332151751580798,0.11639593232649435,0.3417037783323875,0.0
forest,0.54,0.22736639975148026,0.22580058316334342,0.11814397212231902,0.3449805200073256,0.0
forest,0.544,0.2297362233959659,0.22813780059622818,0.11984059020916507,0.3503066962541443,0.0
forest,0.548,0.2320542640123636,0.23046050744737118,0.12158853503815803,0.35719063842224,0.0
forest,0.552,0.23437321809266337,0.23283099397610135,0.12332847162505758,0.36365121786848853,0.0
forest,0.556,0.23671348732713526,0.23520905869664968,0.12511378832660666,0.3696731256144996,0.0
forest,0.56,0.23894405068205088,0.2374239835169361,0.1270638043046611,0.37325064200676294,0.0
forest,0.5640000000000001,0.24113172852814166,0.23961892006440128,0.12896228419755623,0.37683350471637944,0.0
forest,0.5680000000000001,0.24327166603772418,0.240604723731583,0.13084751842480968,0.38035628115951936,0.0
forest,0.5720000000000001,0.24532581141588233,0.23996357057735118,0.13267411377518923,0.38389300372460683,0.0
forest,0.5760000000000001,0.24733214668264208,0.23947436757164314,0.13444374711334203,0.3867083449806712,0.0
forest,0.58,0.2492587622444368,0.23916214106196626,0.13617217484933283,0.3888965733354998,0.0
forest,0.584,0.2511477333749125,0.23897659679272767,0.13790727954847704,0.3909865834748164,0.0
forest,0.588,0.25298728016040206,0.23897204167997843,0.13959922896970478,0.39287662888414593,0.0
forest,0.592,0.25480738052152313,0.23908120313463202,0.14123121131745636,0.3948071978761132,0.0
forest,0.596,0.25662323346584376,0.23935421532779427,0.14091007950887546,0.39659487562064133,0.0
forest,0.6,0.25836905468897364,0.2396848886276083,0.14054816236842482,0.39820887192982535,0.0
forest,0.604,0.26005505404423646,0.2401113137446883,0.14016130195076812,0.3997168155048906,0.0
forest,0.608,0.26167656900744357,0.24057957144714542,0.13973316018469983,0.4002968910232328,0.0
forest,0.612,0.2632590298490986,0.2413639052824437,0.13925257726627616,0.40080270642684557,0.0
forest,0.616,0.26477573763540263,0.24256012255254605,0.13874334367900143,0.4015588783706573,0.0
forest,0.62,0.26620435522462504,0.24371078491875448,0.13827838967520312,0.4035153006659854,0.0
forest,0.624,0.2675774458239897,0.24477028262409808,0.13779738969656258,0.40523700794534667,0.0
forest,0.628,0.26887768607432366,0.24588522504328814,0.13725720137453862,0.4067709123864256,0.0
forest,0.632,0.27010766193455527,0.2470777527700763,0.13676668783482743,0.4081783616466421,0.0
forest,0.636,0.2712826321722676,0.24812780280879265,0.13616322228657596,0.40962676712586893,0.0
forest,0.64,0.27245214136573465,0.2491151588158016,0.13558464823898417,0.4109545222284955,0.0
forest,0.644,0.2735946250593615,0.2500751599296494,0.13494932797124312,0.4121379657485635,0.0
forest,0.648,0.2746872792541062,0.25093382007846476,0.1343533570438995,0.4131113054770972,0.0
forest,0.652,0.2757333210203665,0.251728004955056,0.1337407586098129,0.4139435551361012,0.0
forest,0.656,0.2766980631964816,0.2524470658220077,0.13307783554199276,0.41466554040716197,0.0
forest,0.66,0.2775922066810378,0.25310666725296543,0.13237926019204968,0.4151449043667501,0.0
forest,0.664,0.278426721170792,0.253716334275234,0.13173414488939955,0.41548189547442554,0.0
forest,0.668,0.2791949840519346,0.2542896696315605,0.13112004597031457,0.4155237531400283,0.0
forest,0.672,0.2799258892276077,0.25478100070253173,0.13041412322734816,0.4153626197561541,0.0
forest,0.676,0.28065956181685536,0.25523684546905206,0.1297297636465738,0.4151727415302213,0.0
forest,0.68,0.2813663027917183,0.25568707705372895,0.12902098435221407,0.4147808255626557,0.0
forest,0.684,0.28200301979586306,0.25614475624885846,0.1283679940911079,0.41409754420216477,0.0
forest,0.6880000000000001,0.28259169864898565,0.2565042189213841,0.12762940861864291,0.41316151441229265,0.0
forest,0.6920000000000001,0.2831484121617186,0.2568119714234115,0.12692219114671754,0.41201423706001294,0.0
forest,0.6960000000000001,0.2836695196625183,0.2570760978296122,0.1262136022936629,0.41075559412479473,0.0
forest,0.7000000000000001,0.2841443078764569,0.2572843015417608,0.1254374022665606,0.4093964484130265,0.0
forest,0.704,0.2846030049485848,0.2574456459620376,0.1245533135342681,0.4079333978028442,0.0
forest,0.708,0.2851078207819096,0.25758772645387795,0.12364556134631696,0.40639449176507536,0.0
forest,0.712,0.2855248069098336,0.2576862280157014,0.12341872424399619,0.40472828166281816,0.0
forest,0.716,0.28590496750193506,0.25762962726266847,0.12385492414011295,0.4029043698287301,0.0
forest,0.72,0.28621151383193066,0.2575874843269656,0.12404012879297346,0.4009088861347657,0.0
forest,0.724,0.2865143453731272,0.2567553930867002,0.12432221815368891,0.3980081323080239,0.0
forest,0.728,0.28679754906015187,0.25500020015483815,0.124728166435692,0.39499496017800195,0.0
forest,0.732,0.2870864039624325,0.25351923334805326,0.1250773705200238,0.39195954064513416,0.0
forest,0.736,0.2872943471406616,0.25205625171846935,0.12539382850232225,0.38885625451541184,0.0
forest,0.74,0.2874398941553114,0.2505519613616837,0.12569324979692745,0.38572742428425055,0.0
forest,0.744,0.287590030143898,0.24905341551424715,0.12597688975466118,0.3827783582267357,0.0
forest,0.748,0.28773988747314955,0.24753115970473483,0.1263310034903879,0.3834587890311873,0.0
forest,0.752,0.2878481303360473,0.2467236951926177,0.1266409228580249,0.38497077422156,0.0
forest,0.756,0.2879653608400884,0.2463672239951294,0.1270198318122941,0.3863764081609887,0.0
forest,0.76,0.28809574508457486,0.2460089000388616,0.12806857372179917,0.38764695963381196,0.0
forest,0.764,0.2881450048856444,0.24549299771310512,0.12891522037362924,0.3886918703447253,0.0
forest,0.768,0.2881840239683116,0.24499111917730354,0.12986379456047675,0.3895126748140629,0.0
forest,0.772,0.28817987621097274,0.24440887662711608,0.1307957666795673,0.3901258204186362,0.0
forest,0.776,0.2881943567165669,0.24370027169481343,0.13165711308984027,0.390781641486627,0.0
forest,0.78,0.2881910762358778,0.24294485102270513,0.13246845581401823,0.39139545995677305,0.0
forest,0.784,0.288187372501829,0.2421456260507286,0.1332273031160676,0.3919999742787783,0.0
forest,0.788,0.28817756972565123,0.24134590763003616,0.13393667731107411,0.392375208759658,0.0
forest,0.792,0.28816682758111434,0.24169983586574917,0.13462708111873017,0.3928636472890986,0.0
forest,0.796,0.2881117932669183,0.24215125031748228,0.1352876728630818,0.39339703016166166,0.0
forest,0.8,0.2880494078894139,0.24264921790131547,0.135966119550129,0.39386206696702697,0.0
forest,0.804,0.28790276997080955,0.2431669188442715,0.13655306274218476,0.39421154323647056,0.0
forest,0.808,0.2876679745526372,0.2436894841757449,0.13712851292227415,0.3945119256188801,0.0
forest,0.812,0.2873866772426369,0.24419841672535503,0.13765088356649977,0.3951157054501888,0.0
forest,0.8160000000000001,0.2871296824832982,0.2447795288234373,0.13820009302295452,0.3959983209550871,0.0
forest,0.8200000000000001,0.2869959580073499,0.2454938251958383,0.1387924981393297,0.3970189021579281,0.0
forest,0.8240000000000001,0.28685195219744636,0.2461934568990573,0.13934626630816313,0.3977983913910415,0.0
forest,0.8280000000000001,0.28665840975185464,0.24695385474395473,0.13985602709804817,0.39865094357851405,0.0
forest,0.8320000000000001,0.28647537480393687,0.24778876680698483,0.14033221346019772,0.39949129591298044,0.0
forest,0.836,0.2863022626406015,0.2486849271420884,0.1407930013293803,0.4002665487725088,0.0
forest,0.84,0.2860912451215062,0.24967445470374708,0.14123874167476153,0.40098618460654556,0.0
forest,0.844,0.2858059806490497,0.25067831501999593,0.1416679272820046,0.40188371603186207,0.0
forest,0.848,0.2855673882521347,0.25175834214162185,0.14208750486447813,0.4024261048201528,0.0
forest,0.852,0.28537686577941407,0.2528478710738587,0.14247236264593513,0.4032635117263627,0.0
forest,0.856,0.2851801150664536,0.25290053765151455,0.14288043050169566,0.4042170870255075,0.0
forest,0.86,0.28499358603940267,0.25170642452151065,0.14319746780372467,0.4051305619679617,0.0
forest,0.864,0.2848092533909382,0.25054003672185426,0.1435169163104277,0.4058898902818192,0.0
forest,0.868,0.2845777859405237,0.24918639437536277,0.1437918795175832,0.4068469442730217,0.0
forest,0.872,0.2842950529316709,0.24749084179680964,0.14490421254968255,0.4079325206210508,0.0
forest,0.876,0.2840289603717058,0.24599714332408093,0.14636627271282932,0.4086674685994234,0.0
forest,0.88,0.28377409300588297,0.24461055347309796,0.14783409106121512,0.4092760115963941,0.0
forest,0.884,0.2835129290894721,0.24340883981532302,0.14932641682403702,0.41000388050616754,0.0
forest,0.888,0.2833284289213295,0.24239844251044984,0.15077286115713823,0.4107316855915708,0.0
forest,0.892,0.283177898304491,0.241513692370653,0.15227902017306238,0.4109698952514137,0.0
forest,0.896,0.2830434105324119,0.2406413744118057,0.15385624925527558,0.4109130792617841,0.0
forest,0.9,0.2829717268929432,0.23977783621345944,0.15286871740230262,0.41114126852158145,0.0
forest,0.904,0.28287607472425197,0.23903531179224596,0.15065613652336474,0.4113072888088714,0.0
forest,0.908,0.282781433518896,0.23843306866857777,0.14842964934906702,0.41134027682978386,0.0
forest,0.912,0.2827347775284989,0.23595504908306109,0.14611069202254762,0.41186429296980187,0.0
forest,0.916,0.28267171407198477,0.2330450575247352,0.14354611942029208,0.4123494442445431,0.0
forest,0.92,0.2826914799161021,0.23029326348974732,0.14087510286199298,0.41287534850982727,0.0
forest,0.924,0.2827256368497686,0.2276252336391103,0.1392056931672087,0.41339990912913077,0.0
forest,0.928,0.2828140755795311,0.22499559809486486,0.1387395170500565,0.41398197924062535,0.0
forest,0.932,0.28298094132377566,0.22331915757278348,0.13982800101142312,0.41481673503323935,0.0
forest,0.936,0.2832262186160854,0.221778314189028,0.140981149325412,0.415882619169125,0.0
forest,0.9400000000000001,0.2834311404474672,0.22016842246891644,0.14227101742632434,0.41700855778386026,0.0
forest,0.9440000000000001,0.283710696332949,0.21859818886179083,0.14386423648393212,0.4183807566289457,0.0
forest,0.9480000000000001,0.2840786016595894,0.21716363560170165,0.1454958089855382,0.4201606621282341,0.0
forest,0.9520000000000001,0.2844733316771304,0.21584924586456444,0.1472060052639636,0.4219702001719602,0.0
forest,0.9560000000000001,0.2849054590309171,0.215580692474085,0.14775596580940112,0.42370654346592573,0.0
forest,0.96,0.2853852832630859,0.21633419373247606,0.14636389712267642,0.4255274459315933,0.0
forest,0.964,0.28591770626320046,0.21712105126505082,0.14522222465263576,0.4275455533304742,0.0
forest,0.968,0.2865371802171998,0.21797725027735376,0.1442485386949304,0.4297277962642903,0.0
forest,0.972,0.28726273168754013,0.21906885071461824,0.14341974604865795,0.43158857639069914,0.0
forest,0.976,0.2878988522220104,0.22004656525121924,0.1424608171929152,0.43242979838660073,0.0
forest,0.98,0.2885600305534717,0.22117254720117024,0.14134776892334705,0.4332871282694919,0.0
forest,0.984,0.2893611861736095,0.2223316112797209,0.140526899888437,0.43436747669985004,0.0
forest,0.988,0.29027927704931866,0.22361722915302268,0.14014989209947443,0.43310943685017717,0.0
forest,0.992,0.29125704361314225,0.22476531350899423,0.14002000834310674,0.4311325547064138,0.0
forest,0.996,0.2923326561491598,0.22612472640160536,0.14014443369797067,0.42913410348694425,0.0
forest,1.0,0.2934547014922493,0.2275816211272232,0.14014630053064323,0.4271700936416153,0.0
forest,1.004,0.2946022051918945,0.2291185446641851,0.1403418237092159,0.42521044294229815,0.0
forest,1.008,0.2958630334738931,0.23083412914366813,0.14053477822696273,0.4233094344055782,0.0
forest,1.012,0.2972103769334745,0.23257726273914017,0.14070737321086307,0.4213996455653625,0.0
forest,1.016,0.2985727682200285,0.23460738144892324,0.14093911655832292,0.4195206996007499,0.0
forest,1.02,0.30002392357699526,0.23770022467431529,0.14129138349337067,0.41767411749825445,0.0
forest,1.024,0.3016087464486884,0.24217909161590456,0.14162825158566061,0.41512191959982003,0.0
forest,1.028,0.3032800924074556,0.24683494674500844,0.14200985130601207,0.42223068992677926,0.0
forest,1.032,0.30499258926506007,0.25073345700039634,0.14240309688609362,0.4297408154900329,0.0
forest,1.036,0.306796781075793,0.252488507543542,0.1429546477337414,0.43766189078938966,0.0
forest,1.04,0.3086552809150563,0.2542461424760962,0.14363499601964155,0.4453944890940138,0.0
forest,1.044,0.31062696495265496,0.2559991525722226,0.14446265130271907,0.44614491758746494,0.0
forest,1.048,0.31267514833917376,0.25770620890635315,0.14536472266514597,0.44702235427943426,0.0
forest,1.052,0.31477639224652754,0.25948131566343025,0.14640411004418197,0.4479866835137587,0.0
forest,1.056,0.3170076773927576,0.2613148584307551,0.14757867006038777,0.44666032904415404,0.0
forest,1.06,0.3193253271564432,0.26314637670502916,0.1488641567839288,0.44514986856012956,0.0
forest,1.064,0.3216905015887056,0.2649858758309714,0.15030732301307145,0.44367023028829927,0.0
forest,1.068,0.32408216752080066,0.2668749261760132,0.1518468828040413,0.4421801177561032,0.0
forest,1.072,0.3265659085241797,0.26876521357357674,0.15338508588607988,0.44072129668437804,0.0
forest,1.076,0.32912981597895963,0.2706868909125922,0.15504464788154165,0.43911192279443695,0.0
forest,1.08,0.3318108691709504,0.27274041290933493,0.15679083671342198,0.437463941600504,0.0
forest,1.084,0.33455881877646526,0.27477400788236495,0.15861867609625702,0.4358402458128886,0.0
forest,1.088,0.3374594357088012,0.2769051059892473,0.16054028955438412,0.4341766853947119,0.0
forest,1.092,0.3404434975080989,0.27909272881514136,0.1626095441335867,0.44080036565598785,0.0
forest,1.096,0.3435053042383649,0.2813299499291072,0.16480623327328056,0.4491780872562365,0.0
forest,1.1,0.34668056369461847,0.2836137115763465,0.1670592104576972,0.457672209521185,0.0
forest,1.104,0.34988620224492983,0.28596630558864716,0.16894934433862704,0.4663881830235878,0.0
forest,1.108,0.3532047709004998,0.2883499381532938,0.16869307126876584,0.4753351056780846,0.0
forest,1.112,0.3566180177051338,0.2908779309933501,0.16850305503885893,0.4844327496283876,0.0
forest,1.116,0.36009657478441215,0.2935133586778892,0.16831591482362449,0.4937278861078091,0.0
forest,1.12,0.3636256757063355,0.29618653603581513,0.16810133160140417,0.5031379427465754,0.0
forest,1.124,0.36718359539284967,0.298922062505468,0.16792929135181706,0.5127456576939547,0.0
forest,1.1280000000000001,0.3707713474062977,0.30174892649013135,0.16779005157058963,0.5223631409229433,0.0
forest,1.1320000000000001,0.37438755498519294,0.3034701342525692,0.16766751109207673,0.5319209166914437,0.0
forest,1.1360000000000001,0.37805823789123477,0.3020541584796291,0.1675713506222697,0.5414643785165363,0.0
forest,1.1400000000000001,0.3817183779613591,0.30063018665975283,0.16759540063050707,0.5509228052326983,0.0
forest,1.1440000000000001,0.38542593823353055,0.29927469746539803,0.1677182715897475,0.5602751990434326,0.0
forest,1.1480000000000001,0.389124752069686,0.29792419741633197,0.16787764035349334,0.5663826399375784,0.0
forest,1.1520000000000001,0.3928088275118734,0.29661087210488846,0.16787379135335329,0.5700656012468368,0.0
forest,1.156,0.39645147004369524,0.2953227641204782,0.1679442257867086,0.57371423527587,0.0
forest,1.16,0.40006409281871147,0.2940404533352099,0.1679937193752407,0.5772772321716264,0.0
forest,1.164,0.4035947960219299,0.29279099622353144,0.16813009662413375,0.5803511654897053,0.0
forest,1.168,0.40707250728724287,0.29155694344427835,0.1689179636641088,0.5830610029575758,0.0
forest,1.172,0.4104368484655187,0.290392312812938,0.16987183237048292,0.5857904454275198,0.0
forest,1.176,0.4138167171928733,0.2907617569769549,0.17090830586539665,0.5883280471548946,0.0
forest,1.18,0.4172129216081256,0.2930876420804544,0.17199128062239355,0.5906937471495944,0.0
forest,1.184,0.4205919597264157,0.29542773180656356,0.17313810121213846,0.5929441949493603,0.0
forest,1.188,0.4239110306205637,0.29778216131697466,0.1743807029190431,0.5951262332278008,0.0
forest,1.192,0.427196344442879,0.30014108811287543,0.17570053423709328,0.5973181461125727,0.0
forest,1.196,0.43044992695595585,0.3025975506250045,0.17704316217485516,0.5992890109063469,0.0
forest,1.2,0.4336136632041626,0.30564189663516245,0.17841666200640177,0.6011890974136209,0.0
forest,1.204,0.43675344429870844,0.30858199269008324,0.17997058159977924,0.6030765217589211,0.0
forest,1.208,0.439825070382447,0.3099688344245642,0.18159059667516417,0.6047559347881275,0.0
forest,1.212,0.4428455730686454,0.3113080199843967,0.1832711254597501,0.606206792942661,0.0
forest,1.216,0.4458619999165814,0.3126812099968175,0.18502341325170377,0.6074831749318361,0.0
forest,1.22,0.44885105968314887,0.31623779840604344,0.18872420484305863,0.6085379892711628,0.0
forest,1.224,0.45171908246082915,0.31969357541038923,0.19257226218601445,0.6093094110845265,0.0
forest,1.228,0.45450754946085736,0.3221705716639428,0.19641403822504577,0.6097732377414409,0.0
forest,1.232,0.45721334929703195,0.32476688407022114,0.20034922411937506,0.609958424859482,0.0
forest,1.236,0.45986230739838935,0.3286431922344524,0.20422036925330617,0.6099364994057872,0.0
forest,1.24,0.4623920410549798,0.3325993336289591,0.20814383525658114,0.6095644724267728,0.0
forest,1.244,0.46484196339039663,0.3368469111267911,0.21208218834081885,0.6085134062550209,0.0
forest,1.248,0.46724099471080105,0.3413206170655624,0.2103094613622574,0.6074007149366203,0.0
forest,1.252,0.4696024960246918,0.3458639960380224,0.20846067489635173,0.6060001427505649,0.0
forest,1.256,0.47179031978876457,0.35052460583030576,0.20662668017633595,0.6041315401144176,0.0
forest,1.26,0.4738547957098393,0.35516337807835924,0.20484849488883516,0.601843850727235,0.0
forest,1.264,0.47585561491761064,0.35979462667186557,0.2031125336662118,0.5991935181178765,0.0
forest,1.268,0.4777891503598165,0.364555299404559,0.20195774944723283,0.5961299832170316,0.0
forest,1.272,0.4795948291350488,0.36931090434948266,0.2026838568560031,0.5928415073214671,0.0
forest,1.276,0.4813448148912533,0.37447031752742466,0.20349145077724196,0.5892587483350181,0.0
forest,1.28,0.48297932130196697,0.3796491354380016,0.20430496878276438,0.5852154026141173,0.0
forest,1.284,0.48443700846680854,0.38494488194808774,0.20519918617105265,0.5808785648591998,0.0
forest,1.288,0.4857403999295685,0.3903402325446429,0.2061648658193981,0.5749648779667488,0.0
forest,1.292,0.4870413179809834,0.3959176595502695,0.20718853597800913,0.5681946197877127,0.0
forest,1.296,0.4882507541619111,0.4013073600585647,0.20831689922781155,0.5707970465689381,0.0
forest,1.3,0.48953720677274826,0.4068850427077031,0.20941302150556548,0.5734803892294572,0.0
forest,1.304,0.4909294434442201,0.41248544430815937,0.21049819784895618,0.5761708917559425,0.0
forest,1.308,0.4922027271380749,0.41820019207800463,0.21170130434775652,0.5788918857230065,0.0
forest,1.312,0.493442579479078,0.42293120268597617,0.2130624871493493,0.581691117971041,0.0
forest,1.316,0.4944906567446604,0.4259362027294372,0.2143846327493546,0.5840258717381716,0.0
forest,1.32,0.49546700282079054,0.4289023346079075,0.21664053235082686,0.5863290959237248,0.0
forest,1.324,0.4964380026457915,0.4274851569542726,0.21903819437120164,0.5882946365365828,0.0
forest,1.328,0.49741447547351125,0.4248531657604799,0.22140971998266076,0.5903742228950997,0.0
forest,1.332,0.4984398228796458,0.4222959519772814,0.22391039840015928,0.5926139586819419,0.0
forest,1.336,0.49957945940779575,0.4197531071469177,0.22635362149257693,0.5949660054418157,0.0
forest,1.34,0.5006425196347761,0.4171933829885761,0.2265307066926783,0.5974240281014711,0.0
forest,1.344,0.501656604336459,0.414879285219394,0.2259912328140406,0.5998145005364407,0.0
forest,1.348,0.5026810360248075,0.41271237366844915,0.2255774371831767,0.6020486220914061,0.0
forest,1.352,0.5037123356613145,0.410688601717659,0.22508339841270064,0.6043126626412516,0.0
forest,1.356,0.5047625020287966,0.40882161983724963,0.22458437369305947,0.6065318438432201,0.0
forest,1.36,0.5057870160363199,0.4070838267193724,0.2241005687368839,0.608831870968156,0.0
forest,1.364,0.5067688533091386,0.4054995359120565,0.22383295671206893,0.6110823213405703,0.0
forest,1.368,0.5077224084840615,0.404071226579904,0.2236806275391051,0.613215567555705,0.0
forest,1.372,0.5086372619234456,0.402696447602934,0.22361207523244223,0.6154100293292406,0.0
forest,1.3760000000000001,0.5095046803905989,0.40313513278287066,0.2236315123118691,0.6176243707165262,0.0
forest,1.3800000000000001,0.5103567839802932,0.40696097955162736,0.22368712521375114,0.6197974875704466,0.0
forest,1.3840000000000001,0.5112165783987968,0.4083062731035166,0.22388263121918042,0.6219754846252856,0.0
forest,1.3880000000000001,0.5120656791568035,0.40930134769707627,0.22415485212754402,0.624105656832221,0.0
forest,1.3920000000000001,0.5127977098757739,0.41017974250238437,0.2245438402067244,0.6247808339177277,0.0
forest,1.3960000000000001,0.5135419418944174,0.41106304727008636,0.225018226647217,0.6240497292626417,0.0
forest,1.4000000000000001,0.5142752776323333,0.41184327740179705,0.22562297038542187,0.6234735150463173,0.0
forest,1.4040000000000001,0.5150191750046195,0.41281554564670925,0.2263580955258094,0.6229952838329871,0.0
forest,1.408,0.5158798590969162,0.41357929519916076,0.22718992905736846,0.6226749807811576,0.0
forest,1.412,0.5167233707275718,0.4139137139386515,0.2281517690890117,0.6249777324705943,0.0
forest,1.416,0.517608454712657,0.41410144536474114,0.2292585853653894,0.6295199208048576,0.0
forest,1.42,0.5184647288602316,0.4141365516580711,0.2304845748736934,0.6338884220262974,0.0
forest,1.424,0.5193052952796451,0.41406524221732993,0.2318019843239023,0.6377561862336565,0.0
forest,1.428,0.5200714979631956,0.4139888302533519,0.2332516669926025,0.6410881462311497,0.0
forest,1.432,0.5209448978116422,0.4138777709286956,0.2348411791217472,0.6447024175488686,0.0
forest,1.436,0.5219392244324663,0.4137322891125007,0.23219164684054505,0.6483053070395686,0.0
forest,1.44,0.5229492603180563,0.4134915519760831,0.22862210250317797,0.6515784291358395,0.0
forest,1.444,0.523953891462966,0.4132525310943814,0.22514654373080548,0.6545880889888627,0.0
forest,1.448,0.5250209118429666,0.4128432451696203,0.22184912133902418,0.6574885487649085,0.0
forest,1.452,0.5261237689389409,0.41323668673089664,0.21872329812185645,0.659775698377159,0.0
forest,1.456,0.5272251267242535,0.41531268873199423,0.21572354248749512,0.6618296757377774,0.0
forest,1.46,0.5283394892761628,0.41749499017436614,0.21278542883037121,0.6637183358422429,0.0
forest,1.464,0.5295094812193539,0.41962288903640493,0.2098581493962211,0.6655054450659572,0.0
forest,1.468,0.5307542992558342,0.4217548137451658,0.20817179527500765,0.6673242225280706,0.0
forest,1.472,0.5319721221790288,0.4238550966584813,0.20763249326523847,0.6690451238112747,0.0
forest,1.476,0.5332282101687262,0.42595042959682516,0.20715171192996434,0.670550943084617,0.0
forest,1.48,0.534502697165707,0.4279365949477925,0.20666679338755634,0.671822044545091,0.0
forest,1.484,0.5357909953916024,0.42982129710327843,0.20616341023440948,0.6730645684736231,0.0
forest,1.488,0.5371512336099608,0.4318911609818687,0.20621283006264976,0.6741605943395723,0.0
forest,1.492,0.5385385518506218,0.4339074699943629,0.20765131230077608,0.6751428990419097,0.0
forest,1.496,0.5399975931621781,0.4359971879021971,0.2091028582876101,0.6760373917164963,0.0
forest,1.5,0.5415465376710237,0.4380041969761549,0.21059075898246438,0.6766819102339189,0.0
forest,1.504,0.5431586443075394,0.4400578344432172,0.21215662030744833,0.6769687149664277,0.0
forest,1.508,0.5448363465830421,0.44232062046304566,0.21640404196486301,0.6807940106212891,0.0
forest,1.512,0.5466292651031316,0.44469898591651674,0.22069415053877248,0.6861168887705564,0.0
forest,1.516,0.5485253250704523,0.4472650374286875,0.22515405870713345,0.6914360211749788,0.0
forest,1.52,0.5504834118017301,0.449781256443805,0.22955925219475667,0.6967171413438386,0.0
forest,1.524,0.5525162525370001,0.452114835645927,0.234105817386335,0.70158530155738,0.0
forest,1.528,0.5544575786683696,0.45451109052529826,0.23899452897947132,0.7043103239715316,0.0
forest,1.532,0.5564370604321429,0.4568805101946476,0.24418498534434463,0.7070436917024476,0.0
forest,1.536,0.5584015266304648,0.458785417564201,0.2495682238741801,0.7096718787900409,0.0
forest,1.54,0.5603714512318929,0.46004254611586737,0.25516297889912265,0.7122883634995464,0.0
forest,1.544,0.5623992494499085,0.46122001986594746,0.2607799113503069,0.7148048237436471,0.0
forest,1.548,0.5645584412963061,0.46253400963916413,0.26649394708143315,0.7173204123121203,0.0
forest,1.552,0.5667683157700093,0.46383711864060684,0.2722337220986916,0.719818592807797,0.0
forest,1.556,0.5690382604152306,0.4650963402958792,0.2775710205414679,0.7222293215343231,0.0
forest,1.56,0.5714061478530683,0.46640105218673755,0.28294453065152303,0.7274336700404296,0.0
forest,1.564,0.5738322805641364,0.46778560347174264,0.28878719114838974,0.7331632773382448,0.0
forest,1.568,0.5762304169662524,0.469099141873803,0.2939045571643441,0.7386548445415753,0.0
forest,1.572,0.5786202011332233,0.474968565126149,0.29232673057262964,0.744152898679337,0.0
forest,1.576,0.581121520445493,0.4821997385756617,0.2914191433325957,0.7497859375058861,0.0
forest,1.58,0.5837030111680489,0.48943887651638557,0.29047973280483363,0.7558082227328604,0.0
forest,1.584,0.5862637194555644,0.4970770721995779,0.2895672126659342,0.7620012349710864,0.0
forest,1.588,0.5887379300802986,0.5060720505263915,0.288619689050719,0.7682576036488491,0.0
forest,1.592,0.5912092269609162,0.5115659382177764,0.28756166526147675,0.7736093777537515,0.0
forest,1.596,0.5936528187819181,0.5167377833505525,0.2863931877430463,0.7783299015536681,0.0
forest,1.6,0.5960940845861543,0.5217801515517337,0.2853030050350639,0.7828948255805864,0.0
forest,1.604,0.5985367640079143,0.5267364987835619,0.2841665280391475,0.7877610271184531,0.0
forest,1.608,0.6011864828602178,0.5316984063166146,0.28298881408065235,0.7926661934895397,0.0
forest,1.612,0.6040298514093607,0.5365373142143072,0.28176646212968315,0.7975406595980151,0.0
forest,1.616,0.6068994764675495,0.5439413319189573,0.28053497924061166,0.802780228519001,0.0
forest,1.62,0.6097531633030379,0.5560521233400859,0.27930005513509504,0.8080299789095992,0.0
forest,1.624,0.6126393025190269,0.5682950987872406,0.2779552558914886,0.8132314739339753,0.0
forest,1.6280000000000001,0.615439036185659,0.5805022924203899,0.27656807189032384,0.8183428385411209,0.0
forest,1.6320000000000001,0.6182891192372002,0.5927270596283445,0.27507477697402954,0.8234495706400167,0.0
forest,1.6360000000000001,0.6211193501864943,0.605017341073814,0.2736076511093711,0.8284581385794964,0.0
forest,1.6400000000000001,0.6239218159978256,0.6145050272208215,0.27195593281258656,0.833428772430098,0.0
forest,1.6440000000000001,0.6267036479216281,0.6238485631502497,0.2703129765429904,0.8385867661098234,0.0
forest,1.6480000000000001,0.6294473226858509,0.6282684687610333,0.27077412481712837,0.8440204645733795,0.0
forest,1.6520000000000001,0.6320735685875415,0.6296920271336627,0.27207660772330056,0.8494662923068785,0.0
forest,1.6560000000000001,0.6347175461477635,0.6310965039147614,0.2733993506852539,0.8549912370115149,0.0
forest,1.6600000000000001,0.6374079152183244,0.6324182962898817,0.274701270755516,0.8604305534324859,0.0
forest,1.6640000000000001,0.6401265200929249,0.6336340805913909,0.2760257693926824,0.8660167482901667,0.0
forest,1.668,0.6429072053508585,0.6392896646859304,0.2774170408408052,0.869939598739088,0.0
forest,1.672,0.6457666415876573,0.6492121135407327,0.27888736995942176,0.8734952168750312,0.0
forest,1.676,0.6485500962251717,0.6591825624011844,0.2812392701531444,0.8769701956048335,0.0
forest,1.68,0.6512815378924343,0.6691786852510591,0.2842750487649971,0.8804729353258226,0.0
forest,1.684,0.6539852315080092,0.6791282599650185,0.2873533005987643,0.8840963878864805,0.0
forest,1.688,0.6568943297630535,0.6890745719765514,0.2903511071892127,0.8877968593556986,0.0
forest,1.692,0.6595835791231186,0.6989750408343371,0.293445181921998,0.8915152416099182,0.0
forest,1.696,0.6622298986024434,0.7088103355219852,0.29660885650702196,0.8947948813995876,0.0
forest,1.7,0.664889108185385,0.715770175179809,0.29972505415088646,0.8937056010965122,0.0
forest,1.704,0.667572501773105,0.7182695968946047,0.29849414672957486,0.8926689219537529,0.0
forest,1.708,0.6702226837716677,0.7207639683654214,0.2967925474376516,0.8916496284732109,0.0
forest,1.712,0.6728282103683184,0.7232032637281836,0.29513667183752934,0.890464087205457,0.0
forest,1.716,0.6753714485365331,0.7256138369582803,0.29380995145563904,0.8893559815226728,0.0
forest,1.72,0.677864926771982,0.7280167109187619,0.2923897117994047,0.901026371101463,0.0
forest,1.724,0.6802736659618008,0.7304253535925931,0.2932751106536598,0.9128273236489131,0.0
forest,1.728,0.6826415719972511,0.7328356334301838,0.295320622580954,0.924442465671599,0.0
forest,1.732,0.6849608960617564,0.7352867470585942,0.29913966377758966,0.9358855894185754,0.0
forest,1.736,0.6872230241444341,0.7376691624306472,0.3029984252480113,0.9470835907435884,0.0
forest,1.74,0.6894555206735327,0.7400817537951829,0.3068508006560885,0.9580122950017065,0.0
forest,1.744,0.6916651481699517,0.7424396060114109,0.31076762424122706,0.9686852063731706,0.0
forest,1.748,0.6938585440556362,0.7449160746871987,0.31465096339159526,0.9768514730028992,0.0
forest,1.752,0.6960359142547168,0.7472748023154626,0.31858513538009164,0.9841515716839956,0.0
forest,1.756,0.6982544454782083,0.7496987355138414,0.3225651915050775,0.9914748785911913,0.0
forest,1.76,0.700464384401941,0.7520737827776407,0.3265239030960691,0.9964095140989883,0.0
forest,1.764,0.7025834390066867,0.7544225146638983,0.33047358795409654,1.0011701695390476,0.0
forest,1.768,0.7046962509547904,0.7566799828165871,0.33443762204076566,1.005921366838593,0.0
forest,1.772,0.706921470613054,0.7587713396256835,0.3383992578530153,1.01181174964026,0.0
forest,1.776,0.7090287849302938,0.7609470702282952,0.3424144025392601,1.0157389125515608,0.0
forest,1.78,0.7111008905895786,0.7631654103023788,0.3464479018299884,1.0186733878267988,0.0
forest,1.784,0.7130909384574557,0.7653479776212353,0.35045168638581825,1.0267759906485665,0.0
forest,1.788,0.7150409191955107,0.7674153312699123,0.35444980665619485,1.032895492337689,0.0
forest,1.792,0.7169957186227289,0.7695729260698405,0.35561133989919286,1.0391222484090155,0.0
forest,1.796,0.7188829968589237,0.7716747778781194,0.3528148828125693,1.045312131753433,0.0
forest,1.8,0.7207107639737279,0.7737150843632028,0.35001842334588207,1.0512570105550285,0.0
forest,1.804,0.7225559874274377,0.7730494401297315,0.34722837611063234,1.057358838627466,0.0
forest,1.808,0.7244030885342574,0.7715759565760518,0.3445376737424669,1.0634868713514813,0.0
forest,1.812,0.726193433754187,0.7701354380201964,0.34418923014796204,1.06962827280258,0.0
forest,1.816,0.7278797008721481,0.7687500618886656,0.3448508078094231,1.0757083363738726,0.0
forest,1.82,0.7295572158281285,0.7674163277991314,0.3454212256902276,1.0817673075960574,0.0
forest,1.824,0.7312219606542828,0.7660700066183805,0.3459619850359516,1.08780934384847,0.0
forest,1.828,0.7328422126132168,0.7647298374575251,0.34650765665634453,1.093844096004536,0.0
forest,1.832,0.7344499991415636,0.7633245402743517,0.34697563584669877,1.0997904835775716,0.0
forest,1.836,0.736032270528167,0.7617640166626434,0.3474198785700829,1.1057151641290184,0.0
forest,1.84,0.7374893003378121,0.7602320132208302,0.34785310410659837,1.111515606651985,0.0
forest,1.844,0.7389257687585502,0.7587457608532869,0.34827759609079895,1.1172089455312106,0.0
forest,1.848,0.7403202799221658,0.7573086818933235,0.34871290447272896,1.1227731808295942,0.0
forest,1.852,0.7416785403796091,0.7559235055850895,0.34908904963153375,1.128261791519475,0.0
forest,1.856,0.7430723732485004,0.7545506987809338,0.34935182625230937,1.1336630305986315,0.0
forest,1.86,0.7444782455908427,0.7532148641206928,0.3495541406676858,1.138976531019151,0.0
forest,1.864,0.7458561919388629,0.7517925866969528,0.3498450886013172,1.1442375678856989,0.0
forest,1.868,0.7472302309364165,0.7505622391711984,0.3520968090417555,1.1492901715350214,0.0
forest,1.872,0.7486244077604489,0.7495054380849862,0.3545486517063827,1.154057201765112,0.0
forest,1.8760000000000001,0.7500273369639346,0.7485364181578875,0.3569212324269224,1.1587170763204164,0.0
forest,1.8800000000000001,0.7513700493317318,0.7472749605008069,0.3592564177447701,1.1631603250546434,0.0
forest,1.8840000000000001,0.7526992085526004,0.7461117997731872,0.3615563500421894,1.1673535566551094,0.0
forest,1.8880000000000001,0.7540172754196257,0.7449782864023149,0.3638000101191145,1.171246315956843,0.0
forest,1.8920000000000001,0.7553630348914363,0.7438435587421214,0.3660210379769619,1.1753523261960535,0.0
forest,1.8960000000000001,0.7567062047824195,0.7426292247262912,0.3682163352240476,1.1791910378372605,0.0
forest,1.9000000000000001,0.7580688124609105,0.7406985773479551,0.37040022372115033,1.182879285728549,0.0
forest,1.9040000000000001,0.7594081945062231,0.7382058551494017,0.3725735047672747,1.186340861621088,0.0
forest,1.9080000000000001,0.7607252203668239,0.7356309520129112,0.374566209827529,1.189613521783465,0.0
forest,1.9120000000000001,0.7619978556285766,0.733147847996277,0.3766125880452329,1.1924978602206724,0.0
forest,1.9160000000000001,0.7633198387388171,0.7307282157476489,0.37868404711536774,1.1950642205935982,0.0
forest,1.92,0.7646340823097711,0.7283093112264909,0.38066695582194476,1.1973830563587122,0.0
forest,1.924,0.7659309846826992,0.7260786086955344,0.38255100336630554,1.1994116349134443,0.0
forest,1.928,0.7671777787557386,0.7237715820642849,0.38440163565544194,1.2010969000110343,0.0
forest,1.932,0.768423797409166,0.7213392516385662,0.386175340151766,1.2024878078947907,0.0
forest,1.936,0.7696832108035452,0.7189424506141254,0.3876738407104521,1.2036796247200459,0.0
forest,1.94,0.7709898669319314,0.7166303402860168,0.3891040920274408,1.204586776159666,0.0
forest,1.944,0.7723089142754682,0.7141451526468545,0.39214917033811186,1.2050421048087236,0.0
forest,1.948,0.7736276876181876,0.7114606319974159,0.3957346282736228,1.2051959006324195,0.0
forest,1.952,0.7749470531748013,0.7087661348772984,0.39921179705141147,1.2051652057584883,0.0
forest,1.956,0.7763317843970823,0.7061451755974841,0.4026975548056897,1.2043681653395104,0.0
forest,1.96,0.7776871358193976,0.7034176391305766,0.4060885012958523,1.2036777419182694,0.0
forest,1.964,0.7790019688147095,0.7007369566785118,0.40945406376269866,1.2024693062301006,0.0
forest,1.968,0.7802816983818125,0.6981349768310656,0.41269644192501215,1.2009317259423462,0.0
forest,1.972,0.7816312016066187,0.6954528276084122,0.4153854778047834,1.199154568718925,0.0
forest,1.976,0.7829252213922165,0.6926764738874843,0.413530467911128,1.1967368224624213,0.0
forest,1.98,0.7842488348526608,0.6899188406968078,0.4115829462110474,1.1941579310491794,0.0
forest,1.984,0.7855022997009018,0.6871682063968978,0.4094995022637461,1.1911362360939255,0.0
forest,1.988,0.7867706170666688,0.6846022642002485,0.40721036311321035,1.1878209514915523,0.0
forest,1.992,0.788137741114906,0.6821612819124996,0.4051840102714548,1.1839675147924738,0.0
forest,1.996,0.7894490795152506,0.679714517246409,0.4030871155342215,1.179858962251842,0.0
forest,2.0,0.7907483102986422,0.6775891370804465,0.4006775031787592,1.1756316061258743,0.0
forest,2.004,0.7920063161674752,0.6757549126937257,0.3983132674109714,1.1711248109545813,0.0
forest,2.008,0.7931741574097435,0.673965072784545,0.39593410014969976,1.1661666247710543,0.0
forest,2.012,0.7942910716089004,0.671743404829616,0.3935017304807688,1.1607245968492697,0.0
forest,2.016,0.7953969706750649,0.669465445249142,0.3910170403969751,1.1541976774187153,0.0
forest,2.02,0.7964185769014903,0.667100620773005,0.3927320600087962,1.147515349075469,0.0
forest,2.024,0.7974251046645868,0.6645659006947899,0.40078086882269787,1.1408795905017923,0.0
forest,2.028,0.798586609401713,0.6610268308124605,0.40912120900869187,1.134779835515707,0.0
forest,2.032,0.7997690804556403,0.6574467303201591,0.41777747600622306,1.128547435912942,0.0
forest,2.036,0.8010090655664911,0.6577889273835738,0.42671927830426587,1.1221494478599985,0.0
forest,2.04,0.8022449641665226,0.6583826949506999,0.43598205608689283,1.11563525374208,0.0
forest,2.044,0.8035048712129258,0.6589467054958671,0.44558550990611945,1.1097409487361558,0.0
forest,2.048,0.804792760002281,0.6594144292964149,0.4554875218756322,1.1039477583801491,0.0
forest,2.052,0.8060978118474349,0.6597832214933005,0.4596971927472945,1.098185966540611,0.0
forest,2.056,0.8074979880943058,0.6650023255580344,0.46078143104139896,1.092266958121972,0.0
forest,2.06,0.8088953185045783,0.6708543563394945,0.46175535782059496,1.086050633523288,0.0
forest,2.064,0.8102741111314458,0.6769358531465681,0.462611714623524,1.0836197880524359,0.0
forest,2.068,0.8116210509985715,0.6832185779972312,0.46333990392719443,1.084941967784231,0.0
forest,2.072,0.8130072705647443,0.6897544725679071,0.4639093436408826,1.0860546814868262,0.0
forest,2.076,0.8143805341345086,0.6964835909261182,0.4643994665456739,1.0870285097694,0.0
forest,2.08,0.8157307789314467,0.7034460023936622,0.46478503222236706,1.0880056857090157,0.0
forest,2.084,0.817060733716424,0.7107041708775818,0.4650916420796152,1.0888510989676865,0.0
forest,2.088,0.8183655153315922,0.718205535842273,0.46526209775597366,1.0895879992128088,0.0
forest,2.092,0.8196981124605658,0.7242477285050741,0.4653386870114613,1.0902511835507034,0.0
forest,2.096,0.821088619366807,0.7247209247287578,0.4653106116711634,1.09084935855104,0.0
forest,2.1,0.8225031305609838,0.7252585978731387,0.46519331674659753,1.0915261727705547,0.0
forest,2.104,0.8239371570152236,0.7306846090535997,0.46501899364799126,1.0874393467448216,0.0
forest,2.108,0.8253337970236881,0.7413647414156639,0.46472564173621805,1.0833864292974014,0.0
forest,2.112,0.8267086349288691,0.7521519629920252,0.46271054818816404,1.0793552552531147,0.0
forest,2.116,0.8280393795900167,0.7630720746006544,0.45865460267865205,1.075295924248365,0.0
forest,2.12,0.8293652734425336,0.7741765086297001,0.4546379620268226,1.0712322525786064,0.0
forest,2.124,0.8306956948562542,0.7853630089810675,0.45081136339957484,1.067210923692442,0.0
forest,2.128,0.8319627143099352,0.7967048006795234,0.44722510662035536,1.063169950280229,0.0
forest,2.132,0.8331696866233292,0.807941914741493,0.44360608668390517,1.0590024969083818,0.0
forest,2.136,0.8342860775407172,0.8192386180442195,0.439410079979024,1.0547840538412165,0.0
forest,2.14,0.8354105760342658,0.8304884508070391,0.4351739115985178,1.0506819427021794,0.0
forest,2.144,0.8365385237528423,0.8408802009445298,0.4307723995084948,1.046782744942017,0.0
forest,2.148,0.837651021844659,0.8384632014536275,0.42669148191259143,1.0431466608962312,0.0
forest,2.152,0.8387386709677186,0.8360275908152739,0.42262101487302267,1.0513711002267567,0.0
forest,2.156,0.8398337717830945,0.8336773343733693,0.4186346190268717,1.0644334437643383,0.0
forest,2.16,0.840794139700791,0.8313575263333856,0.4148129917540086,1.0774028634830646,0.0
forest,2.164,0.8416854729356696,0.8291544857328632,0.4109555047947542,1.090219336912287,0.0
forest,2.168,0.842585542923983,0.8270335187592732,0.40715911201712096,1.1001764216767318,0.0
forest,2.172,0.843331737420298,0.8249341293787975,0.4033476461216307,1.1010712583892925,0.0
forest,2.176,0.84403812823695,0.8229408930376279,0.3996906499461122,1.099562590008171,0.0
forest,2.18,0.8446872150610553,0.8210137022951087,0.3970111765905977,1.0960691707613022,0.0
forest,2.184,0.8452560280738212,0.8191402379812711,0.3942704847554526,1.0994850648126524,0.0
forest,2.188,0.8457549540601248,0.8173293735801257,0.3916099348698455,1.1115984585935652,0.0
forest,2.192,0.8462060548724099,0.8155129563907005,0.38898520590030017,1.1231976614574055,0.0
forest,2.196,0.8466613755681174,0.8138077683463028,0.3863625402019172,1.1317939422179621,0.0
forest,2.2,0.847038903784836,0.8121932114827748,0.38382548519665044,1.1349046290478382,0.0
forest,2.204,0.8474337897528892,0.8106617338579873,0.3835441675571344,1.138268815389007,0.0
forest,2.208,0.8477529973619033,0.8092239302079357,0.38442634318589386,1.141884185853794,0.0
forest,2.212,0.8480628296837083,0.8079383044243471,0.38531110358939435,1.1454266910333475,0.0
forest,2.216,0.8483157354058919,0.8066917522768068,0.3857744382059186,1.148749565026992,0.0
forest,2.22,0.8485087249577976,0.805555972709767,0.38620204630749433,1.1518220805555948,0.0
forest,2.224,0.8486543513420075,0.8045373009780872,0.3866670870631496,1.1549133808269965,0.0
forest,2.228,0.8487921504028606,0.8036342721825701,0.3878164637201198,1.1581066870088068,0.0
forest,2.232,0.8488825276948052,0.8028428584977167,0.38927673113445266,1.1606692713267037,0.0
forest,2.236,0.8489189490485145,0.8022151954219885,0.3906670031779821,1.1628353757103211,0.0
forest,2.24,0.8488841033935062,0.8016235602659263,0.3919656933079376,1.1646109731177303,0.0
forest,2.244,0.8488349222259716,0.8011530366834232,0.3934005831200999,1.1663354488822661,0.0
forest,2.248,0.8487905048611767,0.7973978807353503,0.3949432478275943,1.1678944551657906,0.0
forest,2.2520000000000002,0.8487823062500016,0.7914234078576536,0.39634489553618457,1.1693614081550123,0.0
forest,2.2560000000000002,0.8486441612077616,0.7854679975431034,0.39757839479669677,1.1707378365055103,0.0
forest,2.2600000000000002,0.8484650833836046,0.7795568323401327,0.3988502877543195,1.1718277290958221,0.0
forest,2.2640000000000002,0.8482189580803544,0.7735852325186227,0.40012668190376993,1.172088869492549,0.0
forest,2.2680000000000002,0.8478763293238393,0.767740753363201,0.40169007291839853,1.1719374575160284,0.0
forest,2.2720000000000002,0.8475736536822159,0.7619412674852936,0.40319142292400734,1.1717866797062446,0.0
forest,2.2760000000000002,0.84724637730786,0.7562145297255068,0.4045266566061646,1.1717012658577566,0.0
forest,2.2800000000000002,0.84696472088244,0.7505635638367061,0.4059434981321116,1.1714289795159472,0.0
forest,2.2840000000000003,0.8466455401013816,0.7449826595740865,0.40728144543455486,1.1711331033069556,0.0
forest,2.2880000000000003,0.8462971020231702,0.7395418081544416,0.40853586508740325,1.1705853302528677,0.0
forest,2.2920000000000003,0.8459711089974675,0.7363600440058884,0.40981988831972477,1.170082366161616,0.0
forest,2.2960000000000003,0.8455595305918969,0.7337593645670766,0.41112123684633345,1.1694071975979088,0.0
forest,2.3000000000000003,0.8451568323226644,0.7314250681882588,0.4123275349989255,1.1686114503464107,0.0
forest,2.3040000000000003,0.8448057010147529,0.7293742085570747,0.41345590020055256,1.1676637638598564,0.0
forest,2.308,0.8444475353160186,0.727497777740667,0.4144288633331172,1.1664796713388423,0.0
forest,2.312,0.8441011210395193,0.725620182742337,0.415213401988718,1.1651542647309567,0.0
forest,2.316,0.8437994411734481,0.7237165191334796,0.41595986644994637,1.1639354600318117,0.0
forest,2.32,0.8435199271974447,0.7216303569816358,0.4166643220933599,1.1626877862299896,0.0
forest,2.324,0.843198734287822,0.7192513415787166,0.4172531439943087,1.1610640571384823,0.0
forest,2.328,0.8428799218366059,0.7169663985547121,0.4177327777900403,1.1593091859305367,0.0
forest,2.332,0.8426610891468984,0.7148212623427557,0.4180809054672624,1.1574285747806845,0.0
forest,2.336,0.8424705508194641,0.7125597570297216,0.417851368041842,1.1553411072496536,0.0
forest,2.34,0.842272372687245,0.7100863993642896,0.41744811781632696,1.1571652146106368,0.0
forest,2.344,0.842132939853227,0.7079216144223424,0.4171399817041738,1.1601091153603305,0.0
forest,2.348,0.8419516928954518,0.7058797209154053,0.4168781123836206,1.1630525575238089,0.0
forest,2.352,0.8417777241083619,0.7039021932393571,0.41666648783628013,1.1660334106353354,0.0
forest,2.356,0.8415878606040902,0.7017225372127947,0.416380712118516,1.1690378755115889,0.0
forest,2.36,0.84140834158516,0.6994873955202399,0.41617469120485345,1.1720591505111986,0.0
forest,2.364,0.8412917466509479,0.6973509766341599,0.41602340269584254,1.175028482337705,0.0
forest,2.368,0.8412674922930871,0.6953091825172897,0.4158718622543389,1.1781315141004571,0.0
forest,2.372,0.8412562386423874,0.6933810607399998,0.41573959786613196,1.181289157043171,0.0
forest,2.376,0.8412987973006928,0.6914573767331015,0.41569384857066505,1.1844856192761375,0.0
forest,2.38,0.8414134482443574,0.6895516875791291,0.4156529906922477,1.1876691274232125,0.0
forest,2.384,0.8416617581301873,0.6877157278414716,0.4156574817434451,1.1908423409932483,0.0
forest,2.388,0.8419746141933009,0.685956186202006,0.41574432146887697,1.1940235136886082,0.0
forest,2.392,0.8424524758635915,0.684263195693202,0.4159656175020018,1.197234732083833,0.0
forest,2.396,0.8429505801193395,0.682680919910454,0.41627420332669174,1.2004853025609552,0.0
forest,2.4,0.8435696008347013,0.6812174901103873,0.41661028956553536,1.20375962637599,0.0
forest,2.404,0.8442325106452817,0.6798456568392917,0.41683741142642916,1.2070578919438857,0.0
forest,2.408,0.84488413893993,0.6785684722737226,0.4170394538668966,1.2103662362401189,0.0
forest,2.412,0.8455488979600577,0.6793867205476577,0.4174104661239886,1.213707284123188,0.0
forest,2.416,0.8463183502210334,0.6810005817843612,0.41780260787671053,1.21831061313247,0.0
forest,2.42,0.847234692381434,0.682660456459062,0.4182595955277567,1.224584626347759,0.0
forest,2.424,0.8482374174842919,0.6843341166679754,0.41869729352295576,1.2303389391510928,0.0
forest,2.428,0.8493204981786985,0.6860717239790661,0.41918418813728825,1.2361507043831192,0.0
forest,2.432,0.8504521547771706,0.6878953671237662,0.42067359075715616,1.2419092830559728,0.0
forest,2.436,0.8515880188611114,0.6897664036653438,0.42310569032146633,1.2474573957772017,0.0
forest,2.44,0.8527390628195155,0.6916925748777731,0.4250925366795134,1.2526391372336543,0.0
forest,2.444,0.8539249962441888,0.6901692992293844,0.42689957776432197,1.2575576507897193,0.0
forest,2.448,0.8551406709975866,0.6886024633122988,0.4286855212812632,1.262495099768567,0.0
forest,2.452,0.8564856183904013,0.6871387219997123,0.43085958320013984,1.2673188681434384,0.0
forest,2.456,0.8579838693208227,0.6856623557792589,0.4347694170955628,1.2723706264242445,0.0
forest,2.46,0.8595563771224629,0.6841732704124811,0.43639593087352335,1.2774588800290512,0.0
forest,2.464,0.8610987200646898,0.6827622523263441,0.4368237671574704,1.2820073321027687,0.0
forest,2.468,0.8627095945401919,0.6813910284143385,0.4372645117043469,1.2864626733162654,0.0
forest,2.472,0.8643771057616251,0.6801869466509093,0.44041410997675234,1.2905961422428498,0.0
forest,2.476,0.8661348643521336,0.6791430331380552,0.4538654738638698,1.2945675372131538,0.0
forest,2.48,0.8679288791536723,0.6780790318255845,0.4676659546242299,1.29831329826638,0.0
forest,2.484,0.8697156482919203,0.676992600485234,0.4815589970223107,1.296884790514708,0.0
forest,2.488,0.8716293001284943,0.6759968948350868,0.4960582495095561,1.2947995089634197,0.0
forest,2.492,0.8736330106656759,0.6750084641353362,0.49798490380165356,1.297183493560111,0.0
forest,2.496,0.8756798139955102,0.674083776447675,0.4958499808289678,1.3042373757731456,0.0
forest,2.5,0.8777187089425874,0.6732243120973329,0.49370741005697844,1.3114017673833487,0.0
forest,2.504,0.8797714694348663,0.6725146206970805,0.4915513575142991,1.3186658633553916,0.0
forest,2.508,0.8819297890727992,0.6784627748252978,0.4896131280484327,1.3259098899401338,0.0
forest,2.512,0.8841893945944712,0.688083364425293,0.4880532329726191,1.3332010206617049,0.0
forest,2.516,0.8865037264208487,0.6977378621845912,0.4866775870173317,1.3405773935486982,0.0
forest,2.52,0.8888259796284359,0.7073082162170132,0.48490920048808184,1.347912520798693,0.0
forest,2.524,0.8911187011990851,0.716937074926554,0.4833002484391308,1.3553975403793541,0.0
forest,2.528,0.8934625366383238,0.7265485242762422,0.48189211786084357,1.3629756552138406,0.0
forest,2.532,0.8958534154700182,0.7361292399201612,0.48104774514577486,1.3706510789302306,0.0
forest,2.536,0.898251253794623,0.7456304113345326,0.48015941400281886,1.3782798298019983,0.0
forest,2.54,0.9005988003319974,0.7551204882699942,0.479257589579737,1.3858269606158897,0.0
forest,2.544,0.9029957970589686,0.7644183595697329,0.47863783254656656,1.3932550258126624,0.0
forest,2.548,0.9053754754061035,0.7809930420228697,0.47815493934522746,1.4007149982139275,0.0
forest,2.552,0.9078348697402946,0.7985443619563309,0.47777282999125203,1.4082238857997753,0.0
forest,2.556,0.9103981428521826,0.815817652946443,0.4776436939948667,1.4156758548707253,0.0
forest,2.56,0.9128763426667621,0.8329363623107198,0.4775914017790279,1.4230897671320555,0.0
forest,2.564,0.9153594391570664,0.8498102253485244,0.4777752128099802,1.4256961043015015,0.0
forest,2.568,0.9179147540152645,0.866562079095583,0.47831268297263985,1.4229254219710339,0.0
forest,2.572,0.9204020858407238,0.8780310778577576,0.47917030083746137,1.4200189019919147,0.0
forest,2.576,0.9229910582674323,0.8869112583089226,0.48034972032377954,1.417079752308284,0.0
forest,2.58,0.9255162445775946,0.8954940703887662,0.4818241670065715,1.414021141045394,0.0
forest,2.584,0.9280211286881584,0.9041807375155723,0.4834936585660753,1.4109526551189226,0.0
forest,2.588,0.9305512864261527,0.9130843816012243,0.4853174397752034,1.4077785921010124,0.0
forest,2.592,0.9331591979453397,0.9220824037885536,0.48730073642241756,1.4045505948868262,0.0
forest,2.596,0.9358633677697936,0.9310813571706495,0.48950682511955634,1.4014051389155489,0.0
forest,2.6,0.9385742008786944,0.9401484144278922,0.49193419378335723,1.3983313920690126,0.0
forest,2.604,0.9411996349229554,0.9469532024248277,0.49456594664891046,1.3954075370571186,0.0
forest,2.608,0.943853189318714,0.9522448711704693,0.49741134102809836,1.3928572103516286,0.0
forest,2.612,0.9465085507871678,0.9574393594499955,0.5004517891574182,1.389949378336592,0.0
forest,2.616,0.9492434641716425,0.9622925902403308,0.503733740417964,1.3873984467220555,0.0
forest,2.62,0.9519676436503068,0.9669458949099656,0.5072530878816814,1.3844832153354962,0.0
forest,2.624,0.9547105998263372,0.9706788542496998,0.510943503424208,1.3815225568059875,0.0
forest,2.628,0.9575081905734972,0.97406111340012,0.5148862302653513,1.3784681475635774,0.0
forest,2.632,0.9603773224825183,0.977472625923571,0.5191037607315786,1.3754903026024872,0.0
forest,2.636,0.963281036927983,0.9810470259589561,0.5235968744181501,1.372352116359078,0.0
forest,2.64,0.9660990270749774,0.9845656400349151,0.5283290131369776,1.369169796313436,0.0
forest,2.644,0.9689417377276172,0.9881221615977087,0.5332947811881331,1.3660618945125074,0.0
forest,2.648,0.9717452792252841,0.9912133849002938,0.5385440132575334,1.36278577743295,0.0
forest,2.652,0.9745594832863713,0.9897620979189772,0.5443577799931613,1.3595608622232642,0.0
forest,2.656,0.9774600730178917,0.9884876487848069,0.5503014254108509,1.3565028098720437,0.0
forest,2.66,0.9803904651683911,0.9872286506598478,0.5565016618678882,1.3537427685755685,0.0
forest,2.664,0.9834134823806118,0.9864567959344039,0.562977411570577,1.3508656587784906,0.0
forest,2.668,0.9865236013242908,0.9856461061743861,0.5696837806352816,1.3486123237721674,0.0
forest,2.672,0.9895976769434525,0.984363577526085,0.576613998025954,1.3609305028860506,0.0
forest,2.676,0.9927673066759274,0.9834103598774762,0.5836592707821108,1.3731052017753516,0.0
forest,2.68,0.9959939010720618,0.9824372008585109,0.5909955259249672,1.385092762259245,0.0
forest,2.684,0.9992666969705211,0.9816529815292308,0.5967010056658277,1.396836906621295,0.0
forest,2.688,1.002574745461279,0.9810612301084651,0.5982038901555053,1.4083395249592785,0.0
forest,2.692,1.005909143475104,0.9806205638413742,0.5997388487300317,1.419678709409133,0.0
forest,2.696,1.0092897485221761,0.9802532718638417,0.601303960419433,1.430751208578458,0.0
forest,2.7,1.012724645446239,0.9821781020254778,0.6028438539995655,1.4415829302701477,0.0
forest,2.704,1.0162099722089892,0.9862761723567992,0.6043424101427275,1.4521428751837173,0.0
forest,2.708,1.0197673288630056,0.9907332653697846,0.6058594210667024,1.4625076778613337,0.0
forest,2.712,1.0234047936000314,0.995615173357099,0.6075795899986197,1.472684271576209,0.0
forest,2.716,1.0270907123847264,1.000669891516203,0.609238809864269,1.4825526761442909,0.0
forest,2.72,1.0308441779299,1.006091798295465,0.6109274455186665,1.4922415892620378,0.0
forest,2.724,1.034705636911041,1.0118566751567422,0.6126149081134457,1.50179311783182,0.0
forest,2.728,1.0386024538085041,1.0177044201837127,0.6143250696456968,1.5110614159625895,0.0
forest,2.732,1.0425639495343184,1.0237301232952276,0.6161024469283292,1.5202107573969208,0.0
forest,2.736,1.046600756047964,1.030062008368421,0.6178783835593582,1.5282523183387875,0.0
forest,2.74,1.0506557586174496,1.036496106379705,0.6196959870411617,1.5313373689674967,0.0
forest,2.744,1.0547940667303224,1.0439785996717708,0.6215467795341987,1.5340188061354083,0.0
forest,2.748,1.0588854268021521,1.050919833514655,0.6234548709924558,1.5362633073448206,0.0
forest,2.7520000000000002,1.063021694095776,1.058340502746071,0.6253895539531473,1.5356946049432842,0.0
forest,2.7560000000000002,1.067199564602956,1.066226848537729,0.6273319778909043,1.5348046593076539,0.0
forest,2.7600000000000002,1.071505872379349,1.0745111590383645,0.6293082325002373,1.53426547112009,0.0
forest,2.7640000000000002,1.075857996243697,1.0831771406798791,0.6313436159072444,1.5337415853396705,0.0
forest,2.7680000000000002,1.0803493260403951,1.0926321816264113,0.6334181237927223,1.533195156478655,0.0
forest,2.7720000000000002,1.0847489553758451,1.1016610708164256,0.635537952657369,1.5326754298855956,0.0
forest,2.7760000000000002,1.0891619055418504,1.1108871624923637,0.6376751742144295,1.532035227004099,0.0
forest,2.7800000000000002,1.0935601704486673,1.1203230673408953,0.6398396969188846,1.5309828730971655,0.0
forest,2.7840000000000003,1.0979624208194882,1.126451461485904,0.6420269290040721,1.5295988753096332,0.0
forest,2.7880000000000003,1.1023846358094205,1.1284387353901768,0.6442083600971521,1.5282217663881243,0.0
forest,2.7920000000000003,1.1068846488666426,1.1304812193112386,0.646369198283944,1.527195144298783,0.0
forest,2.7960000000000003,1.1113728658886575,1.1325262896578112,0.6486160739652039,1.5260527024466097,0.0
forest,2.8000000000000003,1.115886428726928,1.134775801710734,0.6508616752623851,1.5249537820188412,0.0
forest,2.8040000000000003,1.1204225297834376,1.137339537143811,0.6545857071573666,1.5238919089012886,0.0
forest,2.8080000000000003,1.1250192410997237,1.1400393501312323,0.658973253029946,1.5229069131507502,0.0
forest,2.8120000000000003,1.1295576013092767,1.1429736175716978,0.6633219692167442,1.5218049385071222,0.0
forest,2.816,1.134037393174685,1.1459906746742186,0.6679355120891605,1.5205935007469884,0.0
forest,2.82,1.1385379523414818,1.1495212212602621,0.676319612238195,1.51950560309121,0.0
forest,2.824,1.1430165953855507,1.1540115505399515,0.6845490546049362,1.518406359181084,0.0
forest,2.828,1.1475127940475318,1.167595747707102,0.6925023359239428,1.516249747534999,0.0
forest,2.832,1.1519893282805291,1.1814415859238894,0.7003324114551042,1.5139919096185177,0.0
forest,2.836,1.1564592059780174,1.1955807196845676,0.7079222051113581,1.5115378259970345,0.0
forest,2.84,1.1608492166927316,1.2098880300313621,0.7152742724569549,1.5090132472437445,0.0
forest,2.844,1.1652873979091043,1.224496045075195,0.722484752645742,1.5063647833716085,0.0
forest,2.848,1.1697289086074356,1.2390808151119375,0.7306306251138113,1.5035184153658352,0.0
forest,2.852,1.1741726213158634,1.253975211734559,0.7393700372848296,1.5006713826456248,0.0
forest,2.856,1.1785397631299186,1.2689446301759535,0.7479982126719752,1.497404531092196,0.0
forest,2.86,1.182893084801213,1.283967106572007,0.756518995994754,1.4938349270841678,0.0
forest,2.864,1.187143935336053,1.2990013897362025,0.759665006563971,1.4901589818940741,0.0
forest,2.868,1.1913052294367268,1.3140695912243288,0.756946716294712,1.4881946715585288,0.0
forest,2.872,1.1954983440162712,1.3249053576482304,0.754002601818449,1.4983058947015198,0.0
forest,2.876,1.1996631560578705,1.332235530482682,0.7602651953440092,1.508287184148,0.0
forest,2.88,1.2038701844527417,1.339622483723681,0.7674695611138238,1.5182761397492466,0.0
forest,2.884,1.208063913822943,1.3468554769683303,0.7753067399608382,1.5280960008772362,0.0
forest,2.888,1.2122680120220912,1.3539905238413998,0.7833766902110956,1.5378621196468547,0.0
forest,2.892,1.216401087094416,1.3611453876093078,0.7906425621958322,1.547582558264243,0.0
forest,2.896,1.220432423573861,1.3680620688959064,0.7979673727142812,1.549403723854411,0.0
forest,2.9,1.2243926932770843,1.3747604037094643,0.8023807933564048,1.5503855289992154,0.0
forest,2.904,1.228328093112267,1.3801789046249755,0.8066447447516703,1.5512909294770914,0.0
forest,2.908,1.2322331287240553,1.3785121499851674,0.8107223628983414,1.55191510846658,0.0
forest,2.912,1.2360796074432518,1.3768893824824975,0.8145710519785707,1.5524018923338936,0.0
forest,2.916,1.239817857558163,1.3753199783520738,0.8182802274086499,1.552755109406781,0.0
forest,2.92,1.2434876813062412,1.373632100502252,0.8218198941937748,1.5570459794443674,0.0
forest,2.924,1.24705078165123,1.3720341792411388,0.8252431647433797,1.5712878665634078,0.0
forest,2.928,1.2505407552262549,1.3705077459312431,0.8285228052830764,1.585336163242451,0.0
forest,2.932,1.2538969141434149,1.3690370127483427,0.8316392818913755,1.5991882042171013,0.0
forest,2.936,1.2571098907323424,1.3677406558004346,0.8346273208220416,1.6127541729130244,0.0
forest,2.94,1.2601637983759764,1.3667206568259787,0.837434293739689,1.6261950598061228,0.0
forest,2.944,1.263123773440533,1.3658216796134721,0.8400578327947699,1.6388375948028617,0.0
forest,2.948,1.2660274702138867,1.364973978093624,0.842528515885852,1.6499930820733102,0.0
forest,2.952,1.2688310478323797,1.3638728364828034,0.8448144752921454,1.6609637218659639,0.0
forest,2.956,1.271563413110336,1.362509059860864,0.8473373316249015,1.6717549309434416,0.0
forest,2.96,1.2742373125888289,1.3608729846231573,0.8497517239781128,1.6824313301681635,0.0
forest,2.964,1.2768635265934603,1.35920419048447,0.8521086463061557,1.6925263780408386,0.0
forest,2.968,1.2794162848918917,1.3576696890338857,0.8542880835405837,1.7013183954462865,0.0
forest,2.972,1.2819521722022675,1.3561356483384588,0.8564450157603616,1.7100647944509544,0.0
forest,2.976,1.2844339233340551,1.3547200434284825,0.8584777522054616,1.7183421513260406,0.0
forest,2.98,1.2868835227275597,1.3536140910441232,0.8603628894518449,1.7260701165879717,0.0
forest,2.984,1.2892689918492823,1.3527312416537653,0.8621538368112982,1.7274406079235953,0.0
forest,2.988,1.2915985422359544,1.351881261764095,0.8638713762545001,1.729052437754826,0.0
forest,2.992,1.2938150719224355,1.350887329731659,0.8654415221174071,1.7301980510627342,0.0
forest,2.996,1.2959062058902782,1.3493778137818513,0.8673896236361354,1.7303926144472153,0.0
forest,3.0,1.2978623682850903,1.34749538836825,0.8695811626915088,1.729750026706188,0.0
forest,3.004,1.2997574657922626,1.3457801501779336,0.8717205113749711,1.7290659535459878,0.0
forest,3.008,1.3016408643535997,1.3440735755913038,0.8738913609581814,1.7284644941899754,0.0
forest,3.012,1.303526592318589,1.3422731957671155,0.8761497074736548,1.7279316627048236,0.0
forest,3.016,1.3053935871250641,1.3406154819354046,0.878300780819144,1.7269107415942027,0.0
forest,3.02,1.3071907091854782,1.3390851141216307,0.8805546904443358,1.724906298566585,0.0
forest,3.024,1.3089617763521324,1.3375517521627671,0.8829797716678748,1.7229806098256593,0.0
forest,3.028,1.3107371209649314,1.335923047979338,0.885273849536449,1.72104609602602,0.0
forest,3.032,1.3123333721500088,1.3315465059842626,0.8870355805645112,1.7191048256313342,0.0
forest,3.036,1.3138359206485246,1.3271966228752672,0.8884981038340102,1.7171080939794803,0.0
forest,3.04,1.3152208607610583,1.3227485108115986,0.8897241675872027,1.7201500194126833,0.0
forest,3.044,1.316527207713246,1.3182344158049344,0.892472733971629,1.7240841508604106,0.0
forest,3.048,1.3177935866272954,1.313656894388695,0.8978524739953136,1.7280090534055048,0.0
forest,3.052,1.3190556738803614,1.3089434871858754,0.9033451236857267,1.7317394508338624,0.0
forest,3.056,1.3203043205673377,1.3066240937726776,0.908888823908534,1.7353660201978927,0.0
forest,3.06,1.3215011980659095,1.3078601805272154,0.9143005750204878,1.7390117502192557,0.0
forest,3.064,1.3226316368161273,1.3092048308988073,0.9196008588846469,1.7372286661722822,0.0
forest,3.068,1.3237491336497453,1.310528820282513,0.9248285448867403,1.7386025272603027,0.0
forest,3.072,1.3248427852967168,1.3118693998612012,0.9300549956807138,1.7447072110971078,0.0
forest,3.076,1.3258783392759823,1.3131225026853546,0.9364875083128386,1.7507230921760668,0.0
forest,3.08,1.3268612742364514,1.314414885038875,0.9432173517398598,1.7563637065177815,0.0
forest,3.084,1.3278374526879686,1.3155352226866404,0.9498729754627411,1.7623378010531,0.0
forest,3.088,1.3287466251710536,1.3155831205168291,0.9565276179049573,1.7682273055748123,0.0
forest,3.092,1.3295947307852962,1.3146297251703432,0.9631296609624016,1.7738900120203227,0.0
forest,3.096,1.3305296245733114,1.3137253516956005,0.9697238512615798,1.779826864623257,0.0
forest,3.1,1.3314518214736872,1.313227398710942,0.9762582186666611,1.7855680779055576,0.0
forest,3.104,1.3322331018915956,1.3127822493402503,0.9826943070189905,1.7911125714120708,0.0
forest,3.108,1.333021683571246,1.3126945198644995,0.9891432519100309,1.7965463422127748,0.0
forest,3.112,1.3337834068715466,1.3126237554937994,0.9955214004032045,1.801454042767166,0.0
forest,3.116,1.3345307983660384,1.312334725340821,0.995763357275788,1.804903093509406,0.0
forest,3.12,1.335286664884174,1.3124838878005436,0.9953640393068696,1.8080232958617772,0.0
forest,3.124,1.3360527848377353,1.3129441603770204,0.9950223580981248,1.808073863359289,0.0
forest,3.128,1.3368239281772158,1.313483806700662,0.9947598653265995,1.8077646419231812,0.0
forest,3.132,1.3375750193147253,1.3133844227409512,0.9946038431646502,1.8078324782340909,0.0
forest,3.136,1.3383286080102754,1.3133227817697963,0.9944855686711926,1.8074025166446,0.0
forest,3.14,1.3390527200857816,1.3135655025397308,0.9944243529125847,1.8060560037889253,0.0
forest,3.144,1.3397315137009127,1.3139851120857329,0.9942932220494736,1.8045963085598857,0.0
forest,3.148,1.3404403879501223,1.314659555221692,0.9941312194541467,1.8034599813667378,0.0
forest,3.152,1.3411611451131262,1.3153359055301683,0.994200377010722,1.802649432891184,0.0
forest,3.156,1.3418915155065467,1.3163595138690423,0.9943120218876909,1.8023728299029393,0.0
forest,3.16,1.3426351492146598,1.3173012251536078,0.994537511760975,1.8024712083473289,0.0
forest,3.164,1.3433779840984612,1.3180269825502977,0.9946717486975722,1.8027762869952408,0.0
forest,3.168,1.3440352700383111,1.318796677336049,0.9950105500836843,1.802955511749637,0.0
forest,3.172,1.3447073828500866,1.319782758589381,0.9954045605652395,1.8029815611881503,0.0
forest,3.176,1.3454066518630776,1.3213075072298035,0.9958021500268854,1.803307805099451,0.0
forest,3.18,1.3460810861352495,1.3228564448281876,0.9962584429305564,1.8036391393344349,0.0
forest,3.184,1.3467528463668532,1.3243625763131313,0.9967434416355114,1.80430817862695,0.0
forest,3.188,1.3474414483753367,1.3256982199584098,0.9973217362921869,1.8055463627278454,0.0
forest,3.192,1.3480733533596607,1.3268301453645486,0.9982435689770274,1.806936217693894,0.0
forest,3.196,1.348697312517547,1.327991340622252,1.000708883453583,1.8086680381811906,0.0
forest,3.2,1.3492674671615608,1.3291550215904706,1.0031267275768856,1.810059187325416,0.0
forest,3.204,1.3498143807060576,1.3305826144750803,1.00109342274266,1.8113161349272944,0.0
forest,3.208,1.350305715147448,1.3320166430387368,0.9961708625295277,1.811964569783528,0.0
forest,3.212,1.350745857000096,1.3334540656400942,0.994401785630631,1.8124874855980684,0.0
forest,3.216,1.3512017511818142,1.335003264126279,0.9927390094636697,1.812980983393486,0.0
forest,3.22,1.3516701047517674,1.3367024402659848,0.9910645856598119,1.813505303459849,0.0
forest,3.224,1.3520714789660038,1.3384261412290468,0.9889521516301246,1.8141756344828814,0.0
forest,3.228,1.3524646218338026,1.3402405557955386,0.9864658737790319,1.8148928961946256,0.0
forest,3.232,1.3528642618283988,1.3423662055181245,0.9838215164149495,1.815637435916499,0.0
forest,3.236,1.3532782885006023,1.3446894773148443,0.9812703510502808,1.8161538169871705,0.0
forest,3.24,1.3537510891023647,1.3483550117892322,0.9787977963346801,1.8172904204478637,0.0
forest,3.244,1.3542210304072713,1.3541934827177546,0.9765760392207787,1.8186691533941555,0.0
forest,3.248,1.3546670832000332,1.360009279528158,0.9744187111836253,1.819972871136696,0.0
forest,3.2520000000000002,1.355102428463335,1.3658997659013645,0.9732130407950277,1.8213783894341935,0.0
forest,3.2560000000000002,1.3554823580529516,1.3718710349320449,0.9733656078597173,1.8226629000495778,0.0
forest,3.2600000000000002,1.3558758147946461,1.3779578274978546,0.9729882248540386,1.8248786120342841,0.0
forest,3.2640000000000002,1.3562624358613902,1.3828229603664735,0.9722859304962033,1.8275976010765782,0.0
forest,3.2680000000000002,1.356526116912121,1.3868514672431675,0.9711345116345782,1.8296646870304938,0.0
forest,3.2720000000000002,1.3567854696404498,1.3908550936553348,0.9698527325573733,1.8315833727178554,0.0
forest,3.2760000000000002,1.357008771571155,1.3948732188013109,0.9687522740474254,1.8325850323683857,0.0
forest,3.2800000000000002,1.3572563607837438,1.3967453322503394,0.9677260930426107,1.8334823764165604,0.0
forest,3.2840000000000003,1.357456880014078,1.3937600264476977,0.9666376300915097,1.8344453910908889,0.0
forest,3.2880000000000003,1.3576318579932587,1.3902360405640968,0.9658415434050814,1.8349559968729827,0.0
forest,3.2920000000000003,1.357758759744329,1.3866704815454094,0.9651088668073395,1.8354484888489413,0.0
forest,3.2960000000000003,1.3579471356069603,1.3832122554575195,0.9650814670760738,1.8362709513391455,0.0
forest,3.3000000000000003,1.3580946460556507,1.379780518148483,0.9671209160295872,1.834136763576279,0.0
forest,3.3040000000000003,1.3582394797048827,1.376353638464062,0.9691865720216346,1.831775546627672,0.0
forest,3.3080000000000003,1.3584188564058848,1.3729814559148905,0.9717183813525412,1.829455288792808,0.0
forest,3.3120000000000003,1.3586527706866176,1.3696072383564526,0.9742708734952283,1.8269524014459777,0.0
forest,3.3160000000000003,1.3588625192659456,1.3696362151690533,0.9766728006304046,1.8246442613294176,0.0
forest,3.3200000000000003,1.3590796647448395,1.370500846997306,0.9795039923357098,1.8224425028374402,0.0
forest,3.3240000000000003,1.359340261191379,1.3714417346392191,0.9822473639266208,1.8201300789662773,0.0
forest,3.3280000000000003,1.3596096546941578,1.3725526805517594,0.9849661667904606,1.8176792264121953,0.0
forest,3.332,1.3598827275117613,1.3737205561696726,0.9876163421387035,1.8154132544717425,0.0
forest,3.336,1.3601324669187398,1.3746546405951778,0.9903753237566736,1.812997859527461,0.0
forest,3.34,1.3603473667551644,1.375425798314815,0.993230617242011,1.8105301338148756,0.0
forest,3.344,1.3605136323268388,1.3761245988249016,0.9960795286948336,1.8081063474340207,0.0
forest,3.348,1.360744791294989,1.3769009641051064,0.9991122630056901,1.8056271852304022,0.0
forest,3.352,1.3609614944758521,1.377902383248804,1.0022992619422768,1.802098493816659,0.0
forest,3.356,1.3612123780659258,1.3788149446931992,1.0053807706294777,1.7970456505240326,0.0
forest,3.36,1.361415286648446,1.3796057354381952,1.0084306530251275,1.7919335716902554,0.0
forest,3.364,1.3616746394413224,1.3806744692253625,1.0116072872187212,1.786809840593433,0.0
forest,3.368,1.3619553950088568,1.3818092582307677,1.0146857634449427,1.7817223776040676,0.0
forest,3.372,1.3623152272534491,1.3831793028657682,1.0177043240302637,1.7771165271952183,0.0
forest,3.376,1.3626837668896896,1.3838910851724697,1.0209281341718428,1.7734021451185082,0.0
forest,3.38,1.3630165050764098,1.3844687629555734,1.024186387193747,1.7688375410828343,0.0
forest,3.384,1.3633314572882478,1.3850852888154401,1.0274608628129644,1.763630934173429,0.0
forest,3.388,1.3636232916292221,1.3857135086271128,1.0306561032952906,1.7584746088022374,0.0
forest,3.392,1.3638991654400667,1.3863559428400605,1.0352210253921637,1.7534667745123416,0.0
forest,3.396,1.3642251233980203,1.3872452571181446,1.040353643914775,1.7486920288836738,0.0
forest,3.4,1.3645973961150601,1.388190433331456,1.045596060631556,1.7437359018941774,0.0
forest,3.404,1.3650208104410193,1.38914301730295,1.050930867325389,1.739079033673535,0.0
forest,3.408,1.3654593274749682,1.3901540422088818,1.056395194027961,1.7343869790484925,0.0
forest,3.412,1.3659092735793155,1.3910634899906964,1.0618816035933871,1.7296717412997646,0.0
forest,3.416,1.3663810164014945,1.3921911422917717,1.066696717434739,1.725015545281644,0.0
forest,3.42,1.3668813977125025,1.3933427219443923,1.0720279884680353,1.7206159765264444,0.0
forest,3.424,1.3673685639684925,1.3946247251439805,1.0773490184068097,1.716313700473476,0.0
forest,3.428,1.3679622600093466,1.3960263751268214,1.0828606445660212,1.7120306254342363,0.0
forest,3.432,1.3685659049386665,1.397409130267068,1.0881385148014084,1.7080355823990627,0.0
forest,3.436,1.3691574840846057,1.3988336343113654,1.0934029854445355,1.7041847402865629,0.0
forest,3.44,1.3698236045887195,1.4000979195299526,1.098914735659307,1.7051033741317145,0.0
forest,3.444,1.370557803763237,1.4013123275957788,1.1026852598491375,1.71011891595975,0.0
forest,3.448,1.371393274536521,1.4025128296816538,1.107223548360045,1.7098383918834341,0.0
forest,3.452,1.3722156044588547,1.403701484033168,1.112496534809909,1.7081541854606765,0.0
forest,3.456,1.3730776652746994,1.4050352991973534,1.1151013070789892,1.7065770934230573,0.0
forest,3.46,1.373952143069452,1.4063971511253026,1.1176320963133577,1.7095079997577425,0.0
forest,3.464,1.3748756594469793,1.4066529806113701,1.1205522996367376,1.7132552509091192,0.0
forest,3.468,1.375882786953041,1.403005129039342,1.1235165323347684,1.71696068210168,0.0
forest,3.472,1.3769105139164979,1.3986644869291647,1.1263275570063855,1.7203302549736657,0.0
forest,3.476,1.3780550572424957,1.3944987977135017,1.1293306478366074,1.7239854631105278,0.0
forest,3.48,1.3791526576040751,1.3907086821950112,1.1324054448911605,1.7274184699052895,0.0
forest,3.484,1.380263511227676,1.3868858335954188,1.1355662842719247,1.7302291596203039,0.0
forest,3.488,1.3814183468296335,1.3829994065411682,1.1387203645595825,1.7298704794662783,0.0
forest,3.492,1.3825807157244787,1.3793321940731804,1.142047022974971,1.7281134099749371,0.0
forest,3.496,1.3838091542347515,1.3758877092674195,1.145381781257689,1.7273014274724299,0.0
forest,3.5,1.3851547435101446,1.3720769529280663,1.1487486965395937,1.7275487766425621,0.0
forest,3.504,1.3866247500782185,1.368090249166868,1.1521890761694884,1.7280097333601694,0.0
forest,3.508,1.388181692261003,1.3640884833494948,1.1557507439653192,1.7278182018907464,0.0
forest,3.512,1.3897342498088343,1.36028218471002,1.1593723981529744,1.7279069957809203,0.0
forest,3.516,1.3913251696237512,1.3566142178399345,1.1630302059187585,1.7294929276519049,0.0
forest,3.52,1.392921095031737,1.352488661795852,1.1680369620604054,1.731312656587804,0.0
forest,3.524,1.3945830827625965,1.3484095467542145,1.1734831199480287,1.7331332881641457,0.0
forest,3.528,1.3961972890156027,1.3490982868077368,1.1790688147412807,1.7348430237340002,0.0
forest,3.532,1.397803361348488,1.3506347846946054,1.1848092163767232,1.7360475581785888,0.0
forest,3.536,1.3993709104563097,1.3520437843620645,1.190656484027492,1.73557884676078,0.0
forest,3.54,1.400886827085563,1.353375524322364,1.1962768247304107,1.7328952304977896,0.0
forest,3.544,1.40245972601615,1.3548443690239127,1.1961462259045286,1.7300145136425933,0.0
forest,3.548,1.4041067655813895,1.360021966595835,1.1960265619096795,1.7259933919513593,0.0
forest,3.552,1.4058139645172039,1.3685827874489882,1.1959146659032631,1.7221923629084785,0.0
forest,3.556,1.407472586278717,1.3772075869553597,1.195834535799781,1.7179768848559822,0.0
forest,3.56,1.4092287562381995,1.3858625952200907,1.1958021670356007,1.7140997664465971,0.0
forest,3.564,1.410974569436924,1.3945901324964014,1.1958201195730993,1.7106561397898359,0.0
forest,3.568,1.4128687987093345,1.402979419556665,1.1958820292416836,1.7076263775130551,0.0
forest,3.572,1.41477732001164,1.4111182119092969,1.201251141431549,1.704024566720764,0.0
forest,3.576,1.4165685742134577,1.419709179372576,1.2075878431731486,1.700126609663553,0.0
forest,3.58,1.4183100494023875,1.4282639291935426,1.2139147410086566,1.6963004790646516,0.0
forest,3.584,1.4201172625248124,1.4367742780389183,1.2203704081565674,1.6938689437894534,0.0
forest,3.588,1.4220589812820612,1.445418528068073,1.2270348395218975,1.6953272134763577,0.0
forest,3.592,1.4240978960211277,1.4540543716392547,1.23369935679699,1.6972344452904986,0.0
forest,3.596,1.4262320325607027,1.4626788673077598,1.2402829898250598,1.6996826361501944,0.0
forest,3.6,1.4283657750727465,1.471282898691591,1.2397520276648104,1.7021426655628127,0.0
forest,3.604,1.4304597427189958,1.479838132038294,1.235400040978828,1.7038346719848467,0.0
forest,3.608,1.4324674948914624,1.488359958086626,1.2314259023507856,1.7051231218903933,0.0
forest,3.612,1.4345122819487242,1.4970076111223687,1.2276383577964078,1.7067146633726644,0.0
forest,3.616,1.4365556149976675,1.503317852332076,1.223997799438326,1.7084221124623014,0.0
forest,3.62,1.438561190100167,1.5047077984945596,1.2198865309152187,1.7101434370994724,0.0
forest,3.624,1.4406063164963592,1.5060601420110755,1.2158731611996494,1.7120840387711314,0.0
forest,3.628,1.442622317021745,1.5073287734059198,1.2117312832909848,1.713973091701317,0.0
forest,3.632,1.444634840110626,1.508762388309916,1.207743067401653,1.7153485576969245,0.0
forest,3.636,1.4466909756083297,1.510245178160952,1.2037746162768148,1.7198453361930648,0.0
forest,3.64,1.448739736503976,1.5119726605572854,1.2007225353466566,1.7242994463896473,0.0
forest,3.644,1.4507696816774485,1.513685603470829,1.1971266252953452,1.728636159168732,0.0
forest,3.648,1.4528533126226826,1.5154310048335478,1.194006179818421,1.7330000809157218,0.0
forest,3.652,1.4548418778853762,1.5168628952056586,1.1899320303207555,1.7374168860217882,0.0
forest,3.656,1.4567304289697993,1.5182616405462626,1.1858071635283736,1.7416791822866935,0.0
forest,3.66,1.45866732444197,1.5197483989457372,1.1817672119464706,1.74596671253004,0.0
forest,3.664,1.460592402460006,1.5213145197641589,1.1779672747397754,1.7501703477613229,0.0
forest,3.668,1.462562282450772,1.5229916381061355,1.1743731264496393,1.7545678664440274,0.0
forest,3.672,1.4644357419827474,1.524601188635529,1.1696854423525838,1.7570882535337398,0.0
forest,3.676,1.4662488872666173,1.52628440640894,1.1639294149225201,1.7583617599067973,0.0
forest,3.68,1.4680921964395162,1.5310865112344687,1.1583706988759268,1.759886410281562,0.0
forest,3.684,1.4698438936068414,1.538660868857491,1.1530249541575999,1.7611431713517105,0.0
forest,3.688,1.4716239862495544,1.5461936869456565,1.1479567315822723,1.7612590349434967,0.0
forest,3.692,1.473248426982495,1.5532911088158499,1.1431411635197317,1.7608525698525208,0.0
forest,3.696,1.4748401324660156,1.560017526478965,1.1385411395609553,1.760321554002516,0.0
forest,3.7,1.4764562245885897,1.5666546980687206,1.1339240998275009,1.7679805515458094,0.0
forest,3.704,1.477994525862694,1.5730916314683574,1.1294068464672247,1.7695462882340434,0.0
forest,3.708,1.4794278841413426,1.5792993346196806,1.1241213008551068,1.77034504772281,0.0
forest,3.712,1.480858979271853,1.5850721912804016,1.1187804995903747,1.770866803305986,0.0
forest,3.716,1.4822453089720216,1.5904050495376694,1.1136454910503721,1.769468385327009,0.0
forest,3.72,1.4836091471318353,1.5955050310347345,1.1084520823314548,1.7687241281137105,0.0
forest,3.724,1.4849023585601786,1.6003749057785703,1.1033577366386385,1.7691132957087727,0.0
forest,3.728,1.4861408216680054,1.6049775299033602,1.0997700866331075,1.769095366714206,0.0
forest,3.732,1.4873468904909504,1.6093472667471884,1.09796337566941,1.7689399316931236,0.0
forest,3.736,1.4884254606527,1.6131820730356714,1.09583307539726,1.7688758990798132,0.0
forest,3.74,1.4894023405526808,1.6158386855850395,1.0931111309216464,1.7686940807696006,0.0
forest,3.744,1.4903665281806682,1.617328223132236,1.090026132096038,1.7683702468973261,0.0
forest,3.748,1.4912251306145914,1.6188054599926107,1.0859661003738146,1.768165003554393,0.0
forest,3.7520000000000002,1.4920562482872681,1.6202558713119801,1.0817489192624616,1.7678462167808158,0.0
forest,3.7560000000000002,1.492868452247883,1.6217292906975764,1.0780042053103767,1.7677563063624653,0.0
forest,3.7600000000000002,1.4935584120742853,1.6232084575428454,1.0742495518413666,1.7675248410419313,0.0
forest,3.7640000000000002,1.4942934267119912,1.6246571786785462,1.0707220020223138,1.7674842364660812,0.0
forest,3.7680000000000002,1.4949553913616798,1.6260860657965566,1.067346793276244,1.7676974330800166,0.0
forest,3.7720000000000002,1.4956063524175671,1.6275620448709849,1.0640979301053175,1.76832214042729,0.0
forest,3.7760000000000002,1.4963363958283487,1.6290168030603456,1.0612337945155328,1.769424449853928,0.0
forest,3.7800000000000002,1.497170725477143,1.630452821910883,1.0590415849629,1.7704710937593025,0.0
forest,3.7840000000000003,1.4978806215752312,1.6318657141652841,1.0572944579159724,1.771661031583233,0.0
forest,3.7880000000000003,1.498402673034775,1.6332943760363243,1.0556758698664697,1.772209344419091,0.0
forest,3.7920000000000003,1.4989758517377196,1.634720593768225,1.0530924610522052,1.772661476162634,0.0
forest,3.7960000000000003,1.499518309295779,1.636101289306217,1.0485637848871592,1.7733511838665246,0.0
forest,3.8000000000000003,1.5000895668284193,1.6329688803902074,1.0454023977006153,1.7741654458750826,0.0
forest,3.8040000000000003,1.5006798061359876,1.6296998644124758,1.0439695672576343,1.7746712796370192,0.0
forest,3.8080000000000003,1.5012752165365861,1.626347781635822,1.0424979268380365,1.7752621819363499,0.0
forest,3.8120000000000003,1.501898816612775,1.6264819662800343,1.0417351653530722,1.7758891310790543,0.0
forest,3.8160000000000003,1.5025637724823753,1.627159618323514,1.0414331998160233,1.77646573616307,0.0
forest,3.8200000000000003,1.5032507384818372,1.627987238613534,1.041563796627969,1.7768575776472386,0.0
forest,3.8240000000000003,1.5038784708289392,1.6289137038389798,1.0414474880691809,1.7771396350297908,0.0
forest,3.8280000000000003,1.5044717597992103,1.629981463250573,1.0413703980722642,1.7766026087357356,0.0
forest,3.8320000000000003,1.5051163641926846,1.6311566286042742,1.0409780265602102,1.7765799550537196,0.0
forest,3.8360000000000003,1.5057925738505464,1.6324095095237872,1.0405883266241691,1.7768623264456316,0.0
forest,3.84,1.506620435611204,1.6338067895000767,1.0403425111356432,1.7776317604525733,0.0
forest,3.844,1.507479273746357,1.6352799079550655,1.0403448393770656,1.7774875935226224,0.0
forest,3.848,1.5082227745363086,1.6367278819050564,1.0404873315664227,1.781090384926756,0.0
forest,3.852,1.5089696162773547,1.6382098445964073,1.0407252956540354,1.7862401747473182,0.0
forest,3.856,1.5097073463081676,1.639839092275114,1.0408501265553673,1.791393750906347,0.0
forest,3.86,1.5104595071885176,1.6415441829193718,1.0409406391888085,1.796636574925236,0.0
forest,3.864,1.511194625738618,1.6433396986592927,1.041008194493569,1.801940288080423,0.0
forest,3.868,1.5119765687080977,1.6452237031095018,1.041132696462185,1.8072646876296932,0.0
forest,3.872,1.51277154396059,1.6472289093170263,1.0413548900727223,1.8125499856062386,0.0
forest,3.876,1.5135474798863766,1.6493233710064978,1.041628209970283,1.8179458075951076,0.0
forest,3.88,1.5143161782490564,1.650549894483111,1.041971954215576,1.8234079093813824,0.0
forest,3.884,1.515127976690912,1.6477889999354778,1.04238571035652,1.8288481291368073,0.0
forest,3.888,1.515953083492382,1.645043306914036,1.042875374337159,1.834262821888293,0.0
forest,3.892,1.5167610516879306,1.6421070881081037,1.0433700911593995,1.839695913407891,0.0
forest,3.896,1.5175785432505084,1.6392798102826833,1.0440305787393367,1.8450864351435832,0.0
forest,3.9,1.5184332245658783,1.6367609644128884,1.0447954283566434,1.8504725663620716,0.0
forest,3.904,1.519278792498755,1.6349387540618494,1.0454856079816934,1.8559403691328766,0.0
forest,3.908,1.5200702929962926,1.6334267350199156,1.0463219495172242,1.8614054026792881,0.0
forest,3.912,1.5208233600696548,1.6358536925181653,1.0472479718326828,1.8668360766202348,0.0
forest,3.916,1.5216234807410374,1.63863780796902,1.0482290474564575,1.8721949086976453,0.0
forest,3.92,1.5224652552434015,1.6416602175974413,1.049200943594352,1.8775089261659033,0.0
forest,3.924,1.5233500570523222,1.644911653342132,1.0501038698935723,1.8827941837808366,0.0
forest,3.928,1.5242742303161236,1.6481996250062205,1.051092467801732,1.8880451610237703,0.0
forest,3.932,1.5252621341086008,1.6513536965689695,1.0521593326903522,1.8932981005752882,0.0
forest,3.936,1.526026749558395,1.65321838514431,1.0532155652417166,1.8982138999343083,0.0
forest,3.94,1.5267773709282453,1.655447838815408,1.0542915672866304,1.9003098509433676,0.0
forest,3.944,1.5276009976307545,1.658409909593364,1.0554849087500873,1.9024450295852229,0.0
forest,3.948,1.5284832123832088,1.66133246087893,1.056840834349255,1.9045073827794594,0.0
forest,3.952,1.5293556009184566,1.6643912430496959,1.0582227307711276,1.9060879008476939,0.0
forest,3.956,1.5302073306438913,1.6674617690161058,1.0596415702198434,1.9074742281254196,0.0
forest,3.96,1.531015561235699,1.6705880184133857,1.0610658455564392,1.9088842226894875,0.0
forest,3.964,1.5317783630151447,1.6737725170814255,1.0625079299119295,1.9101542142393657,0.0
forest,3.968,1.5324098040385392,1.676673451616629,1.0639758505702266,1.914543133555167,0.0
forest,3.972,1.5330591808623084,1.680083893191074,1.0654730258716287,1.9220240740859338,0.0
forest,3.976,1.5336859137076764,1.6832999981147534,1.0669817682433729,1.929356056487225,0.0
forest,3.98,1.5343170958749197,1.6863851333426914,1.0685743747882834,1.9363855694281045,0.0
forest,3.984,1.5349414165166666,1.6895432921813238,1.0702102504993298,1.9431795465674122,0.0
forest,3.988,1.5356942213338132,1.6931810561114906,1.0718312749771872,1.9499577704794953,0.0
forest,3.992,1.5364415217306748,1.6942720813456504,1.073526396295036,1.9567212815074753,0.0
forest,3.996,1.5371687411349646,1.6953148797228876,1.075309319742527,1.9635679709679723,0.0
forest,4.0,1.5378411645612178,1.6962368323970816,1.0772117768187677,1.9701199399627214,0.0
forest,4.0040000000000004,1.5385021327068393,1.6969491262867553,1.0791172518908871,1.9762251741037589,0.0
forest,4.008,1.539116527427208,1.6974456825351572,1.0809389241112233,1.9820852952631618,0.0
forest,4.0120000000000005,1.5398154363241556,1.6979173165424162,1.0828818294422655,1.9879130670151344,0.0
forest,4.016,1.5404558132061152,1.6982602478254982,1.0848815217639132,1.9934623767451316,0.0
forest,4.0200000000000005,1.5411134030431675,1.6983451114752972,1.0868247863191092,1.999284292021133,0.0
forest,4.024,1.5417588780075435,1.6983613628290484,1.0888199566948142,2.00542294590817,0.0
forest,4.0280000000000005,1.5422166489026345,1.6983120493192705,1.0908767225735825,2.0112236682270246,0.0
forest,4.032,1.5426828302400604,1.6981068089505227,1.092913234462607,2.016679264301728,0.0
forest,4.0360000000000005,1.543136065451391,1.6976371850404028,1.094990966914481,2.022231694175852,0.0
forest,4.04,1.5435007871031785,1.6969488027028312,1.0970883314128095,2.027570358928302,0.0
forest,4.0440000000000005,1.5437864461039241,1.6962488118692376,1.0991731997161884,2.031892096624927,0.0
forest,4.048,1.5440797689263754,1.6954257126839916,1.1013000995173168,2.0362236741963677,0.0
forest,4.0520000000000005,1.5443553518558617,1.6945002224543186,1.1034714158687167,2.0406666833641873,0.0
forest,4.056,1.5446195479449343,1.6936397107197423,1.1056662715128112,2.04510547207012,0.0
forest,4.0600000000000005,1.5448508391550315,1.6926749129397678,1.1079010243867538,2.0497641336952763,0.0
forest,4.064,1.5451330015874005,1.691735649490818,1.110146701246301,2.054255943409987,0.0
forest,4.0680000000000005,1.5454338223951396,1.690845460423225,1.112428481482342,2.058535111960199,0.0
forest,4.072,1.5457940130505612,1.6899874459992363,1.11469986877114,2.062834784429575,0.0
forest,4.0760000000000005,1.546139744597314,1.6891279333389808,1.1169704143662045,2.066521615867509,0.0
forest,4.08,1.5465011009794147,1.6881507507054145,1.1192443965863421,2.0688807484284935,0.0
forest,4.0840000000000005,1.5469373950825838,1.6870301344538499,1.1215236930765367,2.071178169806467,0.0
forest,4.088,1.5473618408104837,1.6858210981441943,1.123809515802336,2.070272487467772,0.0
forest,4.0920000000000005,1.547825549166164,1.684488962575541,1.1260956931551385,2.0688427958859865,0.0
forest,4.096,1.5483274132455758,1.6833052428370947,1.128360409389879,2.0674113583046223,0.0
forest,4.1,1.5486573900736098,1.6822220048217156,1.1306313375851358,2.0659902168295847,0.0
forest,4.104,1.5488100643663958,1.6807508341922524,1.1329228956734207,2.064590972644987,0.0
forest,4.108,1.549008180059824,1.679308422275739,1.1351927951513645,2.0630674023605335,0.0
forest,4.112,1.5493875708442986,1.6777205809218743,1.1374738186129099,2.061579700407665,0.0
forest,4.116,1.5499512548374557,1.6762404817447085,1.1397560660722965,2.0602913191690377,0.0
forest,4.12,1.550637457997395,1.6747961389572117,1.1420071199775066,2.059297670659835,0.0
forest,4.124,1.5511957402699232,1.6736669311364647,1.1442581967337189,2.058648080844903,0.0
forest,4.128,1.5520818148571387,1.6727041418629018,1.1464015225636777,2.0588096630727972,0.0
forest,4.132,1.553062398023654,1.671504877750584,1.1484703880124114,2.0589899652692027,0.0
forest,4.136,1.5540627158799365,1.6707207922798717,1.1506379421865702,2.0591973137532946,0.0
forest,4.14,1.5550259195563712,1.6748822175523639,1.152742867094279,2.0595313226208556,0.0
forest,4.144,1.555910014247345,1.6790265673758369,1.1545739254886673,2.0599684600164183,0.0
forest,4.148,1.5570630675190023,1.6831339041018185,1.1566264047340997,2.060689885594646,0.0
forest,4.152,1.5586190828979534,1.6872480854939376,1.1589714640903115,2.061305281301079,0.0
forest,4.156,1.5604184275491315,1.691375858268214,1.161288291614938,2.0621798485119096,0.0
forest,4.16,1.5621315678785677,1.6952546520222835,1.1635806153843842,2.063375029046578,0.0
forest,4.164,1.5636999239496008,1.6990793562844837,1.1658742586234028,2.0649499322482106,0.0
forest,4.168,1.5654188318489763,1.7028253541051703,1.1681079378986567,2.06688800144949,0.0
forest,4.172,1.5672214414524084,1.7064335690538472,1.1701368509289767,2.068926228682489,0.0
forest,4.176,1.5690593646998239,1.7098606742157012,1.1721839536330056,2.0709579331301433,0.0
forest,4.18,1.5710178503830374,1.713328267021769,1.1742010743513411,2.072687390537201,0.0
forest,4.184,1.5730515321230376,1.7166390028938647,1.1760882573631148,2.074586072942803,0.0
forest,4.188,1.5749804038742599,1.7198455310429634,1.1779019702323454,2.0754448404066825,0.0
forest,4.192,1.576614965128801,1.7230166676006506,1.1795153261988298,2.0761658075830405,0.0
forest,4.196,1.5782901242245837,1.7260909940823783,1.1810188622201507,2.0772344630648387,0.0
forest,4.2,1.580025768106877,1.728975004585775,1.1823230159266611,2.0784594560124496,0.0
forest,4.204,1.5818389664166175,1.7316753912719576,1.1835068290168391,2.0793766311931714,0.0
forest,4.208,1.5837124506620923,1.7343486332531393,1.1845853454652948,2.080765855395163,0.0
forest,4.212,1.585607935777063,1.7368778285826625,1.1856686228803814,2.081464053727138,0.0
forest,4.216,1.5876057330599025,1.7392825756947468,1.187861550289648,2.0814290062593246,0.0
forest,4.22,1.5895958496289695,1.7415713940942044,1.1903766188404317,2.0814760762004916,0.0
forest,4.224,1.591619948004648,1.7436649215715727,1.1925899707753267,2.0815084756326656,0.0
forest,4.228,1.5934251552973664,1.7456534842316052,1.1947840380079024,2.082482657228402,0.0
forest,4.232,1.595249839235739,1.7473494053164034,1.1968018169299917,2.0841510472111113,0.0
forest,4.236,1.5969935046673789,1.7490284155486262,1.199169029294733,2.085638965579885,0.0
forest,4.24,1.5987765484683794,1.7506430026649558,1.2016540376460754,2.086432803155885,0.0
forest,4.244,1.6006699798977764,1.7523169196939925,1.2043773564758236,2.086605956552322,0.0
forest,4.248,1.6026481917012272,1.7538048820550445,1.207441840523793,2.0869011529191064,0.0
forest,4.252,1.6047227117608505,1.7552021716915758,1.2109104458248832,2.0861880166715174,0.0
forest,4.256,1.6067643959990363,1.756330899156961,1.2143739096550923,2.0855254909590477,0.0
forest,4.26,1.6088170408028184,1.7572515176450638,1.2178244295116134,2.0847509273280673,0.0
forest,4.264,1.6105115764886342,1.758077198264999,1.2210767197301657,2.0841145684881606,0.0
forest,4.268,1.6122095477716027,1.758632735771888,1.2242726534672177,2.083621300777649,0.0
forest,4.272,1.613870021699141,1.7590732874715722,1.2274554899766306,2.083184161208541,0.0
forest,4.276,1.615524865047893,1.7594753651765793,1.2307160989581973,2.0826029060348166,0.0
forest,4.28,1.6171577641630577,1.7596113317014472,1.2342243556519759,2.0819890900838427,0.0
forest,4.284,1.6187831990664656,1.759568171392627,1.2377544886737495,2.081358879771715,0.0
forest,4.288,1.620446764450898,1.75954431157203,1.2412758844649041,2.080760261885996,0.0
forest,4.292,1.6220472394615253,1.759446812105841,1.2447463410573378,2.080092605092209,0.0
forest,4.296,1.6236122972070315,1.7594803794823088,1.2482423009084662,2.0793089497235355,0.0
forest,4.3,1.625239013880951,1.7593777219296323,1.2519928766903679,2.078478077879481,0.0
forest,4.304,1.6268805574767549,1.7592999779213554,1.2556929697926469,2.077518517596002,0.0
forest,4.308,1.6285265430695592,1.7590823624822989,1.2604029048041683,2.076540110513625,0.0
forest,4.312,1.6301090777619804,1.7588407398969146,1.2661899644269696,2.075437735171113,0.0
forest,4.316,1.631671458212401,1.7585199854000049,1.2719331012376105,2.0744029021997177,0.0
forest,4.32,1.6332354978887427,1.7582089046789124,1.2774843643951912,2.0708020601905446,0.0
forest,4.324,1.6348902148646995,1.7579293600290051,1.2829771858382837,2.066202986488894,0.0
forest,4.328,1.636610399700603,1.7575565564054774,1.2884606501901068,2.061966347168201,0.0
forest,4.332,1.6384022508998555,1.7574155122557982,1.2938678303327356,2.057859834278408,0.0
forest,4.336,1.6402123610274415,1.7574918574951885,1.29916279531628,2.0539326870836905,0.0
forest,4.34,1.6409839975724985,1.757609466455275,1.3043835011613427,2.049983137898498,0.0
forest,4.344,1.6416128443640396,1.7575862554618307,1.309455567621535,2.046082029014548,0.0
forest,4.348,1.6422061378998418,1.757377127424443,1.31435155299244,2.04201507434435,0.0
forest,4.352,1.6427278776402445,1.7575052915189322,1.319187923846485,2.037803468007141,0.0
forest,4.356,1.6431950360346153,1.7574500969479911,1.3238173901889172,2.0335327216671546,0.0
forest,4.36,1.6436869196127788,1.757833999915211,1.3163343301029942,2.029186431291339,0.0
forest,4.364,1.6441937021815505,1.7580602640807614,1.3150401257554023,2.024903549113406,0.0
forest,4.368,1.6447156154476672,1.7583961153772611,1.31514462503841,2.0205019196723595,0.0
forest,4.372,1.6452749707136267,1.7587014714745726,1.3151111987828772,2.0160898581890985,0.0
forest,4.376,1.6457387692254664,1.758911471588641,1.3150494525381733,2.011708194835571,0.0
forest,4.38,1.6460660920105323,1.7589162383553387,1.314944997704442,2.0072751831422377,0.0
forest,4.384,1.6464181012185997,1.7590864888482314,1.314831541796602,2.002716867307448,0.0
forest,4.388,1.6467034612127989,1.758176295772738,1.3166893831707105,1.9981662293244482,0.0
forest,4.392,1.6471401108495183,1.757714075369067,1.3195480408663478,1.9937400600571116,0.0
forest,4.396,1.6477119096929869,1.7579769783209733,1.3222170042320105,1.9894241608884162,0.0
forest,4.4,1.6482273402475012,1.7587915502295077,1.3248173469339426,1.9849004758709796,0.0
forest,4.404,1.648789936495706,1.7598829606020028,1.3271726012414984,1.980395239789509,0.0
forest,4.408,1.6494951769914894,1.7611040289994242,1.329294578812279,1.9759949439033258,0.0
forest,4.412,1.6503376184994394,1.76240925139733,1.331408256730145,1.9716767824286245,0.0
forest,4.416,1.6512142670439338,1.7638243502341397,1.3335210361862477,1.967274280426224,0.0
forest,4.42,1.652076616763227,1.7654434209107766,1.3351646069086789,1.9628496157494326,0.0
forest,4.424,1.652948044860377,1.76714732590249,1.3366699059300902,1.961914653669761,0.0
forest,4.428,1.6537958332385432,1.768821913126585,1.3380065977335862,1.9617573916585629,0.0
forest,4.432,1.6545630132217597,1.7702414690256558,1.3392831320477478,1.9615230916315665,0.0
forest,4.436,1.6551979803248766,1.7707247384269498,1.3402700665151004,1.9610366702063733,0.0
forest,4.44,1.6555816371168792,1.7708683568511128,1.3410860020114552,1.9603902499208137,0.0
forest,4.444,1.6560601806848432,1.7719706005865128,1.3415887610221051,1.9597289754143885,0.0
forest,4.448,1.6564954875189581,1.773380407235345,1.3418803394677217,1.9589776824695229,0.0
forest,4.452,1.656770340077839,1.7747585780055528,1.3417749254030795,1.9580834180873485,0.0
forest,4.456,1.656965989951368,1.7759468467184394,1.3412946343932797,1.9570245899617296,0.0
forest,4.46,1.6572545709837736,1.777713399129187,1.340560282647598,1.9558849566809549,0.0
forest,4.464,1.6574846472424496,1.7799620305352613,1.3396763103177467,1.9546008855785568,0.0
forest,4.468,1.6575408488907204,1.780865900232658,1.3386834488123134,1.9532327584638476,0.0
forest,4.472,1.6574887758113284,1.7801403630471284,1.3384061665719638,1.9519009729025278,0.0
forest,4.476,1.6573573249243938,1.7794700473654395,1.338494428232314,1.9505217499054412,0.0
forest,4.48,1.657026089493184,1.7785142883970715,1.3374821517437565,1.9493556439857032,0.0
forest,4.484,1.6567628608280607,1.778929078569878,1.3360981353579098,1.94766912777688,0.0
forest,4.488,1.6565752812176888,1.7793556762475529,1.335068992950649,1.9460048250457982,0.0
forest,4.492,1.6564874164736196,1.7797220672737708,1.3342377701148245,1.9441451585539802,0.0
forest,4.496,1.6564397088101035,1.780541379174847,1.3330530840252117,1.9422449483714455,0.0
forest,4.5,1.656387537632045,1.781119281397394,1.3317567915461626,1.9403503678392706,0.0
forest,4.5040000000000004,1.6563011673833397,1.7815823767001973,1.330135864976985,1.9384000409235194,0.0
forest,4.508,1.6562083622739503,1.7819942698780684,1.3286528339465233,1.9362629091514354,0.0
forest,4.5120000000000005,1.6561414912369934,1.7823193153657693,1.3271520355935922,1.9340618818986026,0.0
forest,4.516,1.6560680538414698,1.7823093091439022,1.3255345729396106,1.931734716865248,0.0
forest,4.5200000000000005,1.6559856516636018,1.7823185244184923,1.3238771911160778,1.9293394723256894,0.0
forest,4.524,1.6558787347944495,1.7825164416178674,1.3244180303704685,1.926932971023955,0.0
forest,4.5280000000000005,1.6557846775575538,1.7825550095646858,1.3317959909832944,1.9268300006695962,0.0
forest,4.532,1.6556841044176487,1.7827307396948564,1.3394036299069285,1.9292910486485173,0.0
forest,4.5360000000000005,1.6555975137183299,1.7830413956009021,1.34733105033428,1.9317003742941665,0.0
forest,4.54,1.6554704169512704,1.7830815241459268,1.3555543722008663,1.9339983920401118,0.0
forest,4.5440000000000005,1.6553648029656594,1.783259704062964,1.354171588732347,1.9363884053258669,0.0
forest,4.548,1.6552130661899997,1.7830931093131646,1.3514494292192598,1.9389156344392553,0.0
forest,4.5520000000000005,1.6550647369351992,1.782861973521104,1.3487021800544363,1.941386057629095,0.0
forest,4.556,1.654842463279707,1.7828972609889158,1.3457999764046324,1.9436439956708746,0.0
forest,4.5600000000000005,1.6545104553938763,1.783004837743706,1.342653886094764,1.945687728185258,0.0
forest,4.564,1.6540134243203526,1.7829139417428648,1.339407531411079,1.9479328468244212,0.0
forest,4.5680000000000005,1.6534581206196255,1.7828481018017919,1.336119751695177,1.9501090730216653,0.0
forest,4.572,1.6528937082636794,1.782868619472688,1.3327633887645076,1.9520648738615551,0.0
forest,4.5760000000000005,1.6514717040193017,1.7829845083602647,1.3292707426414931,1.9538727620121144,0.0
forest,4.58,1.650046569217214,1.78303268587658,1.3256780527483927,1.955833572466362,0.0
forest,4.5840000000000005,1.6486187442196378,1.7828167113526707,1.3219841995860928,1.957891630331591,0.0
forest,4.588,1.6471574132596913,1.781734077102304,1.318138508031726,1.9597170014608953,0.0
forest,4.5920000000000005,1.6456772354223304,1.7808472659372785,1.3142656831972426,1.9614573486389792,0.0
forest,4.596,1.6441212143290211,1.7800821730944967,1.3104027727997365,1.963143791090326,0.0
forest,4.6000000000000005,1.6425570350895211,1.7794030338041533,1.3067433246440856,1.96453817806287,0.0
forest,4.604,1.6410014577696486,1.7788591889381484,1.304143364570248,1.966202043884369,0.0
forest,4.6080000000000005,1.6395177102841227,1.780023981364303,1.3014980925290451,1.9679267980219435,0.0
forest,4.612,1.6380305515343925,1.7824111141938657,1.2987214902017086,1.969543742186327,0.0
forest,4.616,1.636520289817959,1.7849050996562696,1.2958972045045047,1.9709074666136788,0.0
forest,4.62,1.6349679173471194,1.787530775721633,1.2929661055829507,1.9721268024921876,0.0
forest,4.624,1.6334347890070582,1.7900577605930135,1.28993552106708,1.9733829867662531,0.0
forest,4.628,1.631843221369612,1.7896566801321767,1.286827025571041,1.9740995852650176,0.0
forest,4.632,1.630225565459383,1.7890204786052655,1.2836508526981627,1.973269453706758,0.0
forest,4.636,1.6286121994507983,1.7881328376398404,1.280382347946997,1.9725380399457988,0.0
forest,4.64,1.626972770113602,1.7867097054216319,1.2770212256367648,1.9717255873913946,0.0
forest,4.644,1.625359383176742,1.785214482490701,1.2735783846855604,1.9708474271765957,0.0
forest,4.648,1.6237688040988671,1.7837456863823147,1.2700859797698045,1.9689348419699328,0.0
forest,4.652,1.6221785803622013,1.7823039193998307,1.26648982384862,1.9667370422126655,0.0
forest,4.656,1.6206693664892995,1.780888254789614,1.2628299922673336,1.9645544637493786,0.0
forest,4.66,1.619242076707393,1.7794868260923211,1.2590708013528997,1.9625401365202624,0.0
forest,4.664,1.6177891168624758,1.7783367733035371,1.255215861593344,1.9602605179207064,0.0
forest,4.668,1.6163416628123826,1.777300960097695,1.2512689917182767,1.9563689164626317,0.0
forest,4.672,1.6150019322017921,1.7762941946072432,1.2472593830080352,1.9525838079804354,0.0
forest,4.676,1.6137693414288932,1.7750991982015933,1.2432117136370358,1.9488977019254032,0.0
forest,4.68,1.6124089963017727,1.7738674909725622,1.2390791068401723,1.9451780563210788,0.0
forest,4.684,1.6103577363870798,1.7728090055030987,1.2348779125403302,1.941532998187606,0.0
forest,4.688,1.6082828896849382,1.772158294992118,1.2306364366284768,1.9379900727874204,0.0
forest,4.692,1.6062399486350891,1.77148951168332,1.2262857904892581,1.934532096944018,0.0
forest,4.696,1.6041185372658837,1.770807907021101,1.2217899190379908,1.930794482290364,0.0
forest,4.7,1.6019551226292843,1.770165877542667,1.2171370743686163,1.926888906382545,0.0
forest,4.704,1.5997703558586729,1.7693440244593668,1.2124850346743465,1.9230299887847055,0.0
forest,4.708,1.5975601779800093,1.768719629108598,1.2078692240117226,1.9191661086019967,0.0
forest,4.712,1.5952768139955187,1.7684415500793826,1.2032827102447616,1.9153444936823014,0.0
forest,4.716,1.5930196916769783,1.7681606109395283,1.1987516049153921,1.9114898412711059,0.0
forest,4.72,1.590794799010231,1.76819502053479,1.1941337521542428,1.9076047995122631,0.0
forest,4.724,1.5886896686097673,1.767118042694935,1.1894410980359837,1.9040077298655773,0.0
forest,4.728,1.5865977234328263,1.7656209735522814,1.1847030201461972,1.9060039426247777,0.0
forest,4.732,1.584519747985609,1.7640918789241966,1.179986225906358,1.908047883352341,0.0
forest,4.736,1.5825138297175358,1.762632889886472,1.1751885995902662,1.9099623768589773,0.0
forest,4.74,1.5804864300642432,1.761092822910176,1.170434019955029,1.9121027774554964,0.0
forest,4.744,1.5784100418067015,1.7591300993331556,1.1657639786291374,1.9141409038266586,0.0
forest,4.748,1.576311937107281,1.7562034998821527,1.16121548300022,1.9163692816426598,0.0
forest,4.752,1.5741188870340062,1.7524831009370143,1.1567618812186684,1.9185880025655615,0.0
forest,4.756,1.571962038926722,1.7486123940438962,1.1524025662657214,1.920846770030741,0.0
forest,4.76,1.5698770177373578,1.7446539215120396,1.1480681707418043,1.9229264234366228,0.0
forest,4.764,1.5678860975692035,1.7407785440304795,1.1437744100061402,1.9251121188252331,0.0
forest,4.768,1.5659826738201912,1.7368681365280905,1.1395954715280663,1.9274543218168276,0.0
forest,4.772,1.564099686490825,1.7329719823087146,1.1354252946274925,1.9298974431668492,0.0
forest,4.776,1.5622347971920243,1.7294727425834173,1.131266900847442,1.9324692471718143,0.0
forest,4.78,1.5604568341275624,1.7265587525689794,1.1270298901660376,1.93509013696588,0.0
forest,4.784,1.558739516455868,1.7237905200789212,1.1228637573959181,1.937744712416757,0.0
forest,4.788,1.5570265531232472,1.7210779440715553,1.1188181461121305,1.9404495380318956,0.0
forest,4.792,1.5553250327879051,1.7182590065557657,1.1149230606289302,1.9432257151136056,0.0
forest,4.796,1.5536701740113994,1.7188046090771487,1.1111257777598196,1.9461048509839298,0.0
forest,4.8,1.5519813565680471,1.7197872105883758,1.1073673958666512,1.94903682583409,0.0
forest,4.804,1.5504011920889609,1.7208157571000073,1.103641765152604,1.951368175777033,0.0
forest,4.808,1.5488637446754554,1.7218680622719007,1.0999958490698898,1.9536874791761667,0.0
forest,4.812,1.54729239428203,1.7230192941175453,1.0961955679000763,1.9558277746088644,0.0
forest,4.816,1.5457141340410625,1.724269014646031,1.0923620722640663,1.956448138241642,0.0
forest,4.82,1.5441899456652624,1.7259245711439224,1.088528774397891,1.955914729242044,0.0
forest,4.824,1.5425995436236795,1.727156841470329,1.0846420782467099,1.9553901860617962,0.0
forest,4.828,1.5411218827329929,1.7275743473540213,1.0811154124742737,1.9550771390385626,0.0
forest,4.832,1.5398114710981126,1.727978320175513,1.0773618401460854,1.9544823868885253,0.0
forest,4.836,1.5385048126287786,1.728658060114264,1.0736464603509355,1.9539803008077348,0.0
forest,4.84,1.537167286788363,1.7296857190436596,1.070019486643688,1.9535666188268417,0.0
forest,4.844,1.535876675197601,1.73110541557415,1.0665307746465928,1.9533695427092697,0.0
forest,4.848,1.5346313681406651,1.728305057767066,1.0629176949451993,1.9532050359047375,0.0
forest,4.852,1.5333901716637466,1.7249404650124593,1.059522962289494,1.953248433108718,0.0
forest,4.856,1.532230934566654,1.721679778293145,1.056010526370093,1.9533988789180734,0.0
forest,4.86,1.531213653837686,1.7185021884914,1.0525609187588507,1.9536836830979074,0.0
forest,4.864,1.5302161398774223,1.715317551091768,1.0491918727624239,1.9536698210664596,0.0
forest,4.868,1.5293851519410386,1.7122571703307132,1.0458122892195392,1.9538689010849057,0.0
forest,4.872,1.5286151140235826,1.7091230100898356,1.042436465041936,1.9545458015018575,0.0
forest,4.876,1.5278913250262502,1.7063648247351382,1.0389765799270865,1.9556384938745435,0.0
forest,4.88,1.5269167098409797,1.7034187338345017,1.0361902725817693,1.9565495207174082,0.0
forest,4.884,1.5258955899815998,1.7006537154287118,1.0364836550357606,1.9567396899459388,0.0
forest,4.888,1.5248909475246173,1.6979838072062097,1.0384760054733309,1.9566018917423995,0.0
forest,4.892,1.5239658873709887,1.6953356519445002,1.040749852095816,1.956465501701681,0.0
forest,4.896,1.5230428598118757,1.6926242864847136,1.0433020250763607,1.9566551347550996,0.0
forest,4.9,1.5222040713820868,1.6898673436105343,1.046509064001308,1.956958360927215,0.0
forest,4.904,1.5215157376542354,1.6876093596309953,1.0503216711403556,1.9573394188214743,0.0
forest,4.908,1.5208319773611463,1.685367754880827,1.0543186624083773,1.9570152004495136,0.0
forest,4.912,1.520201459475842,1.683323997056362,1.05839285570751,1.9562880572585133,0.0
forest,4.916,1.5195752005322924,1.6811330463591787,1.0626182531716646,1.9569353436705024,0.0
forest,4.92,1.519044707818742,1.6797325724796983,1.066776535793339,1.9579220153066352,0.0
forest,4.924,1.5185674942972787,1.6812891388687374,1.0711799273957792,1.9589325982976464,0.0
forest,4.928,1.5182042386739023,1.6828167718680953,1.075683466262526,1.960040798110819,0.0
forest,4.932,1.5178843648432514,1.6844169240174547,1.079562160447272,1.9613894385104846,0.0
forest,4.936,1.5177362235832308,1.6863829644357864,1.0831576500216542,1.964278725992171,0.0
forest,4.94,1.517710683000685,1.6886675905357327,1.086595642209065,1.9672827736840421,0.0
forest,4.944,1.5176685638482494,1.6907030409515513,1.0901794362386787,1.9702652439635708,0.0
forest,4.948,1.5176665350588876,1.6927501854261777,1.0937464707174838,1.973133429137854,0.0
forest,4.952,1.5175438016129947,1.6943945164113055,1.097233510476864,1.9751471590524852,0.0
forest,4.956,1.5173705509995827,1.695505093221231,1.100942186555197,1.97734962749942,0.0
forest,4.96,1.5172765069486118,1.6969619888533496,1.104580465432096,1.9788735501925183,0.0
forest,4.964,1.5172636107784228,1.6987728499506665,1.108099335523905,1.9794958228311683,0.0
forest,4.968,1.517424446937751,1.7011645171161733,1.1115825584003685,1.9807092037034852,0.0
forest,4.972,1.5176737191563638,1.7037446764073372,1.115076644814211,1.9822504325167816,0.0
forest,4.976,1.517856710459275,1.7064839492387591,1.1182885690385058,1.9815441153990396,0.0
forest,4.98,1.5181272259901335,1.7094125237301758,1.1213141405065383,1.9813823835132878,0.0
forest,4.984,1.518287398458161,1.710959785196783,1.1232975181273777,1.980212273709176,0.0
forest,4.988,1.5184952507832064,1.7117688559947375,1.1254936329735576,1.9789518849863914,0.0
forest,4.992,1.5185695076121168,1.7124764293175723,1.1274116798511933,1.9778721480109434,0.0
forest,4.996,1.5185118772498336,1.7131074137537836,1.1288996734100787,1.9773888042031311,0.0
forest,5.0,1.518512216882218,1.7136149169588868,1.1305612956264017,1.9771792213955681,0.0
mlp,0.0,0.0,0.0,0.0,0.0,0.0
mlp,0.004,0.00012535437871365483,0.00012713593881516868,0.000124018763488523,0.00012979228048607948,0.0
mlp,0.008,0.000246335163080759,0.0002484612346367221,0.00024362276382100856,0.0002537408635779112,0.0
mlp,0.012,0.0003627871409209391,0.0003636239255277032,0.00035734612854459926,0.0003721587583349257,0.0
mlp,0.016,0.00047455611530649813,0.0004731722080001668,0.00046522392907529225,0.0004865156057688614,0.0
mlp,0.02,0.0005815043977818155,0.0005784457557421967,0.0005674235832519551,0.0005963317729860263,0.0
mlp,0.024,0.0006835401965965851,0.0006782498956811187,0.0006653420061705453,0.0007018909358248468,0.0
mlp,0.028,0.0007806688381432889,0.000770725742984891,0.0007577003205759898,0.0008035746703866677,0.0
mlp,0.032,0.0008730605747104003,0.0008580760491111191,0.0008444107872864759,0.0009019063678439186,0.0
mlp,0.036000000000000004,0.0009611127126364829,0.0009411153729813526,0.0009263017652230557,0.000997593667401132,0.0
mlp,0.04,0.0010454736602057237,0.0010210525276220074,0.0010050653376892792,0.0010909571582237714,0.0
mlp,0.044,0.0011270015798363815,0.0010991584620833172,0.0010799122504867211,0.0011805017086211878,0.0
mlp,0.048,0.0012066509789792341,0.0011766558681600469,0.0011527214963378326,0.00127003133455727,0.0
mlp,0.052000000000000005,0.0012853084102712885,0.0012574028267607067,0.0012252902253995705,0.0013605228396761032,0.0
mlp,0.056,0.001363620867410798,0.001339809035263908,0.0012985037889300549,0.001452582086260367,0.0
mlp,0.06,0.001441867503364453,0.001421541909816568,0.0013726975925762376,0.0015463106110849517,0.0
mlp,0.064,0.0015199144564350194,0.0015037922556264314,0.0014475818496721587,0.0016362454822935603,0.0
mlp,0.068,0.0015972686658688856,0.0015854307241571727,0.0015223019914413734,0.001719537375311561,0.0
mlp,0.07200000000000001,0.0016732180719083172,0.0016650787115296696,0.0015956250503028047,0.0017980511322690622,0.0
mlp,0.076,0.0017470211751752537,0.0017397197907106211,0.0016663794022845919,0.001873591605926019,0.0
mlp,0.08,0.0018180956214532452,0.001810057495486123,0.001733653987803885,0.0019471617499540062,0.0
mlp,0.084,0.001886157349139904,0.0018768817057850792,0.0017963709482284609,0.002023050270379521,0.0
mlp,0.088,0.001951278260134752,0.0019409399186061656,0.0018546236705294951,0.002097399265775021,0.0
mlp,0.092,0.0020138554592059412,0.002003267473705164,0.0019092260128430135,0.0021706963017042702,0.0
mlp,0.096,0.002074509826957983,0.0020638881359185427,0.0019615737196138207,0.0022433927717867004,0.0
mlp,0.1,0.0021339479105626728,0.0021231159109772763,0.0020133757843424915,0.0023155937518826754,0.0
mlp,0.10400000000000001,0.002192824956096669,0.00218599311460371,0.002066321304888375,0.002387036572603143,0.0
mlp,0.108,0.0022516395785124542,0.002251239396798909,0.002121760153240557,0.002457195126228412,0.0
mlp,0.112,0.0023106767495367727,0.0023177952218911045,0.002180465521372474,0.002523765352315077,0.0
mlp,0.116,0.0023700010023929743,0.0023847049405217027,0.002242519430520226,0.0025827169471139564,0.0
mlp,0.12,0.002429490233404553,0.002454002295956219,0.00230732949701535,0.002635862359720727,0.0
mlp,0.124,0.0024888942269168306,0.0025246833551399606,0.0023737568521330953,0.0026891929060509625,0.0
mlp,0.128,0.0025479009952037264,0.002585110541906889,0.0024403172524043336,0.002751592668374741,0.0
mlp,0.132,0.0026061968774923833,0.0026386195302442613,0.0025054114801341403,0.00281612980712731,0.0
mlp,0.136,0.0026635112911745796,0.0026847449239879003,0.002567545015149956,0.002880097069139853,0.0
mlp,0.14,0.0027196424150219135,0.002728273982234455,0.0026255069111919657,0.0029427128776932116,0.0
mlp,0.14400000000000002,0.002774464686080481,0.002770576600431718,0.0026784900205342288,0.0030029251745899255,0.0
mlp,0.148,0.002827922118268997,0.0028166303609554457,0.0027261462666008716,0.003062892555178014,0.0
mlp,0.152,0.0028800129189125467,0.002855035527498697,0.002768579924106186,0.0031322625277026878,0.0
mlp,0.156,0.002930770910638242,0.0028907559450419016,0.002806288356362229,0.003204767632179797,0.0
mlp,0.16,0.0029802483181931333,0.002928282985436654,0.0028400636787972314,0.003277312115322878,0.0
mlp,0.164,0.0030285030582774186,0.002965783513563902,0.002871522038448742,0.0033407037071021203,0.0
mlp,0.168,0.0030755921809372602,0.0030020378201052545,0.002901445336576277,0.0033971524693885216,0.0
mlp,0.17200000000000001,0.003121571797176344,0.0030367363088490353,0.0029300341933036385,0.003438942159746297,0.0
mlp,0.176,0.003166502788578549,0.0030677987991158473,0.002960509609476135,0.0034749140003105363,0.0
mlp,0.18,0.0032104608435011587,0.00309854217118174,0.0030015896334476895,0.003506780679837039,0.0
mlp,0.184,0.0032535488873589396,0.0031295021054316575,0.0030381493596373147,0.0035344241335300503,0.0
mlp,0.188,0.0032959097704337464,0.0031612950494501685,0.0030688603786667035,0.0035577142359346603,0.0
mlp,0.192,0.003337737158972795,0.003194828753545641,0.0030970419658668848,0.003576545986725626,0.0
mlp,0.196,0.003379282943760606,0.0032290268538029045,0.003143010243772116,0.003590895511097544,0.0
mlp,0.2,0.003420860087424431,0.0032660898051484776,0.0031793455171668134,0.003591669419953027,0.0
mlp,0.20400000000000001,0.003462840575038656,0.0033058957841979016,0.003202436648589808,0.00359565779478435,0.0
mlp,0.20800000000000002,0.003505648881348351,0.0033540898022655944,0.003223884828578801,0.0035972519778659775,0.0
mlp,0.212,0.0035497520026939824,0.0034111131840997367,0.0032437689902858483,0.0035953953047421936,0.0
mlp,0.216,0.003595647534975649,0.0034726169372968673,0.003262488162115192,0.003581055348639093,0.0
mlp,0.22,0.0036438514477069176,0.0034913609525912322,0.0032821313035543047,0.00361982007161567,0.0
mlp,0.224,0.0036948870629114365,0.0035161689709565036,0.003300035425573189,0.0037168318065718946,0.0
mlp,0.228,0.003749276296930632,0.0035425505795261087,0.0033168831646422643,0.0038233138266269857,0.0
mlp,0.232,0.0038075335632991236,0.0035817782841075347,0.0033344664353441257,0.003938933423614333,0.0
mlp,0.23600000000000002,0.0038701620797286134,0.0035951353168333406,0.0033555905243263058,0.0040262726205867886,0.0
mlp,0.24,0.003937651920868266,0.003603195174321041,0.0033795546918234517,0.0040845738585974095,0.0
mlp,0.244,0.004010479153655804,0.003615088567475978,0.003426579954018316,0.004144489886576949,0.0
mlp,0.248,0.004089105725878301,0.0036322333279440846,0.003452366162685838,0.004183666607326497,0.0
mlp,0.252,0.004173980229019169,0.0036638446457298995,0.003470338219636572,0.004239065054798234,0.0
mlp,0.256,0.004265539972509764,0.0037146761798164483,0.003494881661502183,0.004337186669652295,0.0
mlp,0.26,0.0043642148241889904,0.0037759072091130747,0.0035230973534483645,0.004417926672930888,0.0
mlp,0.264,0.0044704329401282685,0.0038571012144398955,0.003558449101306759,0.004461958217327594,0.0
mlp,0.268,0.004584627869795982,0.003953412646145184,0.0035975627426578947,0.004607407924951435,0.0
mlp,0.272,0.004707245736888554,0.004038446390594151,0.0036438598233180857,0.004763411239729137,0.0
mlp,0.276,0.004838750569069407,0.004140736884909994,0.003698604420881435,0.004931162753351632,0.0
mlp,0.28,0.004979625772775265,0.0042645775898393894,0.003761192736788621,0.005111984485016768,0.0
mlp,0.28400000000000003,0.005130370468689909,0.004383419019638044,0.003829994358040427,0.005307160570046374,0.0
mlp,0.28800000000000003,0.005291490768073215,0.004462497196903843,0.0039051339240243356,0.005517764219441027,0.0
mlp,0.292,0.005463487515923877,0.0045530241663454055,0.003978573650710687,0.005744513897736319,0.0
mlp,0.296,0.005646842897164577,0.004647018392344816,0.0040490462493699645,0.005987691701597812,0.0
mlp,0.3,0.005842008247688008,0.004754009699757053,0.004126058777719986,0.006247144244958853,0.0
mlp,0.304,0.006049394497510711,0.004875779643157347,0.00421022876490265,0.006522367877772406,0.0
mlp,0.308,0.0062693651567083146,0.005013899087415746,0.004302364698254938,0.006812660644560679,0.0
mlp,0.312,0.006502229948540057,0.0052122386209007086,0.00438527692760067,0.007117308117439353,0.0
mlp,0.316,0.006748235690277817,0.005443275334522218,0.004506475722473581,0.007435762696552737,0.0
mlp,0.32,0.007007550928691761,0.0056975318750718896,0.004562054831684816,0.007767777331966388,0.0
mlp,0.324,0.007280243357292965,0.005975173250658557,0.004622252723333818,0.00811346388971912,0.0
mlp,0.328,0.007566254300007032,0.006275871695697126,0.004689308358361706,0.008473261331183764,0.0
mlp,0.332,0.00786538038733588,0.006598994180267312,0.0047639380127411195,0.008931952474507232,0.0
mlp,0.336,0.008177274521406687,0.006941763365272758,0.0048731053046922055,0.009431968321151918,0.0
mlp,0.34,0.008501472306056034,0.0072561382203018415,0.005012156368116338,0.009944097804126672,0.0
mlp,0.34400000000000003,0.008837438333113878,0.007584942487859198,0.005184455026552355,0.010463949315612456,0.0
mlp,0.34800000000000003,0.009184619225125057,0.00792707926848385,0.0053690851384222416,0.010987842502736352,0.0
mlp,0.352,0.009542495120862176,0.008281378820839957,0.005565669535872697,0.0115137524129895,0.0
mlp,0.356,0.009910630447935062,0.008646843873684276,0.00577369585218311,0.012041966775459179,0.0
mlp,0.36,0.010288722290657802,0.009022882403698612,0.005992639943318729,0.012563903386748126,0.0
mlp,0.364,0.01067663091855337,0.009409461563575298,0.006222097890699364,0.013080678154622168,0.0
mlp,0.368,0.011074372053058779,0.009807117558218193,0.006461903621220009,0.013607148979431079,0.0
mlp,0.372,0.011482066817922437,0.010216781608271469,0.006712210495208762,0.014144499763381457,0.0
mlp,0.376,0.011899869043749725,0.010639438178684034,0.006973519521897088,0.014693370217477141,0.0
mlp,0.38,0.012327893538751187,0.01107570412823438,0.007246643583222764,0.015253594692614737,0.0
mlp,0.384,0.012766145456339351,0.011533327282826238,0.007532605981153089,0.015824350415482594,0.0
mlp,0.388,0.013214427199672574,0.012004910463656404,0.00783248261648723,0.016404540285667898,0.0
mlp,0.392,0.013672213080216558,0.012487185853253455,0.008147209249727061,0.017049646627482574,0.0
mlp,0.396,0.014138538204143788,0.012977490417283594,0.008477386253493835,0.017737602857510797,0.0
mlp,0.4,0.01461199639014155,0.013473178616945886,0.008823119470922283,0.0184311478472756,0.0
mlp,0.404,0.015090910090492399,0.01397207166012901,0.009183933823202126,0.01912204320335265,0.0
mlp,0.40800000000000003,0.015573619401651927,0.014472693789951722,0.009558784904911338,0.0197788408770375,0.0
mlp,0.41200000000000003,0.016058740846698023,0.01497425896955592,0.009946175156540553,0.02034922042666489,0.0
mlp,0.41600000000000004,0.01654527384556089,0.015476502722508858,0.010344360283918552,0.020889773886378804,0.0
mlp,0.42,0.017032556594056315,0.015979523019231293,0.010751613727764483,0.021396820487313804,0.0
mlp,0.424,0.017520161909121056,0.016483736660656632,0.011166505327296995,0.02195329168581145,0.0
mlp,0.428,0.018007802016713075,0.01698990655534461,0.011588145167559344,0.022567636197792576,0.0
mlp,0.432,0.01849524684542695,0.017499081433540772,0.012016344057806707,0.02317964017774517,0.0
mlp,0.436,0.018982248868437836,0.01801233001978917,0.01245164873329197,0.023782430950282596,0.0
mlp,0.44,0.01946849370812119,0.01853032711516774,0.012895225951280015,0.024374226720554653,0.0
mlp,0.444,0.01995359387324516,0.01905300602562853,0.013348598711949839,0.02495319771968095,0.0
mlp,0.448,0.02043711720228712,0.01957947715546258,0.013813277994494281,0.025518065562326213,0.0
mlp,0.452,0.020918632980310724,0.020108216769010943,0.014293492627508394,0.025993836884476627,0.0
mlp,0.456,0.0213977631201326,0.02063732090718917,0.014793537679438688,0.02638121892083306,0.0
mlp,0.46,0.021874218290161267,0.02112928489781917,0.015303547042777607,0.026735429422325013,0.0
mlp,0.464,0.022347793480403427,0.0214562072097116,0.015822475983843363,0.027058796443898196,0.0
mlp,0.468,0.022818320229923278,0.02177670630380856,0.016349024952445484,0.027598978368833293,0.0
mlp,0.47200000000000003,0.023285606005958196,0.022093403874651536,0.01687590312714396,0.02820892109890269,0.0
mlp,0.47600000000000003,0.02374940112616094,0.022409070599405098,0.017395838678574138,0.028816930801599083,0.0
mlp,0.48,0.024209419980822783,0.022726721661053405,0.017921096238593445,0.029422534433763997,0.0
mlp,0.484,0.024665419766112393,0.023049896145467832,0.01845102210676773,0.03002483313791819,0.0
mlp,0.488,0.025117306655227066,0.023382882530332806,0.018985186724281657,0.030622646742323574,0.0
mlp,0.492,0.025565209397951295,0.023730657514925074,0.01952346465508333,0.031214591898276068,0.0
mlp,0.496,0.02600946875394387,0.024098503470638653,0.020065943175940636,0.03179907846682831,0.0
mlp,0.5,0.026450547602099785,0.024502483685315136,0.020612687072734247,0.03237436228207992,0.0
mlp,0.504,0.026888925884960314,0.02495924869011429,0.021163510461015278,0.03293874545892112,0.0
mlp,0.508,0.02732504668367876,0.025448077725503074,0.02171792745733246,0.03349077777194261,0.0
mlp,0.512,0.02775932022857395,0.025795954912179224,0.022275324590755926,0.034029194835047766,0.0
mlp,0.516,0.02819213729011414,0.02611079293289705,0.022844347671751346,0.03455257432349591,0.0
mlp,0.52,0.028623851403040072,0.026438290148277345,0.02343065513585686,0.03505904700887287,0.0
mlp,0.524,0.029054739137353368,0.02685365153249151,0.023996049603088494,0.035529970169843335,0.0
mlp,0.528,0.029484969739830568,0.027076028440858227,0.02454792258146541,0.03592630999169278,0.0
mlp,0.532,0.029914587272588816,0.027362948874772385,0.025100918816943273,0.03629816920195307,0.0
mlp,0.536,0.030343477840193554,0.02786835154766847,0.025654330616453627,0.036473706155301724,0.0
mlp,0.54,0.030771308389758868,0.028362695508077906,0.026072800448066917,0.036607362067678895,0.0
mlp,0.544,0.03119747328500418,0.028844852887855134,0.02630734436256602,0.03671357115222858,0.0
mlp,0.548,0.03162112606393229,0.029313675534492743,0.026578595247944193,0.036793264980440055,0.0
mlp,0.552,0.03204135527020166,0.029768222252078494,0.026890013238945264,0.03684737194025545,0.0
mlp,0.556,0.03245746440911439,0.03000721245171226,0.027244745451005872,0.03778794901343724,0.0
mlp,0.56,0.032869210538417765,0.030350809363357788,0.02764561488951527,0.03849354510728689,0.0
mlp,0.5640000000000001,0.0332768639033383,0.030941315465562464,0.028095101187061988,0.03852789524131505,0.0
mlp,0.5680000000000001,0.03368106965325672,0.031654685127871895,0.02859530667880463,0.038520272284740316,0.0
mlp,0.5720000000000001,0.03408259297118729,0.03226409453280904,0.029147900637276087,0.03848144239347864,0.0
mlp,0.5760000000000001,0.03448204559017655,0.032782191875213126,0.029424178716025255,0.03841811211559318,0.0
mlp,0.58,0.03487966729299648,0.03329070944197464,0.029588259204710844,0.03833110090523066,0.0
mlp,0.584,0.03527520423974341,0.0337889162769521,0.030061203050194434,0.038221307912810865,0.0
mlp,0.588,0.03566789245272623,0.03427598727164967,0.03053724931650756,0.03808968698713414,0.0
mlp,0.592,0.036056544960402954,0.03470213445640498,0.03101474661401426,0.03887959981486723,0.0
mlp,0.596,0.03643975764270686,0.0348208024927434,0.03132309121765028,0.039745406723863154,0.0
mlp,0.6,0.036816224599441984,0.035311160939797775,0.03133860044114838,0.03981280472296751,0.0
mlp,0.604,0.03718505308407205,0.03604178149968491,0.03134139897066925,0.039761154752087705,0.0
mlp,0.608,0.03754590784324878,0.036392878427163475,0.03150935535594977,0.03968740501614784,0.0
mlp,0.612,0.03789892880862893,0.036421888424934955,0.03166081213020166,0.03959205861739018,0.0
mlp,0.616,0.03824454979311025,0.036436172721117946,0.03179686381455527,0.03974331309426845,0.0
mlp,0.62,0.03858337086397104,0.03691814887965664,0.03191853691623071,0.04038301715519527,0.0
mlp,0.624,0.03891610495305578,0.03738628377695974,0.03202672819073789,0.04064413219834184,0.0
mlp,0.628,0.03924352895692018,0.03781451012145595,0.03206118756845737,0.040903029071760945,0.0
mlp,0.632,0.03956640222203005,0.03809391636188306,0.03204340855580696,0.04115962036138213,0.0
mlp,0.636,0.0398853832199448,0.03819077193838635,0.03190519908808542,0.04141389580875605,0.0
mlp,0.64,0.040200997240975686,0.03812010603829412,0.031760735359649704,0.04175002980030615,0.0
mlp,0.644,0.04051368148845934,0.0380303423415918,0.03161150057716658,0.04259891322069975,0.0
mlp,0.648,0.040823888584506564,0.03792246660996407,0.03145902310441287,0.043447125899571136,0.0
mlp,0.652,0.041132195132205736,0.037797612079615905,0.031304900839743896,0.04425356956041807,0.0
mlp,0.656,0.04143936241299776,0.03765703054471292,0.031150816131958258,0.0445153775260341,0.0
mlp,0.66,0.041746331263762926,0.03746079504705145,0.030998544965039405,0.04476607289733587,0.0
mlp,0.664,0.042054172763364,0.03744292405979986,0.030849964169352855,0.0450063860199729,0.0
mlp,0.668,0.042364031242197966,0.03754977839379596,0.030707058735540266,0.04523590786441696,0.0
mlp,0.672,0.04267708526587834,0.03764762466634235,0.030571928951275838,0.045453586114498,0.0
mlp,0.676,0.042994533729533914,0.03773017132538195,0.030446795088094995,0.04565841449840378,0.0
mlp,0.68,0.043317601804943776,0.03752886931300625,0.030333996434054517,0.04584989527243787,0.0
mlp,0.684,0.0436475570459315,0.03731752997592377,0.030235981788960406,0.04602814175692849,0.0
mlp,0.6880000000000001,0.0439857259451784,0.0370977424822706,0.030184168469967916,0.04619373728865548,0.0
mlp,0.6920000000000001,0.04433350310032112,0.03687130142288435,0.03027461919298461,0.046347536046668,0.0
mlp,0.6960000000000001,0.044692348150225415,0.036640194984003234,0.030407456121905332,0.046323060689626924,0.0
mlp,0.7000000000000001,0.04506376929295279,0.036406568765420685,0.030670533940208952,0.046022879649213345,0.0
mlp,0.704,0.04544929561677061,0.036172669985699415,0.03105150618377053,0.04573907659418913,0.0
mlp,0.708,0.045850442846273716,0.03594078000361933,0.03129293991537266,0.04547534946113683,0.0
mlp,0.712,0.04626867809015492,0.03571314498180952,0.03178437033195415,0.045235672074574455,0.0
mlp,0.716,0.04670538889371856,0.035491914997927976,0.032317166147635794,0.04502416942950371,0.0
mlp,0.72,0.047161860696253013,0.03527910100803988,0.032505732504368015,0.04484497542382957,0.0
mlp,0.724,0.04763926507389317,0.03518952398514527,0.032521947779995196,0.044702095610729076,0.0
mlp,0.728,0.04813865928318467,0.0354936943884642,0.032660578750862916,0.04477170747243449,0.0
mlp,0.732,0.04866099590311428,0.03581903377907793,0.03255122156990655,0.045033176293987925,0.0
mlp,0.736,0.049207140001534096,0.03626725237618074,0.03248556343043228,0.045277260830641756,0.0
mlp,0.74,0.04977789033837564,0.03693463211896212,0.03249204010281685,0.04541109432767598,0.0
mlp,0.744,0.05037400072335879,0.037261431232724795,0.0325948535545519,0.045472368059200685,0.0
mlp,0.748,0.05099619780140474,0.0376108824879123,0.033099523053817276,0.04552792179912575,0.0
mlp,0.752,0.051645192238474115,0.037983305060958636,0.033255038875106,0.045578243702628925,0.0
mlp,0.756,0.05232168145206327,0.03840423738625768,0.033360258003151025,0.045623833170595166,0.0
mlp,0.76,0.053026343518407223,0.03871262300158604,0.033508289548400585,0.045665234205148876,0.0
mlp,0.764,0.05375982346248975,0.03904332474163058,0.03373693915222155,0.04570305777368566,0.0
mlp,0.768,0.05452271452318519,0.03939652913673964,0.03407148040314069,0.04573798815069026,0.0
mlp,0.772,0.05531553790852608,0.03977238799278826,0.03410981868354765,0.04608087272754116,0.0
mlp,0.776,0.05613872479655248,0.040513782836678655,0.034310680654696196,0.04694475173139721,0.0
mlp,0.78,0.05699260380953475,0.04154976603794876,0.034633245963708086,0.04787571820548736,0.0
mlp,0.784,0.05787739600314375,0.04262202102608201,0.035089577895911606,0.04863882053402574,0.0
mlp,0.788,0.0587932178700316,0.04372894895397639,0.035450557078833496,0.049476506385713964,0.0
mlp,0.792,0.0597400913612694,0.04454624342052921,0.03584317350107028,0.050588597162515396,0.0
mlp,0.796,0.060717958831636644,0.045189583356379584,0.03645590098642343,0.051758635284530875,0.0
mlp,0.8,0.061726700295411295,0.04588514473256974,0.03712289729946493,0.052983661321619066,0.0
mlp,0.804,0.06276615041140539,0.04606294172395403,0.0374713568840705,0.054260732528146206,0.0
mlp,0.808,0.06383611302899202,0.04621690357831998,0.03812420073116377,0.055586992289526876,0.0
mlp,0.812,0.06493637171535965,0.04640024687173249,0.038983208418065164,0.05695972732905933,0.0
mlp,0.8160000000000001,0.06606669530193413,0.04661350674069838,0.039955328891328565,0.05837640981379101,0.0
mlp,0.8200000000000001,0.06722683808781307,0.04655615961640974,0.04089500536691499,0.059834720249874976,0.0
mlp,0.8240000000000001,0.06841653495222702,0.04637158130947078,0.041874615339692924,0.061332546377935324,0.0
mlp,0.8280000000000001,0.06963549230383953,0.04640688092101101,0.0428929511246029,0.06286795442722116,0.0
mlp,0.8320000000000001,0.07088337651864787,0.04684715992954898,0.04394885593565496,0.06443913267367885,0.0
mlp,0.836,0.07215980216793748,0.047427168539648235,0.04505275717896056,0.06604431293788975,0.0
mlp,0.84,0.0734643226969366,0.04859751177200296,0.045758739116864004,0.06768168216084569,0.0
mlp,0.844,0.07479642605851754,0.04979599052718006,0.04567346158900739,0.06934930146641749,0.0
mlp,0.848,0.07615553702063524,0.0510209332840865,0.04545274685491427,0.07104505182328401,0.0
mlp,0.852,0.07754102654204785,0.0522708999149539,0.04523568950924347,0.07276662169750318,0.0
mlp,0.856,0.07895222705912389,0.05354470223551087,0.04502357224374169,0.07451154259426156,0.0
mlp,0.86,0.08038845120018911,0.05484139084365493,0.04510100856342199,0.07624902155612207,0.0
mlp,0.864,0.08184901078945978,0.05616021269469314,0.04579392445324423,0.07790585508483425,0.0
mlp,0.868,0.08333323328738894,0.05750054862110132,0.04654820986744805,0.07957182437280404,0.0
mlp,0.872,0.08484047398702879,0.05888348251751571,0.04733179833089131,0.08124570827369378,0.0
mlp,0.876,0.08637012393631552,0.0603220735590021,0.048388048892895934,0.08292645281914537,0.0
mlp,0.88,0.08792161502255609,0.06178126730248126,0.049521307668008524,0.08461318121464687,0.0
mlp,0.884,0.08949442427881826,0.06326048698020559,0.050686559099342623,0.08630521616695655,0.0
mlp,0.888,0.09108807890405553,0.06475921355248228,0.05188188660777606,0.08800210985693108,0.0
mlp,0.892,0.0927021619024736,0.06627695662666166,0.05310548639862059,0.08970366369115294,0.0
mlp,0.896,0.09433631632019475,0.06781322724990782,0.054355751260810596,0.09140144238632243,0.0
mlp,0.9,0.09599024471084526,0.06936751388463142,0.055631332026280594,0.09305087390956718,0.0
mlp,0.904,0.09766370047611903,0.07093926295614897,0.056931168353515346,0.0947059361501141,0.0
mlp,0.908,0.09935646939860876,0.07252786534668319,0.058254483921802575,0.0963666423951727,0.0
mlp,0.912,0.10106834265773028,0.07413264988053872,0.059600746071569774,0.09803266912271795,0.0
mlp,0.916,0.10279908594348135,0.07575288404435138,0.06096959566426801,0.09970331331532417,0.0
mlp,0.92,0.10454841167116594,0.07738778095289804,0.0623607582555161,0.10137756016147888,0.0
mlp,0.924,0.10631596157435311,0.07903651026522643,0.06377395121460439,0.10305425856232182,0.0
mlp,0.928,0.10810130457314286,0.08069821004947952,0.06520880213019387,0.10473236044260353,0.0
mlp,0.932,0.10990395029873046,0.08237199721088734,0.06666479139825472,0.10641114847930702,0.0
mlp,0.936,0.11172337360283868,0.08405697632024663,0.06814122687640373,0.10809037126990165,0.0
mlp,0.9400000000000001,0.11355904191149584,0.08575224988865646,0.06963725220545114,0.10977023122860333,0.0
mlp,0.9440000000000001,0.1154104370343704,0.08745693576026542,0.07115188439813706,0.11145122047632003,0.0
mlp,0.9480000000000001,0.11727706623667555,0.08917019745197106,0.07268407187447287,0.11313385412904403,0.0
mlp,0.9520000000000001,0.11915846256944707,0.09089128983500955,0.07423276197170485,0.11481838674978717,0.0
mlp,0.9560000000000001,0.12105417917722108,0.092619616054716,0.07579696707440402,0.11650460227292896,0.0
mlp,0.96,0.12296378435398787,0.09435478424576527,0.0773758203692066,0.1181917402853428,0.0
mlp,0.964,0.1248868626641787,0.09610994006598826,0.07896861505821068,0.11987857472780057,0.0
mlp,0.968,0.12682302336195458,0.09792490150311248,0.08057482392138947,0.121563613284025,0.0
mlp,0.972,0.12877191266532043,0.09974938297719999,0.08219409885910009,0.123245352970027,0.0
mlp,0.976,0.1307332233392121,0.1015837796986283,0.08382625218485093,0.12492251785332914,0.0
mlp,0.98,0.13270669488057177,0.10342858959825815,0.08547122291163071,0.12659421760196443,0.0
mlp,0.984,0.13469210046534663,0.10528437429247764,0.08712903216042422,0.1282599933272018,0.0
mlp,0.988,0.13668922155765398,0.10715171791587494,0.088799732254981,0.1299197498514115,0.0
mlp,0.992,0.13869781576676748,0.10903118720568715,0.09048335418770939,0.1315736017602079,0.0
mlp,0.996,0.14071758622201727,0.1109232959271329,0.09217985804522331,0.1332216780670792,0.0
mlp,1.0,0.14274816027827253,0.11282847608664938,0.09388909071679538,0.13486393463428056,0.0
mlp,1.004,0.1447890819871257,0.11474705750441566,0.09561075477749788,0.13650001589852245,0.0
mlp,1.008,0.14683981801435309,0.11667925635509929,0.09734439180887547,0.13812919172268917,0.0
mlp,1.012,0.14889977268852123,0.11862517238320516,0.09908938254290522,0.13975037619637576,0.0
mlp,1.016,0.1509683062675247,0.12058479377312456,0.10084496503624742,0.14136221752401829,0.0
mlp,1.02,0.1530447516193296,0.12255800817115248,0.10261027056503723,0.1429632351356053,0.0
mlp,1.024,0.1551284272457742,0.12454461813102177,0.10438437508238363,0.14455197356248334,0.0
mlp,1.028,0.15721864718242867,0.12654435925482538,0.10616636198264366,0.14612714259007303,0.0
mlp,1.032,0.15931472940672675,0.1285569194685269,0.10795538975749004,0.14768771866265504,0.0
mlp,1.036,0.16141600369058343,0.1305819581369742,0.1097507562288552,0.14923299167755139,0.0
mlp,1.04,0.16352181813401803,0.1326191240244299,0.11155194984938506,0.15076255211867132,0.0
mlp,1.044,0.16563154216269899,0.1346680713950506,0.11335867859198906,0.1521785436553123,0.0
mlp,1.048,0.1677445634972533,0.13672847379366365,0.11517086868356632,0.15379083450791084,0.0
mlp,1.052,0.16986027768126513,0.1388000352377181,0.1169886291327207,0.15562825620999726,0.0
mlp,1.056,0.1719780706862127,0.14088249868658936,0.1188121834972756,0.15746083916009807,0.0
mlp,1.06,0.17409729712520822,0.14297565174302418,0.120641776905482,0.1592887697515168,0.0
mlp,1.064,0.17621725806223368,0.14507932959616238,0.12247757268254435,0.16111235978675373,0.0
mlp,1.068,0.17833718295487028,0.14719341525007135,0.12431955738421066,0.16293201553389464,0.0
mlp,1.072,0.18045621982395305,0.14931783710899912,0.12616747402626888,0.16474819519263312,0.0
mlp,1.076,0.1825734363613361,0.15123711271276535,0.12802079986581374,0.16656135499335592,0.0
mlp,1.08,0.18468783253788096,0.15291184522338216,0.12987877733852066,0.16816038834895336,0.0
mlp,1.084,0.1867983626757635,0.15458039912330349,0.1317404960035196,0.1693099375709693,0.0
mlp,1.088,0.18890396240006735,0.15624234504174825,0.13360501191589308,0.1704220516519602,0.0
mlp,1.092,0.19100357401778725,0.1578971137786384,0.13547148151984706,0.17149582821112389,0.0
mlp,1.096,0.19309616331064955,0.15954401846032995,0.13733928244270294,0.17253043597845186,0.0
mlp,1.1,0.1951807218722753,0.16118229158104394,0.13920809497810333,0.1735251104842582,0.0
mlp,1.104,0.19725625194903298,0.16281112926345742,0.1410779255806061,0.17447914086232394,0.0
mlp,1.108,0.19932173471835177,0.1644297342113311,0.14294906576468264,0.17539185557568537,0.0
mlp,1.112,0.2013760870808036,0.166037349679878,0.1448219936134906,0.17766953973604585,0.0
mlp,1.116,0.20341811520554098,0.16763327923501975,0.14669723741519633,0.17997957254557712,0.0
mlp,1.12,0.20544647431698712,0.16921689061692002,0.1485752289585866,0.1822993061746541,0.0
mlp,1.124,0.20745964316136045,0.17051453006216982,0.1504561760916981,0.18462828534336848,0.0
mlp,1.1280000000000001,0.20945591855329032,0.1713923199071144,0.15233998009125527,0.18681953192069747,0.0
mlp,1.1320000000000001,0.2114334312339153,0.1719037314590116,0.15422621432427802,0.1889817577384704,0.0
mlp,1.1360000000000001,0.21339018003033736,0.17236598760804378,0.1561141685788891,0.19114507780498374,0.0
mlp,1.1400000000000001,0.2153240778769044,0.1732672230407523,0.15800295064034894,0.19330866560419696,0.0
mlp,1.1440000000000001,0.21723300114661312,0.174167533437313,0.1598916255365514,0.1954717392891829,0.0
mlp,1.1480000000000001,0.2191148331009703,0.17503607175221272,0.1617793654525096,0.19763362288428385,0.0
mlp,1.1520000000000001,0.22096749309258157,0.17587189885897703,0.16366558112339386,0.19979380233606187,0.0
mlp,1.156,0.22278894547835248,0.17646333116455432,0.16555000913819298,0.20195197011911423,0.0
mlp,1.16,0.22457718616298603,0.17702159767856127,0.16743273839076595,0.20410805308266022,0.0
mlp,1.164,0.22633021035023707,0.17753550323798653,0.16895576111290972,0.20626221968871428,0.0
mlp,1.168,0.22804597185580894,0.17800377857115351,0.1703656296198664,0.2084148645590006,0.0
mlp,1.172,0.22972235029900862,0.1784250427690039,0.1709017235828706,0.2101392966464714,0.0
mlp,1.176,0.2313571442325551,0.17879784928712647,0.17090471743739805,0.2116700847018778,0.0
mlp,1.18,0.23294810228584595,0.17966401426207537,0.1713881440814988,0.2131761270903446,0.0
mlp,1.184,0.23449298981324967,0.18070463216710259,0.17285634794375138,0.2146567478578516,0.0
mlp,1.188,0.23598966960978576,0.1817192846169255,0.17465459426856,0.216111211228458,0.0
mlp,1.192,0.23743616167101966,0.1827078823858191,0.1764440266933611,0.21753871236054367,0.0
mlp,1.196,0.23883064996242345,0.1836703639543994,0.178184223447153,0.2189383644770394,0.0
mlp,1.2,0.24017142708819045,0.18460665707966287,0.17877571822796218,0.2203091735328281,0.0
mlp,1.204,0.24145679797389605,0.18616651585638733,0.18012160859050086,0.22193410558840193,0.0
mlp,1.208,0.24268498191359206,0.1874112837472465,0.1812383034572742,0.22438518575319558,0.0
mlp,1.212,0.24385405535254318,0.188320753523257,0.18201546973506733,0.22685194490512098,0.0
mlp,1.216,0.2449619765608458,0.1891926750896455,0.18248586875375036,0.22933285212662172,0.0
mlp,1.22,0.24600672245978844,0.19002698295876902,0.18291342623642018,0.2318262742360751,0.0
mlp,1.224,0.2469865253801394,0.1908235733088462,0.1832973199727419,0.23433065213453314,0.0
mlp,1.228,0.24790013122240295,0.191727701418002,0.18363677020538305,0.23684466986629552,0.0
mlp,1.232,0.24874696483212513,0.19343391983920538,0.1839311868678462,0.23936739594762582,0.0
mlp,1.236,0.24952712868050225,0.1951903459269274,0.18418026667285492,0.24189838018468854,0.0
mlp,1.24,0.2502412548975541,0.19693257515954035,0.1844069955707485,0.244437695068273,0.0
mlp,1.244,0.25089030830252523,0.198659068207837,0.1846237440114537,0.24698591799688482,0.0
mlp,1.248,0.251475445761054,0.20036834757775682,0.18479370051548485,0.24954405803143154,0.0
mlp,1.252,0.25199797442536337,0.20205907124997619,0.1849157018442576,0.2521134376452391,0.0
mlp,1.256,0.25245937405363,0.20373007780794095,0.18498862010557754,0.2546955451606725,0.0
mlp,1.26,0.25286132899171404,0.20538040287226894,0.18440779665943655,0.2572918766323821,0.0
mlp,1.264,0.2532057574036592,0.20701508961332543,0.18369964243449924,0.2599037865003683,0.0
mlp,1.268,0.2534948532306506,0.20869780292227147,0.18292703782014708,0.26253236437371197,0.0
mlp,1.272,0.25373112437514844,0.21036139201802329,0.18225142797245292,0.2651783511455542,0.0
mlp,1.276,0.2539173705523583,0.2120052558359039,0.1820892760342177,0.2678421019293105,0.0
mlp,1.28,0.25405657325102304,0.2136286905570854,0.18187660728306815,0.27052359692293937,0.0
mlp,1.284,0.2541517550764355,0.21523088354097447,0.18161371537833737,0.27322249521311515,0.0
mlp,1.288,0.25420590453222663,0.2168109191983259,0.1817378537248882,0.27593822159361414,0.0
mlp,1.292,0.25422200622729707,0.2183677947349267,0.1830382599041461,0.2786700733121299,0.0
mlp,1.296,0.2542031377018536,0.21990044295486133,0.18432099083641357,0.28141733255012685,0.0
mlp,1.3,0.2541525742904763,0.22122258410559298,0.1851780173087497,0.2841793712918899,0.0
mlp,1.304,0.2540738695612805,0.2215541324195618,0.18456516484123986,0.2869557376634531,0.0
mlp,1.308,0.25397089113839283,0.2218369468733902,0.1838980623374001,0.28974621624824204,0.0
mlp,1.312,0.2538477847138071,0.22306677837480587,0.18357562354230955,0.2925508586913562,0.0
mlp,1.316,0.2537088505265209,0.224271844035981,0.1836907939122388,0.2953699845293367,0.0
mlp,1.32,0.2535583555310603,0.22544514963044665,0.18376593773110458,0.2982041552091578,0.0
mlp,1.324,0.25340033779981963,0.2265861154827825,0.1838001324103071,0.3010541264460326,0.0
mlp,1.328,0.25323845661812633,0.22769412863187052,0.1837922229811015,0.30392078534114536,0.0
mlp,1.332,0.2530759230333083,0.2287685335038633,0.1842969016342735,0.3068050791014054,0.0
mlp,1.336,0.25291553447175424,0.2298086263223752,0.18559233087172225,0.30970794192830736,0.0
mlp,1.34,0.25275980271314213,0.2308136526589189,0.1868697705310077,0.3126302258691496,0.0
mlp,1.344,0.2526111126297904,0.23178280739802037,0.1881284379920616,0.31557264035012056,0.0
mlp,1.348,0.25247184186088256,0.23271523659207766,0.18806062706280643,0.31853570390878083,0.0
mlp,1.352,0.25234441300112354,0.23361004108597366,0.1872795215266939,0.3215197104423342,0.0
mlp,1.356,0.2522312886322585,0.2344662821962058,0.18644578135198145,0.3245247111704316,0.0
mlp,1.36,0.2521349312186016,0.23528298992479307,0.1855590716656532,0.3275505125186637,0.0
mlp,1.364,0.2520577435072072,0.23605917403224164,0.1846191570950163,0.3305966892719622,0.0
mlp,1.368,0.2520019978473901,0.2367938377547265,0.18362623578489792,0.33366261161793115,0.0
mlp,1.372,0.25196976816443223,0.23748599311792729,0.18258125166289096,0.3367474840836435,0.0
mlp,1.3760000000000001,0.25196289259302673,0.23813467587082632,0.1814860713575483,0.3398503938532442,0.0
mlp,1.3800000000000001,0.2519829923234339,0.23873895731373376,0.18034342556795907,0.34297036553420795,0.0
mlp,1.3840000000000001,0.2520315334719041,0.23929795003528836,0.17915657236162974,0.34610641912587276,0.0
mlp,1.3880000000000001,0.25210987524254824,0.2398108050684107,0.17792874494753388,0.3492576277552755,0.0
mlp,1.3920000000000001,0.25221925986417537,0.24035497654048263,0.1766625693050307,0.352423171711354,0.0
mlp,1.3960000000000001,0.25236076647583106,0.24168797719651972,0.17535970798956463,0.3556023854607234,0.0
mlp,1.4000000000000001,0.2525352962888924,0.24299816473771235,0.1740209328299815,0.3587947946924435,0.0
mlp,1.4040000000000001,0.2527436295913194,0.24428479042720264,0.172646640871897,0.3620001410267631,0.0
mlp,1.408,0.2529865296075005,0.24554695977636987,0.17123759177512257,0.3637706879690516,0.0
mlp,1.412,0.2532648279747537,0.24678366363465398,0.16979550474360453,0.3655770548303387,0.0
mlp,1.416,0.25357943935772403,0.24799381312923474,0.16832321254909446,0.3674406473732267,0.0
mlp,1.42,0.25393129920417123,0.24917627262138425,0.16682430951858487,0.36742453952629817,0.0
mlp,1.424,0.2543212607594975,0.2503298862533414,0.16530250859536794,0.36682131353635244,0.0
mlp,1.428,0.25474999999579073,0.25129360415416496,0.16376107404980494,0.36636403312864596,0.0
mlp,1.432,0.2552179628333935,0.2515107436022296,0.16220264204361695,0.3660532103730777,0.0
mlp,1.436,0.2557253673451842,0.2516750165240541,0.16062951985025176,0.36588897955478517,0.0
mlp,1.44,0.256272255567945,0.25178548301601145,0.15904427630001466,0.36587110940695444,0.0
mlp,1.444,0.25685857277961877,0.2518411335195172,0.15745025061620171,0.36529460240873657,0.0
mlp,1.448,0.25748424076769344,0.25184089953107547,0.15614129578667368,0.3648873293661196,0.0
mlp,1.452,0.258149198453222,0.25178367692557985,0.15516005495882795,0.36467321279918685,0.0
mlp,1.456,0.258853404807973,0.25166835876973814,0.15419932546065138,0.3646497272661808,0.0
mlp,1.46,0.259596814421567,0.2514938732433264,0.1532627968503938,0.3648141566164537,0.0
mlp,1.464,0.26037933777254335,0.25109814143198494,0.1523542308469283,0.36516369953338823,0.0
mlp,1.468,0.26120080018311986,0.25133455165467755,0.1529612621074564,0.3656955703520357,0.0
mlp,1.472,0.2620609213266104,0.2515445792070262,0.15371644787541386,0.36640708044311276,0.0
mlp,1.476,0.2629593335062823,0.2517084358716175,0.15454733823857697,0.3672956892621127,0.0
mlp,1.48,0.26389563179102593,0.25182671140125995,0.1554543838843288,0.3683590203164268,0.0
mlp,1.484,0.26486942567131094,0.25189974791488323,0.15643808621040278,0.36959484386488534,0.0
mlp,1.488,0.26588036591148645,0.2519250147819979,0.15811779337133836,0.3710010335224668,0.0
mlp,1.492,0.26692814174455276,0.2509090277042989,0.15998192448142307,0.37257550717673227,0.0
mlp,1.496,0.26801245600399526,0.2498301691229522,0.16193552935996006,0.37431616351707636,0.0
mlp,1.5,0.2691329858975039,0.24868998510703275,0.16397666384735224,0.37622082433800585,0.0
mlp,1.504,0.27028934022711626,0.24748980415097807,0.16610322622419504,0.37828719019192014,0.0
mlp,1.508,0.2714810324501609,0.24623041095582346,0.1683130143373384,0.3805128136177525,0.0
mlp,1.512,0.2727074879076492,0.24491218638639914,0.17060379093195552,0.38289509071504213,0.0
mlp,1.516,0.2739680847164738,0.24353568807348536,0.17297334842800316,0.38543126882603895,0.0
mlp,1.52,0.2752622055296067,0.24210233063609987,0.17541956548138576,0.38811846594146765,0.0
mlp,1.524,0.2765892738965554,0.24061478049378027,0.1779404500573214,0.3909536963839248,0.0
mlp,1.528,0.2779487682988885,0.2390769329931431,0.1805341665142237,0.3939338973679161,0.0
mlp,1.532,0.27934022722955554,0.23769145860953922,0.18319904668012155,0.39705595201738864,0.0
mlp,1.536,0.2807632557771901,0.23633216744210783,0.18593358678568106,0.40031670602920866,0.0
mlp,1.54,0.2822175239875456,0.23491215142024116,0.18873643334214485,0.4037129770296378,0.0
mlp,1.544,0.28370274282432906,0.23343228046302686,0.19160636164516978,0.4072415574250365,0.0
mlp,1.548,0.28521862692003597,0.2318936651754402,0.194542250550404,0.41089921292658615,0.0
mlp,1.552,0.286764867434247,0.23029754830867422,0.19672368427804393,0.4146826797765596,0.0
mlp,1.556,0.2883411113000453,0.22864515810711517,0.1959276834784557,0.418588663978974,0.0
mlp,1.56,0.2899469131913367,0.22693756440489804,0.19511848615136101,0.4226138455858409,0.0
mlp,1.564,0.2915816525460507,0.2251755768302574,0.1942989524404306,0.42675489040892733,0.0
mlp,1.568,0.29324446974850465,0.22457054591396147,0.19347172340866275,0.4306376173557126,0.0
mlp,1.572,0.29493429380119146,0.22538542601194284,0.19300591259923183,0.4335132128342684,0.0
mlp,1.576,0.2966499774871908,0.22619880275801157,0.19478438539417914,0.43641098572501974,0.0
mlp,1.58,0.29839047605834723,0.22701081812950227,0.19660305537402173,0.43932719470716586,0.0
mlp,1.584,0.30015497230564636,0.22794169672958783,0.19846201257638213,0.442258847595195,0.0
mlp,1.588,0.3019428901745916,0.23126410069163686,0.19829298695830821,0.4452037812765659,0.0
mlp,1.592,0.30375381832025805,0.2346503370240998,0.1967629710470022,0.44816061125062945,0.0
mlp,1.596,0.3055874212394831,0.23809887189323803,0.19648888991991886,0.45112867612532864,0.0
mlp,1.6,0.3074434032701529,0.24100139435881723,0.1959566240353552,0.4541080700457286,0.0
mlp,1.604,0.30932152220818615,0.24155045654114696,0.1958887482572826,0.4570997113019715,0.0
mlp,1.608,0.3112215920988877,0.2421146900993164,0.19553316952649613,0.46010525709392125,0.0
mlp,1.612,0.31314343074263634,0.2426964250304826,0.19414694218768183,0.4631267068635526,0.0
mlp,1.616,0.3150867819339156,0.2432989335745511,0.19283168359350542,0.46616577654925195,0.0
mlp,1.62,0.3170512899044906,0.24449555233100628,0.1915903713659142,0.46922338636344463,0.0
mlp,1.624,0.31903656643689804,0.24820923304556936,0.19042597713634007,0.4717756123286668,0.0
mlp,1.6280000000000001,0.3210423151549647,0.2519795710553725,0.1893415366955325,0.4707886097010148,0.0
mlp,1.6320000000000001,0.32306844947582153,0.2558049448500831,0.18834014058566825,0.46969625651531366,0.0
mlp,1.6360000000000001,0.3251151717088562,0.259683692633221,0.1874249208231632,0.46850572438434746,0.0
mlp,1.6400000000000001,0.3271830064539399,0.2636141465086954,0.18659904073360542,0.46722978096456064,0.0
mlp,1.6440000000000001,0.32927277122748,0.26759467451124197,0.18649276538254808,0.4658866063528618,0.0
mlp,1.6480000000000001,0.3313854626357705,0.271623725682113,0.18525727327724,0.46449821037523753,0.0
mlp,1.6520000000000001,0.33352207228025865,0.2756998714311495,0.18402090283247605,0.4630876822230949,0.0
mlp,1.6560000000000001,0.3356834005699734,0.27795108372743993,0.18433821397226444,0.46167593612017804,0.0
mlp,1.6600000000000001,0.3378699560692103,0.2799183187418546,0.18602612715415914,0.4602793060419098,0.0
mlp,1.6640000000000001,0.34008197344031815,0.28187710347704126,0.18775853587198654,0.4589091337290545,0.0
mlp,1.668,0.34231949279902685,0.28382730461110844,0.18772497162936194,0.4575730392819949,0.0
mlp,1.672,0.34458242533558475,0.28576873125829844,0.18758159723510448,0.45627656981188125,0.0
mlp,1.676,0.34687059942081516,0.28998469370693175,0.18822620870592324,0.45502447137468516,0.0
mlp,1.68,0.3491838229638646,0.29492182115779386,0.18970628207530713,0.45382165487243076,0.0
mlp,1.684,0.3515219613748394,0.299893710553363,0.19129951756874455,0.4526739128650464,0.0
mlp,1.688,0.35388499414456015,0.3048989875210658,0.1930042285053719,0.4515881673452758,0.0
mlp,1.692,0.3562730309918705,0.309936029056108,0.19301417845307775,0.4505721663592549,0.0
mlp,1.696,0.358686301368835,0.3150030631127826,0.1927975209784052,0.44963386744491196,0.0
mlp,1.7,0.3611251311061545,0.3200982762503476,0.1926765719041671,0.44878083463879426,0.0
mlp,1.704,0.3635898985291316,0.32521991196640965,0.19331491851876217,0.4473496477680865,0.0
mlp,1.708,0.36608095932397,0.3303663473102799,0.19565765750749148,0.44492663271636534,0.0
mlp,1.712,0.3685985552665917,0.3355361413157604,0.1980762424421149,0.44253723035803877,0.0
mlp,1.716,0.37114274998010105,0.339069386839442,0.2007059475172264,0.44018406168280844,0.0
mlp,1.72,0.37371343597076023,0.3411189313143318,0.20468113997269863,0.43786893001153504,0.0
mlp,1.724,0.376310426367838,0.3431389143190645,0.2087149442618847,0.43559336194328296,0.0
mlp,1.728,0.37893360061061293,0.34512816076924113,0.21280642891412838,0.43441482783658386,0.0
mlp,1.732,0.381583042859429,0.34708580221741586,0.2164134073490171,0.4375854512081509,0.0
mlp,1.736,0.3842591144670404,0.3490112856073361,0.21965728266039494,0.4407118525166914,0.0
mlp,1.74,0.38696243754971593,0.350904356567341,0.22299149041560584,0.44379401370143595,0.0
mlp,1.744,0.3896938159904249,0.3527650164629353,0.22641366735372018,0.44683240744959296,0.0
mlp,1.748,0.39245415372148906,0.35459345602846354,0.2306590146304808,0.4498278943541057,0.0
mlp,1.752,0.395244422383058,0.35375065785321946,0.2354314022339534,0.45278173088200846,0.0
mlp,1.756,0.3980656771151479,0.35239731295814447,0.24026321747601653,0.4556956458970032,0.0
mlp,1.76,0.4009190542231195,0.35108352361399264,0.24515242436345924,0.4585718109098748,0.0
mlp,1.764,0.4038056703382792,0.34981010452112593,0.24940551994546417,0.4614125331959458,0.0
mlp,1.768,0.4067264157433872,0.3485774084966289,0.2534732932871366,0.4642197032538064,0.0
mlp,1.772,0.40968174907688226,0.34738539456653206,0.25480085434163935,0.46699429689997873,0.0
mlp,1.776,0.412671652499096,0.34623370914073004,0.25425707913502726,0.46973632167808493,0.0
mlp,1.78,0.41569583441107116,0.34512176845999337,0.2552317999393799,0.4724453868634219,0.0
mlp,1.784,0.41875412016640456,0.3440488429403892,0.25748668957657644,0.4751217062132955,0.0
mlp,1.788,0.4218468620905706,0.34301415270913105,0.25978498911773557,0.47776708730422396,0.0
mlp,1.792,0.42497520117798804,0.34394878460537104,0.26212556648789,0.4803854913018979,0.0
mlp,1.796,0.4281411013417685,0.3464285419676193,0.26450731712590086,0.4829829924909654,0.0
mlp,1.8,0.43134716315994437,0.3490043771755793,0.2669291778979276,0.4855671888922274,0.0
mlp,1.804,0.43459625387565454,0.35167571625188876,0.26939014067651756,0.4881461848160338,0.0
mlp,1.808,0.4378910239550331,0.35444183082423136,0.2718892624447699,0.4907273500450726,0.0
mlp,1.812,0.4412334765655907,0.357301833180234,0.2744256707558317,0.49331629050914405,0.0
mlp,1.816,0.4446247901666512,0.36025468653594955,0.27699856407825085,0.4959165109803761,0.0
mlp,1.82,0.4480654237233722,0.3632992283468182,0.2796072061757301,0.49888000501503443,0.0
mlp,1.824,0.4515553292025188,0.36643420275518124,0.28111766254105064,0.5044441441343508,0.0
mlp,1.828,0.45509411830473423,0.3696582971243313,0.2784012936668223,0.5099899891394222,0.0
mlp,1.832,0.45868118688218884,0.37297017725075937,0.27586802154691126,0.513556931056441,0.0
mlp,1.836,0.4623158446660147,0.3763685163538083,0.2744494796262731,0.5191644071396837,0.0
mlp,1.84,0.4659974348552572,0.37985201422144144,0.27300385060215526,0.5247893333629267,0.0
mlp,1.844,0.46972540264595153,0.3834194046837722,0.27153025741197434,0.5304094369091885,0.0
mlp,1.848,0.4734993068850392,0.38706945153922323,0.27002860753734703,0.5356489559515654,0.0
mlp,1.852,0.4773187955739968,0.3908009348192305,0.26850015232300833,0.5408893366102456,0.0
mlp,1.856,0.48118355711567257,0.3952173896052316,0.26694759941335056,0.5461303293094417,0.0
mlp,1.86,0.4850932448064048,0.40091489008941883,0.2653746073428386,0.5513713426163986,0.0
mlp,1.864,0.4890473800000225,0.4066311574068513,0.2637848273859667,0.5565625862501609,0.0
mlp,1.868,0.49304526404708693,0.41236526642896054,0.26218099960934454,0.5616409964496241,0.0
mlp,1.872,0.49708594319778293,0.41811616765969073,0.2605646796313391,0.5666991188969291,0.0
mlp,1.8760000000000001,0.5011682532844665,0.42388269963598335,0.26144497342343187,0.5717348048565899,0.0
mlp,1.8800000000000001,0.5052909281698819,0.4296636152427763,0.26360707859579857,0.5767456535667284,0.0
mlp,1.8840000000000001,0.5094527179125181,0.43191799810567055,0.26581937538636136,0.5817291511408925,0.0
mlp,1.8880000000000001,0.5136524587415311,0.433700497359849,0.2680821882890085,0.5866828108653803,0.0
mlp,1.8920000000000001,0.5178890690671399,0.4355738855687076,0.271121039000215,0.5916042878685934,0.0
mlp,1.8960000000000001,0.5221614861496284,0.43528578934357653,0.2755261491514986,0.596491448174316,0.0
mlp,1.9000000000000001,0.5264685768590424,0.4342957480084871,0.2799985242074329,0.6013423823784055,0.0
mlp,1.9040000000000001,0.5308090503529647,0.435116998876515,0.28453618472387665,0.6061553653117797,0.0
mlp,1.9080000000000001,0.5351813914768491,0.4360809912477741,0.28913718180538167,0.6109287729043682,0.0
mlp,1.9120000000000001,0.5395838332544911,0.4371874326294857,0.29379964008952664,0.6156609744248914,0.0
mlp,1.9160000000000001,0.5440143808252864,0.4401905898430619,0.2985217997314078,0.6203502214495441,0.0
mlp,1.92,0.548470875366193,0.4451180874515306,0.3033020527019015,0.6249945541476729,0.0
mlp,1.924,0.5529510644960667,0.45010218344682784,0.3081389693192918,0.6295917412366747,0.0
mlp,1.928,0.5574526517392718,0.4551410712539986,0.31303131200185674,0.6341392632193077,0.0
mlp,1.932,0.5619733234992605,0.4602330705317276,0.3179780346360154,0.638634340563939,0.0
mlp,1.936,0.5665107677276733,0.4653766561777116,0.3229782675254376,0.6430740007226677,0.0
mlp,1.94,0.5710626938203799,0.4705704729095068,0.32803128942213544,0.6474551715847614,0.0
mlp,1.944,0.5756268524000914,0.4758133315998587,0.3331364894530203,0.6517747850845561,0.0
mlp,1.948,0.5802010496474115,0.4811041854036279,0.33829332269959234,0.6560298737017829,0.0
mlp,1.952,0.584783153189569,0.4864420865384431,0.34350126368274736,0.6602176444666911,0.0
mlp,1.956,0.589371089328821,0.4918261281424518,0.348759762035924,0.66433551930606,0.0
mlp,1.96,0.593962832315768,0.49725537934089936,0.3540682042628823,0.6683811363020158,0.0
mlp,1.964,0.5985563868482973,0.5027288245846167,0.35942588475463977,0.672352312691334,0.0
mlp,1.968,0.6031497664222698,0.508245319410326,0.364831988283803,0.6762469762388659,0.0
mlp,1.972,0.6077409723390877,0.5138035731595615,0.37028558510478854,0.6800630761706563,0.0
mlp,1.976,0.6123279797797961,0.5194021646497098,0.3757856386591065,0.6837984875988616,0.0
mlp,1.98,0.6169087371164753,0.5250395899898761,0.38133102480222997,0.6871629597975937,0.0
mlp,1.984,0.6214811820609099,0.5307143342070125,0.3869205605136504,0.6903540983181502,0.0
mlp,1.988,0.62604327389002,0.5364249520663987,0.39255303930051266,0.6934385163613941,0.0
mlp,1.992,0.6305930362071113,0.5421701402142186,0.39822727002265473,0.6964139504839614,0.0
mlp,1.996,0.6351286011410909,0.5479487835589991,0.4039421156951676,0.699277928573931,0.0
mlp,2.0,0.639648244808104,0.5537599636477416,0.4096965289705934,0.7020277813121086,0.0
mlp,2.004,0.6441504056592068,0.5596029247622821,0.4154895814321863,0.7046606854457795,0.0
mlp,2.008,0.6486336814562369,0.5654770030057814,0.42132048447330117,0.7071737313390387,0.0
mlp,2.012,0.6530968058045554,0.5713815328640688,0.42718860031164085,0.7095640035158715,0.0
mlp,2.016,0.6575386099431764,0.5773157525801934,0.4330934425149297,0.711828660969303,0.0
mlp,2.02,0.6619579786070686,0.5832787322662211,0.4372563892093063,0.7139650043176216,0.0
mlp,2.024,0.666353809562188,0.5892693456419784,0.44142809117146975,0.7159705195666745,0.0
mlp,2.028,0.6707249848936907,0.5952862974418051,0.44572524799398383,0.717842892964565,0.0
mlp,2.032,0.675070358927399,0.6013282053472617,0.4501460923074738,0.719579997412007,0.0
mlp,2.036,0.6793887637636387,0.6073937209575855,0.4546889169904937,0.721179856930368,0.0
mlp,2.04,0.6836790298171811,0.6134816629107109,0.459352051338519,0.7226406004405462,0.0
mlp,2.044,0.6879400162563993,0.61959113048483,0.4641338365785539,0.7239604183714913,0.0
mlp,2.048,0.6921706451747622,0.625721569636476,0.46903260201643576,0.7256064224623494,0.0
mlp,2.052,0.6963699336382263,0.6318727745910169,0.4740466428042091,0.7283165806564276,0.0
mlp,2.056,0.7005370190540344,0.6380448235125795,0.4788573451416903,0.7309127277426053,0.0
mlp,2.06,0.7046711750944945,0.6442379619504892,0.4834695035416905,0.7333918832419776,0.0
mlp,2.064,0.7087718172218997,0.6504524585762161,0.4881870827362768,0.7357512213053259,0.0
mlp,2.068,0.7128384983860515,0.656688461766102,0.4930079518394089,0.7379880184983988,0.0
mlp,2.072,0.7168708965698245,0.6629458826711284,0.49792988956653256,0.7400995866223251,0.0
mlp,2.076,0.7208687965509374,0.6693606087974218,0.5029505993680202,0.742083209434505,0.0
mlp,2.08,0.7248320686155055,0.6763419293007511,0.5080677274674767,0.743936103001628,0.0
mlp,2.084,0.7287606470865964,0.6833656156375107,0.5132788829112522,0.7456554150129536,0.0
mlp,2.088,0.7326545114471305,0.6904318693338238,0.5185816586344881,0.7472382692937578,0.0
mlp,2.092,0.7365136725006298,0.6975407025189699,0.5244436385417299,0.7486818499637504,0.0
mlp,2.096,0.7403381653592215,0.7046918821283215,0.5305165336465503,0.749983508142019,0.0
mlp,2.1,0.7441280500558959,0.7114464937952034,0.5366325760686991,0.7511408660579265,0.0
mlp,2.104,0.7478834193238575,0.7142846712827373,0.5427905503458271,0.75215189154273,0.0
mlp,2.108,0.7516044117304762,0.7170554849731736,0.5489891520770077,0.7523428536187847,0.0
mlp,2.112,0.7552912270771139,0.7197577779632129,0.5552269872549513,0.7535734088808517,0.0
mlp,2.116,0.758944139936317,0.7243145661415922,0.5615025814645062,0.7557784053879968,0.0
mlp,2.12,0.7625635065862695,0.7303834437156834,0.5678144004803621,0.758260008101733,0.0
mlp,2.124,0.7661497607692628,0.7364389175064296,0.5741608828994013,0.7646283862501756,0.0
mlp,2.128,0.7697033951546969,0.7400508434314301,0.5805404841336278,0.7692122202432141,0.0
mlp,2.132,0.7732249284566066,0.7419809879475739,0.5869517293834847,0.7737232580856653,0.0
mlp,2.136,0.776714862378448,0.7438131716860423,0.5933932712103804,0.7781597580737666,0.0
mlp,2.14,0.7801736363153708,0.7455468956330948,0.599863945255335,0.7825201289648864,0.0
mlp,2.144,0.7836015888455181,0.7471812273505791,0.6063628158795684,0.7877104487671597,0.0
mlp,2.148,0.7869989323062596,0.7487151225830636,0.6128892025453152,0.795085601175395,0.0
mlp,2.152,0.7903657413323367,0.7481864595761296,0.6194426781986377,0.8024858437889588,0.0
mlp,2.156,0.7937019510265946,0.7468511806205543,0.6260230332767964,0.8099114319374355,0.0
mlp,2.16,0.797007357840623,0.7453665257255118,0.6326302034676251,0.8173622985167975,0.0
mlp,2.164,0.8002816168988997,0.7437369555310487,0.6392641656975717,0.8248379968314057,0.0
mlp,2.168,0.8035242333414873,0.7419674317264763,0.6459248140397704,0.8323377048176133,0.0
mlp,2.172,0.8067345522849039,0.7400628122853603,0.6526118337092608,0.8398602875972379,0.0
mlp,2.176,0.8099117600965192,0.738027409629555,0.6593245951531956,0.8474044052583452,0.0
mlp,2.18,0.8130549123979499,0.735864897273957,0.6635506042988375,0.8549686454269703,0.0
mlp,2.184,0.8161629938765801,0.7344767619960821,0.6647412780638082,0.8625516569719838,0.0
mlp,2.188,0.8192349908946956,0.7371912013625088,0.6690808249882223,0.8701522625048612,0.0
mlp,2.192,0.8222699333790118,0.7398424012145055,0.6734532485192994,0.8777695325918475,0.0
mlp,2.196,0.8252668633695187,0.7424315447571846,0.6778598408366963,0.8854028123831896,0.0
mlp,2.2,0.8282247334757177,0.7449608410783057,0.6835077678599804,0.893051699906897,0.0
mlp,2.204,0.8311423089107679,0.7474607608315904,0.6907915378308549,0.9007159828931003,0.0
mlp,2.208,0.834018173686512,0.7553777774516909,0.691580938551152,0.9083955464690527,0.0
mlp,2.212,0.8368508726608,0.7633415667070066,0.6907544483302317,0.9160902668128379,0.0
mlp,2.216,0.8396391024535491,0.7713523119871747,0.6898881544366768,0.92379990592206,0.0
mlp,2.22,0.8423818174984286,0.7794100724519976,0.6889877651336825,0.9315240205610639,0.0
mlp,2.224,0.845078201120471,0.7875147171166962,0.689530343319197,0.9388790720916762,0.0
mlp,2.228,0.8477275768927477,0.7956658810997452,0.6938036796462863,0.94401641012655,0.0
mlp,2.232,0.8503293695757858,0.8038629532556818,0.6980785887276734,0.9490954240962153,0.0
mlp,2.236,0.8528831476773275,0.8090150187343335,0.7023576807272973,0.9541156053448488,0.0
mlp,2.24,0.855388689847473,0.8132823286791788,0.7005096901415877,0.9590762293808068,0.0
mlp,2.244,0.8578460102116722,0.8175029725523,0.6970881233357157,0.9639762484072919,0.0
mlp,2.248,0.8602553499567271,0.8216768937737154,0.6936307379863969,0.9666833273099019,0.0
mlp,2.2520000000000002,0.8626171990820861,0.8222818983176303,0.6919339322919952,0.9665731869699864,0.0
mlp,2.2560000000000002,0.8649323766331289,0.8219949577727179,0.6910425295188307,0.9663021249561012,0.0
mlp,2.2600000000000002,0.8672021162109449,0.8250337255724809,0.6901150343875502,0.9658706966732244,0.0
mlp,2.2640000000000002,0.8694280867347283,0.8293949462276016,0.6906104210149158,0.9652804941524241,0.0
mlp,2.2680000000000002,0.8716123522069866,0.8337115653814071,0.6950508161473633,0.9645345865179646,0.0
mlp,2.2720000000000002,0.8737573442807964,0.8379826254261097,0.6994888840667535,0.9636374916115682,0.0
mlp,2.2760000000000002,0.8758658874744991,0.842207113619267,0.7039285254850332,0.9625947480979241,0.0
mlp,2.2800000000000002,0.8779412169879395,0.8463840493047379,0.7083736437416697,0.9614123829368502,0.0
mlp,2.2840000000000003,0.8799869092328854,0.8526389951444597,0.7128276743427474,0.9600966227299661,0.0
mlp,2.2880000000000003,0.8820067481343044,0.8575247253762778,0.7172931650549716,0.9586540074497214,0.0
mlp,2.2920000000000003,0.8840046457696378,0.8612380616178232,0.7217716682854749,0.9659518987875559,0.0
mlp,2.2960000000000003,0.8859846915105607,0.8648627401097427,0.7262639859639684,0.97520051143668,0.0
mlp,2.3000000000000003,0.8879512525486184,0.868397278057879,0.7307705183919155,0.9844952103434629,0.0
mlp,2.3040000000000003,0.8899089636297826,0.8718400587588679,0.7352914745830303,0.9938353246401449,0.0
mlp,2.308,0.8918625404755437,0.8751893111411279,0.7398269456302717,1.003220059477432,0.0
mlp,2.312,0.8938165373359286,0.8784430976483795,0.7426079288134577,1.0126484976690264,0.0
mlp,2.316,0.8957752311673982,0.8815993133883899,0.7391554826480762,1.0221196059905207,0.0
mlp,2.32,0.8977426777230664,0.8830858951735385,0.7356228690487786,1.0316322450799285,0.0
mlp,2.324,0.8997228281431354,0.8803710334462489,0.7320145450159966,1.0411851817918096,0.0
mlp,2.328,0.9017196060691587,0.8775420965182679,0.7283344745697808,1.0507771029150863,0.0
mlp,2.332,0.9037369519381981,0.8752866035368616,0.7245861202670281,1.0604066293318761,0.0
mlp,2.336,0.9057788639683023,0.875882320116024,0.7207725780189214,1.0700723299169188,0.0
mlp,2.34,0.9078494056035137,0.8786433876070268,0.7168968604559444,1.0797727347035049,0.0
mlp,2.344,0.9099526332130836,0.881357568403349,0.7129622712835375,1.0895063470340347,0.0
mlp,2.348,0.9120924652513732,0.8839701070346202,0.7089727637767427,1.0992716545506105,0.0
mlp,2.352,0.9142725785674382,0.8864808177508465,0.7049331667978229,1.1090671389594764,0.0
mlp,2.356,0.91649638398411,0.8888898004391765,0.700849198822775,1.1188912845315762,0.0
mlp,2.36,0.9187670373991198,0.8911974084373289,0.6967355712725791,1.1287425852960145,0.0
mlp,2.364,0.9210874164695364,0.8965713952151262,0.6930924782001526,1.1386195508610923,0.0
mlp,2.368,0.9234600637906676,0.9031357770937918,0.6894277451051686,1.1485207107739408,0.0
mlp,2.372,0.9258871564511111,0.9096645071478573,0.6857467632100981,1.1584446173159237,0.0
mlp,2.376,0.9283705415400195,0.9161550743926512,0.6820542491249604,1.168389846635546,0.0
mlp,2.38,0.9309118216897627,0.9226051600407454,0.6783544128765433,1.178354998151741,0.0
mlp,2.384,0.9335124445482521,0.9290127110775064,0.6746514164990232,1.188338692227131,0.0
mlp,2.388,0.9361737570806093,0.9353759669286879,0.6709499066215694,1.1862128920617736,0.0
mlp,2.392,0.9388970129035045,0.9416934413554887,0.6672552993377058,1.182991280038836,0.0
mlp,2.396,0.9416833501591013,0.9479638675391813,0.663573582742196,1.1799034871438558,0.0
mlp,2.4,0.9445337735191117,0.954186117962059,0.6609819069622782,1.1769527431903843,0.0
mlp,2.404,0.9474491672833878,0.9603591120861118,0.6587302270461659,1.176149791461998,0.0
mlp,2.408,0.950430341494277,0.9664817242971304,0.6564735403161458,1.185442216557981,0.0
mlp,2.412,0.9534780881205144,0.9725527026471094,0.6604466763917489,1.1947432838877698,0.0
mlp,2.416,0.9565932185520769,0.978570606157404,0.6654843017077116,1.2040516903442886,0.0
mlp,2.42,0.9597765681596246,0.984533765332587,0.6726205709726889,1.2133661203161326,0.0
mlp,2.424,0.9630289711000678,0.9904402674568052,0.6798371099309428,1.222685252068026,0.0
mlp,2.428,0.9663512145287718,0.9962879654654169,0.6871331985419397,1.232007765473195,0.0
mlp,2.432,0.969743982016227,1.0020745068859207,0.6945080023644016,1.2377253843742215,0.0
mlp,2.436,0.9732078021301875,1.0077973776484819,0.7006395124896523,1.2426960387603507,0.0
mlp,2.44,0.9767430192971285,1.013453954559203,0.6984135587548199,1.2475325090547584,0.0
mlp,2.444,0.9803497854672688,1.0190415599450624,0.6962821345963388,1.252231654696974,0.0
mlp,2.448,0.9840280537886927,1.0245575123996855,0.6942518874362744,1.2567904666630738,0.0
mlp,2.452,0.9877775695552096,1.0299991686023935,0.6923296164516471,1.2597664284672456,0.0
mlp,2.456,0.9915978792646376,1.0353639527048073,0.6905220557812582,1.2608714526016358,0.0
mlp,2.46,0.9954883762331305,1.0406493715832288,0.6910663023630466,1.2618862122333552,0.0
mlp,2.464,0.9994483753929767,1.04585301611348,0.6939432523594298,1.2628079816094027,0.0
mlp,2.468,1.0034771907851474,1.0509725503070273,0.6969587901586366,1.2636342529194597,0.0
mlp,2.472,1.0075741897887491,1.0560056914496179,0.7001129345903623,1.2651202788147582,0.0
mlp,2.476,1.0117388146159287,1.0609501851594176,0.7034056852115649,1.2699356868575076,0.0
mlp,2.48,1.015970580342954,1.0658037794626676,0.7068370569563585,1.2747504331055626,0.0
mlp,2.484,1.0202690588790437,1.0705642015924628,0.7104070867230385,1.279560784418911,0.0
mlp,2.488,1.02463383838128,1.0751085082889196,0.7157983269374485,1.2843629239939494,0.0
mlp,2.492,1.0290644421735102,1.0788462770549228,0.7201479703988514,1.2891529476675352,0.0
mlp,2.496,1.033560226499875,1.0824685225355943,0.7177477427166814,1.2939268617053998,0.0
mlp,2.5,1.0381203150229448,1.0859728685736005,0.715439176538735,1.298680584907822,0.0
mlp,2.504,1.0427436064470479,1.0893568402127554,0.7132294611443204,1.3034099568184176,0.0
mlp,2.508,1.0474288235035725,1.0926178799343182,0.7111254465836678,1.308110752629691,0.0
mlp,2.512,1.052174543238428,1.095753366220447,0.7091341613086962,1.3127787042289878,0.0
mlp,2.516,1.0569791917468272,1.0987606321191046,0.7072625682155043,1.3171385105358449,0.0
mlp,2.52,1.061841036601877,1.1016369826950967,0.7097574739779731,1.3211382526505633,0.0
mlp,2.524,1.0667582099031618,1.1043797115607594,0.7158780490146283,1.325297670320077,0.0
mlp,2.528,1.0717287612752895,1.1069861177059424,0.7222354044159853,1.3296131724853666,0.0
mlp,2.532,1.0767507172708226,1.1094535242654515,0.7286940036287138,1.3340811541019553,0.0
mlp,2.536,1.0818221251474032,1.1117793004855616,0.735251663245258,1.3386980072289258,0.0
mlp,2.54,1.0869410711358332,1.1139608869964475,0.7419062166913479,1.3434601221648208,0.0
mlp,2.544,1.0921056726432714,1.1159958228217892,0.749274891669191,1.3483638795379091,0.0
mlp,2.548,1.0973140481286023,1.1178817708408952,0.7567716907283093,1.3526194206753346,0.0
mlp,2.552,1.1025642711290338,1.1196165372685103,0.7643030670176589,1.3567319107542024,0.0
mlp,2.556,1.1078543185050895,1.1211980806832758,0.7718671737621834,1.3607678518599338,0.0
mlp,2.56,1.1131820268139303,1.1226245074902077,0.7794621407509402,1.364723680530539,0.0
mlp,2.564,1.1185450722886405,1.1238940532751998,0.7872987780766553,1.368595850146572,0.0
mlp,2.568,1.123940986350461,1.125005052686304,0.7954893186348891,1.3723808233651293,0.0
mlp,2.572,1.1293672087108668,1.1259559034063769,0.8036991034462413,1.3760750732874765,0.0
mlp,2.576,1.1348211664682966,1.1259402475415903,0.8119262051867704,1.3796750937892663,0.0
mlp,2.58,1.1403003566049676,1.1256390432106287,0.8203036544474792,1.3831774178781633,0.0
mlp,2.584,1.1458024076807556,1.1251585852473152,0.8294188336096253,1.3865786415635117,0.0
mlp,2.588,1.1513251062856555,1.1244970753967776,0.8385825989460326,1.3898754498524066,0.0
mlp,2.592,1.1568663904689194,1.123652757554805,0.8477925644452838,1.393064641367327,0.0
mlp,2.596,1.1624243276518964,1.1226240102865122,0.8570466694650765,1.3961431487977545,0.0
mlp,2.6,1.1679971000157274,1.124954032798877,0.8663431380094095,1.399108053841715,0.0
mlp,2.604,1.173583010529421,1.1298092272829483,0.8756803988056004,1.4019565971575232,0.0
mlp,2.608,1.1791804999485684,1.134577716379729,0.8850569747374974,1.4046861856720723,0.0
mlp,2.612,1.184788143779359,1.1370301515708572,0.8944713563068967,1.4072944008458388,0.0
mlp,2.616,1.19040459936284,1.1387637132231614,0.9039218775343371,1.4097790116783364,0.0
mlp,2.62,1.1960285055110726,1.1397286041021757,0.9134066130552482,1.4121379950268695,0.0
mlp,2.624,1.2016583813317476,1.1358478757693913,0.922923311927956,1.4143695632022424,0.0
mlp,2.628,1.2072925896199795,1.1318310932673898,0.9324693775514123,1.4164721952295019,0.0
mlp,2.632,1.2129294002830329,1.1276801433895143,0.942041895462107,1.4184446645028037,0.0
mlp,2.636,1.2185671270859044,1.1233978423795143,0.9516377032523746,1.4202860530005297,0.0
mlp,2.64,1.2242042638817767,1.1189893882027204,0.9612534908362167,1.4219957418942508,0.0
mlp,2.644,1.2298395536778117,1.114463075611805,0.970885915682028,1.4235733709374434,0.0
mlp,2.648,1.2354719772740785,1.1098301245805948,0.9805317167138548,1.4250187643030565,0.0
mlp,2.652,1.2411006921715653,1.105103922952419,0.99018781209427,1.4263318275722938,0.0
mlp,2.656,1.246724943915441,1.1002989256611238,0.9998513694331312,1.4275124278923463,0.0
mlp,2.66,1.252343945271281,1.1008359388082347,1.0095538736806247,1.428560275470785,0.0
mlp,2.664,1.2579567433965182,1.1039827256322714,1.01821606940211,1.429474828477444,0.0
mlp,2.668,1.2635621496187341,1.1070485081315629,1.0164758492083665,1.430255244323464,0.0
mlp,2.672,1.269158782132635,1.110032743291316,1.0146405222288475,1.4309003974072994,0.0
mlp,2.676,1.2747451652375656,1.112935276668062,1.0127148506753403,1.431408975733953,0.0
mlp,2.68,1.2803197836151043,1.1157563595412059,1.0195447805726254,1.4317796554171744,0.0
mlp,2.684,1.2858810656677342,1.118496613630527,1.0231395252539168,1.4407033478051234,0.0
mlp,2.688,1.2914273508814944,1.1211569412415514,1.026264017216644,1.4507543644481489,0.0
mlp,2.692,1.2969568918327903,1.1291151505491368,1.0304286354562127,1.4609322613371671,0.0
mlp,2.696,1.3024678918960115,1.1388477815817828,1.0346198493302932,1.4712338578900939,0.0
mlp,2.7,1.3079585491356698,1.1448399520216832,1.0388389186274614,1.4816557976744904,0.0
mlp,2.704,1.3134270745537577,1.148698360699012,1.0430868586503368,1.49219450727717,0.0
mlp,2.708,1.3188716648860217,1.1525052645304683,1.0473645075379454,1.502846154459128,0.0
mlp,2.712,1.3242904336288341,1.157689530222552,1.0516725902097415,1.5136066070666807,0.0
mlp,2.716,1.329681335715239,1.1680162712037458,1.0474041299070167,1.52447139419969,0.0
mlp,2.72,1.3350421416041038,1.1783672492394928,1.0422591246935404,1.5354356710902306,0.0
mlp,2.724,1.340370501313274,1.1887399065823487,1.0370623293518142,1.5464941889942385,0.0
mlp,2.728,1.3456640879025827,1.1991317038053286,1.0318179626751256,1.5576412711178846,0.0
mlp,2.732,1.350920757978208,1.2095401373296588,1.026531206020972,1.5688707951661933,0.0
mlp,2.736,1.3561386572515524,1.2199627458344517,1.0212081464465401,1.5801761824994123,0.0
mlp,2.74,1.3613162394447358,1.2303971003320824,1.0158554854369222,1.5915503931154333,0.0
mlp,2.744,1.366452215420557,1.2408407756306945,1.0104801001354229,1.6029859247739564,0.0
mlp,2.748,1.3715454605669546,1.2512913052622237,1.0050886024091552,1.6144748136079061,0.0
mlp,2.7520000000000002,1.3765948908870087,1.2617461269234491,0.9996870730741146,1.626008632645485,0.0
mlp,2.7560000000000002,1.3815993252005083,1.2640590582807394,0.9942811227874176,1.637578483958893,0.0
mlp,2.7600000000000002,1.3865573935378395,1.265467734355569,0.9888763071607422,1.6491749798723756,0.0
mlp,2.7640000000000002,1.3914675569202044,1.266778060188022,0.9834787098377655,1.6607882090269448,0.0
mlp,2.7680000000000002,1.39632821607187,1.267992956393286,0.9780953155193374,1.6724076843010622,0.0
mlp,2.7720000000000002,1.4011377867247305,1.2720110701474359,0.9727338072381808,1.6840222717108262,0.0
mlp,2.7760000000000002,1.4058946384067323,1.2815525224974773,0.9697080892453313,1.695620102366593,0.0
mlp,2.7800000000000002,1.4105969278145691,1.291048266933951,0.9667409433723345,1.707188473019512,0.0
mlp,2.7840000000000003,1.415242470902475,1.300494765753884,0.9689869086560748,1.717185661659488,0.0
mlp,2.7880000000000003,1.419828787933044,1.3098884655654688,0.9741965188763917,1.7253198960831155,0.0
mlp,2.7920000000000003,1.4243533411208824,1.3192258283374338,0.979450992695428,1.733465005092274,0.0
mlp,2.7960000000000003,1.4288138574888747,1.3285033510365238,0.9864492850482727,1.7416104329611928,0.0
mlp,2.8000000000000003,1.4332085807536101,1.3377175720939394,0.9963438805182802,1.7497443502647714,0.0
mlp,2.8040000000000003,1.4375363554838734,1.3468650655035248,1.0063004943638663,1.7578537124602076,0.0
mlp,2.8080000000000003,1.4417965558463726,1.3559424259049968,1.0163173668309304,1.7659243691120916,0.0
mlp,2.8120000000000003,1.4459889265136765,1.3649462500683789,1.0167508399373408,1.7739412065346445,0.0
mlp,2.816,1.4501133691013917,1.373873120976847,1.014341305067268,1.7818882987178133,0.0
mlp,2.82,1.4541696751784379,1.38271959948852,1.0129961199461581,1.7897490380980996,0.0
mlp,2.824,1.4581572729829442,1.3914822253156598,1.01969839080013,1.7975062205525711,0.0
mlp,2.828,1.4620751380212682,1.400157524819155,1.026407798115595,1.8051420681183499,0.0
mlp,2.832,1.4659219371875165,1.4087420197000597,1.0331243944162942,1.8126381870318609,0.0
mlp,2.836,1.469696267972758,1.4172322298306277,1.0398485637188284,1.8199754751381754,0.0
mlp,2.84,1.4733967823517706,1.4256246658788831,1.0499998800786146,1.8271340081707443,0.0
mlp,2.844,1.4770221397143288,1.4339158121284243,1.0610368202993734,1.833276025664285,0.0
mlp,2.848,1.480570904744277,1.4421021048289737,1.0706638958747572,1.8383752888522964,0.0
mlp,2.852,1.4840415216377358,1.450179914207074,1.0682952815657107,1.843199086760782,0.0
mlp,2.856,1.487432407332676,1.4581455375878885,1.0660998892071623,1.8477326671802619,0.0
mlp,2.86,1.4907421255799669,1.465995207225505,1.064083710179307,1.8490692282047152,0.0
mlp,2.864,1.4939695666612547,1.4737251111275806,1.0622528874765609,1.8439544324275559,0.0
mlp,2.868,1.4971140607307591,1.4813314206452608,1.0606137499030905,1.8386945202376155,0.0
mlp,2.872,1.5001753937921243,1.4888103166247348,1.0647704783356309,1.8312523712473794,0.0
mlp,2.876,1.5031537513354685,1.4961580070231353,1.0711524722902177,1.8232010050212026,0.0
mlp,2.88,1.5060496404562917,1.503370732347541,1.0776441600009736,1.81511745420775,0.0
mlp,2.884,1.5088638202152709,1.5104447595604338,1.084246711375346,1.8070072047325136,0.0
mlp,2.888,1.5115972423595032,1.5173763686187893,1.0922113726196623,1.8065599082722177,0.0
mlp,2.892,1.5142510133806677,1.524161837531304,1.1017945376534306,1.8115794820184727,0.0
mlp,2.896,1.5168264086794843,1.530797431500881,1.111470417815987,1.8164702375413166,0.0
mlp,2.9,1.5193249384470287,1.5372793998610095,1.12123709965601,1.8212256290419242,0.0
mlp,2.904,1.521748398998324,1.543603981991855,1.131092544950314,1.8258398482491895,0.0
mlp,2.908,1.5240988407076421,1.5497674210851347,1.141034575304295,1.8303074643283332,0.0
mlp,2.912,1.5263784711681534,1.5557659831000388,1.151060869622217,1.8325285752860332,0.0
mlp,2.916,1.5285895833542325,1.5615959777119275,1.161168972617074,1.830635820764817,0.0
mlp,2.92,1.5307345609631162,1.5672537783698597,1.1713563118748236,1.8285273372270032,0.0
mlp,2.924,1.5328159155233134,1.5727358394345803,1.1816202207857187,1.8261993639497058,0.0
mlp,2.928,1.5348362714890456,1.5780387094219472,1.1919579647906835,1.823649810394771,0.0
mlp,2.932,1.5367982774385331,1.5831590403576983,1.2023667687225699,1.8208769593818719,0.0
mlp,2.936,1.538704512007674,1.5880935939999292,1.2128438434233795,1.8178781808320597,0.0
mlp,2.94,1.5405574800052395,1.5928392461475633,1.2233864101985432,1.8249751662715585,0.0
mlp,2.944,1.5423597341484896,1.597392990433362,1.23399172198144,1.8341875198339055,0.0
mlp,2.948,1.544114064976166,1.6017519429372822,1.2446570803179648,1.8432458259115638,0.0
mlp,2.952,1.5458236534776648,1.6059133487017583,1.2553798474620883,1.8521443043213153,0.0
mlp,2.956,1.5474921129469508,1.6098745908432694,1.2661574530328426,1.860877155600608,0.0
mlp,2.96,1.5491234208564841,1.6136332024994182,1.2769873948565085,1.8688414054319336,0.0
mlp,2.964,1.5507217835308718,1.6123470798532318,1.2878672338330244,1.8749632986859404,0.0
mlp,2.968,1.5522914568045845,1.6097621857342648,1.2987945829378693,1.8808771134079478,0.0
mlp,2.972,1.5538365312880162,1.6071668600589173,1.3097670908002519,1.8865835371472977,0.0
mlp,2.976,1.555360746805253,1.6045633439323348,1.3207824206719558,1.892082793239825,0.0
mlp,2.98,1.556867440510297,1.601954061300182,1.331838225994486,1.8875829431420024,0.0
mlp,2.984,1.5583596424354766,1.5993416082254637,1.3429321241540988,1.8794826727444884,0.0
mlp,2.988,1.5598402124499617,1.5967287294429728,1.354061670350454,1.871339114596048,0.0
mlp,2.992,1.5613119217489095,1.5941182850903992,1.3652243337598644,1.8631692693820303,0.0
mlp,2.996,1.5627774682179667,1.5915132107127565,1.376417478313651,1.8549893931183665,0.0
mlp,3.0,1.5642394585208264,1.5889164735980135,1.3858057965006778,1.8468150106182863,0.0
mlp,3.004,1.5657003843845474,1.586331028377761,1.3889164760903336,1.838660929162075,0.0
mlp,3.008,1.5671626048684513,1.5850719386325856,1.3919313925911156,1.8305412516721449,0.0
mlp,3.012,1.5686283332789517,1.5899896397524844,1.3948492024707138,1.8224693893823831,0.0
mlp,3.016,1.5700996222063912,1.59477110575595,1.397668489156378,1.8144580746367702,0.0
mlp,3.02,1.5715783462734252,1.5994147707144315,1.4003877532365392,1.8065193749652408,0.0
mlp,3.024,1.573066191240987,1.6039193921717363,1.4030054099225397,1.7986647098712152,0.0
mlp,3.028,1.5745646592887408,1.6082840712356974,1.405519793085684,1.7909048717532186,0.0
mlp,3.032,1.5760750927453793,1.6123434778672099,1.4079291649820966,1.783250052045477,0.0
mlp,3.036,1.5775987093579518,1.6154848825062118,1.413202407596691,1.7757098730326508,0.0
mlp,3.04,1.5791366376860303,1.6193980037390947,1.422192628494278,1.7682934249686428,0.0
mlp,3.044,1.5806899428699217,1.6202055605761152,1.4312045546810035,1.761009307255082,0.0
mlp,3.048,1.5822596385959857,1.6180893899891617,1.4402359346724332,1.7538656716803733,0.0
mlp,3.052,1.5838466871537469,1.6158070777140559,1.449284554282438,1.746870265239999,0.0
mlp,3.056,1.5854519933801363,1.6133621159102334,1.4583482595060924,1.7400304699584126,0.0
mlp,3.06,1.587076398951113,1.6107580702635969,1.467424978990595,1.7333533374416206,0.0
mlp,3.064,1.5887206814322623,1.607998610273878,1.4749023407623811,1.7268456165512929,0.0
mlp,3.068,1.5903855592076472,1.6069730570639207,1.4733322205363555,1.7205137734750169,0.0
mlp,3.072,1.5920717004300404,1.6107739661091112,1.4719118924567973,1.718829169830935,0.0
mlp,3.076,1.5937797324822456,1.6144865831720878,1.4706415182745598,1.724336532926846,0.0
mlp,3.08,1.595510248360192,1.6181111913831954,1.4695212466691485,1.7297901724439169,0.0
mlp,3.084,1.5972638075564687,1.6216476509435025,1.4685511113940377,1.7351875538175714,0.0
mlp,3.088,1.5990409308537399,1.6250953518492026,1.4677309061351875,1.7405261900899707,0.0
mlp,3.092,1.6008420903405838,1.6286414081013376,1.467060052869676,1.7458036426160908,0.0
mlp,3.096,1.6026676974369238,1.6324867713244107,1.4665374844332815,1.7510174920192059,0.0
mlp,3.1,1.6045180923530533,1.6364726370686618,1.4661615625008833,1.7555608074158056,0.0
mlp,3.104,1.6063935379253433,1.6406006938758413,1.4659300482787392,1.7592467521466246,0.0
mlp,3.108,1.6082942191648684,1.6448724823569754,1.465840134640011,1.7662942044271073,0.0
mlp,3.112,1.6102202475482863,1.6451779417152022,1.4658885359603695,1.7731669616455124,0.0
mlp,3.116,1.6121716669164852,1.641540223698919,1.4660716175659827,1.7798624100480087,0.0
mlp,3.12,1.6141484567719069,1.6379541329271317,1.4663855338453633,1.7863778330062114,0.0
mlp,3.124,1.6161505293665026,1.6344232911567445,1.4668263368843253,1.7927103556278587,0.0
mlp,3.128,1.6181777192127054,1.6309512602980174,1.4673900197706882,1.7988569234645095,0.0
mlp,3.132,1.6202297669798633,1.6275415603739787,1.468072472223396,1.8048143148716784,0.0
mlp,3.136,1.6223063033145468,1.6241976482327392,1.472751837678004,1.8105791825364321,0.0
mlp,3.14,1.624406840731463,1.6209228549814365,1.477251002391398,1.8161481169032134,0.0
mlp,3.144,1.6265307815719776,1.6177202920839884,1.4761613514428908,1.82151772273785,0.0
mlp,3.148,1.6286774453503778,1.614592747094345,1.4750349582962015,1.8266846997493291,0.0
mlp,3.152,1.6308461098072455,1.6115425970730732,1.4738760501294965,1.8316459188355945,0.0
mlp,3.156,1.6330360506096966,1.6085717686261611,1.4726891550262626,1.8363984869062304,0.0
mlp,3.16,1.6352465612791633,1.6056817669627892,1.4714786481366264,1.8409397951385413,0.0
mlp,3.164,1.637476941841322,1.6028737821904793,1.4702483076185848,1.847017093151031,0.0
mlp,3.168,1.6397264600842312,1.600148860570652,1.4690010212844968,1.8583519106894877,0.0
mlp,3.172,1.6419943056519042,1.5975081054289322,1.4677387733718896,1.8649663226968771,0.0
mlp,3.176,1.6442795647480648,1.5949528535701316,1.4664629744198074,1.8714110796738446,0.0
mlp,3.18,1.6465812347407076,1.5924847666203408,1.4736141300775418,1.877684171075836,0.0
mlp,3.184,1.6488982744823653,1.5901057888293857,1.4799549052681629,1.8802207406476894,0.0
mlp,3.188,1.6512296604806014,1.5878179537099533,1.4745282321170072,1.8820099351681483,0.0
mlp,3.192,1.653574409665574,1.5856230648750935,1.469608769968106,1.8858316477448795,0.0
mlp,3.196,1.6559315463091853,1.586320158063538,1.4690140616253118,1.8862341014775377,0.0
mlp,3.2,1.6583000261501286,1.5890719900244166,1.4699145189996605,1.8875706483152677,0.0
mlp,3.204,1.6606786646333291,1.591935301959703,1.4785343512689453,1.890819708726344,0.0
mlp,3.208,1.6630661257210195,1.5949012008085037,1.487190795094534,1.8938406225748676,0.0
mlp,3.212,1.6654609989964517,1.5979596424349847,1.4958841911009895,1.8966326383898267,0.0
mlp,3.216,1.667861934196664,1.6028020140979549,1.5046158895856698,1.8978434129709814,0.0
mlp,3.22,1.6702677523369922,1.6121584760087302,1.5133884503616988,1.8974444913464739,0.0
mlp,3.224,1.67267745885261,1.6215027653465874,1.5146594466659438,1.8968697877411103,0.0
mlp,3.228,1.675090154129839,1.6308246013855952,1.5095732420889438,1.8961226585859952,0.0
mlp,3.232,1.6775049148599463,1.6401142419474708,1.5044800870475783,1.8952066614696768,0.0
mlp,3.236,1.6799207424392937,1.6493624520043004,1.4993903190572593,1.8914901827232158,0.0
mlp,3.24,1.6823366391594057,1.6585608251857606,1.4961206257887056,1.8875732786636585,0.0
mlp,3.244,1.6847518077481785,1.66770257815894,1.4955234999405818,1.8855001660239277,0.0
mlp,3.248,1.6871658807107424,1.6767834589881851,1.4949261262835636,1.8851939372889617,0.0
mlp,3.2520000000000002,1.6895790168982292,1.68896227588018,1.4943338717691474,1.884674303209792,0.0
mlp,3.2560000000000002,1.691991763049932,1.703257526579717,1.4937526505690923,1.8839435149334705,0.0
mlp,3.2600000000000002,1.6944047655198051,1.717597738567227,1.4934022171020738,1.8830040371067722,0.0
mlp,3.2640000000000002,1.6968185388279775,1.7250206723849342,1.5023805394094414,1.8818585388229327,0.0
mlp,3.2680000000000002,1.6992334167636063,1.72769066647837,1.511397485450491,1.8805098847774162,0.0
mlp,3.2720000000000002,1.7016496461517108,1.7302966274866436,1.5204526137490526,1.8789611266251662,0.0
mlp,3.2760000000000002,1.7040675284816076,1.7328369409999977,1.5295459470676822,1.8772154941639732,0.0
mlp,3.2800000000000002,1.706487574749278,1.7353091792354727,1.5386785604582862,1.8752763857330252,0.0
mlp,3.2840000000000003,1.7089106721324163,1.7377100526098384,1.5478528437930432,1.8731473572095172,0.0
mlp,3.2880000000000003,1.7113382243632986,1.7400356517603828,1.5570723729391405,1.8719876634742885,0.0
mlp,3.2920000000000003,1.7137721968985364,1.7464985941571114,1.566341554583827,1.87966706812033,0.0
mlp,3.2960000000000003,1.7162150074951679,1.7529278163494288,1.5756652009657488,1.8815800509151523,0.0
mlp,3.3000000000000003,1.7186692506459587,1.756663814012246,1.5850480115368384,1.883389020936415,0.0
mlp,3.3040000000000003,1.7211373456402328,1.760351293819401,1.594493944189221,1.885097839503588,0.0
mlp,3.3080000000000003,1.7236212867619263,1.7639960674723536,1.6040057431665213,1.8867103873119533,0.0
mlp,3.3120000000000003,1.7261226166237633,1.767603711123901,1.5991682251920012,1.8882305547460587,0.0
mlp,3.3160000000000003,1.7286425650036379,1.7711794786002766,1.595049054867245,1.893423956344038,0.0
mlp,3.3200000000000003,1.7311822040268066,1.774728570135688,1.5908417023101529,1.9068841224338005,0.0
mlp,3.3240000000000003,1.7337425445658574,1.7782565918001507,1.586553312479241,1.91698200979815,0.0
mlp,3.3280000000000003,1.7363245747400726,1.7776327469169768,1.582192644099734,1.9270027574381106,0.0
mlp,3.332,1.7389292240754055,1.7743370197124877,1.5777696302213413,1.9369447102620074,0.0
mlp,3.336,1.7415572408869078,1.7712385835943736,1.5732938434464592,1.9468062176547718,0.0
mlp,3.34,1.7442090600947977,1.7768356534066054,1.5687725035994253,1.9565856252946148,0.0
mlp,3.344,1.7468848042398886,1.782475489298759,1.5642094428102302,1.966281267124936,0.0
mlp,3.348,1.7495844992591632,1.7881536372885443,1.5642449987832785,1.9758914577405697,0.0
mlp,3.352,1.7523084317032271,1.7883464577307353,1.5724221022692346,1.982483802374134,0.0
mlp,3.356,1.7550574507163055,1.784394238056989,1.5806150286487202,1.9841687338253018,0.0
mlp,3.36,1.7578330375438136,1.7804032144306714,1.5888277019507684,1.985700320177529,0.0
mlp,3.364,1.7606371240822205,1.7763704370421927,1.5970666377252851,1.987081523430905,0.0
mlp,3.368,1.7634717972934126,1.7722925676455934,1.6053403131641042,1.988315396377368,0.0
mlp,3.372,1.7663390284189358,1.7681664466352078,1.613658144795274,1.9894050773339114,0.0
mlp,3.376,1.7692404566357631,1.7639898033213885,1.6220292134566607,1.9903537834461458,0.0
mlp,3.38,1.7721772279113353,1.7597617853150986,1.6304609738129578,1.989607397590096,0.0
mlp,3.384,1.7751499626050429,1.7554829974548531,1.6362923944366288,1.9879203025945964,0.0
mlp,3.388,1.778158892887412,1.7511549822027166,1.635369830303483,1.9924107382871807,0.0
mlp,3.392,1.7812040466671,1.746779422772984,1.6345538121002399,2.0023084995347364,0.0
mlp,3.396,1.7842853132328809,1.7450233015462286,1.6360912723467498,2.012292184480687,0.0
mlp,3.4,1.787402377905203,1.7494257761787848,1.6394321638367209,2.0223564815787722,0.0
mlp,3.404,1.7905546304616302,1.7500081631488975,1.639592790997856,2.0324959868028505,0.0
mlp,3.408,1.7937411159311716,1.7477447176621284,1.6394050336904498,2.042705201703112,0.0
mlp,3.412,1.796960523393492,1.745451313399828,1.6394130264408577,2.0529785207718305,0.0
mlp,3.416,1.8002112036660538,1.743137178506416,1.6396227283321083,2.063310224121435,0.0
mlp,3.42,1.8034912398690626,1.7408119693566086,1.6400394786294998,2.0736944849341428,0.0
mlp,3.424,1.8067985945907643,1.738485564889539,1.6406679530377692,2.0841253877965116,0.0
mlp,3.428,1.810131309888055,1.7361675540767743,1.6415121635816838,2.0953577706950117,0.0
mlp,3.432,1.8134876874925687,1.7338666782729413,1.641532158223217,2.1066018169963865,0.0
mlp,3.436,1.816866374810202,1.733743004962541,1.6385420779765316,2.1177798157358794,0.0
mlp,3.44,1.8202663296459594,1.7352595189533415,1.6355692216537905,2.127450720222561,0.0
mlp,3.444,1.8236866915243692,1.7367704479150885,1.632616813351679,2.140624779761553,0.0
mlp,3.448,1.8271266083839408,1.7382693907330302,1.6296880368834226,2.153813479621025,0.0
mlp,3.452,1.8305850546289129,1.7397492952891844,1.626785533465986,2.1621405601765624,0.0
mlp,3.456,1.8340606761123293,1.74120268283429,1.6239109887349166,2.1625091236237344,0.0
mlp,3.46,1.8375517324982795,1.7426217530448431,1.6210649606767435,2.162609193146023,0.0
mlp,3.464,1.8410562031187836,1.7439983998324857,1.6182470587221052,2.1624457942448334,0.0
mlp,3.468,1.8445720080102217,1.7453241826089614,1.6154564824172504,2.163395199836986,0.0
mlp,3.472,1.8480971785130724,1.7465902932355508,1.6126927843109757,2.1683764274897133,0.0
mlp,3.476,1.8516298523194479,1.7477875443059632,1.6099565991518163,2.1732206292103338,0.0
mlp,3.48,1.8551681198167773,1.7489063883509495,1.6098073300400981,2.1779181229557762,0.0
mlp,3.484,1.8587098469563954,1.7499369655603632,1.6157528027944505,2.1824570916022292,0.0
mlp,3.488,1.8622525913959798,1.7508691717666984,1.6217993099037082,2.1868229919031372,0.0
mlp,3.492,1.865793659119878,1.7516927381955218,1.6279441731873803,2.190998828785283,0.0
mlp,3.496,1.8693302640104617,1.7523973178852903,1.6266029371038948,2.194966233455115,0.0
mlp,3.5,1.8728596936730404,1.7529725782396404,1.6208104770961822,2.1987069055655577,0.0
mlp,3.504,1.8763793897341199,1.7534083026471095,1.6154942488421133,2.202027792598273,0.0
mlp,3.508,1.8798869199813297,1.7536945049972816,1.6143680287268807,2.207511230850078,0.0
mlp,3.512,1.883379902107632,1.7538215588552037,1.6132984859950004,2.2212190902676596,0.0
mlp,3.516,1.886855971370802,1.7537803387798374,1.6122856685449791,2.2348338833235433,0.0
mlp,3.52,1.8903128447384436,1.7535623663300808,1.6126254927357344,2.2483513302395997,0.0
mlp,3.524,1.8937484594871805,1.757078448106319,1.6203689342588872,2.2617671357622875,0.0
mlp,3.528,1.8971611192556677,1.763185375518014,1.62819993532093,2.2750769961933077,0.0
mlp,3.532,1.9005495942937884,1.766248716980792,1.6382318766573774,2.2882766057502866,0.0
mlp,3.536,1.9039131568239545,1.7693430959289027,1.6499834498554842,2.301361661631357,0.0
mlp,3.54,1.9072515330559714,1.7724662354034544,1.6618295189152086,2.314327867103506,0.0
mlp,3.544,1.9105647386512132,1.7756153299542428,1.673763268202604,2.3271709319333964,0.0
mlp,3.548,1.9138528071825736,1.778786783719374,1.6766966855879204,2.3398865695507025,0.0
mlp,3.552,1.9171155132697884,1.7861155221005607,1.673766000705361,2.349456974472275,0.0
mlp,3.556,1.9203522128919555,1.7909266755873963,1.670543754205427,2.3572202017143127,0.0
mlp,3.56,1.9235618281619271,1.7958196321786453,1.6736489658261782,2.3648362554499043,0.0
mlp,3.564,1.9267429250549413,1.8007817124212941,1.6797145620961442,2.372304249096684,0.0
mlp,3.568,1.9298938492568607,1.8057993968827113,1.6857685270246994,2.3796232115733194,0.0
mlp,3.572,1.9330128906557178,1.8108583404123595,1.6918112336308884,2.3867920786650294,0.0
mlp,3.576,1.936098401113295,1.8159434039085478,1.6973948515345891,2.393809686645863,0.0
mlp,3.58,1.9391488049479062,1.8210386992422396,1.6908546968942069,2.3901158233577,0.0
mlp,3.584,1.9421625320234823,1.8263401690646772,1.684243448291197,2.3852645420232435,0.0
mlp,3.588,1.945137953837764,1.8343481565673163,1.6775700429587201,2.3802514947471725,0.0
mlp,3.592,1.9480733673883333,1.8422690414305323,1.6708436685879648,2.3750824848774705,0.0
mlp,3.596,1.9509670098125802,1.8500879365564622,1.6640742664926953,2.3697630948471162,0.0
mlp,3.6,1.953817057760642,1.8545314028169646,1.6572726488927292,2.3642986905189765,0.0
mlp,3.604,1.9566215821926327,1.850854704761657,1.6504498174646265,2.3586944303071125,0.0
mlp,3.608,1.9593784752083088,1.8555249078428528,1.643615734510133,2.3529552786567702,0.0
mlp,3.612,1.9620854069849674,1.8600573885738039,1.6395514975923597,2.3470860233804816,0.0
mlp,3.616,1.9647398725997465,1.864431649191868,1.6357429944672077,2.3410912962645996,0.0
mlp,3.62,1.9673393405052486,1.8686268528392729,1.6320567968362356,2.334975596278483,0.0
mlp,3.624,1.9698814462446474,1.8734849210454214,1.6284993766375526,2.326708453241168,0.0
mlp,3.628,1.9723641386789104,1.883015286412141,1.6250818143383208,2.3175224060648123,0.0
mlp,3.632,1.9747857158251176,1.8925088638676186,1.621820004029504,2.30820584789348,0.0
mlp,3.636,1.9771447608404187,1.9019511739116377,1.6187334184665652,2.2987648449745866,0.0
mlp,3.64,1.9794400329184232,1.9113270937535218,1.6158432679900478,2.2892054497229415,0.0
mlp,3.644,1.9816703416889792,1.9206208804767293,1.6131704712981798,2.279533705891147,0.0
mlp,3.648,1.9838344005071444,1.929816216109387,1.6107333361754101,2.2697556528538603,0.0
mlp,3.652,1.9859306972105173,1.9388962736158692,1.6085454863201591,2.259877328910753,0.0
mlp,3.656,1.9879574805820517,1.9449683279873113,1.6066154715402712,2.2499047735576987,0.0
mlp,3.66,1.989912900101275,1.943268425399262,1.6049486085499818,2.239844028749493,0.0
mlp,3.664,1.9917951986167624,1.9413906145165276,1.603549555951591,2.2297011392745008,0.0
mlp,3.668,1.993602828990938,1.943318333759397,1.6024237199257545,2.2253986835468322,0.0
mlp,3.672,1.9953344685795364,1.9512421294433988,1.6015771390418307,2.2314824848572496,0.0
mlp,3.676,1.9969889888207266,1.959049115960114,1.6010157426217,2.2373541027382546,0.0
mlp,3.68,1.9985654325405313,1.9667212918641663,1.601505315701994,2.243008055042394,0.0
mlp,3.684,2.0000630158232324,1.9742408635671547,1.6041001160011594,2.2484389190063867,0.0
mlp,3.688,2.001481151663897,1.9815903892220343,1.6140599130367619,2.2536413448030315,0.0
mlp,3.692,2.0028194852099506,1.9887529351825086,1.6257733665741305,2.258610067917655,0.0
mlp,3.696,2.0040779258708534,1.9957122417097868,1.628640920941702,2.263339920492692,0.0
mlp,3.7,2.0052566629955386,2.002452893606318,1.6243619426761124,2.2678258417077917,0.0
mlp,3.704,2.0063561605381968,1.997030585036236,1.6249227484832158,2.2720628871989232,0.0
mlp,3.708,2.0073771359270665,1.9911523943979144,1.6286677520518578,2.2760462374858346,0.0
mlp,3.712,2.008320532706473,1.9850168888528072,1.6326560049301795,2.2797712053841197,0.0
mlp,3.716,2.009187494470175,1.9786224193669844,1.6378988513514858,2.283233242431354,0.0
mlp,3.72,2.0099793425539647,1.9719690131032894,1.6444451266645295,2.2864279444559585,0.0
mlp,3.724,2.0106975557605873,1.96505843594619,1.6512732710889657,2.289351056556999,0.0
mlp,3.728,2.0113437489492845,1.9578942230624552,1.658378833023525,2.291998477932352,0.0
mlp,3.732,2.0119196484519,1.9504816757080037,1.6657568985544882,2.2943662671760134,0.0
mlp,3.736,2.0124270646777904,1.9428278240684462,1.6745547572560184,2.296450648842745,0.0
mlp,3.74,2.012867864517909,1.9349413575575345,1.6713594053208898,2.2982480222261996,0.0
mlp,3.744,2.0132439473058086,1.926832525546879,1.6652754757817196,2.299754973388904,0.0
mlp,3.748,2.0135572278590415,1.9185130128207657,1.6595848904650197,2.300968291492178,0.0
mlp,3.7520000000000002,2.0138096287932625,1.9099957950224686,1.6629436904900663,2.3018849903754743,0.0
mlp,3.7560000000000002,2.014003082459646,1.913241856456908,1.6793098791346284,2.302502336105668,0.0
mlp,3.7600000000000002,2.0141395410917733,1.918592630883909,1.6958037937245984,2.302817880841876,0.0
mlp,3.7640000000000002,2.0142209924303485,1.923804259769964,1.704533583649525,2.303186698523848,0.0
mlp,3.7680000000000002,2.014249477305337,1.9288882963186191,1.7033869364193626,2.3056678551569885,0.0
mlp,3.7720000000000002,2.0142271052819565,1.9338568668511715,1.7106931798993485,2.307914685421151,0.0
mlp,3.7760000000000002,2.014156064397857,1.9387225268169126,1.718166631400324,2.3099257121171024,0.0
mlp,3.7800000000000002,2.014038621272402,1.943498122608329,1.7258035467130033,2.3107161154782867,0.0
mlp,3.7840000000000003,2.013877108680254,1.948196658959544,1.73360058434801,2.3051777352756297,0.0
mlp,3.7880000000000003,2.0136738992959007,1.9528311712056228,1.7439259386128263,2.3039640486558355,0.0
mlp,3.7920000000000003,2.013431366728825,1.9574146016865228,1.7482194208696415,2.306119745254868,0.0
mlp,3.7960000000000003,2.0131518377527247,1.9691483192919663,1.7431400438712203,2.3084612140121568,0.0
mlp,3.8000000000000003,2.012837542021994,1.9882707493190155,1.7382897736487117,2.3118222546294813,0.0
mlp,3.8040000000000003,2.012490566787699,2.007514807560309,1.7336717592475204,2.31863219439985,0.0
mlp,3.8080000000000003,2.0121128237292583,2.0268792183486957,1.7292889479290168,2.3247728834445835,0.0
mlp,3.8120000000000003,2.0117060330494727,2.0463627548775682,1.7251440659791402,2.329243518289377,0.0
mlp,3.8160000000000003,2.0112717268898788,2.065964232484802,1.7257311653233673,2.3333855290492087,0.0
mlp,3.8200000000000003,2.010811270588836,2.085682501659242,1.7306060055522865,2.3371936148939714,0.0
mlp,3.8240000000000003,2.010325897082406,2.1049604038033927,1.7357351999341275,2.340662773653762,0.0
mlp,3.8280000000000003,2.0098167475666884,2.107752074986013,1.7411143973951475,2.343788325377456,0.0
mlp,3.8320000000000003,2.009284910964836,2.110388410594957,1.7399536154933708,2.34656593347868,0.0
mlp,3.8360000000000003,2.008731455977122,2.1130618643324346,1.729924377581714,2.3489916225716554,0.0
mlp,3.84,2.0081574522198498,2.1157751196990446,1.7199544559412105,2.3510617924641743,0.0
mlp,3.844,2.0075639803610943,2.118530650875753,1.7100551357945788,2.3527732283509755,0.0
mlp,3.848,2.0069521341880887,2.1213307363225153,1.7002371955445117,2.3541231079857425,0.0
mlp,3.852,2.0063230192972537,2.1236507137365326,1.6905109936456588,2.355109007381629,0.0
mlp,3.856,2.0056777531295795,2.11177320768108,1.680886522640098,2.3555531225836606,0.0
mlp,3.86,2.0050174694369614,2.099933929471489,1.6713734286180213,2.355018585114987,0.0
mlp,3.864,2.0043433274498548,2.096478393059919,1.6619809993524104,2.354147905733372,0.0
mlp,3.868,2.0036565228864633,2.0985893632737596,1.6527181284008832,2.3529412023574676,0.0
mlp,3.872,2.002958295672868,2.1007360808393702,1.6435932650012863,2.3513985942991034,0.0
mlp,3.876,2.002249929042372,2.102918142306014,1.6346143603395316,2.3495202459953375,0.0
mlp,3.88,2.0015327371693026,2.1139493659337965,1.6257888198000587,2.347306444877343,0.0
mlp,3.884,2.0008080429942767,2.127878374390905,1.6192153233277724,2.3442015798987117,0.0
mlp,3.888,2.000077152326992,2.1417737910286996,1.6142735377221074,2.3391849463911543,0.0
mlp,3.892,1.9993413320779425,2.1556286975480905,1.6096050297509628,2.3385335475265325,0.0
mlp,3.896,1.9986017980865853,2.1643596475490967,1.605213817345744,2.3351126456756317,0.0
mlp,3.9,1.9978597123178197,2.162870756378579,1.6011033919578517,2.331237476394553,0.0
mlp,3.904,1.9971161831495947,2.1509579648054364,1.597276727895283,2.327036730035298,0.0
mlp,3.908,1.9963722595116038,2.137603464226288,1.593736326896093,2.3225139563972665,0.0
mlp,3.912,1.9956289116833108,2.1241213147091136,1.5916517067531817,2.3176731930089396,0.0
mlp,3.916,1.9948869979665567,2.11051755864713,1.59135382643888,2.3125188688927576,0.0
mlp,3.92,1.9941472243459768,2.0967981996323326,1.5914059024943423,2.307055695318776,0.0
mlp,3.924,1.993410109907423,2.0829692310140175,1.591809097484946,2.301288558453641,0.0
mlp,3.928,1.992675971205495,2.0797079878348885,1.5925639006165977,2.2952224276463493,0.0
mlp,3.932,1.9919449330520873,2.0813140402888104,1.593670158031406,2.302674448752204,0.0
mlp,3.936,1.9912169632731267,2.0828634073911294,1.5951271084861893,2.301638761533763,0.0
mlp,3.94,1.990491919242876,2.084355919704759,1.596933375642171,2.310787239845149,0.0
mlp,3.944,1.9897695894145493,2.085791384784378,1.5990868663023392,2.3237689367216214,0.0
mlp,3.948,1.9890497163549252,2.087169593559971,1.6015845549076153,2.3366115044167355,0.0
mlp,3.952,1.9883319975151008,2.088490324165604,1.6044221900973046,2.349307747515587,0.0
mlp,3.956,1.9876160710332815,2.088528184410682,1.6075940126139574,2.361850488233428,0.0
mlp,3.96,1.9869015004288275,2.0772881302198956,1.6110925939524705,2.3742325825426622,0.0
mlp,3.964,1.986187770882499,2.06601730798962,1.6149088732022951,2.3864469352591757,0.0
mlp,3.968,1.9854743018959593,2.0547232769694244,1.6190323908089956,2.398486513455956,0.0
mlp,3.972,1.984760470827376,2.043413450832298,1.6234516226485785,2.410344357648329,0.0
mlp,3.976,1.9840456344714554,2.032095100951548,1.6281542519876269,2.415752000942561,0.0
mlp,3.98,1.9833291355110305,2.020775365764507,1.6331272256302016,2.4122370360921717,0.0
mlp,3.984,1.9826102883694254,2.009461264894929,1.6383565449347435,2.4063812121613433,0.0
mlp,3.988,1.981888352093409,1.9981597164679301,1.6438269182255945,2.396412424341012,0.0
mlp,3.992,1.9811625102571646,1.9868775559596625,1.6440868850484418,2.3860965658006354,0.0
mlp,3.996,1.9804318812841637,1.9756215549659786,1.6519757826460086,2.375443384253054,0.0
mlp,4.0,1.9796955702193464,1.9643984384334894,1.660048547918477,2.3644628840305515,0.0
mlp,4.0040000000000004,1.9789527457499403,1.95321489915345,1.6678706872101525,2.353165282935673,0.0
mlp,4.008,1.9782026987216839,1.9448470698538811,1.6756411446305333,2.343429822234524,0.0
mlp,4.0120000000000005,1.97744483449974,1.9384881230904063,1.6776598776947031,2.3505298565494543,0.0
mlp,4.016,1.976678584922156,1.932313993054382,1.6779340895283104,2.346994518530212,0.0
mlp,4.0200000000000005,1.9759032796730502,1.926326023089251,1.678300512040844,2.341287351431842,0.0
mlp,4.024,1.9751180500540784,1.9205246689632116,1.678747757156648,2.335508210882666,0.0
mlp,4.0280000000000005,1.974321817465425,1.9149096597776665,1.6792617723699375,2.3296599140507004,0.0
mlp,4.032,1.9735133559118487,1.909480231855154,1.6798265806386454,2.3237453328219035,0.0
mlp,4.0360000000000005,1.9726913685131238,1.904235361248116,1.6804252500389878,2.3177673940459576,0.0
mlp,4.04,1.9718545300552708,1.899173907653288,1.681040478914678,2.3117290808211304,0.0
mlp,4.0440000000000005,1.9710015033684314,1.8942946064836645,1.6816549900583446,2.3056334342436884,0.0
mlp,4.048,1.9701309734037167,1.8895959078162348,1.6822523848179756,2.299483554968375,0.0
mlp,4.0520000000000005,1.9692417272465552,1.885075742927318,1.6723255994346604,2.2932826039074956,0.0
mlp,4.056,1.9683327657063057,1.8807313679277649,1.6589676723976834,2.287033801439974,0.0
mlp,4.0600000000000005,1.9674034012770165,1.876559449561036,1.6456688981644967,2.2807404246054075,0.0
mlp,4.064,1.9664532965405435,1.8725564856302106,1.6324342973314643,2.274405801913096,0.0
mlp,4.0680000000000005,1.965482424441824,1.8687194873571245,1.6192689331536312,2.268033305589176,0.0
mlp,4.072,1.9644909694322785,1.865046655840482,1.606197089977793,2.261626341300129,0.0
mlp,4.0760000000000005,1.963479205384925,1.8615376917479498,1.5947783433883027,2.255188335610219,0.0
mlp,4.08,1.9624473698764908,1.8631955834288119,1.5834539097555438,2.248722721635943,0.0
mlp,4.0840000000000005,1.9613955481377086,1.8655488000127836,1.572229461057867,2.242232923535954,0.0
mlp,4.088,1.960323620084623,1.8656801874563271,1.5611108155103923,2.235722340606438,0.0
mlp,4.0920000000000005,1.9592313379776898,1.857217050933624,1.5501039246910422,2.2291943318295613,0.0
mlp,4.096,1.9581185116810869,1.8534586510176672,1.5392148549914035,2.2226522017409573,0.0
mlp,4.1,1.9569851720839098,1.8441729253346282,1.5284497651249702,2.2160991884407233,0.0
mlp,4.104,1.9558315977435778,1.8416225341373211,1.5178148813928234,2.2095384544754606,0.0
mlp,4.108,1.9546582090450315,1.839439026375855,1.507316472186806,2.201175067621079,0.0
mlp,4.112,1.9534654418092763,1.8374183899532526,1.4969608228937394,2.1923238985339455,0.0
mlp,4.116,1.9522537252222683,1.8385613231948605,1.4867542120463235,2.1834462465396953,0.0
mlp,4.12,1.9510236051437506,1.8415055260011692,1.4767028893232634,2.1745467824247378,0.0
mlp,4.124,1.9497759420800378,1.8444976203177081,1.4668130558737,2.1656301899029518,0.0
mlp,4.128,1.9485120553944335,1.8475491905559003,1.4570908474280655,2.1567011759542627,0.0
mlp,4.132,1.9472337154249633,1.847695663445788,1.4495033720973942,2.1488910593299333,0.0
mlp,4.136,1.9459429765275111,1.839003617016866,1.4423585170524347,2.156291270125404,0.0
mlp,4.14,1.9446419288424526,1.8303418603219068,1.4354168119964668,2.163566936279363,0.0
mlp,4.144,1.943332455353796,1.8274242253606903,1.4286834555956598,2.170715421058568,0.0
mlp,4.148,1.9420160255072314,1.8270922602148136,1.4221635773909875,2.1777341290846297,0.0
mlp,4.152,1.9406935453421632,1.8270001978047192,1.4158622276328734,2.184620490380094,0.0
mlp,4.156,1.939365340419752,1.8271498537080517,1.409784365676763,2.1913719595661183,0.0
mlp,4.16,1.9380313219716139,1.8275395934003789,1.4039348495844173,2.1979860313467015,0.0
mlp,4.164,1.9366912388061608,1.828166747894782,1.398318430259312,2.204460271660992,0.0
mlp,4.168,1.9353448492531506,1.829029321033492,1.3929397535690082,2.2107923615746237,0.0
mlp,4.172,1.9339919488832016,1.8301262964660834,1.3878033732001989,2.216980148590613,0.0
mlp,4.176,1.9326323105821814,1.8314570086394861,1.3829137752649443,2.2230216981936612,0.0
mlp,4.18,1.9312656261579175,1.8330203462754648,1.3782754129205754,2.228915337639816,0.0
mlp,4.184,1.9298915097165232,1.8337430610645118,1.3738927457528023,2.234659684569138,0.0
mlp,4.188,1.9285095729138333,1.8298865295707243,1.3697702750304035,2.240253654922709,0.0
mlp,4.192,1.9271195342412564,1.8262396822355624,1.3659125631504012,2.2456964475440326,0.0
mlp,4.196,1.9257213054982263,1.8227981646301816,1.3623242248325917,2.2509875061978173,0.0
mlp,4.2,1.924315017542688,1.819557757736865,1.3590098799344639,2.256126462964095,0.0
mlp,4.204,1.922900981849292,1.8165151302598832,1.3595831431818022,2.2611130695760924,0.0
mlp,4.208,1.9214796058162296,1.81366841677486,1.3618870632104223,2.2659471249514227,0.0
mlp,4.212,1.9200512812476884,1.8110172548684773,1.3643910279217948,2.270628407782392,0.0
mlp,4.216,1.9186162605056023,1.8085621620544887,1.3670921152519193,2.275156622605184,0.0
mlp,4.22,1.9171745376673641,1.8063035327350756,1.3699865759074679,2.2795313663452457,0.0
mlp,4.224,1.9157257637769756,1.8042408075104046,1.3730697328226433,2.2837521200673816,0.0
mlp,4.228,1.914269232132273,1.8023722585936466,1.3763360013208692,2.287818267711504,0.0
mlp,4.232,1.9128039519801274,1.8006953635452099,1.3756284586871046,2.2917291401991062,0.0
mlp,4.236,1.9113287861418058,1.7992072832782209,1.361581839809192,2.2954840797802243,0.0
mlp,4.24,1.909842593238901,1.7979049753656597,1.3476947114063498,2.299082516301441,0.0
mlp,4.244,1.9083443244782532,1.7967849830404243,1.3339725659295012,2.302524044742695,0.0
mlp,4.248,1.906833070262134,1.795843432988139,1.3204208766158247,2.3058084924130116,0.0
mlp,4.252,1.9053080880956244,1.7950767539324894,1.3115443800255573,2.3089359649734744,0.0
mlp,4.256,1.9037688403335544,1.7944831081132415,1.3064915073254975,2.3119068630242268,0.0
mlp,4.26,1.9022150412363987,1.7940639322406158,1.3017574557999985,2.3142063662470456,0.0
mlp,4.264,1.9006466921122036,1.793824756019799,1.2973459861279661,2.305529521260304,0.0
mlp,4.268,1.899064089411277,1.7937747997477826,1.2932601892619424,2.2966439500344533,0.0
mlp,4.272,1.8974678107995846,1.7939255452358158,1.2895022585475708,2.287555560736127,0.0
mlp,4.276,1.8958586846926662,1.7942889390631382,1.2860733384574519,2.278270266096724,0.0
mlp,4.28,1.8942377156741155,1.7948756951519518,1.2828894088469136,2.2687939294475954,0.0
mlp,4.284,1.8926059328846345,1.7956938077969262,1.2731397692368551,2.2591323131526835,0.0
mlp,4.288,1.8909642145332697,1.796747663902265,1.2636539571732288,2.2492910331112848,0.0
mlp,4.292,1.8893132156512817,1.7980384708955524,1.2544396867749994,2.240335878335505,0.0
mlp,4.296,1.8876534352298555,1.7995659145525291,1.245504847337805,2.244904932871876,0.0
mlp,4.3,1.8859853069561274,1.8013298205121795,1.2386197816607134,2.2493072746345204,0.0
mlp,4.304,1.8843092001434656,1.803330755299535,1.2338813757866753,2.2491340308218954,0.0
mlp,4.308,1.8826253463158173,1.8055696049481296,1.2294374495707108,2.247961587008766,0.0
mlp,4.312,1.8809337927529384,1.8080468477523775,1.225294230108945,2.246590327005018,0.0
mlp,4.316,1.8792344667602845,1.810762160999857,1.2214577158233766,2.2450202156312513,0.0
mlp,4.32,1.8775273541380155,1.8137145524500102,1.2179335803895648,2.24325139232397,0.0
mlp,4.324,1.875812710572778,1.8169027550763277,1.2147270926328242,2.2412841109616037,0.0
mlp,4.328,1.8740911866278496,1.8203254607973385,1.2118430649424397,2.239118648007278,0.0
mlp,4.332,1.8723637807182745,1.8239811819482559,1.2092858404588074,2.2367551886394548,0.0
mlp,4.336,1.8706316247014982,1.8278678899012515,1.2070593242580767,2.236873652596622,0.0
mlp,4.34,1.86889570560279,1.8319827736837535,1.2051670561710508,2.237074995614451,0.0
mlp,4.344,1.8671566718018877,1.8363223600959038,1.203612313635894,2.2325379713645206,0.0
mlp,4.348,1.8654148214604374,1.8408829400898767,1.2023982238413538,2.232897514845589,0.0
mlp,4.352,1.86367025537139,1.8456609692670813,1.201527857780488,2.2419239703277563,0.0
mlp,4.356,1.861923087081782,1.8410252819615351,1.2010042772308107,2.2528703260926357,0.0
mlp,4.36,1.860173598627577,1.8338827144799987,1.200830510883526,2.259702079814935,0.0
mlp,4.364,1.8584222868120583,1.826779546566221,1.2010094480481557,2.265889288097696,0.0
mlp,4.368,1.8566698124314729,1.8197127563957813,1.201543655765553,2.2718483050420066,0.0
mlp,4.372,1.8549169076930396,1.8126781082423933,1.2024351442794523,2.277570461929354,0.0
mlp,4.376,1.8531642924298797,1.8056705010426621,1.203685122156453,2.2830474719973055,0.0
mlp,4.38,1.85141261116902,1.798684415201259,1.2052937910488721,2.28387930910262,0.0
mlp,4.384,1.8496623771411567,1.7917140347527774,1.2072602263563725,2.281346650658965,0.0
mlp,4.388,1.847913919864638,1.7847530903574527,1.2095823700395256,2.2784838867361294,0.0
mlp,4.392,1.8461673601774045,1.7777948972557227,1.2122571253047547,2.2687453477508184,0.0
mlp,4.396,1.8444226452866346,1.7708330138582986,1.215280497212513,2.2562211614866667,0.0
mlp,4.4,1.8426796443712075,1.76386247676114,1.2186476863368698,2.2434581335835646,0.0
mlp,4.404,1.8409382503069902,1.7568810733493994,1.2223530395465294,2.237488247603701,0.0
mlp,4.408,1.8391984197994087,1.749889956504393,1.226389813295443,2.2357929240689063,0.0
mlp,4.412,1.8374601475477905,1.742893222199458,1.2307498096529326,2.233813878628644,0.0
mlp,4.416,1.8357234363534005,1.7358966825151962,1.235423068722128,2.231548044427078,0.0
mlp,4.42,1.8339883009228621,1.7289064826858846,1.2403978744724269,2.228991969187412,0.0
mlp,4.424,1.8322547618391993,1.7219280318051826,1.2456612741460216,2.226142547146954,0.0
mlp,4.428,1.8305227654210818,1.7170256061301108,1.2512000847578097,2.222997602829737,0.0
mlp,4.432,1.8287920515150144,1.713515340142833,1.2570020352854048,2.2195561534518973,0.0
mlp,4.436,1.8270620877048533,1.7042083519764768,1.263056473046532,2.2158183591759064,0.0
mlp,4.44,1.825332150424104,1.694806545596236,1.269354166793153,2.2117852759660748,0.0
mlp,4.444,1.8236014832996434,1.685307872971105,1.2758861931735046,2.2074585389410566,0.0
mlp,4.448,1.8218693927394565,1.67724567358573,1.282642436344701,2.202840064608432,0.0
mlp,4.452,1.8201352346864728,1.67176276140779,1.2896104756242597,2.197931813970537,0.0
mlp,4.456,1.818398363773009,1.6662348468891182,1.2967753664443449,2.1927356291996083,0.0
mlp,4.46,1.8166581084713158,1.6606633884417608,1.30412020198105,2.1957194275858853,0.0
mlp,4.464,1.8149137543255538,1.6550498563316252,1.3116268836226779,2.2028043881906303,0.0
mlp,4.468,1.8131644976577674,1.6493952512551435,1.3192766627763988,2.209858292367077,0.0
mlp,4.472,1.8114093838311291,1.6436997510224507,1.3270505846737253,2.216876279427595,0.0
mlp,4.476,1.8096472839808477,1.6379625158947964,1.3254037725460577,2.2175641818460843,0.0
mlp,4.48,1.8078769487753188,1.6342715078349734,1.312469621100418,2.2149601023778844,0.0
mlp,4.484,1.8060971243786903,1.6436348191495294,1.2995504217912095,2.212102252701325,0.0
mlp,4.488,1.8043066652872177,1.6529820142404634,1.2866453735860783,2.208994573075729,0.0
mlp,4.492,1.8025045673046385,1.6623019859164838,1.2737533385461934,2.2056412712887887,0.0
mlp,4.496,1.8006898823292137,1.6715840275650566,1.2608729951849078,2.202046769563277,0.0
mlp,4.5,1.7988615430181998,1.68081809093121,1.2480029535988484,2.198215653419022,0.0
mlp,4.5040000000000004,1.7970181753949035,1.6899946901040832,1.2437335959770612,2.194152624252159,0.0
mlp,4.508,1.7951579760347371,1.6968147318673759,1.2421238304716664,2.1898624568551117,0.0
mlp,4.5120000000000005,1.7932786943583099,1.6921790815515028,1.2404221738809722,2.1853499625762782,0.0
mlp,4.516,1.7913777382155742,1.6875561343160488,1.2386138635831851,2.1806199583497214,0.0
mlp,4.5200000000000005,1.789452406476801,1.6829460938603806,1.2366827794332003,2.1756772414393057,0.0
mlp,4.524,1.7875001983623175,1.678348196290046,1.2346127691234126,2.170526569452031,0.0
mlp,4.5280000000000005,1.7855190842797999,1.6737607510275154,1.2323893583422891,2.165172644984096,0.0
mlp,4.532,1.7835076285703617,1.6691812609839491,1.2300011157348048,2.1596201041636482,0.0
mlp,4.5360000000000005,1.7814649369305466,1.6646066133609598,1.227440161024359,2.1538735083331098,0.0
mlp,4.54,1.7793904953821855,1.6600333285539066,1.2247017753981506,2.147937338153988,0.0
mlp,4.5440000000000005,1.7772840123527007,1.6554578447156953,1.2165278959542172,2.14181598949913,0.0
mlp,4.548,1.7751453447725143,1.661117076588153,1.1969749700536976,2.137808778957229,0.0
mlp,4.5520000000000005,1.772974510253793,1.6707889191898477,1.1774714727681248,2.1471601538727505,0.0
mlp,4.556,1.7707717264925509,1.680363599708754,1.158020530385836,2.156581741904901,0.0
mlp,4.5600000000000005,1.7685374198615407,1.6898334987138175,1.138625181261635,2.1660690563571317,0.0
mlp,4.564,1.7662721894078417,1.6991923478107949,1.1192883890489678,2.1756171517908336,0.0
mlp,4.5680000000000005,1.7639767489106597,1.707056521022015,1.1000130568739446,2.1827204768734925,0.0
mlp,4.572,1.7616518722161003,1.7137493115251123,1.0808020421274425,2.188365383097594,0.0
mlp,4.5760000000000005,1.7592983508632565,1.7202433868796394,1.0626915020737069,2.194035437877841,0.0
mlp,4.58,1.756916960594722,1.7265304230318799,1.050437480983583,2.199725297272308,0.0
mlp,4.5840000000000005,1.7545084304327445,1.732601297283869,1.038267325525747,2.2054291156068544,0.0
mlp,4.588,1.7520734129466813,1.738446168292513,1.0261802497469776,2.2111407008496924,0.0
mlp,4.5920000000000005,1.7496124645093858,1.7440546326393593,1.0141755702271815,2.216853689162153,0.0
mlp,4.596,1.747126050658188,1.7472572692814348,1.002252713084064,2.2225617188175377,0.0
mlp,4.6000000000000005,1.744614584988883,1.744587070582343,0.9904112186816173,2.2282585846218668,0.0
mlp,4.604,1.7420784933271676,1.7417309286869838,0.9834914924736403,2.233938357318634,0.0
mlp,4.6080000000000005,1.7395182809757153,1.738682736854579,0.986823216059727,2.239595457670136,0.0
mlp,4.612,1.736934579231352,1.735437087029239,0.9902205830362001,2.2452246811223526,0.0
mlp,4.616,1.7343281575125473,1.7319894162913443,0.9936768694833163,2.2508211751908362,0.0
mlp,4.62,1.7316999017162413,1.728336035739203,0.9971855305692183,2.2563803770422965,0.0
mlp,4.624,1.7290507701826456,1.7244740493217687,1.0007401767197681,2.261897922531258,0.0
mlp,4.628,1.7263817425077677,1.7204011880070817,1.0043345495512372,2.267369539865319,0.0
mlp,4.632,1.7236937743384253,1.7161155953962877,1.0079624981427708,2.272790941139396,0.0
mlp,4.636,1.7209877661751214,1.7076155502015942,1.0116179561605014,2.278157723490366,0.0
mlp,4.64,1.718264548887742,1.6921968406069139,1.0152949202662838,2.283465289027526,0.0
mlp,4.644,1.7155248847254865,1.6766717603625882,1.0189874301567774,2.2887087894882012,0.0
mlp,4.648,1.7127694805015277,1.6610443094299723,1.0296134172313987,2.2938830982123717,0.0
mlp,4.652,1.7099990090430428,1.6453183212686373,1.0242014166577316,2.2989828089021938,0.0
mlp,4.656,1.707214135331352,1.6294975382179695,1.017469019677438,2.304002258007899,0.0
mlp,4.66,1.7044155444677345,1.6135856834395006,1.0110377414086542,2.3089355656392536,0.0
mlp,4.664,1.701603969326154,1.5975865216083756,1.0049150238867686,2.308467238156606,0.0
mlp,4.668,1.69878021632584,1.5815039043993204,0.9991083641890205,2.303168538802813,0.0
mlp,4.672,1.6959451881312018,1.5653418007503572,0.9936253337256908,2.2976874819393696,0.0
mlp,4.676,1.6930999022781534,1.5491043147640862,0.9884735888358196,2.292022464984825,0.0
mlp,4.68,1.6902455047792493,1.5327956950702113,0.9836608670218082,2.2861721681757916,0.0
mlp,4.684,1.6873832777557518,1.5164203383461052,0.9791949639401523,2.2801355274740085,0.0
mlp,4.688,1.6845146402001796,1.4999827871146478,0.9750836879421281,2.2739116741992227,0.0
mlp,4.692,1.6816411412184777,1.4834877191863174,0.9713347913404631,2.267499849105336,0.0
mlp,4.696,1.6787644456406128,1.4669399247069808,0.9679558803125133,2.2608993012836027,0.0
mlp,4.7,1.675886312762044,1.450344268043247,0.9649543080047263,2.2541091836443092,0.0
mlp,4.704,1.6730085701294026,1.433705636349432,0.9623370575672965,2.247128456850099,0.0
mlp,4.708,1.670133085519836,1.4170288840180625,0.9636283762837039,2.2399558126668824,0.0
mlp,4.712,1.6672617412269741,1.4003187898552572,0.970191080314168,2.2325896260510865,0.0
mlp,4.716,1.6643964149650394,1.3835800474184812,0.9768446529339664,2.2250279431673765,0.0
mlp,4.72,1.6615389706836239,1.3668173038335913,0.9835887174824375,2.217268510090037,0.0
mlp,4.724,1.658691260253039,1.3500352467109675,0.9803561624046877,2.2093088442145894,0.0
mlp,4.728,1.6558551338836298,1.3402074575884613,0.9706018825794644,2.201146347319411,0.0
mlp,4.732,1.6530324544401847,1.3367447615585184,0.9610688182941829,2.1927784556692536,0.0
mlp,4.736,1.6502251097601526,1.333181297198219,0.951757701858293,2.1842028185334534,0.0
mlp,4.74,1.6474350183083932,1.3295141872896639,0.9426689240946589,2.175417492210517,0.0
mlp,4.744,1.6446641265912008,1.3257407449098966,0.9338025400116905,2.1664211326322604,0.0
mlp,4.748,1.6419144004781085,1.3218584951170769,0.9251582712794983,2.1572131667102923,0.0
mlp,4.752,1.6391878155142805,1.3178651933304826,0.9212551999028562,2.147793921813907,0.0
mlp,4.756,1.6364863523782034,1.3137588400464013,0.9187279226508276,2.138164695045199,0.0
mlp,4.76,1.6338120023794687,1.309537691823846,0.9166565076722688,2.128327749707397,0.0
mlp,4.764,1.6311667844805158,1.3052002687984579,0.9150369856389386,2.1182862350945206,0.0
mlp,4.768,1.6285527706109488,1.300745359309268,0.9138645791834682,2.1080440360622337,0.0
mlp,4.772,1.6259721114662367,1.2961720225152593,0.913133736631472,2.0976055687046626,0.0
mlp,4.776,1.6234270522596816,1.2914795900995772,0.9128381715584086,2.086975545759114,0.0
mlp,4.78,1.6209199284250375,1.2866676682743448,0.9129709074246447,2.0761587386836475,0.0
mlp,4.784,1.6184531355091103,1.2817361412822317,0.9135243264388774,2.065159762465125,0.0
mlp,4.788,1.6160290746259331,1.2814325129896011,0.9144902217399666,2.0539829050188567,0.0
mlp,4.792,1.6136500828186162,1.2876712473843757,0.9158598519678356,2.0436726757337462,0.0
mlp,4.796,1.61131836371408,1.2936770200847003,0.9176239973108511,2.0350996883309675,0.0
mlp,4.8,1.6090359354063082,1.299447786879318,0.914192960412921,2.0247037877241554,0.0
mlp,4.804,1.6068046084973713,1.304981621894879,0.8979712998860762,2.0140602352475265,0.0
mlp,4.808,1.6046259989919722,1.31027664915553,0.8818448425844032,2.003178457971062,0.0
mlp,4.812,1.6025015716637596,1.3153309804135476,0.8658168685163727,1.992068188151522,0.0
mlp,4.816,1.6004327032555197,1.3201426669942724,0.8498901470369034,1.9807394589208287,0.0
mlp,4.82,1.5984207533221426,1.3187946695335055,0.8340676476976365,1.9692026008157504,0.0
mlp,4.824,1.5964671329443563,1.3158518734807538,0.8183531942621712,1.9574682390160765,0.0
mlp,4.828,1.5945733654662255,1.3128482252279414,0.8027519913446585,1.9455472911634493,0.0
mlp,4.832,1.5927411363350437,1.3097885029580567,0.7872709880559846,1.933450965646788,0.0
mlp,4.836,1.5909723298163494,1.3066774469782403,0.7719190525922895,1.9211907602601621,0.0
mlp,4.84,1.5892690492699921,1.3035199176536238,0.7567069279912904,1.9087784611627243,0.0
mlp,4.844,1.5876336166472942,1.3003210329429717,0.7416469456561894,1.8962261420957298,0.0
mlp,4.848,1.5860685484125474,1.2970862234011677,0.7267525089437984,1.8835461638369309,0.0
mlp,4.852,1.5845765111105918,1.2938211494149994,0.7120374257153456,1.8707511738960352,0.0
mlp,4.856,1.5831602697331628,1.2905314696724428,0.6997002816950624,1.8578541064751528,0.0
mlp,4.86,1.581822651402601,1.2872225242624515,0.6899436795273132,1.8448681827340168,0.0
mlp,4.864,1.5805665484643845,1.2838990648002935,0.6840004561068668,1.831806911410399,0.0
mlp,4.868,1.5793949737671724,1.2805651790538717,0.6873520674040472,1.8186840898509198,0.0
mlp,4.872,1.5783111594351387,1.277224492403711,0.6908449081725504,1.8055138055060738,0.0
mlp,4.876,1.5773186699230617,1.273880606139981,0.6944824715488899,1.7923104379357235,0.0
mlp,4.88,1.576421493114166,1.2705376168623341,0.6982684704885275,1.7790886613578651,0.0
mlp,4.884,1.5756240844092297,1.267200516021067,0.702207026980354,1.7658634477546953,0.0
mlp,4.888,1.574931361945946,1.2689519291943907,0.7064070960857711,1.7526500705267432,0.0
mlp,4.892,1.574348673970751,1.2781247271564466,0.7120196517455075,1.7394641086590281,0.0
mlp,4.896,1.573881770996214,1.2872571548353884,0.7177154042701113,1.7263214513339669,0.0
mlp,4.9,1.5735368106262875,1.29634082262619,0.7234945860883595,1.7132383028951248,0.0
mlp,4.904,1.5733204037420814,1.3053670129806307,0.7293575482289321,1.7002311880348948,0.0
mlp,4.908,1.5732396854208894,1.3095163744517975,0.7353046944922135,1.6873169570485766,0.0
mlp,4.912,1.5733023745167543,1.3111476240155744,0.7413364078903051,1.674512790967721,0.0
mlp,4.916,1.5735167824303846,1.310075506914992,0.7346362885800752,1.6618362063573329,0.0
mlp,4.92,1.5738917465635693,1.3091835544174373,0.7279015670481125,1.649305059534682,0.0
mlp,4.924,1.5744364899649423,1.308481450784349,0.7214637451048455,1.636937549941971,0.0
mlp,4.928,1.5751604332482223,1.302729150311427,0.7153278268807927,1.6247522223807531,0.0
mlp,4.932,1.5760729978226604,1.2915763920634904,0.7095198997529119,1.6127679677925424,0.0
mlp,4.936,1.5771834373302336,1.2805140124593588,0.7077932492630845,1.6010040222473714,0.0
mlp,4.94,1.57850071880051,1.2695531518072385,0.706390845762546,1.5894799637801493,0.0
mlp,4.944,1.5800334508222051,1.2571015675048067,0.705316086192995,1.5810901539864048,0.0
mlp,4.948,1.5817898311174217,1.2442138549889101,0.704572037953505,1.5911719568974436,0.0
mlp,4.952,1.5837775738854702,1.231626258837656,0.7041614117480456,1.6014204345134537,0.0
mlp,4.956,1.5860037906272078,1.2193578246716985,0.7040865338412373,1.6118332410326206,0.0
mlp,4.96,1.5884748350484241,1.207428977548465,0.7043493173146274,1.6224080576680546,0.0
mlp,4.964,1.5911961605488478,1.195861386245379,0.7049512319703388,1.6331425800884385,0.0
mlp,4.968,1.5941722439883617,1.1846775673684276,0.7058932727877277,1.6424522275353515,0.0
mlp,4.972,1.597406583448221,1.1739002798445521,0.7071759273334511,1.6492837837324945,0.0
mlp,4.976,1.6009017083893706,1.1635518203032011,0.7087991432377092,1.656080585879921,0.0
mlp,4.98,1.6046591172070848,1.1536533885203162,0.7107622976944474,1.6628399917628132,0.0
mlp,4.984,1.6086791247754113,1.144224706368167,0.713064171767992,1.669559584905892,0.0
mlp,4.988,1.6129607155302061,1.1352840101304826,0.7157029328920843,1.6762371687304147,0.0
mlp,4.992,1.6175015468471305,1.1268484054108172,0.7186761291231434,1.6828707595127514,0.0
mlp,4.996,1.6222981734545208,1.1189344396368792,0.7219806983022097,1.6894585783188334,0.0
mlp,5.0,1.6273464275980447,1.1115586854151482,0.7256129942381412,1.6959990421125837,0.0
