system,offset,t_normalised,relative_separation,amplification
projectile,1e-10,0.0,0.0,0.0
projectile,1e-10,0.002506265664160401,3.5443309255893303e-13,0.00354433092558933
projectile,1e-10,0.005012531328320802,7.088788539622627e-13,0.007088788539622627
projectile,1e-10,0.0075187969924812035,1.063325407246494e-12,0.01063325407246494
projectile,1e-10,0.010025062656641603,1.4177577079245255e-12,0.014177577079245255
projectile,1e-10,0.012531328320802004,1.772190800438174e-12,0.01772190800438174
projectile,1e-10,0.015037593984962407,2.126638145507079e-12,0.021266381455070787
projectile,1e-10,0.017543859649122806,2.4810823233548095e-12,0.024810823233548093
projectile,1e-10,0.020050125313283207,2.835515415849051e-12,0.02835515415849051
projectile,1e-10,0.022556390977443608,3.189961177315275e-12,0.03189961177315275
projectile,1e-10,0.02506265664160401,3.5443942698113134e-12,0.035443942698113136
projectile,1e-10,0.027568922305764413,3.898843198511937e-12,0.03898843198511937
projectile,1e-10,0.030075187969924814,4.253276291014158e-12,0.042532762910141575
projectile,1e-10,0.03258145363408521,4.6077062162802584e-12,0.04607706216280258
projectile,1e-10,0.03508771929824561,4.962151977735839e-12,0.049621519777358396
projectile,1e-10,0.03759398496240601,5.3165850702419404e-12,0.0531658507024194
projectile,1e-10,0.040100250626566414,5.671030831698102e-12,0.05671030831698102
projectile,1e-10,0.042606516290726815,6.025482927636841e-12,0.0602548292763684
projectile,1e-10,0.045112781954887216,6.379909685660365e-12,0.06379909685660365
projectile,1e-10,0.047619047619047616,6.734361781599104e-12,0.06734361781599103
projectile,1e-10,0.05012531328320802,7.088788539622627e-12,0.07088788539622627
projectile,1e-10,0.05263157894736842,7.443234301085258e-12,0.07443234301085258
projectile,1e-10,0.055137844611528826,7.797686397023874e-12,0.07797686397023874
projectile,1e-10,0.05764411027568923,8.152113155047286e-12,0.08152113155047286
projectile,1e-10,0.06015037593984963,8.506552582028316e-12,0.08506552582028315
projectile,1e-10,0.06265664160401002,8.860998343485891e-12,0.08860998343485892
projectile,1e-10,0.06516290726817042,9.215425101509416e-12,0.09215425101509415
projectile,1e-10,0.06766917293233082,9.569877197448155e-12,0.09569877197448155
projectile,1e-10,0.07017543859649122,9.924303955471678e-12,0.09924303955471679
projectile,1e-10,0.07268170426065163,1.0278756051410417e-11,0.10278756051410418
projectile,1e-10,0.07518796992481203,1.0633182809433942e-11,0.10633182809433941
projectile,1e-10,0.07769423558897243,1.0987634905372679e-11,0.10987634905372679
projectile,1e-10,0.08020050125313283,1.1342074332360887e-11,0.11342074332360888
projectile,1e-10,0.08270676691729323,1.1696526428299411e-11,0.11696526428299411
projectile,1e-10,0.08521303258145363,1.2050965855273682e-11,0.1205096585527368
projectile,1e-10,0.08771929824561403,1.2405367275407867e-11,0.12405367275407866
projectile,1e-10,0.09022556390977443,1.275981937132073e-11,0.1275981937132073
projectile,1e-10,0.09273182957393483,1.3114284136223196e-11,0.13114284136223195
projectile,1e-10,0.09523809523809523,1.3468723563198208e-11,0.13468723563198207
projectile,1e-10,0.09774436090225563,1.382315032122173e-11,0.1382315032122173
projectile,1e-10,0.10025062656641603,1.4177577079245253e-11,0.14177577079245254
projectile,1e-10,0.10275689223057644,1.4532016506231909e-11,0.1453201650623191
projectile,1e-10,0.10526315789473684,1.4886468602170516e-11,0.14886468602170516
projectile,1e-10,0.10776942355889724,1.5240933367082535e-11,0.15240933367082532
projectile,1e-10,0.11027568922305765,1.5595372794047748e-11,0.1559537279404775
projectile,1e-10,0.11278195488721804,1.5949774214155942e-11,0.15949774214155943
projectile,1e-10,0.11528822055137845,1.630422631009457e-11,0.16304226310094572
projectile,1e-10,0.11779448621553884,1.6658665737070783e-11,0.16658665737070782
projectile,1e-10,0.12030075187969926,1.701310516405663e-11,0.1701310516405663
projectile,1e-10,0.12280701754385964,1.7367557259995273e-11,0.17367557259995273
projectile,1e-10,0.12531328320802004,1.7721996686971783e-11,0.17721996686971783
projectile,1e-10,0.12781954887218044,1.8076436113957356e-11,0.18076436113957356
projectile,1e-10,0.13032581453634084,1.8430850203018832e-11,0.1843085020301883
projectile,1e-10,0.13283208020050125,1.8785314967919448e-11,0.1878531496791945
projectile,1e-10,0.13533834586466165,1.913975439489631e-11,0.1913975439489631
projectile,1e-10,0.13784461152882205,1.9494193821881557e-11,0.19494193821881559
projectile,1e-10,0.14035087719298245,1.9848607910943356e-11,0.19848607910943358
projectile,1e-10,0.14285714285714285,2.0203072675843675e-11,0.20203072675843675
projectile,1e-10,0.14536340852130325,2.0557486764921236e-11,0.20557486764921235
projectile,1e-10,0.14786967418546365,2.091193886084436e-11,0.2091193886084436
projectile,1e-10,0.15037593984962405,2.1266365618867883e-11,0.21266365618867883
projectile,1e-10,0.15288220551378445,2.162083038376794e-11,0.2162083038376794
projectile,1e-10,0.15538847117794485,2.1975269810745358e-11,0.21975269810745357
projectile,1e-10,0.15789473684210525,2.2329696568768883e-11,0.2232969656876888
projectile,1e-10,0.16040100250626566,2.2684148664721774e-11,0.22684148664721776
projectile,1e-10,0.16290726817042608,2.303857542274508e-11,0.23038575422745078
projectile,1e-10,0.16541353383458646,2.3393027518669886e-11,0.23393027518669884
projectile,1e-10,0.16791979949874689,2.374747961462214e-11,0.23747479614622138
projectile,1e-10,0.17042606516290726,2.4101931710547364e-11,0.2410193171054736
projectile,1e-10,0.1729323308270677,2.4456358468570888e-11,0.24456358468570888
projectile,1e-10,0.17543859649122806,2.481078522659441e-11,0.24810785226594412
projectile,1e-10,0.1779448621553885,2.5165211984617934e-11,0.25165211984617936
projectile,1e-10,0.18045112781954886,2.551963874264146e-11,0.2551963874264146
projectile,1e-10,0.1829573934837093,2.5874116176495412e-11,0.25874116176495415
projectile,1e-10,0.18546365914786966,2.6228517596615962e-11,0.26228517596615963
projectile,1e-10,0.1879699248120301,2.658296969254246e-11,0.26582969692542463
projectile,1e-10,0.19047619047619047,2.6937447126396415e-11,0.26937447126396413
projectile,1e-10,0.1929824561403509,2.7291848546516483e-11,0.27291848546516484
projectile,1e-10,0.19548872180451127,2.764630064244346e-11,0.2764630064244346
projectile,1e-10,0.1979949874686717,2.8000727400466982e-11,0.28000727400466985
projectile,1e-10,0.20050125313283207,2.8355154158490507e-11,0.2835515415849051
projectile,1e-10,0.2030075187969925,2.870963159234446e-11,0.28709631592344464
projectile,1e-10,0.20551378446115287,2.9064058350367985e-11,0.2906405835036799
projectile,1e-10,0.2080200501253133,2.941848510839151e-11,0.2941848510839151
projectile,1e-10,0.21052631578947367,2.977293720434103e-11,0.2977293720434103
projectile,1e-10,0.2130325814536341,3.012733862443856e-11,0.3012733862443856
projectile,1e-10,0.21553884711779447,3.048181605829251e-11,0.3048181605829251
projectile,1e-10,0.21804511278195488,3.083624281631604e-11,0.30836242816316034
projectile,1e-10,0.2205513784461153,3.119072025016999e-11,0.3119072025016999
projectile,1e-10,0.22305764411027568,3.1545121670288476e-11,0.31545121670288473
projectile,1e-10,0.22556390977443608,3.189957376621704e-11,0.3189957376621704
projectile,1e-10,0.22807017543859648,3.2254000524240564e-11,0.3225400052424056
projectile,1e-10,0.2305764411027569,3.260845262018914e-11,0.32608452620189143
projectile,1e-10,0.23308270676691728,3.2962879378212563e-11,0.3296287937821256
projectile,1e-10,0.23558897243107768,3.331733147414157e-11,0.33317331474141565
projectile,1e-10,0.23809523809523808,3.3671758232165085e-11,0.33671758232165083
projectile,1e-10,0.2406015037593985,3.402621032811326e-11,0.3402621032811326
projectile,1e-10,0.24310776942355888,3.438068776196711e-11,0.34380687761967116
projectile,1e-10,0.24561403508771928,3.4735114519990547e-11,0.34735114519990545
projectile,1e-10,0.2481203007518797,3.508956661592004e-11,0.3508956661592004
projectile,1e-10,0.2506265664160401,3.5443993373943566e-11,0.35443993373943566
projectile,1e-10,0.2531328320802005,3.579842013196709e-11,0.3579842013196709
projectile,1e-10,0.2556390977443609,3.615287222791471e-11,0.3615287222791471
projectile,1e-10,0.25814536340852134,3.650727364801414e-11,0.3650727364801414
projectile,1e-10,0.2606516290726817,3.6861700406037664e-11,0.3686170040603766
projectile,1e-10,0.2631578947368421,3.721615250198503e-11,0.3721615250198503
projectile,1e-10,0.2656641604010025,3.7570629935838897e-11,0.375706299358389
projectile,1e-10,0.26817042606516295,3.7925082031769096e-11,0.3792508203176909
projectile,1e-10,0.2706766917293233,3.827950878979262e-11,0.3827950878979262
projectile,1e-10,0.2731829573934837,3.8633935547816145e-11,0.38633935547816145
projectile,1e-10,0.2756892230576441,3.8988387643763114e-11,0.38988387643763117
projectile,1e-10,0.27819548872180455,3.9342789063863194e-11,0.3934278906386319
projectile,1e-10,0.2807017543859649,3.969721582188671e-11,0.39697215821886717
projectile,1e-10,0.2832080200501253,4.005171859366389e-11,0.40051718593663893
projectile,1e-10,0.2857142857142857,4.040614535168735e-11,0.4040614535168735
projectile,1e-10,0.28822055137844615,4.076059744761815e-11,0.40760597447618147
projectile,1e-10,0.2907268170426065,4.111502420564167e-11,0.4111502420564167
projectile,1e-10,0.2932330827067669,4.146945096366519e-11,0.41469450963665194
projectile,1e-10,0.2957393483709273,4.182387772168872e-11,0.4182387772168872
projectile,1e-10,0.29824561403508776,4.217835515557311e-11,0.4217835515557311
projectile,1e-10,0.3007518796992481,4.253273123773577e-11,0.42532731237735766
projectile,1e-10,0.3032581453634085,4.288718333368199e-11,0.4288718333368199
projectile,1e-10,0.3057644110275689,4.324166076753588e-11,0.4324166076753588
projectile,1e-10,0.30827067669172936,4.359606218766622e-11,0.43596062187666224
projectile,1e-10,0.3107769423558897,4.3950539621490717e-11,0.43950539621490714
projectile,1e-10,0.3132832080200501,4.430496637951424e-11,0.4430496637951424
projectile,1e-10,0.3157894736842105,4.4659393137537766e-11,0.4465939313753776
projectile,1e-10,0.31829573934837097,4.5013895909314065e-11,0.45013895909314067
projectile,1e-10,0.3208020050125313,4.536829732944355e-11,0.4536829732944355
projectile,1e-10,0.3233082706766917,4.572272408746685e-11,0.4572272408746685
projectile,1e-10,0.32581453634085217,4.607715084549016e-11,0.46077150845490156
projectile,1e-10,0.3283208020050125,4.6431628279316247e-11,0.46431628279316245
projectile,1e-10,0.3308270676691729,4.678605503733977e-11,0.4678605503733977
projectile,1e-10,0.3333333333333333,4.7140481795363296e-11,0.4714048179536329
projectile,1e-10,0.33583959899749377,4.749495922924428e-11,0.47494959229244277
projectile,1e-10,0.3383458646616541,4.784933531141034e-11,0.4784933531141034
projectile,1e-10,0.3408521303258145,4.820386342109473e-11,0.4820386342109472
projectile,1e-10,0.3433583959899749,4.855818882745739e-11,0.4855818882745739
projectile,1e-10,0.3458646616541354,4.8912716937141777e-11,0.48912716937141776
projectile,1e-10,0.3483709273182957,4.926709301936093e-11,0.4926709301936093
projectile,1e-10,0.3508771929824561,4.962157045318882e-11,0.49621570453188824
projectile,1e-10,0.3533834586466165,4.9975997211212344e-11,0.4997599721121235
projectile,1e-10,0.355889724310777,5.033042396923587e-11,0.5033042396923587
projectile,1e-10,0.3583959899749373,5.0684901403115154e-11,0.5068490140311516
projectile,1e-10,0.3609022556390977,5.103927748528292e-11,0.5103927748528292
projectile,1e-10,0.3634085213032581,5.13938055949673e-11,0.513938055949673
projectile,1e-10,0.3659147869674186,5.1748232352990825e-11,0.5174823235299083
projectile,1e-10,0.3684210526315789,5.210265911101435e-11,0.5210265911101435
projectile,1e-10,0.37092731829573933,5.2457035193231924e-11,0.5245703519323193
projectile,1e-10,0.37343358395989973,5.28115126270614e-11,0.528115126270614
projectile,1e-10,0.3759398496240602,5.316593938508492e-11,0.5316593938508493
projectile,1e-10,0.37844611528822053,5.352036614310845e-11,0.5352036614310844
projectile,1e-10,0.38095238095238093,5.387489425279283e-11,0.5387489425279283
projectile,1e-10,0.38345864661654133,5.42292196591555e-11,0.5422921965915549
projectile,1e-10,0.3859649122807018,5.458369709303297e-11,0.5458369709303297
projectile,1e-10,0.38847117794486213,5.49381745268634e-11,0.5493817452686339
projectile,1e-10,0.39097744360902253,5.529260128488692e-11,0.5529260128488692
projectile,1e-10,0.39348370927318294,5.564707871876395e-11,0.5564707871876395
projectile,1e-10,0.3959899749373434,5.6001454800933965e-11,0.5600145480093397
projectile,1e-10,0.39849624060150374,5.635588155895749e-11,0.5635588155895749
projectile,1e-10,0.40100250626566414,5.6710308316981014e-11,0.5671030831698102
projectile,1e-10,0.4035087719298246,5.706473507500454e-11,0.5706473507500454
projectile,1e-10,0.406015037593985,5.741926318468892e-11,0.5741926318468893
projectile,1e-10,0.40852130325814534,5.7773689942712445e-11,0.5777368994271245
projectile,1e-10,0.41102756892230574,5.812811670073597e-11,0.5812811670073598
projectile,1e-10,0.4135338345864662,5.848264481042036e-11,0.5848264481042036
projectile,1e-10,0.4160401002506266,5.883697021678302e-11,0.5883697021678302
projectile,1e-10,0.41854636591478694,5.919149832646741e-11,0.5919149832646741
projectile,1e-10,0.42105263157894735,5.954582373283007e-11,0.5954582373283007
projectile,1e-10,0.4235588972431078,5.990035184251446e-11,0.5990035184251445
projectile,1e-10,0.4260651629072682,6.025467724887712e-11,0.6025467724887712
projectile,1e-10,0.4285714285714286,6.060920535856151e-11,0.606092053585615
projectile,1e-10,0.43107769423558895,6.096363211658502e-11,0.6096363211658502
projectile,1e-10,0.4335839598997494,6.131805887460854e-11,0.6131805887460855
projectile,1e-10,0.43609022556390975,6.167248563263207e-11,0.6167248563263207
projectile,1e-10,0.43859649122807015,6.202691239065559e-11,0.620269123906556
projectile,1e-10,0.4411027568922306,6.238144050033998e-11,0.6238144050033998
projectile,1e-10,0.44360902255639095,6.273586725836351e-11,0.6273586725836351
projectile,1e-10,0.44611528822055135,6.309029401638703e-11,0.6309029401638703
projectile,1e-10,0.4486215538847118,6.344472077441055e-11,0.6344472077441056
projectile,1e-10,0.45112781954887216,6.379914753243408e-11,0.6379914753243408
projectile,1e-10,0.4536340852130326,6.41535742904576e-11,0.641535742904576
projectile,1e-10,0.45614035087719296,6.450800104848113e-11,0.6450800104848112
projectile,1e-10,0.45864661654135336,6.48625291581655e-11,0.648625291581655
projectile,1e-10,0.4611528822055138,6.521690524037828e-11,0.6521690524037829
projectile,1e-10,0.46365914786967416,6.557138267421255e-11,0.6557138267421255
projectile,1e-10,0.46616541353383456,6.592575875642513e-11,0.6592575875642512
projectile,1e-10,0.468671679197995,6.62802361902596e-11,0.6628023619025961
projectile,1e-10,0.47117794486215536,6.663471362413283e-11,0.6663471362413282
projectile,1e-10,0.4736842105263158,6.698908970630665e-11,0.6698908970630666
projectile,1e-10,0.47619047619047616,6.734351646433017e-11,0.6734351646433017
projectile,1e-10,0.47869674185463656,6.76979432223537e-11,0.676979432223537
projectile,1e-10,0.481203007518797,6.805242065622652e-11,0.6805242065622652
projectile,1e-10,0.48370927318295737,6.840684741424994e-11,0.6840684741424995
projectile,1e-10,0.48621553884711777,6.876132484808513e-11,0.6876132484808513
projectile,1e-10,0.4887218045112782,6.911575160610866e-11,0.6911575160610866
projectile,1e-10,0.49122807017543857,6.947017836413218e-11,0.6947017836413217
projectile,1e-10,0.493734335839599,6.982460512215569e-11,0.698246051221557
projectile,1e-10,0.4962406015037594,7.017913323184008e-11,0.7017913323184009
projectile,1e-10,0.49874686716791977,7.053355998986361e-11,0.705335599898636
projectile,1e-10,0.5012531328320802,7.088798674788713e-11,0.7088798674788713
projectile,1e-10,0.5037593984962405,7.124241350591065e-11,0.7124241350591065
projectile,1e-10,0.506265664160401,7.159684026393418e-11,0.7159684026393418
projectile,1e-10,0.5087719298245614,7.19512670219577e-11,0.719512670219577
projectile,1e-10,0.5112781954887218,7.230574445582942e-11,0.7230574445582942
projectile,1e-10,0.5137844611528822,7.266017121385285e-11,0.7266017121385285
projectile,1e-10,0.5162907268170427,7.301454729602828e-11,0.7301454729602828
projectile,1e-10,0.518796992481203,7.336902472989973e-11,0.7336902472989973
projectile,1e-10,0.5213032581453634,7.372340081207533e-11,0.7372340081207532
projectile,1e-10,0.5238095238095237,7.407787824594661e-11,0.7407787824594662
projectile,1e-10,0.5263157894736842,7.443235567978324e-11,0.7443235567978324
projectile,1e-10,0.5288220551378446,7.478678243780675e-11,0.7478678243780675
projectile,1e-10,0.531328320802005,7.514120919583028e-11,0.7514120919583028
projectile,1e-10,0.5338345864661654,7.54956359538538e-11,0.754956359538538
projectile,1e-10,0.5363408521303259,7.585011338772467e-11,0.7585011338772468
projectile,1e-10,0.5388471177944862,7.620454014574813e-11,0.7620454014574812
projectile,1e-10,0.5413533834586466,7.655901757958524e-11,0.7655901757958524
projectile,1e-10,0.5438596491228069,7.691344433760876e-11,0.7691344433760875
projectile,1e-10,0.5463659147869674,7.726787109563229e-11,0.7726787109563229
projectile,1e-10,0.5488721804511278,7.76222978536558e-11,0.776222978536558
projectile,1e-10,0.5513784461152882,7.797677528752623e-11,0.7797677528752623
projectile,1e-10,0.5538847117794486,7.833120204554968e-11,0.7833120204554969
projectile,1e-10,0.5563909774436091,7.868562880357313e-11,0.7868562880357313
projectile,1e-10,0.5588972431077694,7.904005556159658e-11,0.7904005556159658
projectile,1e-10,0.5614035087719298,7.939448231962003e-11,0.7939448231962003
projectile,1e-10,0.5639097744360902,7.974890907764348e-11,0.7974890907764348
projectile,1e-10,0.5664160401002506,8.010343718732778e-11,0.8010343718732779
projectile,1e-10,0.568922305764411,8.045781326950485e-11,0.8045781326950485
projectile,1e-10,0.5714285714285714,8.08122907033747e-11,0.808122907033747
projectile,1e-10,0.5739348370927319,8.11666667855519e-11,0.811666667855519
projectile,1e-10,0.5764411027568923,8.15211948952363e-11,0.8152119489523629
projectile,1e-10,0.5789473684210527,8.187557097744506e-11,0.8187557097744507
projectile,1e-10,0.581453634085213,8.223004841128334e-11,0.8223004841128334
projectile,1e-10,0.5839598997493735,8.258452584515284e-11,0.8258452584515285
projectile,1e-10,0.5864661654135338,8.293890192733039e-11,0.8293890192733039
projectile,1e-10,0.5889724310776943,8.329337936119976e-11,0.8329337936119976
projectile,1e-10,0.5914786967418546,8.364775544337744e-11,0.8364775544337744
projectile,1e-10,0.5939849624060151,8.400218220146209e-11,0.840021822014621
projectile,1e-10,0.5964912280701755,8.435671031114622e-11,0.8435671031114622
projectile,1e-10,0.5989974937343359,8.471113706910886e-11,0.8471113706910887
projectile,1e-10,0.6015037593984962,8.506546247547153e-11,0.8506546247547153
projectile,1e-10,0.6040100250626567,8.541999058515591e-11,0.8541999058515591
projectile,1e-10,0.606516290726817,8.577436666736399e-11,0.8577436666736398
projectile,1e-10,0.6090225563909775,8.612884410120296e-11,0.8612884410120296
projectile,1e-10,0.6115288220551378,8.648332153507176e-11,0.8648332153507176
projectile,1e-10,0.6140350877192983,8.683769761725001e-11,0.8683769761725001
projectile,1e-10,0.6165413533834587,8.719212437533244e-11,0.8719212437533245
projectile,1e-10,0.619047619047619,8.754670316080301e-11,0.8754670316080301
projectile,1e-10,0.6215538847117794,8.790107924298143e-11,0.8790107924298143
projectile,1e-10,0.6240601503759399,8.825545532518908e-11,0.8825545532518908
projectile,1e-10,0.6265664160401002,8.860993275902848e-11,0.8860993275902848
projectile,1e-10,0.6290726817042607,8.896441019289687e-11,0.8896441019289688
projectile,1e-10,0.631578947368421,8.931878627507553e-11,0.8931878627507552
projectile,1e-10,0.6340852130325815,8.967331438475992e-11,0.8967331438475992
projectile,1e-10,0.6365914786967419,9.002779181862813e-11,0.9002779181862813
projectile,1e-10,0.6390977443609022,9.038206654920293e-11,0.9038206654920292
projectile,1e-10,0.6416040100250626,9.07365946588871e-11,0.907365946588871
projectile,1e-10,0.6441102756892231,9.109112276857125e-11,0.9109112276857126
projectile,1e-10,0.6466165413533834,9.14454481749337e-11,0.914454481749337
projectile,1e-10,0.6491228070175439,9.179987493290107e-11,0.9179987493290107
projectile,1e-10,0.6516290726817043,9.215430169098032e-11,0.9215430169098031
projectile,1e-10,0.6541353383458647,9.250882980066449e-11,0.9250882980066449
projectile,1e-10,0.656641604010025,9.286325655863249e-11,0.9286325655863249
projectile,1e-10,0.6591478696741854,9.321758196499517e-11,0.9321758196499517
projectile,1e-10,0.6616541353383458,9.357211007467954e-11,0.9357211007467954
projectile,1e-10,0.6641604010025063,9.392663818436393e-11,0.9392663818436393
projectile,1e-10,0.6666666666666666,9.428096359072659e-11,0.9428096359072659
projectile,1e-10,0.6691729323308271,9.463528899708926e-11,0.9463528899708926
projectile,1e-10,0.6716791979949875,9.498991845848856e-11,0.9498991845848855
projectile,1e-10,0.6741854636591479,9.534434521645803e-11,0.9534434521645803
projectile,1e-10,0.6766917293233082,9.569867062282068e-11,0.9569867062282068
projectile,1e-10,0.6791979949874686,9.605309738089768e-11,0.9605309738089768
projectile,1e-10,0.681704260651629,9.640772684218945e-11,0.9640772684218945
projectile,1e-10,0.6842105263157895,9.676205224855213e-11,0.9676205224855212
projectile,1e-10,0.6867167919799498,9.711637765491478e-11,0.9711637765491478
projectile,1e-10,0.6892230576441103,9.747090576459915e-11,0.9747090576459916
projectile,1e-10,0.6917293233082707,9.782543387428355e-11,0.9782543387428355
projectile,1e-10,0.6942355889724311,9.81797592806462e-11,0.9817975928064621
projectile,1e-10,0.6967418546365914,9.853418603872186e-11,0.9853418603872186
projectile,1e-10,0.6992481203007518,9.888871414840605e-11,0.9888871414840605
projectile,1e-10,0.7017543859649122,9.924314090637764e-11,0.9924314090637765
projectile,1e-10,0.7042606516290727,9.95974663127403e-11,0.995974663127403
projectile,1e-10,0.706766917293233,9.995199442242469e-11,0.999519944224247
projectile,1e-10,0.7092731829573935,1.0030652253210906e-10,1.0030652253210908
projectile,1e-10,0.711779448621554,1.0066084793847174e-10,1.0066084793847174
projectile,1e-10,0.7142857142857143,1.010151733448344e-10,1.0101517334483439
projectile,1e-10,0.7167919799498746,1.0136980280623031e-10,1.0136980280623031
projectile,1e-10,0.719298245614035,1.0172422956420316e-10,1.0172422956420317
projectile,1e-10,0.7218045112781954,1.0207855497056584e-10,1.0207855497056584
projectile,1e-10,0.7243107769423559,1.0243308308025021e-10,1.024330830802502
projectile,1e-10,0.7268170426065163,1.027876111899346e-10,1.027876111899346
projectile,1e-10,0.7293233082706767,1.0314193659629726e-10,1.0314193659629727
projectile,1e-10,0.7318295739348372,1.0349646470598165e-10,1.0349646470598166
projectile,1e-10,0.7343358395989975,1.0385099281566603e-10,1.0385099281566603
projectile,1e-10,0.7368421052631579,1.042053182220287e-10,1.042053182220287
projectile,1e-10,0.7393483709273183,1.0455974498010134e-10,1.0455974498010134
projectile,1e-10,0.7418546365914787,1.0491407038646385e-10,1.0491407038646385
projectile,1e-10,0.7443609022556391,1.0526859849614806e-10,1.0526859849614805
projectile,1e-10,0.7468671679197995,1.056230252541228e-10,1.056230252541228
projectile,1e-10,0.7493734335839599,1.0597745201219478e-10,1.059774520121948
projectile,1e-10,0.7518796992481204,1.0633187877016985e-10,1.0633187877016985
projectile,1e-10,0.7543859649122807,1.0668640687985422e-10,1.0668640687985422
projectile,1e-10,0.7568922305764411,1.070407322862169e-10,1.0704073228621689
projectile,1e-10,0.7593984962406015,1.0739526039590127e-10,1.0739526039590126
projectile,1e-10,0.7619047619047619,1.0774978850558566e-10,1.0774978850558565
projectile,1e-10,0.7644110275689223,1.0810411391194832e-10,1.0810411391194832
projectile,1e-10,0.7669172932330827,1.08458439318311e-10,1.0845843931831098
projectile,1e-10,0.7694235588972431,1.0881296742799537e-10,1.0881296742799536
projectile,1e-10,0.7719298245614036,1.0916739418606593e-10,1.0916739418606594
projectile,1e-10,0.7744360902255639,1.0952182094404242e-10,1.0952182094404241
projectile,1e-10,0.7769423558897243,1.098763490537268e-10,1.0987634905372679
projectile,1e-10,0.7794486215538847,1.1023067446008947e-10,1.1023067446008947
projectile,1e-10,0.7819548872180451,1.1058520256977384e-10,1.1058520256977384
projectile,1e-10,0.7844611528822055,1.1093973067945823e-10,1.1093973067945824
projectile,1e-10,0.7869674185463659,1.112941574375279e-10,1.112941574375279
projectile,1e-10,0.7894736842105263,1.1164858419550528e-10,1.1164858419550527
projectile,1e-10,0.7919799498746868,1.1200290960186793e-10,1.1200290960186794
projectile,1e-10,0.7944862155388471,1.1235733635993718e-10,1.1235733635993717
projectile,1e-10,0.7969924812030075,1.1271176311791498e-10,1.1271176311791498
projectile,1e-10,0.7994987468671679,1.1306629122759938e-10,1.1306629122759937
projectile,1e-10,0.8020050125313283,1.1342061663396203e-10,1.1342061663396203
projectile,1e-10,0.8045112781954887,1.1377514474364643e-10,1.1377514474364643
projectile,1e-10,0.8070175438596492,1.1412947015000908e-10,1.1412947015000907
projectile,1e-10,0.8095238095238095,1.1448399825969347e-10,1.1448399825969346
projectile,1e-10,0.81203007518797,1.1483852636937784e-10,1.1483852636937786
projectile,1e-10,0.8145363408521303,1.1519295312744596e-10,1.1519295312744597
projectile,1e-10,0.8170426065162907,1.1554737988542489e-10,1.155473798854249
projectile,1e-10,0.8195488721804511,1.1590190799510929e-10,1.1590190799510929
projectile,1e-10,0.8220551378446115,1.1625623340147194e-10,1.1625623340147195
projectile,1e-10,0.8245614035087719,1.1661055880783461e-10,1.1661055880783462
projectile,1e-10,0.8270676691729324,1.1696528962084072e-10,1.1696528962084072
projectile,1e-10,0.8295739348370927,1.173196150272034e-10,1.1731961502720338
projectile,1e-10,0.8320802005012532,1.1767394043356604e-10,1.1767394043356605
projectile,1e-10,0.8345864661654135,1.1802846854325043e-10,1.1802846854325044
projectile,1e-10,0.8370927318295739,1.1838299665293482e-10,1.1838299665293481
projectile,1e-10,0.8395989974937343,1.187373220592975e-10,1.1873732205929748
projectile,1e-10,0.8421052631578947,1.1909164746566014e-10,1.1909164746566014
projectile,1e-10,0.8446115288220551,1.1944617557534453e-10,1.1944617557534454
projectile,1e-10,0.8471177944862156,1.1980070368502891e-10,1.198007036850289
projectile,1e-10,0.849624060150376,1.201550290913916e-10,1.2015502909139157
projectile,1e-10,0.8521303258145364,1.2050935449775424e-10,1.2050935449775424
projectile,1e-10,0.8546365914786966,1.2086388260743862e-10,1.2086388260743863
projectile,1e-10,0.8571428571428572,1.2121841071712301e-10,1.21218410717123
projectile,1e-10,0.8596491228070174,1.2157293882680738e-10,1.2157293882680738
projectile,1e-10,0.8621553884711779,1.2192726423317005e-10,1.2192726423317004
projectile,1e-10,0.8646616541353384,1.2228179234285444e-10,1.2228179234285443
projectile,1e-10,0.8671679197994988,1.2263611774921709e-10,1.226361177492171
projectile,1e-10,0.8696741854636593,1.2299064585890147e-10,1.2299064585890147
projectile,1e-10,0.8721804511278195,1.2334497126526415e-10,1.2334497126526414
projectile,1e-10,0.8746867167919798,1.236994993749485e-10,1.2369949937494853
projectile,1e-10,0.8771929824561403,1.2405382478131118e-10,1.240538247813112
projectile,1e-10,0.8796992481203008,1.2440835289099557e-10,1.2440835289099557
projectile,1e-10,0.8822055137844612,1.2476288100067996e-10,1.2476288100067996
projectile,1e-10,0.8847117794486217,1.251172064070426e-10,1.2511720640704262
projectile,1e-10,0.8872180451127819,1.2547173451672702e-10,1.2547173451672702
projectile,1e-10,0.8897243107769424,1.2582616127479136e-10,1.2582616127479136
projectile,1e-10,0.8922305764411027,1.2618058803277406e-10,1.2618058803277405
projectile,1e-10,0.8947368421052632,1.265349134391367e-10,1.2653491343913672
projectile,1e-10,0.8972431077694236,1.268894415488211e-10,1.2688944154882111
projectile,1e-10,0.8997493734335839,1.2724376695518377e-10,1.2724376695518376
projectile,1e-10,0.9022556390977443,1.2759829506486816e-10,1.2759829506486815
projectile,1e-10,0.9047619047619048,1.279526204712308e-10,1.2795262047123082
projectile,1e-10,0.9072681704260652,1.283071485809152e-10,1.283071485809152
projectile,1e-10,0.9097744360902257,1.2866167669059958e-10,1.2866167669059958
projectile,1e-10,0.9122807017543859,1.2901600209696226e-10,1.2901600209696225
projectile,1e-10,0.9147869674185463,1.2937053020664662e-10,1.2937053020664662
projectile,1e-10,0.9172932330827067,1.29725058316331e-10,1.29725058316331
projectile,1e-10,0.9197994987468672,1.3007938372269368e-10,1.3007938372269368
projectile,1e-10,0.9223057644110276,1.3043381048075657e-10,1.3043381048075657
projectile,1e-10,0.9248120300751881,1.3078823723874072e-10,1.3078823723874073
projectile,1e-10,0.9273182957393483,1.311427653484251e-10,1.311427653484251
projectile,1e-10,0.9298245614035088,1.3149709075478778e-10,1.3149709075478777
projectile,1e-10,0.9323308270676691,1.3185151751285025e-10,1.3185151751285025
projectile,1e-10,0.9348370927318296,1.3220604562253454e-10,1.3220604562253453
projectile,1e-10,0.93734335839599,1.325604723805192e-10,1.3256047238051922
projectile,1e-10,0.9398496240601503,1.3291479778688188e-10,1.3291479778688187
projectile,1e-10,0.9423558897243107,1.3326942724826565e-10,1.3326942724826565
projectile,1e-10,0.9448621553884712,1.3362385400625063e-10,1.3362385400625063
projectile,1e-10,0.9473684210526316,1.339781794126133e-10,1.3397817941261332
projectile,1e-10,0.949874686716792,1.343327075222977e-10,1.343327075222977
projectile,1e-10,0.9523809523809523,1.3468703292866034e-10,1.3468703292866033
projectile,1e-10,0.9548872180451127,1.3504156103834473e-10,1.3504156103834473
projectile,1e-10,0.9573934837092731,1.353958864447074e-10,1.353958864447074
projectile,1e-10,0.9598997493734336,1.357504145543918e-10,1.3575041455439179
projectile,1e-10,0.962406015037594,1.3610484131245305e-10,1.3610484131245304
projectile,1e-10,0.9649122807017545,1.3645936942213733e-10,1.3645936942213734
projectile,1e-10,0.9674185463659147,1.3681369482849988e-10,1.368136948284999
projectile,1e-10,0.9699248120300752,1.371683242898076e-10,1.371683242898076
projectile,1e-10,0.9724310776942355,1.3752264969617025e-10,1.3752264969617025
projectile,1e-10,0.974937343358396,1.3787707645423102e-10,1.3787707645423104
projectile,1e-10,0.9774436090225564,1.3823150321221731e-10,1.382315032122173
projectile,1e-10,0.9799498746867167,1.385860313219017e-10,1.385860313219017
projectile,1e-10,0.9824561403508771,1.3894035672826435e-10,1.3894035672826435
projectile,1e-10,0.9849624060150376,1.3929478348632476e-10,1.3929478348632476
projectile,1e-10,0.987468671679198,1.3964921024431139e-10,1.396492102443114
projectile,1e-10,0.9899749373433584,1.400036370023716e-10,1.4000363700237162
projectile,1e-10,0.9924812030075189,1.4035826646368016e-10,1.4035826646368017
projectile,1e-10,0.9949874686716791,1.4071259187004284e-10,1.4071259187004284
projectile,1e-10,0.9974937343358395,1.4106711997972723e-10,1.410671199797272
projectile,1e-10,1.0,1.414214453860899e-10,1.414214453860899
projectile,1e-08,0.0,0.0,0.0
projectile,1e-08,0.002506265664160401,3.544394586535268e-11,0.003544394586535268
projectile,1e-08,0.005012531328320802,7.088790439966297e-11,0.007088790439966297
projectile,1e-08,0.0075187969924812035,1.0633185026501527e-10,0.010633185026501527
projectile,1e-08,0.010025062656641603,1.4177579613036775e-10,0.014177579613036777
projectile,1e-08,0.012531328320802004,1.7721974199572033e-10,0.017721974199572034
projectile,1e-08,0.015037593984962407,2.1266370053003054e-10,0.021266370053003053
projectile,1e-08,0.017543859649122806,2.48107646395383e-10,0.024810764639538303
projectile,1e-08,0.020050125313283207,2.835515922607355e-10,0.028355159226073554
projectile,1e-08,0.022556390977443608,3.189955507950458e-10,0.03189955507950458
projectile,1e-08,0.02506265664160401,3.5443949666039824e-10,0.03544394966603983
projectile,1e-08,0.027568922305764413,3.8988344252575074e-10,0.03898834425257507
projectile,1e-08,0.030075187969924814,4.253273883911033e-10,0.04253273883911033
projectile,1e-08,0.03258145363408521,4.6077133425645583e-10,0.04607713342564559
projectile,1e-08,0.03508771929824561,4.96215292790766e-10,0.04962152927907661
projectile,1e-08,0.03759398496240601,5.316592386561185e-10,0.05316592386561185
projectile,1e-08,0.040100250626566414,5.67103184521471e-10,0.05671031845214711
projectile,1e-08,0.042606516290726815,6.025471335540631e-10,0.06025471335540631
projectile,1e-08,0.045112781954887216,6.379910889211337e-10,0.06379910889211338
projectile,1e-08,0.047619047619047616,6.734350252847682e-10,0.06734350252847682
projectile,1e-08,0.05012531328320802,7.088789933207965e-10,0.07088789933207966
projectile,1e-08,0.05263157894736842,7.443229296844308e-10,0.07443229296844307
projectile,1e-08,0.055137844611528826,7.797668850515015e-10,0.07797668850515015
projectile,1e-08,0.05764411027568923,8.152108277496147e-10,0.08152108277496146
projectile,1e-08,0.06015037593984963,8.506547767822066e-10,0.08506547767822066
projectile,1e-08,0.06265664160401002,8.860987258147984e-10,0.08860987258147984
projectile,1e-08,0.06516290726817042,9.215426811818693e-10,0.09215426811818693
projectile,1e-08,0.06766917293233082,9.569866175455037e-10,0.09569866175455037
projectile,1e-08,0.07017543859649122,9.92430585581532e-10,0.09924305855815321
projectile,1e-08,0.07268170426065163,1.0278745219451662e-09,0.10278745219451663
projectile,1e-08,0.07518796992481203,1.063318477312237e-09,0.1063318477312237
projectile,1e-08,0.07769423558897243,1.098762426344829e-09,0.10987624263448291
projectile,1e-08,0.08020050125313283,1.1342063817118997e-09,0.11342063817118998
projectile,1e-08,0.08270676691729323,1.169650324410013e-09,0.1169650324410013
projectile,1e-08,0.08521303258145363,1.2050942671081261e-09,0.12050942671081262
projectile,1e-08,0.08771929824561403,1.2405382098062392e-09,0.12405382098062392
projectile,1e-08,0.09022556390977443,1.2759821778422675e-09,0.12759821778422675
projectile,1e-08,0.09273182957393483,1.3114261332093384e-09,0.13114261332093383
projectile,1e-08,0.09523809523809523,1.3468700505695363e-09,0.13468700505695363
projectile,1e-08,0.09774436090225563,1.3823140186055644e-09,0.13823140186055644
projectile,1e-08,0.10025062656641603,1.417757986641593e-09,0.14177579866415932
projectile,1e-08,0.10275689223057644,1.4532019166707484e-09,0.14532019166707486
projectile,1e-08,0.10526315789473684,1.4886458593688616e-09,0.14886458593688615
projectile,1e-08,0.10776942355889724,1.52408982740489e-09,0.152408982740489
projectile,1e-08,0.11027568922305765,1.559533770103003e-09,0.1559533770103003
projectile,1e-08,0.11278195488721804,1.5949777254700736e-09,0.15949777254700737
projectile,1e-08,0.11528822055137845,1.6304216554992294e-09,0.16304216554992293
projectile,1e-08,0.11779448621553884,1.6658656108663e-09,0.16658656108663
projectile,1e-08,0.12030075187969926,1.7013095535644131e-09,0.17013095535644132
projectile,1e-08,0.12280701754385964,1.736753534269399e-09,0.17367535342693993
projectile,1e-08,0.12531328320802004,1.7721974516295968e-09,0.17721974516295969
projectile,1e-08,0.12781954887218044,1.807641432334583e-09,0.1807641432334583
projectile,1e-08,0.13032581453634084,1.8430853623637386e-09,0.18430853623637386
projectile,1e-08,0.13283208020050125,1.8785293177308095e-09,0.18785293177308093
projectile,1e-08,0.13533834586466165,1.9139732350910074e-09,0.19139732350910074
projectile,1e-08,0.13784461152882205,1.949417215795993e-09,0.19494172157959933
projectile,1e-08,0.14035087719298245,1.984861171163064e-09,0.19848611711630643
projectile,1e-08,0.14285714285714285,2.0203051265301345e-09,0.20203051265301347
projectile,1e-08,0.14536340852130325,2.0557490185524176e-09,0.20557490185524177
projectile,1e-08,0.14786967418546365,2.0911929992574034e-09,0.20911929992574035
projectile,1e-08,0.15037593984962405,2.126636954624474e-09,0.2126636954624474
projectile,1e-08,0.15288220551378445,2.1620809353294604e-09,0.21620809353294604
projectile,1e-08,0.15538847117794485,2.197524852689658e-09,0.21975248526896582
projectile,1e-08,0.15789473684210525,2.232968770049856e-09,0.22329687700498563
projectile,1e-08,0.16040100250626566,2.2684127634237993e-09,0.22684127634237997
projectile,1e-08,0.16290726817042608,2.303856706121913e-09,0.23038567061219128
projectile,1e-08,0.16541353383458646,2.339300648820026e-09,0.2339300648820026
projectile,1e-08,0.16791979949874689,2.374744616856054e-09,0.2374744616856054
projectile,1e-08,0.17042606516290726,2.4101885342162523e-09,0.24101885342162524
projectile,1e-08,0.1729323308270677,2.44563250225228e-09,0.244563250225228
projectile,1e-08,0.17543859649122806,2.4810764196124783e-09,0.24810764196124785
projectile,1e-08,0.1779448621553885,2.516520387648507e-09,0.2516520387648507
projectile,1e-08,0.18045112781954886,2.5519643303466197e-09,0.255196433034662
projectile,1e-08,0.1829573934837093,2.5874083237205635e-09,0.25874083237205636
projectile,1e-08,0.18546365914786966,2.622852241080761e-09,0.26228522410807614
projectile,1e-08,0.1879699248120301,2.6582962091167896e-09,0.265829620911679
projectile,1e-08,0.19047619047619047,2.693740151814903e-09,0.2693740151814903
projectile,1e-08,0.1929824561403509,2.729184119850931e-09,0.27291841198509315
projectile,1e-08,0.19548872180451127,2.764628037211129e-09,0.27646280372111287
projectile,1e-08,0.1979949874686717,2.8000719799092417e-09,0.2800071979909242
projectile,1e-08,0.20050125313283207,2.8355159226073554e-09,0.28355159226073556
projectile,1e-08,0.2030075187969925,2.8709599159812987e-09,0.2870959915981299
projectile,1e-08,0.20551378446115287,2.906403858679412e-09,0.2906403858679412
projectile,1e-08,0.2080200501253133,2.9418478013775252e-09,0.29418478013775257
projectile,1e-08,0.21052631578947367,2.9772917694135537e-09,0.29772917694135537
projectile,1e-08,0.2130325814536341,3.0127356867737513e-09,0.30127356867737515
projectile,1e-08,0.21553884711779447,3.0481796294718645e-09,0.30481796294718644
projectile,1e-08,0.21804511278195488,3.0836235721699774e-09,0.3083623572169978
projectile,1e-08,0.2205513784461153,3.1190675148680906e-09,0.3119067514868091
projectile,1e-08,0.22305764411027568,3.1545114829041195e-09,0.315451148290412
projectile,1e-08,0.22556390977443608,3.1899554509401472e-09,0.31899554509401473
projectile,1e-08,0.22807017543859648,3.2253993936382605e-09,0.3225399393638261
projectile,1e-08,0.2305764411027569,3.260843310998459e-09,0.32608433109984586
projectile,1e-08,0.23308270676691728,3.2962873043724022e-09,0.3296287304372403
projectile,1e-08,0.23558897243107768,3.3317312217326e-09,0.33317312217326
projectile,1e-08,0.23809523809523808,3.367175164430713e-09,0.33671751644307135
projectile,1e-08,0.2406015037593985,3.4026191071288263e-09,0.34026191071288264
projectile,1e-08,0.24310776942355888,3.43806304982694e-09,0.343806304982694
projectile,1e-08,0.24561403508771928,3.473507068538798e-09,0.34735070685387986
projectile,1e-08,0.2481203007518797,3.508950985898996e-09,0.35089509858989965
projectile,1e-08,0.2506265664160401,3.5443949032591937e-09,0.35443949032591937
projectile,1e-08,0.2531328320802005,3.579838947308968e-09,0.3579838947308968
projectile,1e-08,0.2556390977443609,3.615282864669166e-09,0.3615282864669166
projectile,1e-08,0.25814536340852134,3.6507267566914487e-09,0.3650726756691449
projectile,1e-08,0.2606516290726817,3.686170724727477e-09,0.3686170724727477
projectile,1e-08,0.2631578947368421,3.7216146167497603e-09,0.37216146167497605
projectile,1e-08,0.2656641604010025,3.757058635461619e-09,0.37570586354616187
projectile,1e-08,0.26817042606516295,3.792502603497647e-09,0.3792502603497647
projectile,1e-08,0.2706766917293233,3.827946470182015e-09,0.3827946470182015
projectile,1e-08,0.2731829573934837,3.863390488893873e-09,0.38633904888938736
projectile,1e-08,0.2756892230576441,3.898834431591986e-09,0.38988344315919865
projectile,1e-08,0.27819548872180455,3.9342783236142695e-09,0.3934278323614269
projectile,1e-08,0.2807017543859649,3.969722342326128e-09,0.39697223423261285
projectile,1e-08,0.2832080200501253,4.005166259686326e-09,0.4005166259686326
projectile,1e-08,0.2857142857142857,4.040610253060269e-09,0.40406102530602694
projectile,1e-08,0.28822055137844615,4.076054221096298e-09,0.4076054221096298
projectile,1e-08,0.2907268170426065,4.111498087780665e-09,0.4111498087780665
projectile,1e-08,0.2932330827067669,4.146942055816693e-09,0.41469420558166936
projectile,1e-08,0.2957393483709273,4.182385998514807e-09,0.4182385998514807
projectile,1e-08,0.29824561403508776,4.2178299412129196e-09,0.421782994121292
projectile,1e-08,0.3007518796992481,4.253273909248948e-09,0.4253273909248948
projectile,1e-08,0.3032581453634085,4.288717826609146e-09,0.42887178266091464
projectile,1e-08,0.3057644110275689,4.324161870658921e-09,0.4324161870658921
projectile,1e-08,0.30827067669172936,4.3596057880191176e-09,0.4359605788019118
projectile,1e-08,0.3107769423558897,4.395049705379316e-09,0.43950497053793164
projectile,1e-08,0.3132832080200501,4.430493673415344e-09,0.44304936734153444
projectile,1e-08,0.3157894736842105,4.465937540099712e-09,0.44659375400997126
projectile,1e-08,0.31829573934837097,4.501381584149486e-09,0.4501381584149486
projectile,1e-08,0.3208020050125313,4.536825526847599e-09,0.45368255268475993
projectile,1e-08,0.3233082706766917,4.572269418869882e-09,0.4572269418869882
projectile,1e-08,0.32581453634085217,4.607713412243826e-09,0.46077134122438257
projectile,1e-08,0.3283208020050125,4.643157354941938e-09,0.46431573549419386
projectile,1e-08,0.3308270676691729,4.678601297640052e-09,0.4678601297640052
projectile,1e-08,0.3333333333333333,4.7140452403381644e-09,0.4714045240338165
projectile,1e-08,0.33583959899749377,4.749489233712108e-09,0.4749489233712108
projectile,1e-08,0.3383458646616541,4.784933125734391e-09,0.47849331257343913
projectile,1e-08,0.3408521303258145,4.820377119108334e-09,0.48203771191083344
projectile,1e-08,0.3433583959899749,4.855821011130617e-09,0.48558210111306177
projectile,1e-08,0.3458646616541354,4.89126500450456e-09,0.489126500450456
projectile,1e-08,0.3483709273182957,4.9267089472026744e-09,0.4926708947202675
projectile,1e-08,0.3508771929824561,4.962152889900787e-09,0.4962152889900788
projectile,1e-08,0.3533834586466165,4.9975968325989e-09,0.49975968325989006
projectile,1e-08,0.355889724310777,5.033040775297014e-09,0.5033040775297014
projectile,1e-08,0.3583959899749373,5.068484768670957e-09,0.5068484768670958
projectile,1e-08,0.3609022556390977,5.103928660693239e-09,0.510392866069324
projectile,1e-08,0.3634085213032581,5.139372654067184e-09,0.5139372654067184
projectile,1e-08,0.3659147869674186,5.174816647441127e-09,0.5174816647441127
projectile,1e-08,0.3684210526315789,5.210260539463409e-09,0.5210260539463409
projectile,1e-08,0.37092731829573933,5.245704482161522e-09,0.5245704482161523
projectile,1e-08,0.37343358395989973,5.281148424859636e-09,0.5281148424859636
projectile,1e-08,0.3759398496240602,5.316592418233579e-09,0.531659241823358
projectile,1e-08,0.37844611528822053,5.352036310255861e-09,0.5352036310255862
projectile,1e-08,0.38095238095238093,5.387480303629806e-09,0.5387480303629806
projectile,1e-08,0.38345864661654133,5.422924195652088e-09,0.5422924195652088
projectile,1e-08,0.3859649122807018,5.458368189026031e-09,0.5458368189026032
projectile,1e-08,0.38847117794486213,5.4938121823999755e-09,0.5493812182399975
projectile,1e-08,0.39097744360902253,5.529256074422258e-09,0.5529256074422257
projectile,1e-08,0.39348370927318294,5.564700067796201e-09,0.5564700067796201
projectile,1e-08,0.3959899749373434,5.600143959818483e-09,0.5600143959818484
projectile,1e-08,0.39849624060150374,5.635587953192428e-09,0.5635587953192428
projectile,1e-08,0.40100250626566414,5.671031845214711e-09,0.5671031845214711
projectile,1e-08,0.4035087719298246,5.706475838588655e-09,0.5706475838588655
projectile,1e-08,0.406015037593985,5.7419198319625975e-09,0.5741919831962597
projectile,1e-08,0.40852130325814534,5.7773637239848806e-09,0.5777363723984881
projectile,1e-08,0.41102756892230574,5.812807717358824e-09,0.5812807717358824
projectile,1e-08,0.4135338345864662,5.848251710732767e-09,0.5848251710732767
projectile,1e-08,0.4160401002506266,5.8836956027550505e-09,0.5883695602755051
projectile,1e-08,0.41854636591478694,5.919139596128994e-09,0.5919139596128995
projectile,1e-08,0.42105263157894735,5.954583488151277e-09,0.5954583488151277
projectile,1e-08,0.4235588972431078,5.99002748152522e-09,0.5990027481525221
projectile,1e-08,0.4260651629072682,6.025471373547503e-09,0.6025471373547503
projectile,1e-08,0.4285714285714286,6.060915265569785e-09,0.6060915265569785
projectile,1e-08,0.43107769423558895,6.096359258943729e-09,0.6096359258943729
projectile,1e-08,0.4335839598997494,6.1318032523176725e-09,0.6131803252317672
projectile,1e-08,0.43609022556390975,6.167247144339955e-09,0.6167247144339956
projectile,1e-08,0.43859649122807015,6.202691137713899e-09,0.6202691137713899
projectile,1e-08,0.4411027568922306,6.238135029736181e-09,0.6238135029736182
projectile,1e-08,0.44360902255639095,6.273579023110125e-09,0.6273579023110125
projectile,1e-08,0.44611528822055135,6.309023016484069e-09,0.6309023016484069
projectile,1e-08,0.4486215538847118,6.344466908506351e-09,0.6344466908506351
projectile,1e-08,0.45112781954887216,6.3799109018802945e-09,0.6379910901880295
projectile,1e-08,0.4536340852130326,6.415354895254239e-09,0.6415354895254238
projectile,1e-08,0.45614035087719296,6.450798787276521e-09,0.6450798787276522
projectile,1e-08,0.45864661654135336,6.486242780650464e-09,0.6486242780650465
projectile,1e-08,0.4611528822055138,6.521686621996918e-09,0.6521686621996917
projectile,1e-08,0.46365914786967416,6.557130666046691e-09,0.6557130666046691
projectile,1e-08,0.46616541353383456,6.5925746087448045e-09,0.6592574608744806
projectile,1e-08,0.468671679197995,6.628018450091256e-09,0.6628018450091256
projectile,1e-08,0.47117794486215536,6.663462494141031e-09,0.6663462494141031
projectile,1e-08,0.4736842105263158,6.698906386163313e-09,0.6698906386163314
projectile,1e-08,0.47619047619047616,6.734350328861426e-09,0.6734350328861427
projectile,1e-08,0.47869674185463656,6.76979432223537e-09,0.6769794322235371
projectile,1e-08,0.481203007518797,6.8052382142576525e-09,0.6805238214257653
projectile,1e-08,0.48370927318295737,6.840682207631596e-09,0.6840682207631597
projectile,1e-08,0.48621553884711777,6.8761261503297096e-09,0.687612615032971
projectile,1e-08,0.4887218045112782,6.911570093027822e-09,0.6911570093027822
projectile,1e-08,0.49122807017543857,6.947014086401766e-09,0.6947014086401766
projectile,1e-08,0.493734335839599,6.982457978424048e-09,0.6982457978424049
projectile,1e-08,0.4962406015037594,7.017901971797992e-09,0.7017901971797993
projectile,1e-08,0.49874686716791977,7.053345914496105e-09,0.7053345914496105
projectile,1e-08,0.5012531328320802,7.088789857194218e-09,0.7088789857194219
projectile,1e-08,0.5037593984962405,7.124233850568162e-09,0.7124233850568162
projectile,1e-08,0.506265664160401,7.159677793266275e-09,0.7159677793266276
projectile,1e-08,0.5087719298245614,7.195121685288557e-09,0.7195121685288558
projectile,1e-08,0.5112781954887218,7.230565729338332e-09,0.7230565729338332
projectile,1e-08,0.5137844611528822,7.2660095706847845e-09,0.7266009570684785
projectile,1e-08,0.5162907268170427,7.301453513382897e-09,0.7301453513382898
projectile,1e-08,0.518796992481203,7.3368975067568416e-09,0.7336897506756842
projectile,1e-08,0.5213032581453634,7.372341398779124e-09,0.7372341398779124
projectile,1e-08,0.5238095238095237,7.407785442828897e-09,0.7407785442828897
projectile,1e-08,0.5263157894736842,7.44322933485118e-09,0.7443229334851181
projectile,1e-08,0.5288220551378446,7.478673277549293e-09,0.7478673277549294
projectile,1e-08,0.531328320802005,7.514117220247407e-09,0.7514117220247407
projectile,1e-08,0.5338345864661654,7.54956116294552e-09,0.7549561162945521
projectile,1e-08,0.5363408521303259,7.585005156319464e-09,0.7585005156319464
projectile,1e-08,0.5388471177944862,7.620449099017576e-09,0.7620449099017577
projectile,1e-08,0.5413533834586466,7.65589304171569e-09,0.765589304171569
projectile,1e-08,0.5438596491228069,7.691336984413802e-09,0.7691336984413802
projectile,1e-08,0.5463659147869674,7.726780927111915e-09,0.7726780927111916
projectile,1e-08,0.5488721804511278,7.76222486981003e-09,0.7762224869810029
projectile,1e-08,0.5513784461152882,7.797668863183973e-09,0.7797668863183973
projectile,1e-08,0.5538847117794486,7.833112755206255e-09,0.7833112755206255
projectile,1e-08,0.5563909774436091,7.868556748580198e-09,0.7868556748580199
projectile,1e-08,0.5588972431077694,7.904000691278311e-09,0.7904000691278312
projectile,1e-08,0.5614035087719298,7.939444633976424e-09,0.7939444633976425
projectile,1e-08,0.5639097744360902,7.974888576674539e-09,0.7974888576674539
projectile,1e-08,0.5664160401002506,8.010332519372651e-09,0.8010332519372652
projectile,1e-08,0.568922305764411,8.045776462070764e-09,0.8045776462070765
projectile,1e-08,0.5714285714285714,8.081220506120538e-09,0.8081220506120539
projectile,1e-08,0.5739348370927319,8.116664398142822e-09,0.8116664398142822
projectile,1e-08,0.5764411027568923,8.152108442192596e-09,0.8152108442192596
projectile,1e-08,0.5789473684210527,8.187552131511558e-09,0.8187552131511557
projectile,1e-08,0.581453634085213,8.22299617556133e-09,0.822299617556133
projectile,1e-08,0.5839598997493735,8.258440219611104e-09,0.8258440219611105
projectile,1e-08,0.5864661654135338,8.293884111633386e-09,0.8293884111633387
projectile,1e-08,0.5889724310776943,8.329328155683162e-09,0.8329328155683162
projectile,1e-08,0.5914786967418546,8.364771997029614e-09,0.8364771997029614
projectile,1e-08,0.5939849624060151,8.400215889051896e-09,0.8400215889051897
projectile,1e-08,0.5964912280701755,8.435659882425839e-09,0.843565988242584
projectile,1e-08,0.5989974937343359,8.471103926475613e-09,0.8471103926475614
projectile,1e-08,0.6015037593984962,8.506547818497895e-09,0.8506547818497896
projectile,1e-08,0.6040100250626567,8.541991862547671e-09,0.8541991862547672
projectile,1e-08,0.606516290726817,8.577435653218292e-09,0.8577435653218293
projectile,1e-08,0.6090225563909775,8.612879595916405e-09,0.8612879595916406
projectile,1e-08,0.6115288220551378,8.648323741317842e-09,0.8648323741317842
projectile,1e-08,0.6140350877192983,8.683767633340124e-09,0.8683767633340124
projectile,1e-08,0.6165413533834587,8.719211576038235e-09,0.8719211576038236
projectile,1e-08,0.619047619047619,8.754655468060517e-09,0.8754655468060518
projectile,1e-08,0.6215538847117794,8.790099410758632e-09,0.8790099410758633
projectile,1e-08,0.6240601503759399,8.825543353456745e-09,0.8825543353456745
projectile,1e-08,0.6265664160401002,8.860987346830688e-09,0.8860987346830689
projectile,1e-08,0.6290726817042607,8.896431390880464e-09,0.8896431390880464
projectile,1e-08,0.631578947368421,8.931875080199424e-09,0.8931875080199425
projectile,1e-08,0.6340852130325815,8.967319124249198e-09,0.8967319124249198
projectile,1e-08,0.6365914786967419,9.002763168298972e-09,0.9002763168298972
projectile,1e-08,0.6390977443609022,9.038207060321254e-09,0.9038207060321255
projectile,1e-08,0.6416040100250626,9.073651053695197e-09,0.9073651053695199
projectile,1e-08,0.6441102756892231,9.10909499639331e-09,0.9109094996393311
projectile,1e-08,0.6466165413533834,9.144538837739763e-09,0.9144538837739764
projectile,1e-08,0.6491228070175439,9.179982831113707e-09,0.9179982831113707
projectile,1e-08,0.6516290726817043,9.215426824487652e-09,0.9215426824487651
projectile,1e-08,0.6541353383458647,9.250870716509934e-09,0.9250870716509934
projectile,1e-08,0.656641604010025,9.286314709883876e-09,0.9286314709883877
projectile,1e-08,0.6591478696741854,9.32175860190616e-09,0.932175860190616
projectile,1e-08,0.6616541353383458,9.357202595280103e-09,0.9357202595280104
projectile,1e-08,0.6641604010025063,9.392646588654047e-09,0.9392646588654047
projectile,1e-08,0.6666666666666666,9.428090480676329e-09,0.942809048067633
projectile,1e-08,0.6691729323308271,9.463534372698611e-09,0.9463534372698612
projectile,1e-08,0.6716791979949875,9.498978467424216e-09,0.9498978467424216
projectile,1e-08,0.6741854636591479,9.5344223594465e-09,0.9534422359446499
projectile,1e-08,0.6766917293233082,9.569866251468782e-09,0.9569866251468783
projectile,1e-08,0.6791979949874686,9.605310143491064e-09,0.9605310143491065
projectile,1e-08,0.681704260651629,9.640754238216669e-09,0.9640754238216669
projectile,1e-08,0.6842105263157895,9.676198130238951e-09,0.9676198130238951
projectile,1e-08,0.6867167919799498,9.711642022261235e-09,0.9711642022261235
projectile,1e-08,0.6892230576441103,9.747086015635178e-09,0.9747086015635179
projectile,1e-08,0.6917293233082707,9.78253000900912e-09,0.978253000900912
projectile,1e-08,0.6942355889724311,9.817973901031405e-09,0.9817973901031405
projectile,1e-08,0.6967418546365914,9.853417894405349e-09,0.985341789440535
projectile,1e-08,0.6992481203007518,9.888861786427631e-09,0.9888861786427632
projectile,1e-08,0.7017543859649122,9.924305779801575e-09,0.9924305779801575
projectile,1e-08,0.7042606516290727,9.959749671823857e-09,0.9959749671823858
projectile,1e-08,0.706766917293233,9.9951936651978e-09,0.9995193665197801
projectile,1e-08,0.7092731829573935,1.0030637658571745e-08,1.0030637658571746
projectile,1e-08,0.711779448621554,1.0066081550594027e-08,1.0066081550594028
projectile,1e-08,0.7142857142857143,1.010152544261631e-08,1.010152544261631
projectile,1e-08,0.7167919799498746,1.0136969537341914e-08,1.0136969537341916
projectile,1e-08,0.719298245614035,1.0172413429364197e-08,1.0172413429364198
projectile,1e-08,0.7218045112781954,1.0207857321386479e-08,1.020785732138648
projectile,1e-08,0.7243107769423559,1.0243301416112083e-08,1.0243301416112085
projectile,1e-08,0.7268170426065163,1.0278745308134367e-08,1.0278745308134367
projectile,1e-08,0.7293233082706767,1.031418920015665e-08,1.031418920015665
projectile,1e-08,0.7318295739348372,1.0349633294882254e-08,1.0349633294882254
projectile,1e-08,0.7343358395989975,1.0385077186904536e-08,1.0385077186904537
projectile,1e-08,0.7368421052631579,1.0420521078926819e-08,1.0420521078926819
projectile,1e-08,0.7393483709273183,1.0455965072300762e-08,1.0455965072300764
projectile,1e-08,0.7418546365914787,1.0491408964323044e-08,1.0491408964323046
projectile,1e-08,0.7443609022556391,1.052685295769699e-08,1.0526852957696988
projectile,1e-08,0.7468671679197995,1.0562296849719271e-08,1.0562296849719273
projectile,1e-08,0.7493734335839599,1.0597740843093215e-08,1.0597740843093215
projectile,1e-08,0.7518796992481204,1.0633184836467158e-08,1.063318483646716
projectile,1e-08,0.7543859649122807,1.066862872848944e-08,1.0668628728489442
projectile,1e-08,0.7568922305764411,1.0704072620511723e-08,1.0704072620511724
projectile,1e-08,0.7593984962406015,1.0739516715237329e-08,1.073951671523733
projectile,1e-08,0.7619047619047619,1.0774960607259611e-08,1.0774960607259612
projectile,1e-08,0.7644110275689223,1.0810404499281893e-08,1.0810404499281894
projectile,1e-08,0.7669172932330827,1.0845848391304176e-08,1.0845848391304176
projectile,1e-08,0.7694235588972431,1.088129248602978e-08,1.088129248602978
projectile,1e-08,0.7719298245614036,1.0916736378052063e-08,1.0916736378052063
projectile,1e-08,0.7744360902255639,1.0952180270074345e-08,1.0952180270074345
projectile,1e-08,0.7769423558897243,1.0987624364799951e-08,1.098762436479995
projectile,1e-08,0.7794486215538847,1.1023068256822233e-08,1.1023068256822233
projectile,1e-08,0.7819548872180451,1.1058512148844515e-08,1.1058512148844515
projectile,1e-08,0.7844611528822055,1.109395624357012e-08,1.109395624357012
projectile,1e-08,0.7869674185463659,1.1129400135592402e-08,1.1129400135592402
projectile,1e-08,0.7894736842105263,1.1164844027614685e-08,1.1164844027614687
projectile,1e-08,0.7919799498746868,1.1200287919636967e-08,1.1200287919636969
projectile,1e-08,0.7944862155388471,1.1235731913010914e-08,1.1235731913010913
projectile,1e-08,0.7969924812030075,1.1271175906384855e-08,1.1271175906384856
projectile,1e-08,0.7994987468671679,1.1306619798407139e-08,1.130661979840714
projectile,1e-08,0.8020050125313283,1.1342063690429421e-08,1.1342063690429423
projectile,1e-08,0.8045112781954887,1.1377507785155024e-08,1.1377507785155025
projectile,1e-08,0.8070175438596492,1.141295167717731e-08,1.141295167717731
projectile,1e-08,0.8095238095238095,1.1448395569199592e-08,1.1448395569199592
projectile,1e-08,0.81203007518797,1.1483839663925195e-08,1.1483839663925195
projectile,1e-08,0.8145363408521303,1.1519283555947479e-08,1.151928355594748
projectile,1e-08,0.8170426065162907,1.1554727447969761e-08,1.1554727447969761
projectile,1e-08,0.8195488721804511,1.1590171542695364e-08,1.1590171542695364
projectile,1e-08,0.8220551378446115,1.1625615434717648e-08,1.1625615434717649
projectile,1e-08,0.8245614035087719,1.1661059326739932e-08,1.166105932673993
projectile,1e-08,0.8270676691729324,1.1696503421465535e-08,1.1696503421465534
projectile,1e-08,0.8295739348370927,1.1731947313487819e-08,1.1731947313487818
projectile,1e-08,0.8320802005012532,1.1767391205510101e-08,1.1767391205510103
projectile,1e-08,0.8345864661654135,1.1802835097532383e-08,1.1802835097532385
projectile,1e-08,0.8370927318295739,1.1838279192257988e-08,1.183827919225799
projectile,1e-08,0.8395989974937343,1.1873723084280272e-08,1.1873723084280272
projectile,1e-08,0.8421052631578947,1.1909166976302554e-08,1.1909166976302554
projectile,1e-08,0.8446115288220551,1.1944610868324836e-08,1.1944610868324836
projectile,1e-08,0.8471177944862156,1.198005496305044e-08,1.1980054963050442
projectile,1e-08,0.849624060150376,1.2015498855072723e-08,1.2015498855072724
projectile,1e-08,0.8521303258145364,1.2050942747095005e-08,1.2050942747095006
projectile,1e-08,0.8546365914786966,1.2086386639117287e-08,1.2086386639117288
projectile,1e-08,0.8571428571428572,1.212183053113957e-08,1.212183053113957
projectile,1e-08,0.8596491228070174,1.2157274625865176e-08,1.2157274625865175
projectile,1e-08,0.8621553884711779,1.2192718517887458e-08,1.2192718517887458
projectile,1e-08,0.8646616541353384,1.2228162612613063e-08,1.2228162612613063
projectile,1e-08,0.8671679197994988,1.2263606504635345e-08,1.2263606504635345
projectile,1e-08,0.8696741854636593,1.2299050396657627e-08,1.229905039665763
projectile,1e-08,0.8721804511278195,1.233449428867991e-08,1.2334494288679911
projectile,1e-08,0.8746867167919798,1.2369938383405516e-08,1.2369938383405517
projectile,1e-08,0.8771929824561403,1.2405382275427798e-08,1.2405382275427799
projectile,1e-08,0.8796992481203008,1.2440826370153402e-08,1.2440826370153404
projectile,1e-08,0.8822055137844612,1.2476270059472362e-08,1.2476270059472363
projectile,1e-08,0.8847117794486217,1.2511713951494646e-08,1.2511713951494647
projectile,1e-08,0.8872180451127819,1.254715804622025e-08,1.254715804622025
projectile,1e-08,0.8897243107769424,1.2582602039594193e-08,1.2582602039594195
projectile,1e-08,0.8922305764411027,1.2618046032968138e-08,1.2618046032968138
projectile,1e-08,0.8947368421052632,1.265348982363876e-08,1.2653489823638762
projectile,1e-08,0.8972431077694236,1.2688933817012702e-08,1.2688933817012702
projectile,1e-08,0.8997493734335839,1.2724377709034986e-08,1.2724377709034986
projectile,1e-08,0.9022556390977443,1.2759821803760589e-08,1.275982180376059
projectile,1e-08,0.9047619047619048,1.2795265695782871e-08,1.2795265695782871
projectile,1e-08,0.9072681704260652,1.2830709790508477e-08,1.2830709790508477
projectile,1e-08,0.9097744360902257,1.2866153479827439e-08,1.286615347982744
projectile,1e-08,0.9122807017543859,1.2901597574553042e-08,1.2901597574553043
projectile,1e-08,0.9147869674185463,1.2937041466575326e-08,1.2937041466575327
projectile,1e-08,0.9172932330827067,1.2972485561300929e-08,1.297248556130093
projectile,1e-08,0.9197994987468672,1.3007929453323211e-08,1.3007929453323213
projectile,1e-08,0.9223057644110276,1.3043373243993835e-08,1.3043373243993834
projectile,1e-08,0.9248120300751881,1.3078817237367779e-08,1.307881723736778
projectile,1e-08,0.9273182957393483,1.3114261332093382e-08,1.3114261332093382
projectile,1e-08,0.9298245614035088,1.3149705224115666e-08,1.3149705224115666
projectile,1e-08,0.9323308270676691,1.3185149217489609e-08,1.3185149217489611
projectile,1e-08,0.9348370927318296,1.322059300816023e-08,1.322059300816023
projectile,1e-08,0.93734335839599,1.3256036900182512e-08,1.3256036900182513
projectile,1e-08,0.9398496240601503,1.3291480994908119e-08,1.3291480994908118
projectile,1e-08,0.9423558897243107,1.3326924988282062e-08,1.3326924988282063
projectile,1e-08,0.9448621553884712,1.3362368981656005e-08,1.3362368981656005
projectile,1e-08,0.9473684210526316,1.3397812772326626e-08,1.3397812772326627
projectile,1e-08,0.949874686716792,1.343325676570057e-08,1.3433256765700572
projectile,1e-08,0.9523809523809523,1.3468700657722852e-08,1.3468700657722854
projectile,1e-08,0.9548872180451127,1.3504144752448458e-08,1.350414475244846
projectile,1e-08,0.9573934837092731,1.353958864447074e-08,1.3539588644470741
projectile,1e-08,0.9598997493734336,1.3575032637844684e-08,1.3575032637844684
projectile,1e-08,0.962406015037594,1.3610476428515305e-08,1.3610476428515306
projectile,1e-08,0.9649122807017545,1.3645920421889248e-08,1.3645920421889248
projectile,1e-08,0.9674185463659147,1.3681364415263192e-08,1.3681364415263193
projectile,1e-08,0.9699248120300752,1.3716808509988796e-08,1.3716808509988798
projectile,1e-08,0.9724310776942355,1.3752252300659419e-08,1.375225230065942
projectile,1e-08,0.974937343358396,1.3787696192681701e-08,1.3787696192681702
projectile,1e-08,0.9774436090225564,1.3823140186055645e-08,1.3823140186055645
projectile,1e-08,0.9799498746867167,1.385858428078125e-08,1.385858428078125
projectile,1e-08,0.9824561403508771,1.3894028172803532e-08,1.3894028172803532
projectile,1e-08,0.9849624060150376,1.3929472064825814e-08,1.3929472064825814
projectile,1e-08,0.987468671679198,1.3964915956848096e-08,1.3964915956848098
projectile,1e-08,0.9899749373433584,1.4000359848870378e-08,1.400035984887038
projectile,1e-08,0.9924812030075189,1.4035803943595985e-08,1.4035803943595986
projectile,1e-08,0.9949874686716791,1.4071247936969928e-08,1.4071247936969928
projectile,1e-08,0.9974937343358395,1.410669182899221e-08,1.410669182899221
projectile,1e-08,1.0,1.4142135721014492e-08,1.4142135721014493
projectile,1e-06,0.0,0.0,0.0
projectile,1e-06,0.002506265664160401,3.5443948854434728e-09,0.003544394885443473
projectile,1e-06,0.005012531328320802,7.08878979622486e-09,0.007088789796224861
projectile,1e-06,0.0075187969924812035,1.0633184682064237e-08,0.010633184682064239
projectile,1e-06,0.010025062656641603,1.4177579567111805e-08,0.014177579567111806
projectile,1e-06,0.012531328320802004,1.7721974465620142e-08,0.01772197446562014
projectile,1e-06,0.015037593984962407,2.1266369364128474e-08,0.021266369364128478
projectile,1e-06,0.017543859649122806,2.4810764248384233e-08,0.024810764248384236
projectile,1e-06,0.020050125313283207,2.8355159146892565e-08,0.02835515914689257
projectile,1e-06,0.022556390977443608,3.1899554043817284e-08,0.03189955404381729
projectile,1e-06,0.02506265664160401,3.5443948931240284e-08,0.03544394893124028
projectile,1e-06,0.027568922305764413,3.898834383133223e-08,0.038988343831332234
projectile,1e-06,0.030075187969924814,4.253273871558799e-08,0.04253273871558799
projectile,1e-06,0.03258145363408521,4.607713359984375e-08,0.04607713359984375
projectile,1e-06,0.03508771929824561,4.9621528496768466e-08,0.04962152849676847
projectile,1e-06,0.03759398496240601,5.316592339686042e-08,0.05316592339686042
projectile,1e-06,0.040100250626566414,5.671031828111618e-08,0.05671031828111618
projectile,1e-06,0.042606516290726815,6.025471318437537e-08,0.06025471318437537
projectile,1e-06,0.045112781954887216,6.379910807496561e-08,0.06379910807496562
projectile,1e-06,0.047619047619047616,6.734350296555584e-08,0.06734350296555584
projectile,1e-06,0.05012531328320802,7.088789786248057e-08,0.07088789786248056
projectile,1e-06,0.05263157894736842,7.443229275940527e-08,0.07443229275940529
projectile,1e-06,0.055137844611528826,7.797668766266446e-08,0.07797668766266447
projectile,1e-06,0.05764411027568923,8.152108254058574e-08,0.08152108254058575
projectile,1e-06,0.06015037593984963,8.506547743117598e-08,0.08506547743117598
projectile,1e-06,0.06265664160401002,8.860987233443518e-08,0.08860987233443518
projectile,1e-06,0.06516290726817042,9.215426721235646e-08,0.09215426721235648
projectile,1e-06,0.06766917293233082,9.569866211561565e-08,0.09569866211561566
projectile,1e-06,0.07017543859649122,9.92430570062059e-08,0.0992430570062059
projectile,1e-06,0.07268170426065163,1.0278745189679612e-07,0.10278745189679613
projectile,1e-06,0.07518796992481203,1.0633184679372084e-07,0.10633184679372085
projectile,1e-06,0.07769423558897243,1.0987624169064554e-07,0.10987624169064555
projectile,1e-06,0.08020050125313283,1.1342063657490132e-07,0.11342063657490134
projectile,1e-06,0.08270676691729323,1.1696503147816051e-07,0.11696503147816052
projectile,1e-06,0.08521303258145363,1.2050942636875073e-07,0.12050942636875074
projectile,1e-06,0.08771929824561403,1.2405382124667203e-07,0.12405382124667204
projectile,1e-06,0.09022556390977443,1.2759821614993123e-07,0.12759821614993125
projectile,1e-06,0.09273182957393483,1.3114261107852834e-07,0.13114261107852834
projectile,1e-06,0.09523809523809523,1.3468700593111167e-07,0.1346870059311117
projectile,1e-06,0.09774436090225563,1.3823140080903297e-07,0.13823140080903298
projectile,1e-06,0.10025062656641603,1.4177579572496114e-07,0.14177579572496113
projectile,1e-06,0.10275689223057644,1.4532019061555137e-07,0.14532019061555138
projectile,1e-06,0.10526315789473684,1.4886458551881055e-07,0.14886458551881057
projectile,1e-06,0.10776942355889724,1.524089804347387e-07,0.15240898043473872
projectile,1e-06,0.11027568922305765,1.5595337532532892e-07,0.15595337532532894
projectile,1e-06,0.11278195488721804,1.5949777017791229e-07,0.1594977701779123
projectile,1e-06,0.11528822055137845,1.6304216508117149e-07,0.1630421650811715
projectile,1e-06,0.11779448621553884,1.6658655997176175e-07,0.16658655997176175
projectile,1e-06,0.12030075187969926,1.7013095486235196e-07,0.17013095486235197
projectile,1e-06,0.12280701754385964,1.7367534977828015e-07,0.17367534977828017
projectile,1e-06,0.12531328320802004,1.7721974466887036e-07,0.17721974466887036
projectile,1e-06,0.12781954887218044,1.8076413954679163e-07,0.18076413954679163
projectile,1e-06,0.13032581453634084,1.8430853442471292e-07,0.18430853442471296
projectile,1e-06,0.13283208020050125,1.8785292934064104e-07,0.18785292934064107
projectile,1e-06,0.13533834586466165,1.913973242312313e-07,0.19139732423123132
projectile,1e-06,0.13784461152882205,1.9494171913449047e-07,0.1949417191344905
projectile,1e-06,0.14035087719298245,1.984861140124118e-07,0.1984861140124118
projectile,1e-06,0.14285714285714285,2.02030508903002e-07,0.202030508903002
projectile,1e-06,0.14536340852130325,2.0557490376825434e-07,0.20557490376825435
projectile,1e-06,0.14786967418546365,2.0911929870952038e-07,0.20911929870952042
projectile,1e-06,0.15037593984962405,2.1266369358744168e-07,0.2126636935874417
projectile,1e-06,0.15288220551378445,2.1620808846536297e-07,0.216208088465363
projectile,1e-06,0.15538847117794485,2.197524833812911e-07,0.2197524833812911
projectile,1e-06,0.15789473684210525,2.2329687824654344e-07,0.22329687824654346
projectile,1e-06,0.16040100250626566,2.2684127314980264e-07,0.22684127314980268
projectile,1e-06,0.16290726817042608,2.3038566805306182e-07,0.23038566805306185
projectile,1e-06,0.16541353383458646,2.3393006295632102e-07,0.23393006295632104
projectile,1e-06,0.16791979949874689,2.374744578595802e-07,0.2374744578595802
projectile,1e-06,0.17042606516290726,2.4101885273750146e-07,0.24101885273750148
projectile,1e-06,0.1729323308270677,2.445632476154228e-07,0.2445632476154228
projectile,1e-06,0.17543859649122806,2.4810764249334406e-07,0.24810764249334408
projectile,1e-06,0.1779448621553885,2.516520373966032e-07,0.25165203739660325
projectile,1e-06,0.18045112781954886,2.551964322745245e-07,0.25519643227452454
projectile,1e-06,0.1829573934837093,2.587408272031216e-07,0.25874082720312164
projectile,1e-06,0.18546365914786966,2.622852221063808e-07,0.26228522210638083
projectile,1e-06,0.1879699248120301,2.6582961700964e-07,0.26582961700964003
projectile,1e-06,0.19047619047619047,2.693740118875613e-07,0.2693740118875613
projectile,1e-06,0.1929824561403509,2.729184067908205e-07,0.2729184067908205
projectile,1e-06,0.19548872180451127,2.7646280164340387e-07,0.27646280164340387
projectile,1e-06,0.1979949874686717,2.8000719652132514e-07,0.28000719652132516
projectile,1e-06,0.20050125313283207,2.8355159144992227e-07,0.28355159144992226
projectile,1e-06,0.2030075187969925,2.8709598637851935e-07,0.28709598637851935
projectile,1e-06,0.20551378446115287,2.906403812564406e-07,0.29064038125644065
projectile,1e-06,0.2080200501253133,2.941847761343619e-07,0.2941847761343619
projectile,1e-06,0.21052631578947367,2.977291710376211e-07,0.29772917103762114
projectile,1e-06,0.2130325814536341,3.012735658902045e-07,0.3012735658902045
projectile,1e-06,0.21553884711779447,3.0481796081880156e-07,0.3048179608188016
projectile,1e-06,0.21804511278195488,3.083623556967229e-07,0.3083623556967229
projectile,1e-06,0.2205513784461153,3.1190675062531996e-07,0.31190675062532
projectile,1e-06,0.22305764411027568,3.1545114547790335e-07,0.31545114547790337
projectile,1e-06,0.22556390977443608,3.189955403811625e-07,0.3189955403811625
projectile,1e-06,0.22807017543859648,3.225399352844217e-07,0.32253993528442176
projectile,1e-06,0.2305764411027569,3.2608433016234297e-07,0.326084330162343
projectile,1e-06,0.23308270676691728,3.2962872506560223e-07,0.32962872506560226
projectile,1e-06,0.23558897243107768,3.331731199435235e-07,0.3331731199435235
projectile,1e-06,0.23809523809523808,3.3671751482144477e-07,0.3367175148214448
projectile,1e-06,0.2406015037593985,3.4026190975004185e-07,0.3402619097500419
projectile,1e-06,0.24310776942355888,3.4380630460262524e-07,0.3438063046026253
projectile,1e-06,0.24561403508771928,3.473506995565603e-07,0.34735069955656034
projectile,1e-06,0.2481203007518797,3.5089509438380565e-07,0.35089509438380573
projectile,1e-06,0.2506265664160401,3.544394893377407e-07,0.3544394893377407
projectile,1e-06,0.2531328320802005,3.5798388426633785e-07,0.35798388426633787
projectile,1e-06,0.2556390977443609,3.6152827909358326e-07,0.36152827909358326
projectile,1e-06,0.25814536340852134,3.650726740221804e-07,0.36507267402218047
projectile,1e-06,0.2606516290726817,3.6861706884942585e-07,0.3686170688494259
projectile,1e-06,0.2631578947368421,3.721614637273471e-07,0.37216146372734715
projectile,1e-06,0.2656641604010025,3.757058586812821e-07,0.37570585868128215
projectile,1e-06,0.26817042606516295,3.7925025355920345e-07,0.3792502535592035
projectile,1e-06,0.2706766917293233,3.827946484624626e-07,0.38279464846246264
projectile,1e-06,0.2731829573934837,3.8633904334038387e-07,0.3863390433403839
projectile,1e-06,0.2756892230576441,3.8988343826898095e-07,0.389883438268981
projectile,1e-06,0.27819548872180455,3.9342783309622646e-07,0.39342783309622653
projectile,1e-06,0.2807017543859649,3.969722280248236e-07,0.3969722280248236
projectile,1e-06,0.2832080200501253,4.005166229787586e-07,0.4005166229787586
projectile,1e-06,0.2857142857142857,4.04061017806004e-07,0.404061017806004
projectile,1e-06,0.28822055137844615,4.07605412759939e-07,0.40760541275993906
projectile,1e-06,0.2907268170426065,4.111498075871845e-07,0.4111498075871845
projectile,1e-06,0.2932330827067669,4.1469420246510575e-07,0.4146942024651058
projectile,1e-06,0.2957393483709273,4.1823859741904076e-07,0.41823859741904085
projectile,1e-06,0.29824561403508776,4.217829922716242e-07,0.42178299227162425
projectile,1e-06,0.3007518796992481,4.2532738717488335e-07,0.4253273871748834
projectile,1e-06,0.3032581453634085,4.288717820528046e-07,0.42887178205280463
projectile,1e-06,0.3057644110275689,4.3241617698140176e-07,0.43241617698140183
projectile,1e-06,0.30827067669172936,4.359605718339851e-07,0.4359605718339851
projectile,1e-06,0.3107769423558897,4.395049667625822e-07,0.4395049667625822
projectile,1e-06,0.3132832080200501,4.4304936166584143e-07,0.44304936166584147
projectile,1e-06,0.3157894736842105,4.465937564930869e-07,0.4465937564930869
projectile,1e-06,0.31829573934837097,4.501381514976977e-07,0.45013815149769776
projectile,1e-06,0.3208020050125313,4.536825462996053e-07,0.45368254629960536
projectile,1e-06,0.3233082706766917,4.5722694122820237e-07,0.45722694122820245
projectile,1e-06,0.32581453634085217,4.6077133610612364e-07,0.4607713361061237
projectile,1e-06,0.3283208020050125,4.6431573103472077e-07,0.4643157310347208
projectile,1e-06,0.3308270676691729,4.6786012591264204e-07,0.4678601259126421
projectile,1e-06,0.3333333333333333,4.714045207905633e-07,0.47140452079056333
projectile,1e-06,0.33583959899749377,4.749489157191604e-07,0.4749489157191604
projectile,1e-06,0.3383458646616541,4.78493310546406e-07,0.478493310546406
projectile,1e-06,0.3408521303258145,4.820377055256788e-07,0.4820377055256788
projectile,1e-06,0.3433583959899749,4.855821003529243e-07,0.48558210035292426
projectile,1e-06,0.3458646616541354,4.891264952815213e-07,0.4891264952815214
projectile,1e-06,0.3483709273182957,4.926708901594427e-07,0.4926708901594427
projectile,1e-06,0.3508771929824561,4.962152850373639e-07,0.49621528503736395
projectile,1e-06,0.3533834586466165,4.997596799659611e-07,0.49975967996596105
projectile,1e-06,0.355889724310777,5.033040747932064e-07,0.5033040747932065
projectile,1e-06,0.3583959899749373,5.068484697724795e-07,0.5068484697724794
projectile,1e-06,0.3609022556390977,5.10392864549049e-07,0.5103928645490491
projectile,1e-06,0.3634085213032581,5.13937259528322e-07,0.513937259528322
projectile,1e-06,0.3659147869674186,5.174816544062432e-07,0.5174816544062433
projectile,1e-06,0.3684210526315789,5.210260492841645e-07,0.5210260492841646
projectile,1e-06,0.37092731829573933,5.245704442127616e-07,0.5245704442127617
projectile,1e-06,0.37343358395989973,5.281148390400071e-07,0.5281148390400071
projectile,1e-06,0.3759398496240602,5.3165923401928e-07,0.5316592340192801
projectile,1e-06,0.37844611528822053,5.352036287958496e-07,0.5352036287958497
projectile,1e-06,0.38095238095238093,5.387480237751226e-07,0.5387480237751227
projectile,1e-06,0.38345864661654133,5.422924186530439e-07,0.5422924186530439
projectile,1e-06,0.3859649122807018,5.458368135309652e-07,0.5458368135309652
projectile,1e-06,0.38847117794486213,5.49381208510238e-07,0.5493812085102381
projectile,1e-06,0.39097744360902253,5.529256032868077e-07,0.5529256032868077
projectile,1e-06,0.39348370927318294,5.564699982660807e-07,0.5564699982660807
projectile,1e-06,0.3959899749373434,5.600143930426503e-07,0.5600143930426503
projectile,1e-06,0.39849624060150374,5.635587880219232e-07,0.5635587880219233
projectile,1e-06,0.40100250626566414,5.671031828998445e-07,0.5671031828998445
projectile,1e-06,0.4035087719298246,5.706475777777658e-07,0.5706475777777659
projectile,1e-06,0.406015037593985,5.741919727570387e-07,0.5741919727570387
projectile,1e-06,0.40852130325814534,5.777363675336083e-07,0.5777363675336084
projectile,1e-06,0.41102756892230574,5.812807625128812e-07,0.5812807625128813
projectile,1e-06,0.4135338345864662,5.848251573908025e-07,0.5848251573908025
projectile,1e-06,0.4160401002506266,5.883695522687238e-07,0.5883695522687238
projectile,1e-06,0.41854636591478694,5.919139472479967e-07,0.5919139472479968
projectile,1e-06,0.42105263157894735,5.954583420245664e-07,0.5954583420245665
projectile,1e-06,0.4235588972431078,5.990027370038393e-07,0.5990027370038393
projectile,1e-06,0.4260651629072682,6.02547131780409e-07,0.602547131780409
projectile,1e-06,0.4285714285714286,6.060915267596819e-07,0.6060915267596819
projectile,1e-06,0.43107769423558895,6.096359216376031e-07,0.6096359216376032
projectile,1e-06,0.4335839598997494,6.131803165155243e-07,0.6131803165155244
projectile,1e-06,0.43609022556390975,6.167247113934458e-07,0.6167247113934458
projectile,1e-06,0.43859649122807015,6.20269106271367e-07,0.6202691062713671
projectile,1e-06,0.4411027568922306,6.238135012506399e-07,0.62381350125064
projectile,1e-06,0.44360902255639095,6.273578961285611e-07,0.6273578961285612
projectile,1e-06,0.44611528822055135,6.309022910064825e-07,0.6309022910064825
projectile,1e-06,0.4486215538847118,6.344466858844037e-07,0.6344466858844038
projectile,1e-06,0.45112781954887216,6.37991080762325e-07,0.637991080762325
projectile,1e-06,0.4536340852130326,6.415354756909222e-07,0.6415354756909222
projectile,1e-06,0.45614035087719296,6.450798705688434e-07,0.6450798705688435
projectile,1e-06,0.45864661654135336,6.486242654974406e-07,0.6486242654974407
projectile,1e-06,0.4611528822055138,6.521686603246859e-07,0.652168660324686
projectile,1e-06,0.46365914786967416,6.55713055253283e-07,0.655713055253283
projectile,1e-06,0.46616541353383456,6.592574501312045e-07,0.6592574501312045
projectile,1e-06,0.468671679197995,6.628018450091257e-07,0.6628018450091258
projectile,1e-06,0.47117794486215536,6.663462399377227e-07,0.6663462399377228
projectile,1e-06,0.4736842105263158,6.698906347649682e-07,0.6698906347649684
projectile,1e-06,0.47619047619047616,6.734350296428895e-07,0.6734350296428896
projectile,1e-06,0.47869674185463656,6.769794245714867e-07,0.6769794245714867
projectile,1e-06,0.481203007518797,6.805238195000837e-07,0.6805238195000838
projectile,1e-06,0.48370927318295737,6.84068214378005e-07,0.684068214378005
projectile,1e-06,0.48621553884711777,6.876126092559262e-07,0.6876126092559263
projectile,1e-06,0.4887218045112782,6.911570041845234e-07,0.6911570041845234
projectile,1e-06,0.49122807017543857,6.947013990624446e-07,0.6947013990624448
projectile,1e-06,0.493734335839599,6.982457939910417e-07,0.6982457939910418
projectile,1e-06,0.4962406015037594,7.017901888689631e-07,0.7017901888689632
projectile,1e-06,0.49874686716791977,7.053345837468844e-07,0.7053345837468844
projectile,1e-06,0.5012531328320802,7.088789786754814e-07,0.7088789786754814
projectile,1e-06,0.5037593984962405,7.124233735534027e-07,0.7124233735534028
projectile,1e-06,0.506265664160401,7.159677684819998e-07,0.7159677684819999
projectile,1e-06,0.5087719298245614,7.195121633092454e-07,0.7195121633092454
projectile,1e-06,0.5112781954887218,7.230565582378424e-07,0.7230565582378424
projectile,1e-06,0.5137844611528822,7.266009530650877e-07,0.7266009530650879
projectile,1e-06,0.5162907268170427,7.301453479936849e-07,0.730145347993685
projectile,1e-06,0.518796992481203,7.33689742922282e-07,0.7336897429222821
projectile,1e-06,0.5213032581453634,7.372341377495275e-07,0.7372341377495275
projectile,1e-06,0.5238095238095237,7.407785326781246e-07,0.7407785326781247
projectile,1e-06,0.5263157894736842,7.4432292750537e-07,0.7443229275053701
projectile,1e-06,0.5288220551378446,7.47867322484643e-07,0.7478673224846432
projectile,1e-06,0.531328320802005,7.514117173625642e-07,0.7514117173625643
projectile,1e-06,0.5338345864661654,7.549561122404855e-07,0.7549561122404855
projectile,1e-06,0.5363408521303259,7.585005071184069e-07,0.758500507118407
projectile,1e-06,0.5388471177944862,7.620449019963281e-07,0.7620449019963282
projectile,1e-06,0.5413533834586466,7.655892969756011e-07,0.7655892969756012
projectile,1e-06,0.5438596491228069,7.691336918535224e-07,0.7691336918535224
projectile,1e-06,0.5463659147869674,7.726780867314436e-07,0.7726780867314437
projectile,1e-06,0.5488721804511278,7.762224815586892e-07,0.7762224815586892
projectile,1e-06,0.5513784461152882,7.797668764872861e-07,0.7797668764872863
projectile,1e-06,0.5538847117794486,7.833112713652075e-07,0.7833112713652075
projectile,1e-06,0.5563909774436091,7.868556662938044e-07,0.7868556662938045
projectile,1e-06,0.5588972431077694,7.904000611717259e-07,0.7904000611717259
projectile,1e-06,0.5614035087719298,7.939444560496472e-07,0.7939444560496473
projectile,1e-06,0.5639097744360902,7.974888509275684e-07,0.7974888509275685
projectile,1e-06,0.5664160401002506,8.010332459575172e-07,0.8010332459575172
projectile,1e-06,0.568922305764411,8.045776408354384e-07,0.8045776408354386
projectile,1e-06,0.5714285714285714,8.08122035612008e-07,0.808122035612008
projectile,1e-06,0.5739348370927319,8.116664304899292e-07,0.8116664304899294
projectile,1e-06,0.5764411027568923,8.15210825519878e-07,0.8152108255198781
projectile,1e-06,0.5789473684210527,8.18755220195096e-07,0.8187552201950962
projectile,1e-06,0.581453634085213,8.22299615174369e-07,0.822299615174369
projectile,1e-06,0.5839598997493735,8.258440101536419e-07,0.825844010153642
projectile,1e-06,0.5864661654135338,8.293884049302115e-07,0.8293884049302116
projectile,1e-06,0.5889724310776943,8.329327998588087e-07,0.8329327998588087
projectile,1e-06,0.5914786967418546,8.364771948380815e-07,0.8364771948380817
projectile,1e-06,0.5939849624060151,8.400215897160028e-07,0.8400215897160029
projectile,1e-06,0.5964912280701755,8.435659845432484e-07,0.8435659845432485
projectile,1e-06,0.5989974937343359,8.471103794718454e-07,0.8471103794718455
projectile,1e-06,0.6015037593984962,8.506547743497667e-07,0.8506547743497668
projectile,1e-06,0.6040100250626567,8.541991693290395e-07,0.8541991693290396
projectile,1e-06,0.606516290726817,8.577435641056092e-07,0.8577435641056093
projectile,1e-06,0.6090225563909775,8.612879589835305e-07,0.8612879589835306
projectile,1e-06,0.6115288220551378,8.648323539628035e-07,0.8648323539628037
projectile,1e-06,0.6140350877192983,8.68376748790049e-07,0.868376748790049
projectile,1e-06,0.6165413533834587,8.719211436679702e-07,0.8719211436679702
projectile,1e-06,0.619047619047619,8.754655387485948e-07,0.8754655387485948
projectile,1e-06,0.6215538847117794,8.790099335251643e-07,0.8790099335251644
projectile,1e-06,0.6240601503759399,8.825543283524099e-07,0.88255432835241
projectile,1e-06,0.6265664160401002,8.860987233316829e-07,0.8860987233316829
projectile,1e-06,0.6290726817042607,8.896431183109557e-07,0.8896431183109558
projectile,1e-06,0.631578947368421,8.931875129861738e-07,0.8931875129861738
projectile,1e-06,0.6340852130325815,8.967319079654466e-07,0.8967319079654468
projectile,1e-06,0.6365914786967419,9.002763029953954e-07,0.9002763029953955
projectile,1e-06,0.6390977443609022,9.038206976706133e-07,0.9038206976706133
projectile,1e-06,0.6416040100250626,9.073650925992106e-07,0.9073650925992107
projectile,1e-06,0.6441102756892231,9.109094875784835e-07,0.9109094875784836
projectile,1e-06,0.6466165413533834,9.144538824564047e-07,0.9144538824564049
projectile,1e-06,0.6491228070175439,9.179982773343261e-07,0.9179982773343262
projectile,1e-06,0.6516290726817043,9.215426722122473e-07,0.9215426722122474
projectile,1e-06,0.6541353383458647,9.250870670901685e-07,0.9250870670901685
projectile,1e-06,0.656641604010025,9.286314620694415e-07,0.9286314620694416
projectile,1e-06,0.6591478696741854,9.321758569473628e-07,0.9321758569473628
projectile,1e-06,0.6616541353383458,9.357202518252841e-07,0.9357202518252842
projectile,1e-06,0.6641604010025063,9.392646467032053e-07,0.9392646467032054
projectile,1e-06,0.6666666666666666,9.428090415811266e-07,0.9428090415811267
projectile,1e-06,0.6691729323308271,9.463534364590478e-07,0.9463534364590479
projectile,1e-06,0.6716791979949875,9.498978314383208e-07,0.9498978314383208
projectile,1e-06,0.6741854636591479,9.53442226316242e-07,0.9534422263162421
projectile,1e-06,0.6766917293233082,9.56986621092812e-07,0.956986621092812
projectile,1e-06,0.6791979949874686,9.605310159707331e-07,0.9605310159707332
projectile,1e-06,0.681704260651629,9.640754110513576e-07,0.9640754110513576
projectile,1e-06,0.6842105263157895,9.676198058279273e-07,0.9676198058279274
projectile,1e-06,0.6867167919799498,9.711642007058485e-07,0.9711642007058485
projectile,1e-06,0.6892230576441103,9.7470859558377e-07,0.9747085955837699
projectile,1e-06,0.6917293233082707,9.782529905630427e-07,0.9782529905630428
projectile,1e-06,0.6942355889724311,9.81797385440964e-07,0.9817973854409641
projectile,1e-06,0.6967418546365914,9.853417803188853e-07,0.9853417803188854
projectile,1e-06,0.6992481203007518,9.888861751968065e-07,0.9888861751968067
projectile,1e-06,0.7017543859649122,9.924305700747277e-07,0.9924305700747279
projectile,1e-06,0.7042606516290727,9.959749649526492e-07,0.9959749649526491
projectile,1e-06,0.706766917293233,9.995193599319221e-07,0.9995193599319221
projectile,1e-06,0.7092731829573935,1.0030637547084916e-06,1.0030637547084917
projectile,1e-06,0.711779448621554,1.0066081495864128e-06,1.006608149586413
projectile,1e-06,0.7142857142857143,1.0101525444643342e-06,1.0101525444643342
projectile,1e-06,0.7167919799498746,1.013696939544959e-06,1.0136969395449589
projectile,1e-06,0.719298245614035,1.0172413344228801e-06,1.0172413344228803
projectile,1e-06,0.7218045112781954,1.020785729098098e-06,1.0207857290980982
projectile,1e-06,0.7243107769423559,1.0243301241787228e-06,1.0243301241787228
projectile,1e-06,0.7268170426065163,1.027874519056644e-06,1.027874519056644
projectile,1e-06,0.7293233082706767,1.0314189139345652e-06,1.0314189139345653
projectile,1e-06,0.7318295739348372,1.0349633088124864e-06,1.0349633088124865
projectile,1e-06,0.7343358395989975,1.0385077036904079e-06,1.0385077036904078
projectile,1e-06,0.7368421052631579,1.042052098568329e-06,1.0420520985683293
projectile,1e-06,0.7393483709273183,1.045596493547602e-06,1.045596493547602
projectile,1e-06,0.7418546365914787,1.0491408884255232e-06,1.0491408884255233
projectile,1e-06,0.7443609022556391,1.052685283202093e-06,1.052685283202093
projectile,1e-06,0.7468671679197995,1.0562296780800141e-06,1.0562296780800142
projectile,1e-06,0.7493734335839599,1.059774073059287e-06,1.059774073059287
projectile,1e-06,0.7518796992481204,1.06331846803856e-06,1.0633184680385601
projectile,1e-06,0.7543859649122807,1.0668628629164815e-06,1.0668628629164816
projectile,1e-06,0.7568922305764411,1.0704072575916992e-06,1.0704072575916994
projectile,1e-06,0.7593984962406015,1.0739516526723239e-06,1.073951652672324
projectile,1e-06,0.7619047619047619,1.0774960475502451e-06,1.0774960475502453
projectile,1e-06,0.7644110275689223,1.0810404424281665e-06,1.0810404424281665
projectile,1e-06,0.7669172932330827,1.0845848373060878e-06,1.0845848373060878
projectile,1e-06,0.7694235588972431,1.088129232184009e-06,1.088129232184009
projectile,1e-06,0.7719298245614036,1.0916736270619304e-06,1.0916736270619305
projectile,1e-06,0.7744360902255639,1.0952180219398516e-06,1.0952180219398517
projectile,1e-06,0.7769423558897243,1.098762417020476e-06,1.0987624170204762
projectile,1e-06,0.7794486215538847,1.102306811695694e-06,1.1023068116956942
projectile,1e-06,0.7819548872180451,1.1058512065736155e-06,1.1058512065736155
projectile,1e-06,0.7844611528822055,1.10939560165424e-06,1.1093956016542401
projectile,1e-06,0.7869674185463659,1.1129399965321614e-06,1.1129399965321614
projectile,1e-06,0.7894736842105263,1.1164843914100826e-06,1.1164843914100828
projectile,1e-06,0.7919799498746868,1.1200287860853006e-06,1.1200287860853007
projectile,1e-06,0.7944862155388471,1.1235731810645733e-06,1.1235731810645735
projectile,1e-06,0.7969924812030075,1.1271175760438464e-06,1.1271175760438465
projectile,1e-06,0.7994987468671679,1.1306619709217677e-06,1.1306619709217678
projectile,1e-06,0.8020050125313283,1.134206365799689e-06,1.134206365799689
projectile,1e-06,0.8045112781954887,1.1377507606776103e-06,1.1377507606776103
projectile,1e-06,0.8070175438596492,1.1412951555555315e-06,1.1412951555555317
projectile,1e-06,0.8095238095238095,1.1448395504334527e-06,1.144839550433453
projectile,1e-06,0.81203007518797,1.1483839455140774e-06,1.1483839455140774
projectile,1e-06,0.8145363408521303,1.1519283403919988e-06,1.1519283403919989
projectile,1e-06,0.8170426065162907,1.1554727350672166e-06,1.1554727350672167
projectile,1e-06,0.8195488721804511,1.1590171301478413e-06,1.1590171301478414
projectile,1e-06,0.8220551378446115,1.1625615250257625e-06,1.1625615250257626
projectile,1e-06,0.8245614035087719,1.1661059199036837e-06,1.1661059199036838
projectile,1e-06,0.8270676691729324,1.169650314781605e-06,1.169650314781605
projectile,1e-06,0.8295739348370927,1.1731947096595263e-06,1.1731947096595265
projectile,1e-06,0.8320802005012532,1.1767391045374476e-06,1.1767391045374476
projectile,1e-06,0.8345864661654135,1.180283499415369e-06,1.180283499415369
projectile,1e-06,0.8370927318295739,1.1838278944959934e-06,1.1838278944959937
projectile,1e-06,0.8395989974937343,1.1873722891712114e-06,1.1873722891712115
projectile,1e-06,0.8421052631578947,1.1909166840491328e-06,1.190916684049133
projectile,1e-06,0.8446115288220551,1.194461078927054e-06,1.1944610789270542
projectile,1e-06,0.8471177944862156,1.1980054740076785e-06,1.1980054740076787
projectile,1e-06,0.849624060150376,1.2015498688856e-06,1.2015498688856
projectile,1e-06,0.8521303258145364,1.205094263560818e-06,1.205094263560818
projectile,1e-06,0.8546365914786966,1.2086386584387391e-06,1.2086386584387392
projectile,1e-06,0.8571428571428572,1.2121830535193638e-06,1.2121830535193638
projectile,1e-06,0.8596491228070174,1.215727448397285e-06,1.2157274483972853
projectile,1e-06,0.8621553884711779,1.2192718432752062e-06,1.2192718432752063
projectile,1e-06,0.8646616541353384,1.2228162381531277e-06,1.2228162381531278
projectile,1e-06,0.8671679197994988,1.2263606330310487e-06,1.2263606330310488
projectile,1e-06,0.8696741854636593,1.2299050281116733e-06,1.2299050281116735
projectile,1e-06,0.8721804511278195,1.2334494227868915e-06,1.2334494227868915
projectile,1e-06,0.8746867167919798,1.2369938178675158e-06,1.236993817867516
projectile,1e-06,0.8771929824561403,1.240538212542734e-06,1.2405382125427342
projectile,1e-06,0.8796992481203008,1.2440826076233586e-06,1.2440826076233589
projectile,1e-06,0.8822055137844612,1.2476270025012799e-06,1.24762700250128
projectile,1e-06,0.8847117794486217,1.2511713971764976e-06,1.2511713971764977
projectile,1e-06,0.8872180451127819,1.2547157922571223e-06,1.2547157922571224
projectile,1e-06,0.8897243107769424,1.258260187033692e-06,1.258260187033692
projectile,1e-06,0.8922305764411027,1.261804582012965e-06,1.261804582012965
projectile,1e-06,0.8947368421052632,1.2653489768908864e-06,1.2653489768908865
projectile,1e-06,0.8972431077694236,1.2688933717688074e-06,1.2688933717688076
projectile,1e-06,0.8997493734335839,1.2724377666467288e-06,1.272437766646729
projectile,1e-06,0.9022556390977443,1.27598216152465e-06,1.27598216152465
projectile,1e-06,0.9047619047619048,1.2795265564025714e-06,1.2795265564025715
projectile,1e-06,0.9072681704260652,1.2830709513818444e-06,1.2830709513818443
projectile,1e-06,0.9097744360902257,1.2866153461584139e-06,1.286615346158414
projectile,1e-06,0.9122807017543859,1.2901597411376868e-06,1.290159741137687
projectile,1e-06,0.9147869674185463,1.2937041359142565e-06,1.2937041359142567
projectile,1e-06,0.9172932330827067,1.2972485309948812e-06,1.2972485309948814
projectile,1e-06,0.9197994987468672,1.3007929257714509e-06,1.300792925771451
projectile,1e-06,0.9223057644110276,1.3043373206493719e-06,1.304337320649372
projectile,1e-06,0.9248120300751881,1.3078817156286448e-06,1.307881715628645
projectile,1e-06,0.9273182957393483,1.311426110506566e-06,1.311426110506566
projectile,1e-06,0.9298245614035088,1.3149705053844875e-06,1.3149705053844876
projectile,1e-06,0.9323308270676691,1.318514900262409e-06,1.318514900262409
projectile,1e-06,0.9348370927318296,1.32205929514033e-06,1.32205929514033
projectile,1e-06,0.93734335839599,1.3256036900182513e-06,1.3256036900182515
projectile,1e-06,0.9398496240601503,1.3291480848961726e-06,1.3291480848961725
projectile,1e-06,0.9423558897243107,1.3326924798754455e-06,1.3326924798754456
projectile,1e-06,0.9448621553884712,1.336236874753367e-06,1.336236874753367
projectile,1e-06,0.9473684210526316,1.3397812695299364e-06,1.3397812695299367
projectile,1e-06,0.949874686716792,1.343325664610561e-06,1.3433256646105614
projectile,1e-06,0.9523809523809523,1.346870059285779e-06,1.3468700592857792
projectile,1e-06,0.9548872180451127,1.3504144543664037e-06,1.3504144543664038
projectile,1e-06,0.9573934837092731,1.3539588491429734e-06,1.3539588491429735
projectile,1e-06,0.9598997493734336,1.3575032441222462e-06,1.3575032441222463
projectile,1e-06,0.962406015037594,1.3610476390001674e-06,1.3610476390001676
projectile,1e-06,0.9649122807017545,1.3645920338780888e-06,1.364592033878089
projectile,1e-06,0.9674185463659147,1.36813642875601e-06,1.36813642875601
projectile,1e-06,0.9699248120300752,1.3716808237352828e-06,1.3716808237352829
projectile,1e-06,0.9724310776942355,1.3752252185118525e-06,1.3752252185118525
projectile,1e-06,0.974937343358396,1.3787696134911254e-06,1.3787696134911256
projectile,1e-06,0.9774436090225564,1.3823140083690468e-06,1.3823140083690468
projectile,1e-06,0.9799498746867167,1.3858584033483198e-06,1.38585840334832
projectile,1e-06,0.9824561403508771,1.3894027981248893e-06,1.3894027981248895
projectile,1e-06,0.9849624060150376,1.3929471930028105e-06,1.3929471930028106
projectile,1e-06,0.987468671679198,1.3964915879820834e-06,1.3964915879820836
projectile,1e-06,0.9899749373433584,1.4000359827586531e-06,1.4000359827586533
projectile,1e-06,0.9924812030075189,1.4035803777379263e-06,1.4035803777379263
projectile,1e-06,0.9949874686716791,1.4071247726158473e-06,1.4071247726158476
projectile,1e-06,0.9974937343358395,1.4106691674937687e-06,1.4106691674937688
projectile,1e-06,1.0,1.41421356237169e-06,1.41421356237169
planetary,1e-10,0.0,1.2500001034254637e-10,1.2500001034254637
planetary,1e-10,0.002506265664160401,1.2501704018947637e-10,1.2501704018947637
planetary,1e-10,0.005012531328320802,1.2506945257758438e-10,1.2506945257758437
planetary,1e-10,0.007518796992481203,1.2515635016580035e-10,1.2515635016580036
planetary,1e-10,0.010025062656641603,1.2527767200305587e-10,1.2527767200305586
planetary,1e-10,0.012531328320802004,1.2543359995286555e-10,1.2543359995286554
planetary,1e-10,0.015037593984962405,1.2562429858906363e-10,1.2562429858906363
planetary,1e-10,0.017543859649122806,1.2584876862199985e-10,1.2584876862199985
planetary,1e-10,0.020050125313283207,1.2610783597607663e-10,1.2610783597607662
planetary,1e-10,0.022556390977443608,1.2640113304148587e-10,1.2640113304148586
planetary,1e-10,0.02506265664160401,1.2672860215421712e-10,1.267286021542171
planetary,1e-10,0.02756892230576441,1.270895828991999e-10,1.270895828991999
planetary,1e-10,0.03007518796992481,1.2748464580083098e-10,1.2748464580083096
planetary,1e-10,0.03258145363408521,1.27912958244396e-10,1.2791295824439601
planetary,1e-10,0.03508771929824561,1.2837457059779428e-10,1.283745705977943
planetary,1e-10,0.03759398496240601,1.288692878838292e-10,1.2886928788382919
planetary,1e-10,0.040100250626566414,1.2939656661359362e-10,1.2939656661359362
planetary,1e-10,0.042606516290726815,1.2995728088016002e-10,1.2995728088016
planetary,1e-10,0.045112781954887216,1.3054961062177132e-10,1.305496106217713
planetary,1e-10,0.047619047619047616,1.3117427821335503e-10,1.3117427821335503
planetary,1e-10,0.05012531328320802,1.3183095146907726e-10,1.3183095146907726
planetary,1e-10,0.05263157894736842,1.32519300793439e-10,1.3251930079343899
planetary,1e-10,0.05513784461152882,1.3323895433448602e-10,1.33238954334486
planetary,1e-10,0.05764411027568922,1.3398967029410887e-10,1.3398967029410886
planetary,1e-10,0.06015037593984962,1.347710095949026e-10,1.347710095949026
planetary,1e-10,0.06265664160401002,1.3558325325524984e-10,1.3558325325524982
planetary,1e-10,0.06516290726817042,1.3642493449679033e-10,1.3642493449679032
planetary,1e-10,0.06766917293233082,1.372974732443431e-10,1.372974732443431
planetary,1e-10,0.07017543859649122,1.381994758009971e-10,1.381994758009971
planetary,1e-10,0.07268170426065163,1.3913059129866328e-10,1.3913059129866328
planetary,1e-10,0.07518796992481203,1.4009043704567042e-10,1.4009043704567041
planetary,1e-10,0.07769423558897243,1.4108003295941808e-10,1.410800329594181
planetary,1e-10,0.08020050125313283,1.4209722161349559e-10,1.4209722161349558
planetary,1e-10,0.08270676691729323,1.4314304986437417e-10,1.4314304986437416
planetary,1e-10,0.08521303258145363,1.4421670941653453e-10,1.4421670941653453
planetary,1e-10,0.08771929824561403,1.4531766391521664e-10,1.4531766391521663
planetary,1e-10,0.09022556390977443,1.4644688643638967e-10,1.4644688643638968
planetary,1e-10,0.09273182957393483,1.4760273232347894e-10,1.4760273232347894
planetary,1e-10,0.09523809523809523,1.4878551736056206e-10,1.4878551736056205
planetary,1e-10,0.09774436090225563,1.4999480377016805e-10,1.4999480377016805
planetary,1e-10,0.10025062656641603,1.5123109339310625e-10,1.5123109339310623
planetary,1e-10,0.10275689223057644,1.5249291774279155e-10,1.5249291774279154
planetary,1e-10,0.10526315789473684,1.5378065354712667e-10,1.5378065354712667
planetary,1e-10,0.10776942355889724,1.5509378392034713e-10,1.5509378392034712
planetary,1e-10,0.11027568922305764,1.564330036926361e-10,1.5643300369263609
planetary,1e-10,0.11278195488721804,1.577973655628323e-10,1.577973655628323
planetary,1e-10,0.11528822055137844,1.5918632012870676e-10,1.5918632012870675
planetary,1e-10,0.11779448621553884,1.606006500548161e-10,1.6060065005481607
planetary,1e-10,0.12030075187969924,1.620394256832227e-10,1.620394256832227
planetary,1e-10,0.12280701754385964,1.635028911310778e-10,1.635028911310778
planetary,1e-10,0.12531328320802004,1.649899477896668e-10,1.649899477896668
planetary,1e-10,0.12781954887218044,1.6650209405988206e-10,1.6650209405988206
planetary,1e-10,0.13032581453634084,1.680370659671543e-10,1.680370659671543
planetary,1e-10,0.13283208020050125,1.6959714504955656e-10,1.6959714504955656
planetary,1e-10,0.13533834586466165,1.7117980445168245e-10,1.7117980445168244
planetary,1e-10,0.13784461152882205,1.7278621068910685e-10,1.7278621068910684
planetary,1e-10,0.14035087719298245,1.7441675341802067e-10,1.7441675341802065
planetary,1e-10,0.14285714285714285,1.760700762055936e-10,1.760700762055936
planetary,1e-10,0.14536340852130325,1.7774665906257957e-10,1.7774665906257956
planetary,1e-10,0.14786967418546365,1.7944613203756987e-10,1.7944613203756987
planetary,1e-10,0.15037593984962405,1.811686437592957e-10,1.8116864375929569
planetary,1e-10,0.15288220551378445,1.8291429095763852e-10,1.8291429095763851
planetary,1e-10,0.15538847117794485,1.8468368386231383e-10,1.8468368386231382
planetary,1e-10,0.15789473684210525,1.8647459509751002e-10,1.8647459509751
planetary,1e-10,0.16040100250626566,1.8828843401949046e-10,1.8828843401949045
planetary,1e-10,0.16290726817042606,1.9012510363661871e-10,1.901251036366187
planetary,1e-10,0.16541353383458646,1.9198395783499173e-10,1.9198395783499171
planetary,1e-10,0.16791979949874686,1.9386614688475865e-10,1.9386614688475865
planetary,1e-10,0.17042606516290726,1.9577161702356794e-10,1.9577161702356793
planetary,1e-10,0.17293233082706766,1.9769855281363495e-10,1.9769855281363495
planetary,1e-10,0.17543859649122806,1.9964813884973959e-10,1.9964813884973958
planetary,1e-10,0.17794486215538846,2.016205691369926e-10,2.016205691369926
planetary,1e-10,0.18045112781954886,2.036152522710653e-10,2.036152522710653
planetary,1e-10,0.18295739348370926,2.0563230173660968e-10,2.056323017366097
planetary,1e-10,0.18546365914786966,2.076723389849634e-10,2.0767233898496342
planetary,1e-10,0.18796992481203006,2.097346248955276e-10,2.097346248955276
planetary,1e-10,0.19047619047619047,2.1181860399189148e-10,2.1181860399189145
planetary,1e-10,0.19298245614035087,2.139277523531385e-10,2.139277523531385
planetary,1e-10,0.19548872180451127,2.1605842234142162e-10,2.160584223414216
planetary,1e-10,0.19799498746867167,2.1821081821248704e-10,2.1821081821248702
planetary,1e-10,0.20050125313283207,2.203872715362902e-10,2.203872715362902
planetary,1e-10,0.20300751879699247,2.225848303512708e-10,2.225848303512708
planetary,1e-10,0.20551378446115287,2.2480841532415933e-10,2.248084153241593
planetary,1e-10,0.20802005012531327,2.2705196903063174e-10,2.270519690306317
planetary,1e-10,0.21052631578947367,2.2931937493930945e-10,2.2931937493930943
planetary,1e-10,0.21303258145363407,2.316100201921259e-10,2.316100201921259
planetary,1e-10,0.21553884711779447,2.3392348929671573e-10,2.3392348929671574
planetary,1e-10,0.21804511278195488,2.3626165953910553e-10,2.362616595391055
planetary,1e-10,0.22055137844611528,2.386208946571887e-10,2.386208946571887
planetary,1e-10,0.22305764411027568,2.4100523316503635e-10,2.4100523316503635
planetary,1e-10,0.22556390977443608,2.4341275598507937e-10,2.4341275598507934
planetary,1e-10,0.22807017543859648,2.4584398300597486e-10,2.4584398300597483
planetary,1e-10,0.23057644110275688,2.4829798683554483e-10,2.4829798683554483
planetary,1e-10,0.23308270676691728,2.507768727487115e-10,2.507768727487115
planetary,1e-10,0.23558897243107768,2.532788130500057e-10,2.5327881305000566
planetary,1e-10,0.23809523809523808,2.558053502057062e-10,2.558053502057062
planetary,1e-10,0.24060150375939848,2.5835658055732027e-10,2.5835658055732025
planetary,1e-10,0.24310776942355888,2.6093117015585415e-10,2.6093117015585414
planetary,1e-10,0.24561403508771928,2.635296794354325e-10,2.6352967943543253
planetary,1e-10,0.24812030075187969,2.6615396657551007e-10,2.6615396657551007
planetary,1e-10,0.2506265664160401,2.6880159299888044e-10,2.6880159299888042
planetary,1e-10,0.2531328320802005,2.71473851330033e-10,2.71473851330033
planetary,1e-10,0.2556390977443609,2.7417148923777474e-10,2.7417148923777472
planetary,1e-10,0.2581453634085213,2.7689403115518463e-10,2.7689403115518463
planetary,1e-10,0.2606516290726817,2.7964131038959945e-10,2.7964131038959943
planetary,1e-10,0.2631578947368421,2.8241505695278497e-10,2.8241505695278497
planetary,1e-10,0.2656641604010025,2.852120613186356e-10,2.852120613186356
planetary,1e-10,0.2681704260651629,2.8803479837838175e-10,2.8803479837838175
planetary,1e-10,0.2706766917293233,2.9088389316596115e-10,2.9088389316596115
planetary,1e-10,0.2731829573934837,2.937565807062566e-10,2.9375658070625663
planetary,1e-10,0.2756892230576441,2.9665584152103803e-10,2.9665584152103803
planetary,1e-10,0.2781954887218045,2.9958243893300967e-10,2.9958243893300964
planetary,1e-10,0.2807017543859649,3.0253261436235925e-10,3.0253261436235923
planetary,1e-10,0.2832080200501253,3.055095858789811e-10,3.055095858789811
planetary,1e-10,0.2857142857142857,3.0851214264651156e-10,3.0851214264651157
planetary,1e-10,0.2882205513784461,3.115410583511168e-10,3.1154105835111676
planetary,1e-10,0.2907268170426065,3.1459426484302286e-10,3.1459426484302284
planetary,1e-10,0.2932330827067669,3.176757114156048e-10,3.176757114156048
planetary,1e-10,0.2957393483709273,3.2078181420747197e-10,3.2078181420747196
planetary,1e-10,0.2982456140350877,3.2391401222713236e-10,3.2391401222713236
planetary,1e-10,0.3007518796992481,3.2707459294105035e-10,3.2707459294105035
planetary,1e-10,0.3032581453634085,3.3025989044335287e-10,3.3025989044335287
planetary,1e-10,0.3057644110275689,3.334705557100986e-10,3.334705557100986
planetary,1e-10,0.3082706766917293,3.3670803701075174e-10,3.367080370107517
planetary,1e-10,0.3107769423558897,3.399711357473234e-10,3.399711357473234
planetary,1e-10,0.3132832080200501,3.432623049466372e-10,3.4326230494663714
planetary,1e-10,0.3157894736842105,3.4657775244845597e-10,3.4657775244845594
planetary,1e-10,0.3182957393483709,3.499181710240345e-10,3.499181710240345
planetary,1e-10,0.3208020050125313,3.532850203756444e-10,3.532850203756444
planetary,1e-10,0.3233082706766917,3.5667804405178894e-10,3.5667804405178893
planetary,1e-10,0.3258145363408521,3.6009699289479275e-10,3.6009699289479276
planetary,1e-10,0.3283208020050125,3.6353995405305953e-10,3.635399540530595
planetary,1e-10,0.3308270676691729,3.670086006786557e-10,3.670086006786557
planetary,1e-10,0.3333333333333333,3.7050327275511275e-10,3.7050327275511274
planetary,1e-10,0.3358395989974937,3.7402045511168616e-10,3.7402045511168613
planetary,1e-10,0.3383458646616541,3.7756524965686553e-10,3.775652496568655
planetary,1e-10,0.3408521303258145,3.8113290635269835e-10,3.8113290635269834
planetary,1e-10,0.3433583959899749,3.847234366542134e-10,3.847234366542134
planetary,1e-10,0.3458646616541353,3.883373570389418e-10,3.883373570389418
planetary,1e-10,0.3483709273182957,3.919764375971654e-10,3.919764375971654
planetary,1e-10,0.3508771929824561,3.9563692663756883e-10,3.956369266375688
planetary,1e-10,0.3533834586466165,3.993187969080759e-10,3.993187969080759
planetary,1e-10,0.3558897243107769,4.0302371037868303e-10,4.03023710378683
planetary,1e-10,0.3583959899749373,4.067477571400995e-10,4.067477571400995
planetary,1e-10,0.3609022556390977,4.1049468685649654e-10,4.104946868564965
planetary,1e-10,0.3634085213032581,4.142616869905088e-10,4.142616869905088
planetary,1e-10,0.3659147869674185,4.180469116789165e-10,4.1804691167891646
planetary,1e-10,0.3684210526315789,4.218513571770716e-10,4.218513571770716
planetary,1e-10,0.37092731829573933,4.25674681321291e-10,4.25674681321291
planetary,1e-10,0.37343358395989973,4.2951546584785707e-10,4.2951546584785705
planetary,1e-10,0.37593984962406013,4.333703024770683e-10,4.333703024770683
planetary,1e-10,0.37844611528822053,4.37243325633269e-10,4.37243325633269
planetary,1e-10,0.38095238095238093,4.4112871229588725e-10,4.411287122958872
planetary,1e-10,0.38345864661654133,4.4503013830189515e-10,4.450301383018951
planetary,1e-10,0.38596491228070173,4.4894301236627776e-10,4.489430123662777
planetary,1e-10,0.38847117794486213,4.5286615205998477e-10,4.528661520599847
planetary,1e-10,0.39097744360902253,4.5680036114809134e-10,4.568003611480913
planetary,1e-10,0.39348370927318294,4.607443010329301e-10,4.607443010329301
planetary,1e-10,0.39598997493734334,4.646946505198444e-10,4.646946505198444
planetary,1e-10,0.39849624060150374,4.686524874001676e-10,4.686524874001676
planetary,1e-10,0.40100250626566414,4.726149719515223e-10,4.726149719515223
planetary,1e-10,0.40350877192982454,4.765820218544337e-10,4.765820218544337
planetary,1e-10,0.40601503759398494,4.805507895485668e-10,4.805507895485667
planetary,1e-10,0.40852130325814534,4.845208785366131e-10,4.845208785366131
planetary,1e-10,0.41102756892230574,4.884916861547665e-10,4.884916861547665
planetary,1e-10,0.41353383458646614,4.924560411596397e-10,4.924560411596397
planetary,1e-10,0.41604010025062654,4.964187586798688e-10,4.964187586798689
planetary,1e-10,0.41854636591478694,5.003778061952428e-10,5.003778061952428
planetary,1e-10,0.42105263157894735,5.043233446178663e-10,5.043233446178663
planetary,1e-10,0.42355889724310775,5.082631007585752e-10,5.082631007585752
planetary,1e-10,0.42606516290726815,5.121914728712583e-10,5.121914728712582
planetary,1e-10,0.42857142857142855,5.161038173121463e-10,5.1610381731214625
planetary,1e-10,0.43107769423558895,5.200011055008098e-10,5.200011055008098
planetary,1e-10,0.43358395989974935,5.238831879055641e-10,5.238831879055641
planetary,1e-10,0.43609022556390975,5.277440283298893e-10,5.277440283298893
planetary,1e-10,0.43859649122807015,5.315824877648392e-10,5.315824877648392
planetary,1e-10,0.44110275689223055,5.353978019062819e-10,5.3539780190628194
planetary,1e-10,0.44360902255639095,5.39187178641178e-10,5.39187178641178
planetary,1e-10,0.44611528822055135,5.429491348285138e-10,5.429491348285138
planetary,1e-10,0.44862155388471175,5.46680141132471e-10,5.46680141132471
planetary,1e-10,0.45112781954887216,5.503776272140961e-10,5.5037762721409615
planetary,1e-10,0.45363408521303256,5.540400718019186e-10,5.540400718019186
planetary,1e-10,0.45614035087719296,5.576689283723764e-10,5.5766892837237645
planetary,1e-10,0.45864661654135336,5.612550538241352e-10,5.6125505382413525
planetary,1e-10,0.46115288220551376,5.64800137030852e-10,5.64800137030852
planetary,1e-10,0.46365914786967416,5.683025856107597e-10,5.683025856107597
planetary,1e-10,0.46616541353383456,5.717588059714612e-10,5.717588059714612
planetary,1e-10,0.46867167919799496,5.751664721755013e-10,5.751664721755013
planetary,1e-10,0.47117794486215536,5.785263076970785e-10,5.785263076970785
planetary,1e-10,0.47368421052631576,5.818323875569727e-10,5.818323875569726
planetary,1e-10,0.47619047619047616,5.850854771423983e-10,5.8508547714239825
planetary,1e-10,0.47869674185463656,5.882838216591964e-10,5.882838216591964
planetary,1e-10,0.48120300751879697,5.914231103720452e-10,5.914231103720452
planetary,1e-10,0.48370927318295737,5.94503158400809e-10,5.94503158400809
planetary,1e-10,0.48621553884711777,5.975228921018261e-10,5.975228921018261
planetary,1e-10,0.48872180451127817,6.004796299063661e-10,6.004796299063661
planetary,1e-10,0.49122807017543857,6.033730453526393e-10,6.033730453526393
planetary,1e-10,0.49373433583959897,6.062003133504949e-10,6.062003133504949
planetary,1e-10,0.49624060150375937,6.089602174794132e-10,6.089602174794131
planetary,1e-10,0.49874686716791977,6.116514961419096e-10,6.116514961419096
planetary,1e-10,0.5012531328320802,6.142762386823107e-10,6.142762386823106
planetary,1e-10,0.5037593984962405,6.168288076268607e-10,6.168288076268607
planetary,1e-10,0.506265664160401,6.193086253682758e-10,6.193086253682758
planetary,1e-10,0.5087719298245614,6.217201337712544e-10,6.2172013377125435
planetary,1e-10,0.5112781954887218,6.240575524532804e-10,6.2405755245328045
planetary,1e-10,0.5137844611528821,6.263201454553632e-10,6.263201454553632
planetary,1e-10,0.5162907268170426,6.285104646344597e-10,6.285104646344597
planetary,1e-10,0.518796992481203,6.306284794554734e-10,6.306284794554734
planetary,1e-10,0.5213032581453634,6.326706973038487e-10,6.326706973038487
planetary,1e-10,0.5238095238095237,6.346395259153985e-10,6.346395259153986
planetary,1e-10,0.5263157894736842,6.365364597490598e-10,6.365364597490598
planetary,1e-10,0.5288220551378446,6.383561827795136e-10,6.383561827795136
planetary,1e-10,0.531328320802005,6.401042717100434e-10,6.401042717100434
planetary,1e-10,0.5338345864661653,6.417787216350514e-10,6.417787216350514
planetary,1e-10,0.5363408521303258,6.43380017692036e-10,6.43380017692036
planetary,1e-10,0.5388471177944862,6.449093379083811e-10,6.449093379083811
planetary,1e-10,0.5413533834586466,6.463678377475642e-10,6.4636783774756426
planetary,1e-10,0.5438596491228069,6.477551952897287e-10,6.477551952897287
planetary,1e-10,0.5463659147869674,6.490731982541847e-10,6.490731982541846
planetary,1e-10,0.5488721804511278,6.503222831593276e-10,6.503222831593276
planetary,1e-10,0.5513784461152882,6.515033104220457e-10,6.515033104220456
planetary,1e-10,0.5538847117794485,6.526174697891095e-10,6.526174697891095
planetary,1e-10,0.556390977443609,6.536684468654932e-10,6.536684468654931
planetary,1e-10,0.5588972431077694,6.546527841087345e-10,6.546527841087345
planetary,1e-10,0.5614035087719298,6.55575159598451e-10,6.5557515959845105
planetary,1e-10,0.5639097744360901,6.56436251642128e-10,6.564362516421279
planetary,1e-10,0.5664160401002506,6.572363933081963e-10,6.572363933081963
planetary,1e-10,0.568922305764411,6.57980240003893e-10,6.57980240003893
planetary,1e-10,0.5714285714285714,6.586654966667957e-10,6.586654966667957
planetary,1e-10,0.5739348370927317,6.592955284157201e-10,6.592955284157201
planetary,1e-10,0.5764411027568922,6.598693064760202e-10,6.598693064760202
planetary,1e-10,0.5789473684210527,6.603929692025048e-10,6.603929692025047
planetary,1e-10,0.581453634085213,6.608642630003665e-10,6.608642630003664
planetary,1e-10,0.5839598997493733,6.6128833087484e-10,6.612883308748399
planetary,1e-10,0.5864661654135338,6.616626668890917e-10,6.616626668890916
planetary,1e-10,0.5889724310776943,6.619918434381984e-10,6.619918434381984
planetary,1e-10,0.5914786967418546,6.62277141343525e-10,6.62277141343525
planetary,1e-10,0.593984962406015,6.625195008105675e-10,6.625195008105674
planetary,1e-10,0.5964912280701754,6.627207342931275e-10,6.627207342931275
planetary,1e-10,0.5989974937343359,6.628837778945615e-10,6.628837778945615
planetary,1e-10,0.6015037593984962,6.63008009679261e-10,6.63008009679261
planetary,1e-10,0.6040100250626566,6.630962919832825e-10,6.630962919832824
planetary,1e-10,0.606516290726817,6.631482849185817e-10,6.631482849185817
planetary,1e-10,0.6090225563909775,6.631693991552709e-10,6.631693991552709
planetary,1e-10,0.6115288220551378,6.631590951971484e-10,6.631590951971484
planetary,1e-10,0.6140350877192982,6.631169284396364e-10,6.631169284396364
planetary,1e-10,0.6165413533834586,6.630467810145913e-10,6.630467810145913
planetary,1e-10,0.6190476190476191,6.629509405714472e-10,6.6295094057144714
planetary,1e-10,0.6215538847117794,6.628279239318173e-10,6.628279239318172
planetary,1e-10,0.6240601503759398,6.62680916777312e-10,6.62680916777312
planetary,1e-10,0.6265664160401002,6.625148304666556e-10,6.625148304666556
planetary,1e-10,0.6290726817042607,6.623241843037516e-10,6.6232418430375155
planetary,1e-10,0.631578947368421,6.621136865071986e-10,6.621136865071986
planetary,1e-10,0.6340852130325814,6.618859806614321e-10,6.618859806614321
planetary,1e-10,0.6365914786967418,6.616396324575694e-10,6.616396324575694
planetary,1e-10,0.6390977443609023,6.613780829543955e-10,6.613780829543955
planetary,1e-10,0.6416040100250626,6.611010191700264e-10,6.611010191700264
planetary,1e-10,0.644110275689223,6.6080999421482e-10,6.6080999421482
planetary,1e-10,0.6466165413533834,6.605076128409297e-10,6.605076128409297
planetary,1e-10,0.6491228070175439,6.601925572977102e-10,6.601925572977102
planetary,1e-10,0.6516290726817042,6.59868506397238e-10,6.59868506397238
planetary,1e-10,0.6541353383458646,6.595360476784486e-10,6.595360476784486
planetary,1e-10,0.656641604010025,6.591950406960347e-10,6.591950406960347
planetary,1e-10,0.6591478696741855,6.58844632140437e-10,6.588446321404369
planetary,1e-10,0.6616541353383458,6.584908791166944e-10,6.584908791166944
planetary,1e-10,0.6641604010025062,6.581311179898009e-10,6.581311179898009
planetary,1e-10,0.6666666666666666,6.577669747125212e-10,6.577669747125212
planetary,1e-10,0.6691729323308271,6.574012350899348e-10,6.574012350899348
planetary,1e-10,0.6716791979949874,6.570302136430688e-10,6.570302136430688
planetary,1e-10,0.6741854636591478,6.566583574507913e-10,6.566583574507913
planetary,1e-10,0.6766917293233082,6.562866269438735e-10,6.562866269438735
planetary,1e-10,0.6791979949874687,6.559141306834617e-10,6.559141306834617
planetary,1e-10,0.681704260651629,6.555426521483866e-10,6.555426521483866
planetary,1e-10,0.6842105263157894,6.551731900808537e-10,6.551731900808536
planetary,1e-10,0.6867167919799498,6.548040142401337e-10,6.548040142401337
planetary,1e-10,0.6892230576441103,6.544413434272597e-10,6.544413434272597
planetary,1e-10,0.6917293233082706,6.54079974980652e-10,6.54079974980652
planetary,1e-10,0.694235588972431,6.537227040779582e-10,6.537227040779581
planetary,1e-10,0.6967418546365914,6.533722170912421e-10,6.53372217091242
planetary,1e-10,0.6992481203007519,6.530259366841176e-10,6.530259366841175
planetary,1e-10,0.7017543859649122,6.526858516845174e-10,6.526858516845174
planetary,1e-10,0.7042606516290726,6.523545982850522e-10,6.523545982850521
planetary,1e-10,0.706766917293233,6.520271557193158e-10,6.5202715571931575
planetary,1e-10,0.7092731829573935,6.517096586571184e-10,6.517096586571184
planetary,1e-10,0.7117794486215538,6.513997302136509e-10,6.5139973021365085
planetary,1e-10,0.7142857142857142,6.510992943571786e-10,6.510992943571786
planetary,1e-10,0.7167919799498746,6.508074179136484e-10,6.508074179136484
planetary,1e-10,0.7192982456140351,6.505262380081787e-10,6.505262380081787
planetary,1e-10,0.7218045112781954,6.502549099625308e-10,6.502549099625308
planetary,1e-10,0.7243107769423558,6.499935357567742e-10,6.499935357567741
planetary,1e-10,0.7268170426065163,6.497440481979597e-10,6.497440481979596
planetary,1e-10,0.7293233082706767,6.49505891955427e-10,6.495058919554269
planetary,1e-10,0.731829573934837,6.49280865942567e-10,6.49280865942567
planetary,1e-10,0.7343358395989974,6.490681440698985e-10,6.490681440698984
planetary,1e-10,0.7368421052631579,6.48866383080896e-10,6.488663830808959
planetary,1e-10,0.7393483709273183,6.48678157125455e-10,6.48678157125455
planetary,1e-10,0.7418546365914787,6.485037376224235e-10,6.485037376224235
planetary,1e-10,0.744360902255639,6.483449971119493e-10,6.4834499711194935
planetary,1e-10,0.7468671679197995,6.481986199807957e-10,6.481986199807957
planetary,1e-10,0.7493734335839599,6.480648438163901e-10,6.4806484381639
planetary,1e-10,0.7518796992481203,6.479489658845625e-10,6.479489658845625
planetary,1e-10,0.7543859649122806,6.478476405841378e-10,6.478476405841378
planetary,1e-10,0.7568922305764411,6.477595643888781e-10,6.4775956438887805
planetary,1e-10,0.7593984962406015,6.476863947693286e-10,6.476863947693286
planetary,1e-10,0.7619047619047619,6.47631720033138e-10,6.47631720033138
planetary,1e-10,0.7644110275689222,6.475940921141183e-10,6.4759409211411825
planetary,1e-10,0.7669172932330827,6.475702859239423e-10,6.475702859239423
planetary,1e-10,0.7694235588972431,6.475637236355455e-10,6.475637236355454
planetary,1e-10,0.7719298245614035,6.475748355633314e-10,6.475748355633314
planetary,1e-10,0.7744360902255638,6.476052839811556e-10,6.476052839811556
planetary,1e-10,0.7769423558897243,6.476483495772485e-10,6.476483495772484
planetary,1e-10,0.7794486215538847,6.477095749244591e-10,6.47709574924459
planetary,1e-10,0.7819548872180451,6.47792235035682e-10,6.4779223503568195
planetary,1e-10,0.7844611528822054,6.478898025062473e-10,6.478898025062473
planetary,1e-10,0.7869674185463659,6.480094561735884e-10,6.480094561735884
planetary,1e-10,0.7894736842105263,6.481459732609569e-10,6.481459732609569
planetary,1e-10,0.7919799498746867,6.48299486443983e-10,6.4829948644398305
planetary,1e-10,0.794486215538847,6.484719230499836e-10,6.484719230499835
planetary,1e-10,0.7969924812030075,6.486635395676423e-10,6.486635395676423
planetary,1e-10,0.7994987468671679,6.488759995122914e-10,6.488759995122914
planetary,1e-10,0.8020050125313283,6.491078478634359e-10,6.491078478634359
planetary,1e-10,0.8045112781954886,6.493576059244076e-10,6.493576059244076
planetary,1e-10,0.8070175438596491,6.496285781405775e-10,6.496285781405775
planetary,1e-10,0.8095238095238095,6.499176365174049e-10,6.499176365174049
planetary,1e-10,0.8120300751879699,6.502284196544414e-10,6.502284196544414
planetary,1e-10,0.8145363408521302,6.505594240558067e-10,6.505594240558067
planetary,1e-10,0.8170426065162907,6.509120880107256e-10,6.509120880107256
planetary,1e-10,0.8195488721804511,6.512852675085423e-10,6.512852675085423
planetary,1e-10,0.8220551378446115,6.516787051965295e-10,6.516787051965295
planetary,1e-10,0.8245614035087718,6.520895068767504e-10,6.520895068767504
planetary,1e-10,0.8270676691729323,6.525243298773361e-10,6.525243298773361
planetary,1e-10,0.8295739348370927,6.529835638897333e-10,6.529835638897333
planetary,1e-10,0.8320802005012531,6.534600218293846e-10,6.534600218293845
planetary,1e-10,0.8345864661654134,6.539594996496458e-10,6.539594996496458
planetary,1e-10,0.8370927318295739,6.544818504907657e-10,6.544818504907657
planetary,1e-10,0.8395989974937343,6.550219715979385e-10,6.5502197159793845
planetary,1e-10,0.8421052631578947,6.55585144254933e-10,6.555851442549329
planetary,1e-10,0.844611528822055,6.561734326407458e-10,6.561734326407458
planetary,1e-10,0.8471177944862155,6.567833251498167e-10,6.5678332514981665
planetary,1e-10,0.849624060150376,6.574130601174942e-10,6.574130601174941
planetary,1e-10,0.8521303258145363,6.580665599040295e-10,6.580665599040295
planetary,1e-10,0.8546365914786966,6.587434667370558e-10,6.587434667370558
planetary,1e-10,0.8571428571428571,6.59438997177537e-10,6.594389971775369
planetary,1e-10,0.8596491228070176,6.601619312160838e-10,6.601619312160837
planetary,1e-10,0.8621553884711779,6.609069484660357e-10,6.609069484660357
planetary,1e-10,0.8646616541353382,6.616759156806161e-10,6.616759156806161
planetary,1e-10,0.8671679197994987,6.624656184415802e-10,6.624656184415802
planetary,1e-10,0.8696741854636592,6.632793631150571e-10,6.63279363115057
planetary,1e-10,0.8721804511278195,6.641158808661119e-10,6.641158808661118
planetary,1e-10,0.8746867167919798,6.649765735861307e-10,6.649765735861307
planetary,1e-10,0.8771929824561403,6.658616805770438e-10,6.658616805770438
planetary,1e-10,0.8796992481203008,6.66771241281465e-10,6.66771241281465
planetary,1e-10,0.8822055137844611,6.677039324755911e-10,6.677039324755911
planetary,1e-10,0.8847117794486214,6.686625976100034e-10,6.686625976100034
planetary,1e-10,0.8872180451127819,6.696427661484295e-10,6.696427661484295
planetary,1e-10,0.8897243107769424,6.70645882966937e-10,6.70645882966937
planetary,1e-10,0.8922305764411027,6.716774839636806e-10,6.716774839636805
planetary,1e-10,0.894736842105263,6.727284689011403e-10,6.727284689011403
planetary,1e-10,0.8972431077694235,6.738098053437963e-10,6.738098053437962
planetary,1e-10,0.899749373433584,6.749109067064288e-10,6.749109067064288
planetary,1e-10,0.9022556390977443,6.76042211021102e-10,6.76042211021102
planetary,1e-10,0.9047619047619047,6.771953169111065e-10,6.771953169111065
planetary,1e-10,0.9072681704260651,6.783718540111154e-10,6.7837185401111535
planetary,1e-10,0.9097744360902256,6.795768871626058e-10,6.795768871626058
planetary,1e-10,0.9122807017543859,6.808057251759727e-10,6.808057251759727
planetary,1e-10,0.9147869674185463,6.820596731096873e-10,6.820596731096873
planetary,1e-10,0.9172932330827067,6.833390444374192e-10,6.833390444374191
planetary,1e-10,0.9197994987468672,6.846438728823165e-10,6.846438728823165
planetary,1e-10,0.9223057644110275,6.85975807416545e-10,6.859758074165449
planetary,1e-10,0.9248120300751879,6.873331963788431e-10,6.873331963788431
planetary,1e-10,0.9273182957393483,6.887161140890493e-10,6.887161140890493
planetary,1e-10,0.9298245614035088,6.901245354843439e-10,6.9012453548434385
planetary,1e-10,0.9323308270676691,6.915585517584795e-10,6.915585517584795
planetary,1e-10,0.9348370927318295,6.930215466585499e-10,6.930215466585499
planetary,1e-10,0.9373433583959899,6.945085057584281e-10,6.945085057584281
planetary,1e-10,0.9398496240601504,6.960227958776316e-10,6.960227958776316
planetary,1e-10,0.9423558897243107,6.975661347793034e-10,6.975661347793034
planetary,1e-10,0.9448621553884711,6.991334411872554e-10,6.991334411872554
planetary,1e-10,0.9473684210526315,7.007282753346012e-10,7.007282753346011
planetary,1e-10,0.949874686716792,7.02348691690935e-10,7.02348691690935
planetary,1e-10,0.9523809523809523,7.040000323787629e-10,7.040000323787629
planetary,1e-10,0.9548872180451127,7.056753452963666e-10,7.056753452963666
planetary,1e-10,0.9573934837092731,7.073815235127131e-10,7.073815235127131
planetary,1e-10,0.9598997493734336,7.09113476919821e-10,7.091134769198209
planetary,1e-10,0.9624060150375939,7.108729318983791e-10,7.108729318983791
planetary,1e-10,0.9649122807017543,7.126581392949038e-10,7.126581392949038
planetary,1e-10,0.9674185463659147,7.144741508157035e-10,7.1447415081570345
planetary,1e-10,0.9699248120300752,7.163177541663309e-10,7.163177541663308
planetary,1e-10,0.9724310776942355,7.181887083289718e-10,7.181887083289718
planetary,1e-10,0.9749373433583959,7.200871734663013e-10,7.200871734663013
planetary,1e-10,0.9774436090225563,7.220147272538655e-10,7.220147272538655
planetary,1e-10,0.9799498746867168,7.239714662487997e-10,7.239714662487996
planetary,1e-10,0.9824561403508771,7.259556414449048e-10,7.259556414449047
planetary,1e-10,0.9849624060150375,7.279706315029688e-10,7.279706315029688
planetary,1e-10,0.9874686716791979,7.300129960276979e-10,7.300129960276979
planetary,1e-10,0.9899749373433584,7.320860926814899e-10,7.320860926814898
planetary,1e-10,0.9924812030075187,7.341865972501437e-10,7.341865972501437
planetary,1e-10,0.9949874686716791,7.363161246934e-10,7.363161246934
planetary,1e-10,0.9974937343358395,7.384746291156177e-10,7.384746291156176
planetary,1e-10,1.0,7.406638742103702e-10,7.406638742103701
planetary,1e-08,0.0,1.2499999924031613e-08,1.2499999924031613
planetary,1e-08,0.002506265664160401,1.250173537631778e-08,1.250173537631778
planetary,1e-08,0.005012531328320802,1.2506942084037827e-08,1.2506942084037826
planetary,1e-08,0.007518796992481203,1.2515616644045784e-08,1.2515616644045784
planetary,1e-08,0.010025062656641603,1.2527754570011686e-08,1.2527754570011687
planetary,1e-08,0.012531328320802004,1.2543349910145712e-08,1.2543349910145711
planetary,1e-08,0.015037593984962405,1.2562394810272705e-08,1.2562394810272706
planetary,1e-08,0.017543859649122806,1.2584879452541241e-08,1.2584879452541242
planetary,1e-08,0.020050125313283207,1.2610792547324622e-08,1.261079254732462
planetary,1e-08,0.022556390977443608,1.2640121603816262e-08,1.2640121603816261
planetary,1e-08,0.02506265664160401,1.267285221594119e-08,1.2672852215941188
planetary,1e-08,0.02756892230576441,1.2708968297268977e-08,1.2708968297268977
planetary,1e-08,0.03007518796992481,1.2748452683460806e-08,1.2748452683460807
planetary,1e-08,0.03258145363408521,1.2791286654819338e-08,1.2791286654819338
planetary,1e-08,0.03508771929824561,1.283745047886863e-08,1.283745047886863
planetary,1e-08,0.03759398496240601,1.2886922867402283e-08,1.2886922867402282
planetary,1e-08,0.040100250626566414,1.293968183740497e-08,1.293968183740497
planetary,1e-08,0.042606516290726815,1.2995704277060819e-08,1.2995704277060818
planetary,1e-08,0.045112781954887216,1.3054965640257877e-08,1.3054965640257876
planetary,1e-08,0.047619047619047616,1.3117441056044151e-08,1.311744105604415
planetary,1e-08,0.05012531328320802,1.3183105361755675e-08,1.3183105361755676
planetary,1e-08,0.05263157894736842,1.3251931210689797e-08,1.3251931210689796
planetary,1e-08,0.05513784461152882,1.332389143206591e-08,1.332389143206591
planetary,1e-08,0.05764411027568922,1.3398959417338915e-08,1.3398959417338914
planetary,1e-08,0.06015037593984962,1.347710674875699e-08,1.3477106748756988
planetary,1e-08,0.06265664160401002,1.3558305328841001e-08,1.3558305328841
planetary,1e-08,0.06516290726817042,1.3642525807256728e-08,1.3642525807256727
planetary,1e-08,0.06766917293233082,1.3729740762492161e-08,1.3729740762492162
planetary,1e-08,0.07017543859649122,1.3819920700992792e-08,1.3819920700992792
planetary,1e-08,0.07268170426065163,1.3913037255673744e-08,1.3913037255673744
planetary,1e-08,0.07518796992481203,1.4009060901687822e-08,1.4009060901687822
planetary,1e-08,0.07769423558897243,1.4107964043679421e-08,1.410796404367942
planetary,1e-08,0.08020050125313283,1.4209717577318027e-08,1.4209717577318026
planetary,1e-08,0.08270676691729323,1.4314294152851242e-08,1.4314294152851241
planetary,1e-08,0.08521303258145363,1.4421664953329847e-08,1.4421664953329847
planetary,1e-08,0.08771929824561403,1.4531803293145274e-08,1.4531803293145273
planetary,1e-08,0.09022556390977443,1.4644681808076862e-08,1.4644681808076863
planetary,1e-08,0.09273182957393483,1.4760274566427753e-08,1.4760274566427751
planetary,1e-08,0.09523809523809523,1.487855538516013e-08,1.4878555385160128
planetary,1e-08,0.09774436090225563,1.499949805080326e-08,1.499949805080326
planetary,1e-08,0.10025062656641603,1.5123079299158135e-08,1.5123079299158135
planetary,1e-08,0.10275689223057644,1.5249273415611175e-08,1.5249273415611175
planetary,1e-08,0.10526315789473684,1.5378058179173137e-08,1.5378058179173135
planetary,1e-08,0.10776942355889724,1.550940993118858e-08,1.550940993118858
planetary,1e-08,0.11027568922305764,1.5643306384239733e-08,1.5643306384239732
planetary,1e-08,0.11278195488721804,1.577972742777736e-08,1.577972742777736
planetary,1e-08,0.11528822055137844,1.5918652142206992e-08,1.591865214220699
planetary,1e-08,0.11779448621553884,1.6060060210210412e-08,1.6060060210210412
planetary,1e-08,0.12030075187969924,1.6203933136545214e-08,1.6203933136545214
planetary,1e-08,0.12280701754385964,1.635025209692008e-08,1.635025209692008
planetary,1e-08,0.12531328320802004,1.6499000450297178e-08,1.6499000450297179
planetary,1e-08,0.12781954887218044,1.6650161961898862e-08,1.6650161961898862
planetary,1e-08,0.13032581453634084,1.6803719793393937e-08,1.6803719793393936
planetary,1e-08,0.13283208020050125,1.695966058576774e-08,1.695966058576774
planetary,1e-08,0.13533834586466165,1.7117969077499582e-08,1.7117969077499582
planetary,1e-08,0.13784461152882205,1.727863269829618e-08,1.727863269829618
planetary,1e-08,0.14035087719298245,1.7441639404780627e-08,1.7441639404780627
planetary,1e-08,0.14285714285714285,1.7606977878029998e-08,1.7606977878029997
planetary,1e-08,0.14536340852130325,1.777463634245139e-08,1.7774636342451389
planetary,1e-08,0.14786967418546365,1.7944605780122952e-08,1.794460578012295
planetary,1e-08,0.15037593984962405,1.8116876996657204e-08,1.8116876996657203
planetary,1e-08,0.15288220551378445,1.8291442047765243e-08,1.8291442047765243
planetary,1e-08,0.15538847117794485,1.8468294898669004e-08,1.8468294898669002
planetary,1e-08,0.15789473684210525,1.8647424861584832e-08,1.8647424861584831
planetary,1e-08,0.16040100250626566,1.882883066633775e-08,1.8828830666337748
planetary,1e-08,0.16290726817042606,1.9012504340621052e-08,1.9012504340621053
planetary,1e-08,0.16541353383458646,1.919844279611769e-08,1.919844279611769
planetary,1e-08,0.16791979949874686,1.9386643466922054e-08,1.9386643466922053
planetary,1e-08,0.17042606516290726,1.9577102305815515e-08,1.9577102305815515
planetary,1e-08,0.17293233082706766,1.976981664409117e-08,1.976981664409117
planetary,1e-08,0.17543859649122806,1.9964786426651718e-08,1.9964786426651717
planetary,1e-08,0.17794486215538846,2.016201059870696e-08,2.016201059870696
planetary,1e-08,0.18045112781954886,2.036148901382154e-08,2.036148901382154
planetary,1e-08,0.18295739348370926,2.0563222612616114e-08,2.056322261261611
planetary,1e-08,0.18546365914786966,2.0767212324038186e-08,2.0767212324038185
planetary,1e-08,0.18796992481203006,2.097346044579113e-08,2.097346044579113
planetary,1e-08,0.19047619047619047,2.1181969143489738e-08,2.1181969143489736
planetary,1e-08,0.19298245614035087,2.1392744659484258e-08,2.139274465948426
planetary,1e-08,0.19548872180451127,2.1605785422113168e-08,2.160578542211317
planetary,1e-08,0.19799498746867167,2.1821098569516286e-08,2.1821098569516284
planetary,1e-08,0.20050125313283207,2.2038690267997916e-08,2.2038690267997914
planetary,1e-08,0.20300751879699247,2.225856250742726e-08,2.225856250742726
planetary,1e-08,0.20551378446115287,2.2480725899273532e-08,2.2480725899273533
planetary,1e-08,0.20802005012531327,2.2705182317079755e-08,2.2705182317079755
planetary,1e-08,0.21052631578947367,2.2931940214669182e-08,2.293194021466918
planetary,1e-08,0.21303258145363407,2.3161007068346295e-08,2.3161007068346295
planetary,1e-08,0.21553884711779447,2.339239171557567e-08,2.339239171557567
planetary,1e-08,0.21804511278195488,2.3626101683924605e-08,2.3626101683924605
planetary,1e-08,0.22055137844611528,2.38621424685494e-08,2.3862142468549403
planetary,1e-08,0.22305764411027568,2.41005278598509e-08,2.41005278598509
planetary,1e-08,0.22556390977443608,2.4341263922462075e-08,2.4341263922462075
planetary,1e-08,0.22807017543859648,2.458436157897914e-08,2.458436157897914
planetary,1e-08,0.23057644110275688,2.4829829649763133e-08,2.4829829649763133
planetary,1e-08,0.23308270676691728,2.5077678272138356e-08,2.5077678272138355
planetary,1e-08,0.23558897243107768,2.5327916797061074e-08,2.5327916797061074
planetary,1e-08,0.23809523809523808,2.5580558232198512e-08,2.5580558232198514
planetary,1e-08,0.24060150375939848,2.5835611548809513e-08,2.583561154880951
planetary,1e-08,0.24310776942355888,2.6093086474921042e-08,2.6093086474921043
planetary,1e-08,0.24561403508771928,2.635299622492505e-08,2.635299622492505
planetary,1e-08,0.24812030075187969,2.6615349791029007e-08,2.6615349791029006
planetary,1e-08,0.2506265664160401,2.68801590180924e-08,2.6880159018092398
planetary,1e-08,0.2531328320802005,2.7147435611650794e-08,2.714743561165079
planetary,1e-08,0.2556390977443609,2.741718793376085e-08,2.741718793376085
planetary,1e-08,0.2581453634085213,2.7689429199268102e-08,2.7689429199268103
planetary,1e-08,0.2606516290726817,2.7964170866788276e-08,2.7964170866788276
planetary,1e-08,0.2631578947368421,2.8241421315432366e-08,2.8241421315432365
planetary,1e-08,0.2656641604010025,2.852119091907603e-08,2.852119091907603
planetary,1e-08,0.2681704260651629,2.880349121214155e-08,2.880349121214155
planetary,1e-08,0.2706766917293233,2.908833179315509e-08,2.9088331793155087
planetary,1e-08,0.2731829573934837,2.9375719079104898e-08,2.9375719079104896
planetary,1e-08,0.2756892230576441,2.9665667438362025e-08,2.9665667438362027
planetary,1e-08,0.2781954887218045,2.99581832088736e-08,2.9958183208873597
planetary,1e-08,0.2807017543859649,3.025327228644796e-08,3.025327228644796
planetary,1e-08,0.2832080200501253,3.0550945165382335e-08,3.0550945165382335
planetary,1e-08,0.2857142857142857,3.085120690407788e-08,3.0851206904077877
planetary,1e-08,0.2882205513784461,3.115406600042226e-08,3.1154066000422262
planetary,1e-08,0.2907268170426065,3.145952440306697e-08,3.145952440306697
planetary,1e-08,0.2932330827067669,3.1767589764819785e-08,3.1767589764819784
planetary,1e-08,0.2957393483709273,3.2078264616461363e-08,3.2078264616461363
planetary,1e-08,0.2982456140350877,3.239155089920787e-08,3.239155089920787
planetary,1e-08,0.3007518796992481,3.2707453887991144e-08,3.2707453887991145
planetary,1e-08,0.3032581453634085,3.302596977581827e-08,3.302596977581827
planetary,1e-08,0.3057644110275689,3.3347098889223505e-08,3.3347098889223505
planetary,1e-08,0.3082706766917293,3.3670839271699075e-08,3.3670839271699076
planetary,1e-08,0.3107769423558897,3.3997189077676436e-08,3.3997189077676433
planetary,1e-08,0.3132832080200501,3.4326143413966556e-08,3.4326143413966554
planetary,1e-08,0.3157894736842105,3.465769143791517e-08,3.465769143791517
planetary,1e-08,0.3182957393483709,3.499182961622293e-08,3.4991829616222927
planetary,1e-08,0.3208020050125313,3.5328544477671993e-08,3.5328544477671993
planetary,1e-08,0.3233082706766917,3.566782718130932e-08,3.566782718130932
planetary,1e-08,0.3258145363408521,3.600966229666001e-08,3.600966229666001
planetary,1e-08,0.3283208020050125,3.635403185628129e-08,3.635403185628129
planetary,1e-08,0.3308270676691729,3.670091994748205e-08,3.670091994748205
planetary,1e-08,0.3333333333333333,3.705030503299555e-08,3.705030503299555
planetary,1e-08,0.3358395989974937,3.740216152605826e-08,3.7402161526058255
planetary,1e-08,0.3383458646616541,3.7756466111829816e-08,3.7756466111829816
planetary,1e-08,0.3408521303258145,3.81131893135707e-08,3.8113189313570697
planetary,1e-08,0.3433583959899749,3.847229757708541e-08,3.847229757708541
planetary,1e-08,0.3458646616541353,3.883375564114132e-08,3.883375564114132
planetary,1e-08,0.3483709273182957,3.9197530331209894e-08,3.919753033120989
planetary,1e-08,0.3508771929824561,3.9563573059666466e-08,3.9563573059666464
planetary,1e-08,0.3533834586466165,3.993184273942159e-08,3.993184273942159
planetary,1e-08,0.3558897243107769,4.030229102953972e-08,4.030229102953972
planetary,1e-08,0.3583959899749373,4.067486366349398e-08,4.067486366349398
planetary,1e-08,0.3609022556390977,4.104950442209644e-08,4.104950442209644
planetary,1e-08,0.3634085213032581,4.142615537534705e-08,4.142615537534705
planetary,1e-08,0.3659147869674185,4.180474873202786e-08,4.180474873202786
planetary,1e-08,0.3684210526315789,4.2185216070146444e-08,4.218521607014645
planetary,1e-08,0.37092731829573933,4.256748453700589e-08,4.256748453700589
planetary,1e-08,0.37343358395989973,4.295147671272163e-08,4.295147671272163
planetary,1e-08,0.37593984962406013,4.333710634728139e-08,4.333710634728139
planetary,1e-08,0.37844611528822053,4.372428647616937e-08,4.372428647616937
planetary,1e-08,0.38095238095238093,4.4112925223797604e-08,4.41129252237976
planetary,1e-08,0.38345864661654133,4.450292374310206e-08,4.450292374310206
planetary,1e-08,0.38596491228070173,4.489417866115104e-08,4.489417866115104
planetary,1e-08,0.38847117794486213,4.52865792776445e-08,4.52865792776445
planetary,1e-08,0.39097744360902253,4.568001257311737e-08,4.568001257311737
planetary,1e-08,0.39348370927318294,4.6074358024612496e-08,4.607435802461249
planetary,1e-08,0.39598997493734334,4.646949081798492e-08,4.646949081798492
planetary,1e-08,0.39849624060150374,4.686527828081291e-08,4.6865278280812905
planetary,1e-08,0.40100250626566414,4.7261584826423216e-08,4.7261584826423215
planetary,1e-08,0.40350877192982454,4.765826779609188e-08,4.765826779609188
planetary,1e-08,0.40601503759398494,4.8055177041448144e-08,4.8055177041448145
planetary,1e-08,0.40852130325814534,4.845215948875006e-08,4.845215948875006
planetary,1e-08,0.41102756892230574,4.884905859935997e-08,4.884905859935997
planetary,1e-08,0.41353383458646614,4.924570350913956e-08,4.924570350913956
planetary,1e-08,0.41604010025062654,4.964192394758816e-08,4.964192394758816
planetary,1e-08,0.41854636591478694,5.00375516256928e-08,5.00375516256928
planetary,1e-08,0.42105263157894735,5.043239478919475e-08,5.0432394789194745
planetary,1e-08,0.42355889724310775,5.0826273379498374e-08,5.0826273379498375
planetary,1e-08,0.42606516290726815,5.121899590554062e-08,5.121899590554062
planetary,1e-08,0.42857142857142855,5.161036652085527e-08,5.161036652085527
planetary,1e-08,0.43107769423558895,5.200018245629986e-08,5.200018245629986
planetary,1e-08,0.43358395989974935,5.2388246999298036e-08,5.238824699929803
planetary,1e-08,0.43609022556390975,5.27743459297812e-08,5.2774345929781195
planetary,1e-08,0.43859649122807015,5.3158270078993755e-08,5.315827007899375
planetary,1e-08,0.44110275689223055,5.353980693196826e-08,5.353980693196826
planetary,1e-08,0.44360902255639095,5.3918742519248884e-08,5.391874251924889
planetary,1e-08,0.44611528822055135,5.429485580506778e-08,5.429485580506777
planetary,1e-08,0.44862155388471175,5.466792893247858e-08,5.466792893247858
planetary,1e-08,0.45112781954887216,5.503774213219629e-08,5.503774213219629
planetary,1e-08,0.45363408521303256,5.540407245365309e-08,5.5404072453653095
planetary,1e-08,0.45614035087719296,5.576670375299446e-08,5.576670375299446
planetary,1e-08,0.45864661654135336,5.612541257847504e-08,5.612541257847504
planetary,1e-08,0.46115288220551376,5.647998147553478e-08,5.647998147553478
planetary,1e-08,0.46365914786967416,5.6830195628116686e-08,5.683019562811668
planetary,1e-08,0.46616541353383456,5.717584069026082e-08,5.717584069026081
planetary,1e-08,0.46867167919799496,5.75167059497156e-08,5.75167059497156
planetary,1e-08,0.47117794486215536,5.7852587528940166e-08,5.785258752894016
planetary,1e-08,0.47368421052631576,5.8183281465059204e-08,5.8183281465059205
planetary,1e-08,0.47619047619047616,5.850859168665947e-08,5.850859168665947
planetary,1e-08,0.47869674185463656,5.8828328858727125e-08,5.882832885872713
planetary,1e-08,0.48120300751879697,5.914231255914909e-08,5.914231255914909
planetary,1e-08,0.48370927318295737,5.9450359644055324e-08,5.945035964405532
planetary,1e-08,0.48621553884711777,5.975230456730767e-08,5.975230456730767
planetary,1e-08,0.48872180451127817,6.004799043579531e-08,6.004799043579531
planetary,1e-08,0.49122807017543857,6.033726088013261e-08,6.03372608801326
planetary,1e-08,0.49373433583959897,6.06199744761469e-08,6.06199744761469
planetary,1e-08,0.49624060150375937,6.089600253973e-08,6.089600253973
planetary,1e-08,0.49874686716791977,6.116521965719664e-08,6.116521965719664
planetary,1e-08,0.5012531328320802,6.14275153371658e-08,6.142751533716581
planetary,1e-08,0.5037593984962405,6.168279215066564e-08,6.168279215066564
planetary,1e-08,0.506265664160401,6.193095623434318e-08,6.193095623434318
planetary,1e-08,0.5087719298245614,6.217193417831328e-08,6.217193417831328
planetary,1e-08,0.5112781954887218,6.240565847474345e-08,6.240565847474345
planetary,1e-08,0.5137844611528821,6.263207613983488e-08,6.2632076139834885
planetary,1e-08,0.5162907268170426,6.2851144215399e-08,6.2851144215399
planetary,1e-08,0.518796992481203,6.306283341491398e-08,6.306283341491398
planetary,1e-08,0.5213032581453634,6.326712657217778e-08,6.3267126572177785
planetary,1e-08,0.5238095238095237,6.346401249239915e-08,6.346401249239914
planetary,1e-08,0.5263157894736842,6.365350344719752e-08,6.365350344719752
planetary,1e-08,0.5288220551378446,6.383560785318543e-08,6.383560785318543
planetary,1e-08,0.531328320802005,6.401035889099464e-08,6.401035889099464
planetary,1e-08,0.5338345864661653,6.417779492548031e-08,6.417779492548031
planetary,1e-08,0.5363408521303258,6.433796151969653e-08,6.433796151969653
planetary,1e-08,0.5388471177944862,6.449092105121032e-08,6.449092105121032
planetary,1e-08,0.5413533834586466,6.463674292245434e-08,6.463674292245433
planetary,1e-08,0.5438596491228069,6.477550469686374e-08,6.477550469686374
planetary,1e-08,0.5463659147869674,6.490729394326734e-08,6.490729394326734
planetary,1e-08,0.5488721804511278,6.503220812979854e-08,6.503220812979854
planetary,1e-08,0.5513784461152882,6.515035022707104e-08,6.515035022707104
planetary,1e-08,0.5538847117794485,6.526183194129199e-08,6.5261831941291994
planetary,1e-08,0.556390977443609,6.536677235214323e-08,6.536677235214323
planetary,1e-08,0.5588972431077694,6.546529807484099e-08,6.546529807484099
planetary,1e-08,0.5614035087719298,6.555753689919348e-08,6.5557536899193485
planetary,1e-08,0.5639097744360901,6.564362838918718e-08,6.5643628389187185
planetary,1e-08,0.5664160401002506,6.572371139174171e-08,6.572371139174171
planetary,1e-08,0.568922305764411,6.579793473445049e-08,6.579793473445049
planetary,1e-08,0.5714285714285714,6.58664437536292e-08,6.58664437536292
planetary,1e-08,0.5739348370927317,6.592939735077975e-08,6.592939735077975
planetary,1e-08,0.5764411027568922,6.598694413202221e-08,6.598694413202221
planetary,1e-08,0.5789473684210527,6.603924777417194e-08,6.603924777417194
planetary,1e-08,0.581453634085213,6.608646773090511e-08,6.608646773090511
planetary,1e-08,0.5839598997493733,6.612876527090737e-08,6.612876527090737
planetary,1e-08,0.5864661654135338,6.616630029640789e-08,6.616630029640789
planetary,1e-08,0.5889724310776943,6.619924256747357e-08,6.619924256747358
planetary,1e-08,0.5914786967418546,6.62277522312421e-08,6.62277522312421
planetary,1e-08,0.593984962406015,6.625198907281064e-08,6.625198907281064
planetary,1e-08,0.5964912280701754,6.62721256787212e-08,6.62721256787212
planetary,1e-08,0.5989974937343359,6.628831864260196e-08,6.628831864260196
planetary,1e-08,0.6015037593984962,6.630073036120367e-08,6.630073036120367
planetary,1e-08,0.6040100250626566,6.630952367058686e-08,6.630952367058685
planetary,1e-08,0.606516290726817,6.631485420244496e-08,6.631485420244496
planetary,1e-08,0.6090225563909775,6.631688028929108e-08,6.631688028929108
planetary,1e-08,0.6115288220551378,6.631576092964516e-08,6.631576092964515
planetary,1e-08,0.6140350877192982,6.631164491486655e-08,6.631164491486654
planetary,1e-08,0.6165413533834586,6.630468560242802e-08,6.630468560242802
planetary,1e-08,0.6190476190476191,6.62950317576991e-08,6.62950317576991
planetary,1e-08,0.6215538847117794,6.628282905100879e-08,6.628282905100878
planetary,1e-08,0.6240601503759398,6.62682190719491e-08,6.62682190719491
planetary,1e-08,0.6265664160401002,6.625134554058567e-08,6.625134554058567
planetary,1e-08,0.6290726817042607,6.623234755906609e-08,6.623234755906609
planetary,1e-08,0.631578947368421,6.621135363234459e-08,6.621135363234459
planetary,1e-08,0.6340852130325814,6.618850158208546e-08,6.618850158208546
planetary,1e-08,0.6365914786967418,6.616391787083965e-08,6.616391787083965
planetary,1e-08,0.6390977443609023,6.61377281779557e-08,6.613772817795571
planetary,1e-08,0.6416040100250626,6.611005774378909e-08,6.611005774378909
planetary,1e-08,0.644110275689223,6.608102250426625e-08,6.608102250426625
planetary,1e-08,0.6466165413533834,6.60507425540515e-08,6.60507425540515
planetary,1e-08,0.6491228070175439,6.601932926862281e-08,6.601932926862281
planetary,1e-08,0.6516290726817042,6.59868954221587e-08,6.59868954221587
planetary,1e-08,0.6541353383458646,6.595354851695354e-08,6.595354851695354
planetary,1e-08,0.656641604010025,6.591939093765018e-08,6.591939093765018
planetary,1e-08,0.6591478696741855,6.588452597203522e-08,6.5884525972035215
planetary,1e-08,0.6616541353383458,6.584905172298873e-08,6.584905172298873
planetary,1e-08,0.6641604010025062,6.581306326894875e-08,6.581306326894874
planetary,1e-08,0.6666666666666666,6.577665491540956e-08,6.577665491540956
planetary,1e-08,0.6691729323308271,6.573991702748279e-08,6.573991702748279
planetary,1e-08,0.6716791979949874,6.570293521080542e-08,6.570293521080542
planetary,1e-08,0.6741854636591478,6.566579650417087e-08,6.566579650417087
planetary,1e-08,0.6766917293233082,6.562858218510378e-08,6.562858218510378
planetary,1e-08,0.6791979949874687,6.559137200575591e-08,6.5591372005755915
planetary,1e-08,0.681704260651629,6.55542425854672e-08,6.5554242585467195
planetary,1e-08,0.6842105263157894,6.55172697298112e-08,6.551726972981119
planetary,1e-08,0.6867167919799498,6.548052250497705e-08,6.548052250497705
planetary,1e-08,0.6892230576441103,6.544407687648507e-08,6.5444076876485076
planetary,1e-08,0.6917293233082706,6.540799577205887e-08,6.5407995772058865
planetary,1e-08,0.694235588972431,6.537234561231425e-08,6.537234561231425
planetary,1e-08,0.6967418546365914,6.533719346178202e-08,6.533719346178201
planetary,1e-08,0.6992481203007519,6.53025948476974e-08,6.53025948476974
planetary,1e-08,0.7017543859649122,6.5268613048352e-08,6.5268613048352
planetary,1e-08,0.7042606516290726,6.52353057584606e-08,6.52353057584606
planetary,1e-08,0.706766917293233,6.520272516248309e-08,6.520272516248308
planetary,1e-08,0.7092731829573935,6.51709299060375e-08,6.51709299060375
planetary,1e-08,0.7117794486215538,6.513996971476581e-08,6.513996971476581
planetary,1e-08,0.7142857142857142,6.5109894612492e-08,6.5109894612492
planetary,1e-08,0.7167919799498746,6.508075329455677e-08,6.508075329455677
planetary,1e-08,0.7192982456140351,6.5052593861637e-08,6.5052593861637
planetary,1e-08,0.7218045112781954,6.50254613338582e-08,6.50254613338582
planetary,1e-08,0.7243107769423558,6.499940096078711e-08,6.499940096078711
planetary,1e-08,0.7268170426065163,6.497445377531782e-08,6.497445377531782
planetary,1e-08,0.7293233082706767,6.495066316921146e-08,6.495066316921146
planetary,1e-08,0.731829573934837,6.492806863971633e-08,6.492806863971633
planetary,1e-08,0.7343358395989974,6.490670746862156e-08,6.490670746862156
planetary,1e-08,0.7368421052631579,6.488661746428417e-08,6.488661746428417
planetary,1e-08,0.7393483709273183,6.486783671904533e-08,6.486783671904532
planetary,1e-08,0.7418546365914787,6.485039963131615e-08,6.485039963131615
planetary,1e-08,0.744360902255639,6.483434371639677e-08,6.483434371639677
planetary,1e-08,0.7468671679197995,6.481969628446978e-08,6.481969628446978
planetary,1e-08,0.7493734335839599,6.480649174060103e-08,6.480649174060103
planetary,1e-08,0.7518796992481203,6.479476248748577e-08,6.479476248748576
planetary,1e-08,0.7543859649122806,6.478453947171977e-08,6.478453947171977
planetary,1e-08,0.7568922305764411,6.47758481489975e-08,6.477584814899751
planetary,1e-08,0.7593984962406015,6.476871919747442e-08,6.476871919747442
planetary,1e-08,0.7619047619047619,6.476318125958144e-08,6.476318125958144
planetary,1e-08,0.7644110275689222,6.475926366361289e-08,6.475926366361289
planetary,1e-08,0.7669172932330827,6.475698787351163e-08,6.4756987873511624
planetary,1e-08,0.7694235588972431,6.47563791936608e-08,6.475637919366079
planetary,1e-08,0.7719298245614035,6.475746418382164e-08,6.475746418382164
planetary,1e-08,0.7744360902255638,6.476026959374995e-08,6.4760269593749955
planetary,1e-08,0.7769423558897243,6.476481342372325e-08,6.476481342372325
planetary,1e-08,0.7794486215538847,6.477112015267769e-08,6.477112015267769
planetary,1e-08,0.7819548872180451,6.477921269987355e-08,6.4779212699873545
planetary,1e-08,0.7844611528822054,6.478911351242333e-08,6.478911351242332
planetary,1e-08,0.7869674185463659,6.480084348856517e-08,6.480084348856518
planetary,1e-08,0.7894736842105263,6.481442140974965e-08,6.481442140974965
planetary,1e-08,0.7919799498746867,6.482987101790194e-08,6.482987101790194
planetary,1e-08,0.794486215538847,6.484720551080608e-08,6.484720551080608
planetary,1e-08,0.7969924812030075,6.486644863076143e-08,6.486644863076143
planetary,1e-08,0.7994987468671679,6.488761982266639e-08,6.488761982266639
planetary,1e-08,0.8020050125313283,6.491073725177754e-08,6.491073725177754
planetary,1e-08,0.8045112781954886,6.493581354805965e-08,6.493581354805965
planetary,1e-08,0.8070175438596491,6.496287274406561e-08,6.49628727440656
planetary,1e-08,0.8095238095238095,6.499192712272203e-08,6.499192712272203
planetary,1e-08,0.8120300751879699,6.502299557057947e-08,6.502299557057946
planetary,1e-08,0.8145363408521302,6.505609316229344e-08,6.505609316229344
planetary,1e-08,0.8170426065162907,6.5091239909007e-08,6.5091239909007
planetary,1e-08,0.8195488721804511,6.51284507815691e-08,6.51284507815691
planetary,1e-08,0.8220551378446115,6.51677363914131e-08,6.51677363914131
planetary,1e-08,0.8245614035087718,6.520911294067348e-08,6.520911294067348
planetary,1e-08,0.8270676691729323,6.525260156051867e-08,6.525260156051867
planetary,1e-08,0.8295739348370927,6.529821425777064e-08,6.529821425777064
planetary,1e-08,0.8320802005012531,6.534595903076445e-08,6.534595903076445
planetary,1e-08,0.8345864661654134,6.539586034027646e-08,6.539586034027646
planetary,1e-08,0.8370927318295739,6.544792740936921e-08,6.544792740936922
planetary,1e-08,0.8395989974937343,6.550216975604278e-08,6.550216975604278
planetary,1e-08,0.8421052631578947,6.555860694016382e-08,6.555860694016382
planetary,1e-08,0.844611528822055,6.561725001013044e-08,6.561725001013044
planetary,1e-08,0.8471177944862155,6.56781144668036e-08,6.567811446680359
planetary,1e-08,0.849624060150376,6.574121024218451e-08,6.57412102421845
planetary,1e-08,0.8521303258145363,6.580655667082666e-08,6.580655667082666
planetary,1e-08,0.8546365914786966,6.587415772000909e-08,6.587415772000909
planetary,1e-08,0.8571428571428571,6.594403224447632e-08,6.594403224447632
planetary,1e-08,0.8596491228070176,6.601618944238048e-08,6.601618944238048
planetary,1e-08,0.8621553884711779,6.609064323861201e-08,6.609064323861201
planetary,1e-08,0.8646616541353382,6.616740983905227e-08,6.616740983905227
planetary,1e-08,0.8671679197994987,6.62464924291619e-08,6.62464924291619
planetary,1e-08,0.8696741854636592,6.632791196618525e-08,6.632791196618525
planetary,1e-08,0.8721804511278195,6.641167635505338e-08,6.641167635505338
planetary,1e-08,0.8746867167919798,6.649779727184003e-08,6.6497797271840025
planetary,1e-08,0.8771929824561403,6.658628762632311e-08,6.658628762632311
planetary,1e-08,0.8796992481203008,6.667715947577632e-08,6.667715947577632
planetary,1e-08,0.8822055137844611,6.677042462276297e-08,6.677042462276297
planetary,1e-08,0.8847117794486214,6.686609473963721e-08,6.686609473963721
planetary,1e-08,0.8872180451127819,6.69641803680288e-08,6.696418036802879
planetary,1e-08,0.8897243107769424,6.706469313369464e-08,6.706469313369464
planetary,1e-08,0.8922305764411027,6.716764627076557e-08,6.716764627076556
planetary,1e-08,0.894736842105263,6.727304787050347e-08,6.727304787050347
planetary,1e-08,0.8972431077694235,6.738091430603134e-08,6.738091430603134
planetary,1e-08,0.899749373433584,6.749125286819385e-08,6.7491252868193845
planetary,1e-08,0.9022556390977443,6.760407967876286e-08,6.760407967876286
planetary,1e-08,0.9047619047619047,6.771939800958489e-08,6.7719398009584895
planetary,1e-08,0.9072681704260651,6.783722689679672e-08,6.783722689679672
planetary,1e-08,0.9097744360902256,6.795757457728602e-08,6.795757457728602
planetary,1e-08,0.9122807017543859,6.808045449041015e-08,6.808045449041015
planetary,1e-08,0.9147869674185463,6.82058740542504e-08,6.82058740542504
planetary,1e-08,0.9172932330827067,6.833385004237865e-08,6.833385004237865
planetary,1e-08,0.9197994987468672,6.846438796568408e-08,6.846438796568408
planetary,1e-08,0.9223057644110275,6.859750355776009e-08,6.859750355776009
planetary,1e-08,0.9248120300751879,6.873320728298043e-08,6.873320728298043
planetary,1e-08,0.9273182957393483,6.887150950245567e-08,6.887150950245567
planetary,1e-08,0.9298245614035088,6.901242172672212e-08,6.901242172672212
planetary,1e-08,0.9323308270676691,6.915595730641253e-08,6.915595730641253
planetary,1e-08,0.9348370927318295,6.930212582372065e-08,6.930212582372065
planetary,1e-08,0.9373433583959899,6.945094009207719e-08,6.945094009207719
planetary,1e-08,0.9398496240601504,6.960241256384171e-08,6.960241256384171
planetary,1e-08,0.9423558897243107,6.97565539151917e-08,6.975655391519171
planetary,1e-08,0.9448621553884711,6.991337633179166e-08,6.991337633179166
planetary,1e-08,0.9473684210526315,7.007289006281744e-08,7.007289006281744
planetary,1e-08,0.949874686716792,7.023510675195969e-08,7.023510675195968
planetary,1e-08,0.9523809523809523,7.040004308844071e-08,7.040004308844071
planetary,1e-08,0.9548872180451127,7.056770344473418e-08,7.056770344473418
planetary,1e-08,0.9573934837092731,7.07381075605287e-08,7.073810756052869
planetary,1e-08,0.9598997493734336,7.091126617173372e-08,7.091126617173372
planetary,1e-08,0.9624060150375939,7.108719008277579e-08,7.108719008277578
planetary,1e-08,0.9649122807017543,7.126588452645663e-08,7.126588452645662
planetary,1e-08,0.9674185463659147,7.144737501238606e-08,7.144737501238605
planetary,1e-08,0.9699248120300752,7.163166490258992e-08,7.163166490258992
planetary,1e-08,0.9724310776942355,7.181876892589147e-08,7.181876892589147
planetary,1e-08,0.9749373433583959,7.200870197094617e-08,7.200870197094617
planetary,1e-08,0.9774436090225563,7.220147669980398e-08,7.220147669980397
planetary,1e-08,0.9799498746867168,7.239710403695647e-08,7.239710403695647
planetary,1e-08,0.9824561403508771,7.259559805706143e-08,7.259559805706143
planetary,1e-08,0.9849624060150375,7.279696919918927e-08,7.279696919918926
planetary,1e-08,0.9874686716791979,7.30012344380153e-08,7.30012344380153
planetary,1e-08,0.9899749373433584,7.320840722796503e-08,7.320840722796503
planetary,1e-08,0.9924812030075187,7.341849915312668e-08,7.341849915312668
planetary,1e-08,0.9949874686716791,7.363152474698117e-08,7.363152474698117
planetary,1e-08,0.9974937343358395,7.384749687387628e-08,7.384749687387628
planetary,1e-08,1.0,7.406643153613272e-08,7.406643153613271
planetary,1e-06,0.0,1.2499999999526779e-06,1.2499999999526779
planetary,1e-06,0.002506265664160401,1.2501735770799276e-06,1.2501735770799276
planetary,1e-06,0.005012531328320802,1.2506942196968138e-06,1.2506942196968138
planetary,1e-06,0.007518796992481203,1.2515616603583797e-06,1.2515616603583797
planetary,1e-06,0.010025062656641603,1.2527754555142815e-06,1.2527754555142816
planetary,1e-06,0.012531328320802004,1.254334986969232e-06,1.254334986969232
planetary,1e-06,0.015037593984962405,1.256239462889527e-06,1.256239462889527
planetary,1e-06,0.017543859649122806,1.258487925008813e-06,1.258487925008813
planetary,1e-06,0.020050125313283207,1.2610792496122668e-06,1.261079249612267
planetary,1e-06,0.022556390977443608,1.2640121529136423e-06,1.2640121529136423
planetary,1e-06,0.02506265664160401,1.267285197905532e-06,1.267285197905532
planetary,1e-06,0.02756892230576441,1.2708967978396095e-06,1.2708967978396095
planetary,1e-06,0.03007518796992481,1.2748452267854194e-06,1.2748452267854193
planetary,1e-06,0.03258145363408521,1.279128622261721e-06,1.279128622261721
planetary,1e-06,0.03508771929824561,1.2837449950457723e-06,1.2837449950457724
planetary,1e-06,0.03759398496240601,1.2886922375724373e-06,1.2886922375724374
planetary,1e-06,0.040100250626566414,1.2939681304266156e-06,1.2939681304266157
planetary,1e-06,0.042606516290726815,1.299570351999475e-06,1.2995703519994752
planetary,1e-06,0.045112781954887216,1.3054964858549865e-06,1.3054964858549865
planetary,1e-06,0.047619047619047616,1.3117440312354832e-06,1.3117440312354833
planetary,1e-06,0.05012531328320802,1.3183104109052508e-06,1.3183104109052508
planetary,1e-06,0.05263157894736842,1.325192979213328e-06,1.3251929792133281
planetary,1e-06,0.05513784461152882,1.3323890326614446e-06,1.3323890326614447
planetary,1e-06,0.05764411027568922,1.3398958166793928e-06,1.3398958166793928
planetary,1e-06,0.06015037593984962,1.3477105369712585e-06,1.3477105369712585
planetary,1e-06,0.06265664160401002,1.355830365979876e-06,1.355830365979876
planetary,1e-06,0.06516290726817042,1.364252450455419e-06,1.364252450455419
planetary,1e-06,0.06766917293233082,1.3729739234707656e-06,1.3729739234707656
planetary,1e-06,0.07017543859649122,1.381991907169858e-06,1.381991907169858
planetary,1e-06,0.07268170426065163,1.391303524168959e-06,1.391303524168959
planetary,1e-06,0.07518796992481203,1.4009059030084813e-06,1.4009059030084814
planetary,1e-06,0.07769423558897243,1.4107961869443653e-06,1.4107961869443655
planetary,1e-06,0.08020050125313283,1.420971537897267e-06,1.4209715378972672
planetary,1e-06,0.08270676691729323,1.431429144506865e-06,1.431429144506865
planetary,1e-06,0.08521303258145363,1.4421662285345297e-06,1.4421662285345298
planetary,1e-06,0.08771929824561403,1.4531800486921432e-06,1.4531800486921433
planetary,1e-06,0.09022556390977443,1.4644679074671747e-06,1.4644679074671747
planetary,1e-06,0.09273182957393483,1.4760271556523361e-06,1.476027155652336
planetary,1e-06,0.09523809523809523,1.4878551964099344e-06,1.4878551964099345
planetary,1e-06,0.09774436090225563,1.499949488737017e-06,1.499949488737017
planetary,1e-06,0.10025062656641603,1.512307553601594e-06,1.5123075536015942
planetary,1e-06,0.10275689223057644,1.524926974699692e-06,1.524926974699692
planetary,1e-06,0.10526315789473684,1.5378054046560785e-06,1.5378054046560785
planetary,1e-06,0.10776942355889724,1.5509405644016031e-06,1.5509405644016032
planetary,1e-06,0.11027568922305764,1.5643302491532758e-06,1.564330249153276
planetary,1e-06,0.11278195488721804,1.5779723264930678e-06,1.5779723264930678
planetary,1e-06,0.11528822055137844,1.5918647444067655e-06,1.5918647444067655
planetary,1e-06,0.11779448621553884,1.60600552618811e-06,1.60600552618811
planetary,1e-06,0.12030075187969924,1.6203927762009434e-06,1.6203927762009434
planetary,1e-06,0.12280701754385964,1.635024679878122e-06,1.635024679878122
planetary,1e-06,0.12531328320802004,1.6498995047398127e-06,1.6498995047398128
planetary,1e-06,0.12781954887218044,1.6650156028923827e-06,1.6650156028923828
planetary,1e-06,0.13032581453634084,1.680371405698815e-06,1.680371405698815
planetary,1e-06,0.13283208020050125,1.6959654328817767e-06,1.6959654328817768
planetary,1e-06,0.13533834586466165,1.7117962850833834e-06,1.7117962850833834
planetary,1e-06,0.13784461152882205,1.7278626480562415e-06,1.7278626480562416
planetary,1e-06,0.14035087719298245,1.7441632918466076e-06,1.7441632918466077
planetary,1e-06,0.14285714285714285,1.7606970679541555e-06,1.7606970679541556
planetary,1e-06,0.14536340852130325,1.7774629138604639e-06,1.777462913860464
planetary,1e-06,0.14786967418546365,1.7944598481831552e-06,1.7944598481831553
planetary,1e-06,0.15037593984962405,1.8116869718757967e-06,1.8116869718757969
planetary,1e-06,0.15288220551378445,1.8291434658524552e-06,1.8291434658524552
planetary,1e-06,0.15538847117794485,1.8468285942967624e-06,1.8468285942967626
planetary,1e-06,0.15789473684210525,1.8647416974118398e-06,1.8647416974118398
planetary,1e-06,0.16040100250626566,1.882882195959191e-06,1.882882195959191
planetary,1e-06,0.16290726817042606,1.901249589219107e-06,1.901249589219107
planetary,1e-06,0.16541353383458646,1.9198434480879134e-06,1.9198434480879134
planetary,1e-06,0.16791979949874686,1.9386634248841314e-06,1.9386634248841315
planetary,1e-06,0.17042606516290726,1.9577092400353246e-06,1.9577092400353246
planetary,1e-06,0.17293233082706766,1.9769806877828365e-06,1.9769806877828366
planetary,1e-06,0.17543859649122806,1.996477634469196e-06,1.9964776344691961
planetary,1e-06,0.17794486215538846,2.0162000159619677e-06,2.0162000159619677
planetary,1e-06,0.18045112781954886,2.0361478350806882e-06,2.0361478350806883
planetary,1e-06,0.18295739348370926,2.0563211605038302e-06,2.0563211605038303
planetary,1e-06,0.18546365914786966,2.07672012746519e-06,2.07672012746519
planetary,1e-06,0.18796992481203006,2.0973449346875552e-06,2.0973449346875555
planetary,1e-06,0.19047619047619047,2.11819583843608e-06,2.11819583843608
planetary,1e-06,0.19298245614035087,2.1392731613360717e-06,2.139273161336072
planetary,1e-06,0.19548872180451127,2.160577278564229e-06,2.160577278564229
planetary,1e-06,0.19799498746867167,2.1821086213846517e-06,2.1821086213846517
planetary,1e-06,0.20050125313283207,2.2038676817028715e-06,2.2038676817028717
planetary,1e-06,0.20300751879699247,2.2258549952871535e-06,2.2258549952871536
planetary,1e-06,0.20551378446115287,2.248071158259869e-06,2.248071158259869
planetary,1e-06,0.20802005012531327,2.2705168038812562e-06,2.2705168038812564
planetary,1e-06,0.21052631578947367,2.2931926209221066e-06,2.2931926209221065
planetary,1e-06,0.21303258145363407,2.3160993399231786e-06,2.316099339923179
planetary,1e-06,0.21553884711779447,2.3392377333819097e-06,2.3392377333819097
planetary,1e-06,0.21804511278195488,2.3626086142634088e-06,2.362608614263409
planetary,1e-06,0.22055137844611528,2.3862128309581724e-06,2.3862128309581725
planetary,1e-06,0.22305764411027568,2.410051271166701e-06,2.4100512711667013
planetary,1e-06,0.22556390977443608,2.434124853674678e-06,2.434124853674678
planetary,1e-06,0.22807017543859648,2.4584345283780168e-06,2.458434528378017
planetary,1e-06,0.23057644110275688,2.482981270330644e-06,2.482981270330644
planetary,1e-06,0.23308270676691728,2.507766084550485e-06,2.5077660845504854
planetary,1e-06,0.23558897243107768,2.532789994428166e-06,2.532789994428166
planetary,1e-06,0.23809523809523808,2.5580540466545965e-06,2.5580540466545965
planetary,1e-06,0.24060150375939848,2.583559300434723e-06,2.583559300434723
planetary,1e-06,0.24310776942355888,2.609306831249521e-06,2.6093068312495213
planetary,1e-06,0.24561403508771928,2.6352977254791146e-06,2.6352977254791146
planetary,1e-06,0.24812030075187969,2.661533075075045e-06,2.661533075075045
planetary,1e-06,0.2506265664160401,2.688013977016164e-06,2.688013977016164
planetary,1e-06,0.2531328320802005,2.714741527022172e-06,2.714741527022172
planetary,1e-06,0.2556390977443609,2.7417168159826756e-06,2.741716815982676
planetary,1e-06,0.2581453634085213,2.7689409304993224e-06,2.7689409304993227
planetary,1e-06,0.2606516290726817,2.7964149449836484e-06,2.7964149449836486
planetary,1e-06,0.2631578947368421,2.8241399148772953e-06,2.8241399148772954
planetary,1e-06,0.2656641604010025,2.8521168769195e-06,2.8521168769195
planetary,1e-06,0.2681704260651629,2.880346844663163e-06,2.8803468446631633
planetary,1e-06,0.2706766917293233,2.9088307996169432e-06,2.9088307996169434
planetary,1e-06,0.2731829573934837,2.937569688552693e-06,2.937569688552693
planetary,1e-06,0.2756892230576441,2.9665644209630792e-06,2.9665644209630795
planetary,1e-06,0.2781954887218045,2.9958158595926772e-06,2.9958158595926774
planetary,1e-06,0.2807017543859649,3.0253248128522167e-06,3.025324812852217
planetary,1e-06,0.2832080200501253,3.0550920368181924e-06,3.0550920368181926
planetary,1e-06,0.2857142857142857,3.0851182232327274e-06,3.0851182232327274
planetary,1e-06,0.2882205513784461,3.115403990923196e-06,3.1154039909231965
planetary,1e-06,0.2907268170426065,3.145949885694024e-06,3.1459498856940242
planetary,1e-06,0.2932330827067669,3.1767563705105954e-06,3.1767563705105957
planetary,1e-06,0.2957393483709273,3.2078238127028777e-06,3.2078238127028778
planetary,1e-06,0.2982456140350877,3.23915248666159e-06,3.23915248666159
planetary,1e-06,0.3007518796992481,3.270742557922259e-06,3.2707425579222593
planetary,1e-06,0.3032581453634085,3.30259407653874e-06,3.3025940765387403
planetary,1e-06,0.3057644110275689,3.3347069703674057e-06,3.3347069703674057
planetary,1e-06,0.3082706766917293,3.367081034980395e-06,3.367081034980395
planetary,1e-06,0.3107769423558897,3.3997159259761105e-06,3.3997159259761105
planetary,1e-06,0.3132832080200501,3.432611146758731e-06,3.432611146758731
planetary,1e-06,0.3157894736842105,3.4657660360722896e-06,3.4657660360722895
planetary,1e-06,0.3182957393483709,3.4991797685138595e-06,3.4991797685138595
planetary,1e-06,0.3208020050125313,3.532851330810102e-06,3.532851330810102
planetary,1e-06,0.3233082706766917,3.5667795210307994e-06,3.5667795210307998
planetary,1e-06,0.3258145363408521,3.6009629300045527e-06,3.600962930004553
planetary,1e-06,0.3283208020050125,3.6353999334065818e-06,3.635399933406582
planetary,1e-06,0.3308270676691729,3.670088674851652e-06,3.670088674851652
planetary,1e-06,0.3333333333333333,3.705027065992354e-06,3.705027065992354
planetary,1e-06,0.3358395989974937,3.7402127579899806e-06,3.7402127579899807
planetary,1e-06,0.3383458646616541,3.7756431361945606e-06,3.7756431361945606
planetary,1e-06,0.3408521303258145,3.8113153060524475e-06,3.811315306052448
planetary,1e-06,0.3433583959899749,3.847226082330192e-06,3.847226082330192
planetary,1e-06,0.3458646616541353,3.883371969116068e-06,3.8833719691160686
planetary,1e-06,0.3483709273182957,3.919749151582314e-06,3.919749151582314
planetary,1e-06,0.3508771929824561,3.956353474936584e-06,3.9563534749365843
planetary,1e-06,0.3533834586466165,3.993180435971023e-06,3.993180435971023
planetary,1e-06,0.3558897243107769,4.030225167084068e-06,4.030225167084068
planetary,1e-06,0.3583959899749373,4.067482417946753e-06,4.067482417946753
planetary,1e-06,0.3609022556390977,4.10494655022754e-06,4.10494655022754
planetary,1e-06,0.3634085213032581,4.1426115045054815e-06,4.142611504505481
planetary,1e-06,0.3659147869674185,4.180470808009043e-06,4.180470808009043
planetary,1e-06,0.3684210526315789,4.2185175442272645e-06,4.218517544227264
planetary,1e-06,0.37092731829573933,4.256744341498117e-06,4.256744341498117
planetary,1e-06,0.37343358395989973,4.295143368549667e-06,4.295143368549668
planetary,1e-06,0.37593984962406013,4.333706305657447e-06,4.333706305657447
planetary,1e-06,0.37844611528822053,4.372424343926448e-06,4.372424343926448
planetary,1e-06,0.38095238095238093,4.411288168852928e-06,4.411288168852928
planetary,1e-06,0.38345864661654133,4.450287949111076e-06,4.450287949111076
planetary,1e-06,0.38596491228070173,4.489413319624372e-06,4.489413319624372
planetary,1e-06,0.38847117794486213,4.528653380040601e-06,4.528653380040601
planetary,1e-06,0.39097744360902253,4.567996687734044e-06,4.567996687734045
planetary,1e-06,0.39348370927318294,4.607431237598858e-06,4.607431237598858
planetary,1e-06,0.39598997493734334,4.6469444628068125e-06,4.646944462806813
planetary,1e-06,0.39849624060150374,4.686523240463964e-06,4.6865232404639645
planetary,1e-06,0.40100250626566414,4.726153866660265e-06,4.7261538666602645
planetary,1e-06,0.40350877192982454,4.765822073928283e-06,4.765822073928283
planetary,1e-06,0.40601503759398494,4.805513024070715e-06,4.805513024070716
planetary,1e-06,0.40852130325814534,4.845211305719193e-06,4.845211305719194
planetary,1e-06,0.41102756892230574,4.884900953882129e-06,4.884900953882129
planetary,1e-06,0.41353383458646614,4.924565440983443e-06,4.924565440983443
planetary,1e-06,0.41604010025062654,4.964187699765148e-06,4.964187699765148
planetary,1e-06,0.41854636591478694,5.003750124800962e-06,5.003750124800963
planetary,1e-06,0.42105263157894735,5.0432345945238875e-06,5.043234594523888
planetary,1e-06,0.42355889724310775,5.082622490112923e-06,5.082622490112923
planetary,1e-06,0.42606516290726815,5.121894714168453e-06,5.121894714168453
planetary,1e-06,0.42857142857142855,5.161031708606485e-06,5.161031708606486
planetary,1e-06,0.43107769423558895,5.2000134983776274e-06,5.200013498377627
planetary,1e-06,0.43358395989974935,5.238819710685503e-06,5.238819710685504
planetary,1e-06,0.43609022556390975,5.277429598582324e-06,5.277429598582324
planetary,1e-06,0.43859649122807015,5.315822104341378e-06,5.315822104341378
planetary,1e-06,0.44110275689223055,5.353975881340889e-06,5.353975881340889
planetary,1e-06,0.44360902255639095,5.391869338976214e-06,5.391869338976215
planetary,1e-06,0.44611528822055135,5.429480695294714e-06,5.429480695294715
planetary,1e-06,0.44862155388471175,5.466788020586759e-06,5.466788020586759
planetary,1e-06,0.45112781954887216,5.5037692920088165e-06,5.503769292008816
planetary,1e-06,0.45363408521303256,5.540402453160446e-06,5.540402453160446
planetary,1e-06,0.45614035087719296,5.5766654668869335e-06,5.576665466886934
planetary,1e-06,0.45864661654135336,5.612536369391719e-06,5.612536369391719
planetary,1e-06,0.46115288220551376,5.647993342382377e-06,5.647993342382377
planetary,1e-06,0.46365914786967416,5.683014772700156e-06,5.683014772700156
planetary,1e-06,0.46616541353383456,5.717579315347356e-06,5.717579315347356
planetary,1e-06,0.46867167919799496,5.75166595445039e-06,5.75166595445039
planetary,1e-06,0.47117794486215536,5.785254076754237e-06,5.785254076754238
planetary,1e-06,0.47368421052631576,5.8183235362202045e-06,5.818323536220205
planetary,1e-06,0.47619047619047616,5.850854710768672e-06,5.850854710768672
planetary,1e-06,0.47869674185463656,5.882828578577687e-06,5.882828578577688
planetary,1e-06,0.48120300751879697,5.914226774479512e-06,5.914226774479513
planetary,1e-06,0.48370927318295737,5.945031649999904e-06,5.945031649999905
planetary,1e-06,0.48621553884711777,5.975226339046371e-06,5.975226339046371
planetary,1e-06,0.48872180451127817,6.0047948129741835e-06,6.0047948129741835
planetary,1e-06,0.49122807017543857,6.033721926974701e-06,6.033721926974701
planetary,1e-06,0.49373433583959897,6.061993477084527e-06,6.061993477084527
planetary,1e-06,0.49624060150375937,6.089596252734561e-06,6.0895962527345615
planetary,1e-06,0.49874686716791977,6.116518065215349e-06,6.11651806521535
planetary,1e-06,0.5012531328320802,6.142747792071666e-06,6.142747792071666
planetary,1e-06,0.5037593984962405,6.168275413033789e-06,6.16827541303379
planetary,1e-06,0.506265664160401,6.1930920375177725e-06,6.193092037517773
planetary,1e-06,0.5087719298245614,6.21718992048007e-06,6.21718992048007
planetary,1e-06,0.5112781954887218,6.240562491627188e-06,6.240562491627188
planetary,1e-06,0.5137844611528821,6.263204354887398e-06,6.263204354887399
planetary,1e-06,0.5162907268170426,6.285111306426275e-06,6.285111306426275
planetary,1e-06,0.518796992481203,6.3062803299196035e-06,6.306280329919604
planetary,1e-06,0.5213032581453634,6.3267095947217074e-06,6.326709594721708
planetary,1e-06,0.5238095238095237,6.346398443757384e-06,6.346398443757384
planetary,1e-06,0.5263157894736842,6.365347385795762e-06,6.365347385795762
planetary,1e-06,0.5288220551378446,6.383558070666445e-06,6.383558070666445
planetary,1e-06,0.531328320802005,6.4010332677400254e-06,6.401033267740026
planetary,1e-06,0.5338345864661653,6.417776835673542e-06,6.417776835673542
planetary,1e-06,0.5363408521303258,6.433793692804507e-06,6.433793692804508
planetary,1e-06,0.5388471177944862,6.449089786912696e-06,6.449089786912696
planetary,1e-06,0.5413533834586466,6.463672040411066e-06,6.463672040411066
planetary,1e-06,0.5438596491228069,6.477548324186518e-06,6.477548324186518
planetary,1e-06,0.5463659147869674,6.490727403139328e-06,6.490727403139329
planetary,1e-06,0.5488721804511278,6.503218895104055e-06,6.503218895104055
planetary,1e-06,0.5513784461152882,6.515033213403796e-06,6.515033213403797
planetary,1e-06,0.5538847117794485,6.526181529440721e-06,6.526181529440722
planetary,1e-06,0.556390977443609,6.5366757103769566e-06,6.536675710376957
planetary,1e-06,0.5588972431077694,6.54652826671861e-06,6.54652826671861
planetary,1e-06,0.5614035087719298,6.555752310231508e-06,6.555752310231508
planetary,1e-06,0.5639097744360901,6.564361491694832e-06,6.564361491694832
planetary,1e-06,0.5664160401002506,6.572369948119249e-06,6.57236994811925
planetary,1e-06,0.568922305764411,6.57979225919009e-06,6.579792259190091
planetary,1e-06,0.5714285714285714,6.5866433865685965e-06,6.586643386568597
planetary,1e-06,0.5739348370927317,6.592938632235743e-06,6.592938632235744
planetary,1e-06,0.5764411027568922,6.598693580078595e-06,6.598693580078596
planetary,1e-06,0.5789473684210527,6.603924064470005e-06,6.603924064470005
planetary,1e-06,0.581453634085213,6.608646104669645e-06,6.608646104669645
planetary,1e-06,0.5839598997493733,6.612875878471624e-06,6.612875878471625
planetary,1e-06,0.5864661654135338,6.616629667454351e-06,6.616629667454351
planetary,1e-06,0.5889724310776943,6.619923830628477e-06,6.619923830628477
planetary,1e-06,0.5914786967418546,6.6227747489984806e-06,6.622774748998481
planetary,1e-06,0.593984962406015,6.62519880812024e-06,6.62519880812024
planetary,1e-06,0.5964912280701754,6.6272123552171884e-06,6.627212355217189
planetary,1e-06,0.5989974937343359,6.62883166376686e-06,6.62883166376686
planetary,1e-06,0.6015037593984962,6.630072917713748e-06,6.630072917713749
planetary,1e-06,0.6040100250626566,6.6309521719762935e-06,6.630952171976293
planetary,1e-06,0.606516290726817,6.63148533427313e-06,6.631485334273131
planetary,1e-06,0.6090225563909775,6.631688138415526e-06,6.631688138415527
planetary,1e-06,0.6115288220551378,6.6315761335229004e-06,6.631576133522901
planetary,1e-06,0.6140350877192982,6.63116464961564e-06,6.6311646496156404
planetary,1e-06,0.6165413533834586,6.630468792423908e-06,6.630468792423908
planetary,1e-06,0.6190476190476191,6.62950343128843e-06,6.6295034312884304
planetary,1e-06,0.6215538847117794,6.628283171905423e-06,6.628283171905423
planetary,1e-06,0.6240601503759398,6.626822356174844e-06,6.626822356174844
planetary,1e-06,0.6265664160401002,6.625135058170808e-06,6.625135058170808
planetary,1e-06,0.6290726817042607,6.623235057069559e-06,6.623235057069559
planetary,1e-06,0.631578947368421,6.6211358431134725e-06,6.621135843113473
planetary,1e-06,0.6340852130325814,6.618850614987803e-06,6.618850614987803
planetary,1e-06,0.6365914786967418,6.616392267717887e-06,6.616392267717888
planetary,1e-06,0.6390977443609023,6.613773389395321e-06,6.6137733893953214
planetary,1e-06,0.6416040100250626,6.611006267855772e-06,6.611006267855772
planetary,1e-06,0.644110275689223,6.6081028794382416e-06,6.608102879438242
planetary,1e-06,0.6466165413533834,6.605074899401608e-06,6.605074899401608
planetary,1e-06,0.6491228070175439,6.601933689984585e-06,6.601933689984586
planetary,1e-06,0.6516290726817042,6.5986903144068395e-06,6.59869031440684
planetary,1e-06,0.6541353383458646,6.595355530115378e-06,6.595355530115379
planetary,1e-06,0.656641604010025,6.59193979561517e-06,6.591939795615171
planetary,1e-06,0.6591478696741855,6.5884532730655145e-06,6.5884532730655145
planetary,1e-06,0.6616541353383458,6.584905834163535e-06,6.584905834163536
planetary,1e-06,0.6641604010025062,6.5813070612784e-06,6.581307061278401
planetary,1e-06,0.6666666666666666,6.577666253807711e-06,6.5776662538077115
planetary,1e-06,0.6691729323308271,6.5739924334203884e-06,6.573992433420389
planetary,1e-06,0.6716791979949874,6.570294345782228e-06,6.570294345782228
planetary,1e-06,0.6741854636591478,6.56658047418528e-06,6.5665804741852805
planetary,1e-06,0.6766917293233082,6.562859036412343e-06,6.562859036412343
planetary,1e-06,0.6791979949874687,6.559137998175695e-06,6.559137998175696
planetary,1e-06,0.681704260651629,6.555425071619597e-06,6.555425071619597
planetary,1e-06,0.6842105263157894,6.551727727997982e-06,6.5517277279979815
planetary,1e-06,0.6867167919799498,6.548053202850125e-06,6.5480532028501255
planetary,1e-06,0.6892230576441103,6.544408500145609e-06,6.544408500145609
planetary,1e-06,0.6917293233082706,6.540800396029876e-06,6.540800396029876
planetary,1e-06,0.694235588972431,6.537235455108293e-06,6.537235455108294
planetary,1e-06,0.6967418546365914,6.533720025487696e-06,6.533720025487696
planetary,1e-06,0.6992481203007519,6.53026024951799e-06,6.5302602495179904
planetary,1e-06,0.7017543859649122,6.526862074903928e-06,6.526862074903928
planetary,1e-06,0.7042606516290726,6.523531252713796e-06,6.523531252713797
planetary,1e-06,0.706766917293233,6.5202733466155e-06,6.5202733466155
planetary,1e-06,0.7092731829573935,6.517093744777973e-06,6.517093744777973
planetary,1e-06,0.7117794486215538,6.513997654027417e-06,6.513997654027417
planetary,1e-06,0.7142857142857142,6.510990115542534e-06,6.510990115542534
planetary,1e-06,0.7167919799498746,6.5080760065089965e-06,6.508076006508997
planetary,1e-06,0.7192982456140351,6.505260045943323e-06,6.505260045943323
planetary,1e-06,0.7218045112781954,6.502546801244286e-06,6.502546801244286
planetary,1e-06,0.7243107769423558,6.499940692077374e-06,6.499940692077375
planetary,1e-06,0.7268170426065163,6.4974459985589156e-06,6.4974459985589155
planetary,1e-06,0.7293233082706767,6.495066859851767e-06,6.495066859851767
planetary,1e-06,0.731829573934837,6.492807289591721e-06,6.492807289591721
planetary,1e-06,0.7343358395989974,6.490671166137324e-06,6.490671166137324
planetary,1e-06,0.7368421052631579,6.488662255411575e-06,6.488662255411575
planetary,1e-06,0.7393483709273183,6.486784195915653e-06,6.486784195915653
planetary,1e-06,0.7418546365914787,6.485040520611185e-06,6.485040520611186
planetary,1e-06,0.744360902255639,6.483434651216733e-06,6.483434651216733
planetary,1e-06,0.7468671679197995,6.481969902360214e-06,6.481969902360214
planetary,1e-06,0.7493734335839599,6.480649489270365e-06,6.480649489270365
planetary,1e-06,0.7518796992481203,6.4794765334052806e-06,6.479476533405281
planetary,1e-06,0.7543859649122806,6.47845405715162e-06,6.4784540571516205
planetary,1e-06,0.7568922305764411,6.477584999421219e-06,6.47758499942122
planetary,1e-06,0.7593984962406015,6.476872209393258e-06,6.4768722093932585
planetary,1e-06,0.7619047619047619,6.4763184548597685e-06,6.4763184548597685
planetary,1e-06,0.7644110275689222,6.475926426838276e-06,6.475926426838277
planetary,1e-06,0.7669172932330827,6.475698734315353e-06,6.475698734315354
planetary,1e-06,0.7694235588972431,6.475637919281764e-06,6.475637919281764
planetary,1e-06,0.7719298245614035,6.475746449581011e-06,6.4757464495810115
planetary,1e-06,0.7744360902255638,6.476026732706297e-06,6.4760267327062975
planetary,1e-06,0.7769423558897243,6.476481100514489e-06,6.476481100514489
planetary,1e-06,0.7794486215538847,6.477111834719346e-06,6.477111834719346
planetary,1e-06,0.7819548872180451,6.477921151093826e-06,6.477921151093827
planetary,1e-06,0.7844611528822054,6.478911209377862e-06,6.478911209377862
planetary,1e-06,0.7869674185463659,6.4800841193083925e-06,6.480084119308393
planetary,1e-06,0.7894736842105263,6.48144192909551e-06,6.48144192909551
planetary,1e-06,0.7919799498746867,6.482986650148846e-06,6.482986650148846
planetary,1e-06,0.794486215538847,6.484720239494512e-06,6.4847202394945125
planetary,1e-06,0.7969924812030075,6.4866446027428094e-06,6.4866446027428095
planetary,1e-06,0.7994987468671679,6.488761612334937e-06,6.488761612334937
planetary,1e-06,0.8020050125313283,6.491073097322713e-06,6.4910730973227135
planetary,1e-06,0.8045112781954886,6.49358083418033e-06,6.49358083418033
planetary,1e-06,0.8070175438596491,6.496286581815763e-06,6.496286581815764
planetary,1e-06,0.8095238095238095,6.499192044616169e-06,6.499192044616169
planetary,1e-06,0.8120300751879699,6.502298902684679e-06,6.502298902684679
planetary,1e-06,0.8145363408521302,6.505608797231657e-06,6.505608797231657
planetary,1e-06,0.8170426065162907,6.509123344777284e-06,6.509123344777285
planetary,1e-06,0.8195488721804511,6.512844121456549e-06,6.512844121456549
planetary,1e-06,0.8220551378446115,6.516772684532332e-06,6.516772684532332
planetary,1e-06,0.8245614035087718,6.520910552661351e-06,6.520910552661352
planetary,1e-06,0.8270676691729323,6.525259232056035e-06,6.525259232056035
planetary,1e-06,0.8295739348370927,6.529820197079657e-06,6.529820197079657
planetary,1e-06,0.8320802005012531,6.534594889831957e-06,6.534594889831958
planetary,1e-06,0.8345864661654134,6.539584743386922e-06,6.539584743386922
planetary,1e-06,0.8370927318295739,6.544791165265122e-06,6.5447911652651225
planetary,1e-06,0.8395989974937343,6.550215535825007e-06,6.550215535825007
planetary,1e-06,0.8421052631578947,6.555859226436458e-06,6.555859226436458
planetary,1e-06,0.844611528822055,6.561723585345943e-06,6.561723585345944
planetary,1e-06,0.8471177944862155,6.567809940071935e-06,6.567809940071935
planetary,1e-06,0.849624060150376,6.5741196069971116e-06,6.574119606997112
planetary,1e-06,0.8521303258145363,6.580653886676493e-06,6.580653886676494
planetary,1e-06,0.8546365914786966,6.587414058104809e-06,6.58741405810481
planetary,1e-06,0.8571428571428571,6.594401395555991e-06,6.594401395555991
planetary,1e-06,0.8596491228070176,6.60161715988816e-06,6.601617159888161
planetary,1e-06,0.8621553884711779,6.609062590862532e-06,6.609062590862532
planetary,1e-06,0.8646616541353382,6.616738926319285e-06,6.616738926319286
planetary,1e-06,0.8671679197994987,6.6246473846351705e-06,6.624647384635171
planetary,1e-06,0.8696741854636592,6.632789185350115e-06,6.632789185350115
planetary,1e-06,0.8721804511278195,6.641165528722246e-06,6.641165528722246
planetary,1e-06,0.8746867167919798,6.649777612695254e-06,6.649777612695254
planetary,1e-06,0.8771929824561403,6.658626625391684e-06,6.658626625391684
planetary,1e-06,0.8796992481203008,6.667713747828585e-06,6.667713747828586
planetary,1e-06,0.8822055137844611,6.67704015215986e-06,6.677040152159861
planetary,1e-06,0.8847117794486214,6.6866070058531125e-06,6.686607005853113
planetary,1e-06,0.8872180451127819,6.69641547644322e-06,6.69641547644322
planetary,1e-06,0.8897243107769424,6.70646671954158e-06,6.706466719541581
planetary,1e-06,0.8922305764411027,6.716761886583767e-06,6.716761886583767
planetary,1e-06,0.894736842105263,6.727302129717232e-06,6.727302129717232
planetary,1e-06,0.8972431077694235,6.738088599232804e-06,6.738088599232804
planetary,1e-06,0.899749373433584,6.7491224314148565e-06,6.749122431414857
planetary,1e-06,0.9022556390977443,6.760404776501161e-06,6.760404776501161
planetary,1e-06,0.9047619047619047,6.771936771460587e-06,6.771936771460587
planetary,1e-06,0.9072681704260651,6.783719558338837e-06,6.783719558338837
planetary,1e-06,0.9097744360902256,6.79575427447976e-06,6.79575427447976
planetary,1e-06,0.9122807017543859,6.808042055895597e-06,6.808042055895598
planetary,1e-06,0.9147869674185463,6.8205840470997845e-06,6.820584047099785
planetary,1e-06,0.9172932330827067,6.833381386874535e-06,6.833381386874535
planetary,1e-06,0.9197994987468672,6.846435212412709e-06,6.846435212412709
planetary,1e-06,0.9223057644110275,6.85974667158528e-06,6.85974667158528
planetary,1e-06,0.9248120300751879,6.873316907655739e-06,6.87331690765574
planetary,1e-06,0.9273182957393483,6.887147066818295e-06,6.8871470668182955
planetary,1e-06,0.9298245614035088,6.901238300255699e-06,6.901238300255699
planetary,1e-06,0.9323308270676691,6.915591767182788e-06,6.9155917671827885
planetary,1e-06,0.9348370927318295,6.930208617248487e-06,6.930208617248487
planetary,1e-06,0.9373433583959899,6.945090017782272e-06,6.945090017782272
planetary,1e-06,0.9398496240601504,6.960237135168166e-06,6.960237135168167
planetary,1e-06,0.9423558897243107,6.975651138701415e-06,6.975651138701415
planetary,1e-06,0.9448621553884711,6.991333210065299e-06,6.991333210065299
planetary,1e-06,0.9473684210526315,7.007284528672193e-06,7.007284528672193
planetary,1e-06,0.949874686716792,7.023506283157474e-06,7.023506283157475
planetary,1e-06,0.9523809523809523,7.0399996752028705e-06,7.03999967520287
planetary,1e-06,0.9548872180451127,7.056765900482976e-06,7.056765900482977
planetary,1e-06,0.9573934837092731,7.0738061760837626e-06,7.073806176083763
planetary,1e-06,0.9598997493734336,7.091121718343321e-06,7.091121718343321
planetary,1e-06,0.9624060150375939,7.108713751387203e-06,7.108713751387204
planetary,1e-06,0.9649122807017543,7.126583508621928e-06,7.126583508621929
planetary,1e-06,0.9674185463659147,7.144732241604549e-06,7.14473224160455
planetary,1e-06,0.9699248120300752,7.163161195960435e-06,7.163161195960435
planetary,1e-06,0.9724310776942355,7.181871638482851e-06,7.181871638482851
planetary,1e-06,0.9749373433583959,7.200864842098293e-06,7.2008648420982935
planetary,1e-06,0.9774436090225563,7.220142087275304e-06,7.220142087275304
planetary,1e-06,0.9799498746867168,7.239704670669177e-06,7.239704670669178
planetary,1e-06,0.9824561403508771,7.259553899875573e-06,7.2595538998755735
planetary,1e-06,0.9849624060150375,7.279691084915762e-06,7.279691084915763
planetary,1e-06,0.9874686716791979,7.300117556792812e-06,7.300117556792813
planetary,1e-06,0.9899749373433584,7.320834660772201e-06,7.320834660772202
planetary,1e-06,0.9924812030075187,7.341843746135222e-06,7.341843746135222
planetary,1e-06,0.9949874686716791,7.363146179447992e-06,7.363146179447993
planetary,1e-06,0.9974937343358395,7.384743341405097e-06,7.384743341405097
planetary,1e-06,1.0,7.406636623201435e-06,7.406636623201436
