model,t,mean_error
linear,0.0,0.9404372315593624
linear,0.004,0.9338206799603517
linear,0.008,0.9272200025088632
linear,0.012,0.9206383573084608
linear,0.016,0.9140789893659729
linear,0.02,0.9075452334897186
linear,0.024,0.9010405170968993
linear,0.028,0.8945683629072588
linear,0.032,0.8881323914974801
linear,0.036000000000000004,0.8817363236879452
linear,0.04,0.875383982730549
linear,0.044,0.8690792962631668
linear,0.048,0.8628262979932018
linear,0.052000000000000005,0.8566291290694188
linear,0.056,0.850492039098025
linear,0.06,0.8444193867557793
linear,0.064,0.8384156399498401
linear,0.068,0.83248537547121
linear,0.07200000000000001,0.8266332780860755
linear,0.076,0.820864139007211
linear,0.08,0.815182853686015
linear,0.084,0.8095944188648488
linear,0.088,0.8041039288292658
linear,0.092,0.7987165708006466
linear,0.096,0.7934376194118237
linear,0.1,0.7882724302116787
linear,0.10400000000000001,0.7832264321495475
linear,0.108,0.7783051189967396
linear,0.112,0.7735140396706446
linear,0.116,0.7688587874368641
linear,0.12,0.7643449879765665
linear,0.124,0.7599782863197977
linear,0.128,0.7557643326606758
linear,0.132,0.751708767087076
linear,0.136,0.7478172032752987
linear,0.14,0.7440952112189526
linear,0.14400000000000002,0.7405482990804467
linear,0.148,0.7371818942725398
linear,0.152,0.7340013238957809
linear,0.156,0.73101179467476
linear,0.16,0.7282183725512362
linear,0.164,0.7256259621048267
linear,0.168,0.7232392859813935
linear,0.17200000000000001,0.7210628645151318
linear,0.176,0.7191009957321968
linear,0.18,0.7173577359213138
linear,0.184,0.71583688095009
linear,0.188,0.7145419484947871
linear,0.192,0.7134761613364036
linear,0.196,0.7126424318574676
linear,0.2,0.712043347852551
linear,0.20400000000000001,0.7116811597418798
linear,0.20800000000000002,0.7115577692522947
linear,0.212,0.7116747196040683
linear,0.216,0.7120331872164569
linear,0.22,0.7126339749202274
linear,0.224,0.7134775066423582
linear,0.228,0.7145638235073498
linear,0.232,0.7158925812815288
linear,0.23600000000000002,0.7174630490717595
linear,0.24,0.7192741091783353
linear,0.244,0.7213242579935821
linear,0.248,0.7236116078328947
linear,0.252,0.7261338895834648
linear,0.256,0.7288884560576653
linear,0.26,0.7318722859427943
linear,0.264,0.7350819882463628
linear,0.268,0.7385138071462123
linear,0.272,0.7421636271671711
linear,0.276,0.7460269786205784
linear,0.28,0.7500990432596467
linear,0.28400000000000003,0.7543746601221262
linear,0.28800000000000003,0.7588483315520056
linear,0.292,0.7635142294138404
linear,0.296,0.7683662015366752
linear,0.3,0.7733977784491365
linear,0.304,0.7786021804929456
linear,0.308,0.7839723254283837
linear,0.312,0.789500836671648
linear,0.316,0.7951800523298538
linear,0.32,0.8010020352237269
linear,0.324,0.8069585841096227
linear,0.328,0.8130412463299622
linear,0.332,0.8192413321328141
linear,0.336,0.8255499309052367
linear,0.34,0.8319579295590802
linear,0.34400000000000003,0.8384560332900893
linear,0.34800000000000003,0.8450347888993475
linear,0.352,0.8516846108186336
linear,0.356,0.8583958099169452
linear,0.36,0.8651586250839287
linear,0.364,0.8719632574879356
linear,0.368,0.8787999072939465
linear,0.372,0.8856588125032117
linear,0.376,0.8925302894473113
linear,0.38,0.8994047743411044
linear,0.384,0.9062728651796942
linear,0.388,0.9131253631629367
linear,0.392,0.9199533127561892
linear,0.396,0.9267480394564085
linear,0.4,0.9335011843353547
linear,0.404,0.9402047344810883
linear,0.40800000000000003,0.946851048556549
linear,0.41200000000000003,0.9534328768374263
linear,0.41600000000000004,0.9599433752744307
linear,0.42,0.9663761133375679
linear,0.424,0.9727250756291603
linear,0.428,0.978984657483594
linear,0.432,0.9851496549900582
linear,0.436,0.9912152500661111
linear,0.44,0.9971769913634244
linear,0.444,1.0030307718948415
linear,0.448,1.0087728043302129
linear,0.452,1.0143995949179085
linear,0.456,1.019907916953515
linear,0.46,1.025294784644048
linear,0.464,1.030557428113739
linear,0.468,1.0356932701756185
linear,0.47200000000000003,1.0406999053609827
linear,0.47600000000000003,1.045575081564599
linear,0.48,1.0503166845341378
linear,0.484,1.0549227253128073
linear,0.488,1.0593913306381542
linear,0.492,1.0637207362093224
linear,0.496,1.0679092826605208
linear,0.5,1.0719554140197571
linear,0.504,1.0758576783881595
linear,0.508,1.0796147305450412
linear,0.512,1.0832253361657338
linear,0.516,1.0866883773314453
linear,0.52,1.0900028590113249
linear,0.524,1.0931679162050123
linear,0.528,1.0961828214477176
linear,0.532,1.0990469923980497
linear,0.536,1.10175999925021
linear,0.54,1.1043215717358692
linear,0.544,1.106731605506242
linear,0.548,1.108990167711029
linear,0.552,1.1110975016175706
linear,0.556,1.1130540301405414
linear,0.56,1.1148603581796803
linear,0.5640000000000001,1.1165172736902889
linear,0.5680000000000001,1.1180257474385331
linear,0.5720000000000001,1.119386931420774
linear,0.5760000000000001,1.1206021559530577
linear,0.58,1.1216729254631443
linear,0.584,1.1226009130426078
linear,0.588,1.1233879538400355
linear,0.592,1.1240360373975598
linear,0.596,1.1245472990512635
linear,0.6,1.1249240105308158
linear,0.604,1.1251685699046248
linear,0.608,1.1252834910234653
linear,0.612,1.125271392617932
linear,0.616,1.1251349872032392
linear,0.62,1.1248770699391497
linear,0.624,1.124500507583615
linear,0.628,1.124008227666656
linear,0.632,1.1234032079967595
linear,0.636,1.1226884665963066
linear,0.64,1.1218670521460044
linear,0.644,1.120942035001581
linear,0.648,1.1199164988296775
linear,0.652,1.1187935328944607
linear,0.656,1.1175762250122503
linear,0.66,1.116267655178776
linear,0.664,1.1148708898625923
linear,0.668,1.1133889769488579
linear,0.672,1.1118249413100252
linear,0.676,1.1101817809739907
linear,0.68,1.108462463855756
linear,0.684,1.1066699250155343
linear,0.6880000000000001,1.1048070644043289
linear,0.6920000000000001,1.1028767450571162
linear,0.6960000000000001,1.1008817916937697
linear,0.7000000000000001,1.0988249896885383
linear,0.704,1.0967090843701297
linear,0.708,1.0945367806161084
linear,0.712,1.0923107427072627
linear,0.716,1.090033594409743
linear,0.72,1.0877079192550203
linear,0.724,1.0853362609900088
linear,0.728,1.082921124171972
linear,0.732,1.0804649748850401
linear,0.736,1.0779702415572923
linear,0.74,1.0754393158593651
linear,0.744,1.0728745536674187
linear,0.748,1.0702782760750387
linear,0.752,1.0676527704402425
linear,0.756,1.0650002914552184
linear,0.76,1.0623230622277409
linear,0.764,1.0596232753643942
linear,0.768,1.0569030940468052
linear,0.772,1.0541646530930229
linear,0.776,1.0514100599970413
linear,0.78,1.0486413959401966
linear,0.784,1.0458607167688363
linear,0.788,1.0430700539332416
linear,0.792,1.040271415383295
linear,0.796,1.03746678641685
linear,0.8,1.0346581304771463
linear,0.804,1.0318473898959923
linear,0.808,1.0290364865797443
linear,0.812,1.0262273226354022
linear,0.8160000000000001,1.0234217809344137
linear,0.8200000000000001,1.0206217256120136
linear,0.8240000000000001,1.017829002500151
linear,0.8280000000000001,1.0150454394922794
linear,0.8320000000000001,1.0122728468384783
linear,0.836,1.0095130173695805
linear,0.84,1.006767726649175
linear,0.844,1.0040387330525409
linear,0.848,1.0013277777717688
linear,0.852,0.998636584746512
linear,0.856,0.9959668605200109
linear,0.86,0.9933202940202241
linear,0.864,0.9906985562660988
linear,0.868,0.9881032999992136
linear,0.872,0.9855361592412203
linear,0.876,0.9829987487777097
linear,0.88,0.9804926635693205
linear,0.884,0.9780194780911027
linear,0.888,0.9755807456013148
linear,0.892,0.9731779973410308
linear,0.896,0.9708127416660763
linear,0.9,0.968486463112965
linear,0.904,0.9662006214006503
linear,0.908,0.9639566503700007
linear,0.912,0.9617559568630212
linear,0.916,0.9595999195438877
linear,0.92,0.9574898876639235
linear,0.924,0.9554271797726379
linear,0.928,0.9534130823769477
linear,0.932,0.9514488485506355
linear,0.936,0.9495356964960203
linear,0.9400000000000001,0.947674808059692
linear,0.9440000000000001,0.9458673272040057
linear,0.9480000000000001,0.9441143584358402
linear,0.9520000000000001,0.9424169651938943
linear,0.9560000000000001,0.9407761681955369
linear,0.96,0.9391929437439301
linear,0.964,0.9376682219958237
linear,0.968,0.9362028851900697
linear,0.972,0.9347977658365396
linear,0.976,0.9334536448647363
linear,0.98,0.9321712497310033
linear,0.984,0.9309512524828436
linear,0.988,0.929794267778467
linear,0.992,0.928700850859336
linear,0.996,0.9276714954731341
linear,1.0,0.9267066317443209
linear,1.004,0.9258066239892064
linear,1.008,0.9249717684723674
linear,1.012,0.9242022911012062
linear,1.016,0.923498345055574
linear,1.02,0.922860008349671
linear,1.024,0.9222872813239213
linear,1.028,0.9217800840652384
linear,1.032,0.9213382537550998
linear,1.036,0.9209615419461705
linear,1.04,0.9206496117698885
linear,1.044,0.9204020350795521
linear,1.048,0.9202182895360108
linear,1.052,0.9200977556461677
linear,1.056,0.9200397137681751
linear,1.06,0.9200433411015079
linear,1.064,0.9201077086850356
linear,1.068,0.9202317784318522
linear,1.072,0.9204144002359207
linear,1.076,0.9206543091925514
linear,1.08,0.9209501229822609
linear,1.084,0.9213003394755839
linear,1.088,0.9217033346247183
linear,1.092,0.9221573607162663
linear,1.096,0.9226605450674835
linear,1.1,0.9232108892559395
linear,1.104,0.9238062689788988
linear,1.108,0.9244444346434791
linear,1.112,0.9251230127911336
linear,1.116,0.9258395084596482
linear,1.12,0.9265913085819999
linear,1.124,0.9273756865136011
linear,1.1280000000000001,0.9281898077672792
linear,1.1320000000000001,0.9290307370186666
linear,1.1360000000000001,0.9298954464236855
linear,1.1400000000000001,0.9307808252650338
linear,1.1440000000000001,0.9316836909169709
linear,1.1480000000000001,0.9326008010886213
linear,1.1520000000000001,0.9335288672771099
linear,1.156,0.93446456933504
linear,1.16,0.9354045710339397
linear,1.164,0.9363455364879858
linear,1.168,0.9372841472915822
linear,1.172,0.9382171202205309
linear,1.176,0.9391412253488332
linear,1.18,0.9400533044398441
linear,1.184,0.9409502894789122
linear,1.188,0.9418292212214036
linear,1.192,0.9426872676316824
linear,1.196,0.9435217420820825
linear,1.2,0.9443301211640585
linear,1.204,0.9451100619360705
linear,1.208,0.9458594183956356
linear,1.212,0.946576256919861
linear,1.216,0.9472588703748
linear,1.22,0.9479057905557697
linear,1.224,0.9485157985953417
linear,1.228,0.9490879329697577
linear,1.232,0.9496214947533073
linear,1.236,0.9501160498166948
linear,1.24,0.9505714277396967
linear,1.244,0.950987717307419
linear,1.248,0.951365258577075
linear,1.252,0.9517046316300017
linear,1.256,0.9520066422516891
linear,1.26,0.9522723049007492
linear,1.264,0.9525028234268355
linear,1.268,0.9526995700702476
linear,1.272,0.9528640633179168
linear,1.276,0.9529979452001885
linear,1.28,0.9531029585919215
linear,1.284,0.9531809250339205
linear,1.288,0.9532337235225506
linear,1.292,0.9532632706333013
linear,1.296,0.9532715022551042
linear,1.3,0.9532603571227132
linear,1.304,0.9532317622498399
linear,1.308,0.9531876202899852
linear,1.312,0.9531297987877089
linear,1.316,0.9530601212316586
linear,1.32,0.9529803597823137
linear,1.324,0.9528922295213015
linear,1.328,0.9527973840541021
linear,1.332,0.9526974122922411
linear,1.336,0.9525938362429592
linear,1.34,0.9524881096419676
linear,1.344,0.9523816172766726
linear,1.348,0.9522756748616839
linear,1.352,0.9521715293442856
linear,1.356,0.9520703595338784
linear,1.36,0.9519732769654594
linear,1.364,0.9518813269224088
linear,1.368,0.9517954895578813
linear,1.372,0.9517166810666993
linear,1.3760000000000001,0.9516457548707568
linear,1.3800000000000001,0.9515835027905026
linear,1.3840000000000001,0.9515306561831889
linear,1.3880000000000001,0.9514878870352972
linear,1.3920000000000001,0.9514558090020676
linear,1.3960000000000001,0.9514349783914465
linear,1.4000000000000001,0.9514258950932352
linear,1.4040000000000001,0.9514290034568897
linear,1.408,0.9514446931234399
linear,1.412,0.9514732998185125
linear,1.416,0.951515106114553
linear,1.42,0.9515703421712141
linear,1.424,0.9516391864635295
linear,1.428,0.9517217665081065
linear,1.432,0.9518181595981273
linear,1.436,0.9519283935585718
linear,1.44,0.9520524475337737
linear,1.444,0.9521902528202254
linear,1.448,0.9523416937584841
linear,1.452,0.9525066086990626
linear,1.456,0.952684791058312
linear,1.46,0.9528759904814651
linear,1.464,0.9530799141311199
linear,1.468,0.9532962281204387
linear,1.472,0.9535245591110909
linear,1.476,0.9537644960963396
linear,1.48,0.9540155923895177
linear,1.484,0.9542773678373131
linear,1.488,0.9545493112755666
linear,1.492,0.954830883242592
linear,1.496,0.9551215189611101
linear,1.5,0.9554206315947338
linear,1.504,0.9557276157783766
linear,1.508,0.9560418514140405
linear,1.512,0.956362707714202
linear,1.516,0.9566895474646431
linear,1.52,0.9570217314673176
linear,1.524,0.9573586231121055
linear,1.528,0.957699593014595
linear,1.532,0.9580440236458978
linear,1.536,0.9583913138706913
linear,1.54,0.9587408833018465
linear,1.544,0.9590921763748798
linear,1.548,0.959444666043705
linear,1.552,0.959797857001296
linear,1.556,0.9601512883352037
linear,1.56,0.9605045355386135
linear,1.564,0.9608572118125434
linear,1.568,0.9612089686135376
linear,1.572,0.9615594954230888
linear,1.576,0.9619085187391597
linear,1.58,0.9622558003154504
linear,1.584,0.9626011346993788
linear,1.588,0.9629443461438804
linear,1.592,0.9632852849900037
linear,1.596,0.9636238236359645
linear,1.6,0.9639598522229921
linear,1.604,0.9642932741785541
linear,1.608,0.9646240017630063
linear,1.612,0.9649519517664537
linear,1.616,0.9652770414987335
linear,1.62,0.965599185207345
linear,1.624,0.965918291046236
linear,1.6280000000000001,0.9662342587032293
linear,1.6320000000000001,0.9665469777759478
linear,1.6360000000000001,0.9668563269660201
linear,1.6400000000000001,0.9671621741395333
linear,1.6440000000000001,0.9674643772786423
linear,1.6480000000000001,0.9677627863253753
linear,1.6520000000000001,0.9680572458944295
linear,1.6560000000000001,0.9683475988075209
linear,1.6600000000000001,0.9686336903781658
linear,1.6640000000000001,0.9689153733530862
linear,1.668,0.9691925133953493
linear,1.672,0.9694649949755234
linear,1.676,0.9697327275211736
linear,1.68,0.9699956516627181
linear,1.684,0.970253745405579
linear,1.688,0.9705070300553462
linear,1.692,0.9707555757247445
linear,1.696,0.9709995062587939
linear,1.7,0.9712390034276892
linear,1.704,0.9714743102553205
linear,1.708,0.9717057333744588
linear,1.712,0.9719336443265479
linear,1.716,0.972158479753755
linear,1.72,0.9723807404621194
linear,1.724,0.9726009893659706
linear,1.728,0.9728198483538822
linear,1.732,0.9730379941440255
linear,1.736,0.9732561532207494
linear,1.74,0.9734750959637214
linear,1.744,0.9736956300953861
linear,1.748,0.9739185935816156
linear,1.752,0.9741448471242468
linear,1.756,0.9743752663830154
linear,1.76,0.9746107340588047
linear,1.764,0.974852131960731
linear,1.768,0.9751003331673072
linear,1.772,0.9753561943775171
linear,1.776,0.9756205485319966
linear,1.78,0.9758941977683971
linear,1.784,0.9761779067591094
linear,1.788,0.9764723964644124
linear,1.792,0.9767783383202404
linear,1.796,0.9770963488674551
linear,1.8,0.9774269848189803
linear,1.804,0.977770738552531
linear,1.808,0.9781280340099523
linear,1.812,0.9784992229793426
linear,1.816,0.9788845817331184
linear,1.82,0.9792843079937923
linear,1.824,0.9796985181994169
linear,1.828,0.9801272450422017
linear,1.832,0.9805704352565833
linear,1.836,0.981027947636923
linear,1.84,0.9814995512698246
linear,1.844,0.9819849239717057
linear,1.848,0.9824836509286043
linear,1.852,0.9829952235420827
linear,1.856,0.9835190384924077
linear,1.86,0.9840543970377695
linear,1.864,0.9846005045759483
linear,1.868,0.9851564705023825
linear,1.872,0.9857213084057058
linear,1.8760000000000001,0.9862939366482542
linear,1.8800000000000001,0.9868731793843804
linear,1.8840000000000001,0.9874577680732017
linear,1.8880000000000001,0.9880463435442426
linear,1.8920000000000001,0.9886374586736478
linear,1.8960000000000001,0.9892295817248126
linear,1.9000000000000001,0.9898211003997982
linear,1.9040000000000001,0.9904103266363494
linear,1.9080000000000001,0.990995502169388
linear,1.9120000000000001,0.9915748048554633
linear,1.9160000000000001,0.9921463557339809
linear,1.92,0.9927082267707871
linear,1.924,0.9932584491988864
linear,1.928,0.9937950223393817
linear,1.932,0.9943159227551455
linear,1.936,0.994819113562877
linear,1.94,0.995302553708725
linear,1.944,0.9957642070014664
linear,1.948,0.9962020506978216
linear,1.952,0.9966140834488154
linear,1.956,0.9969983324451978
linear,1.96,0.9973528596436134
linear,1.964,0.9976757670118378
linear,1.968,0.9979652007979993
linear,1.972,0.9982193549009274
linear,1.976,0.9984364734913639
linear,1.98,0.9986148531009469
linear,1.984,0.9987528444519029
linear,1.988,0.9988488543401204
linear,1.992,0.9989013479037678
linear,1.996,0.998908851606293
linear,2.0,0.9988699572357461
linear,2.004,0.998783327172865
linear,2.008,0.9986477011107805
linear,2.012,0.9984619043235167
linear,2.016,0.9982248574835783
linear,2.02,0.9979355879264371
linear,2.024,0.9975932421573994
linear,2.028,0.9971970992999593
linear,2.032,0.9967465850995735
linear,2.036,0.9962412860276263
linear,2.04,0.9956809629811556
linear,2.044,0.9950655640477735
linear,2.048,0.9943952358042722
linear,2.052,0.9936703326426886
linear,2.056,0.9928914236689466
linear,2.06,0.9920592967951066
linear,2.064,0.991174959743802
linear,2.068,0.9902396377981695
linear,2.072,0.9892547682566514
linear,2.076,0.9882219916823598
linear,2.08,0.9871431401634974
linear,2.084,0.9860202229166649
linear,2.088,0.984855409661509
linear,2.092,0.9836510122671733
linear,2.096,0.9824094652145053
linear,2.1,0.9811333054315113
linear,2.104,0.9798251520441419
linear,2.108,0.9784876865434089
linear,2.112,0.9771236338081852
linear,2.116,0.9757357443468964
linear,2.12,0.9743267780372526
linear,2.124,0.9728994895573443
linear,2.128,0.9714566156192062
linear,2.132,0.970000864041513
linear,2.136,0.9685349046342161
linear,2.14,0.9670613618162094
linear,2.144,0.9655828088478472
linear,2.148,0.9641017635327825
linear,2.152,0.9626206852269068
linear,2.156,0.9611419729845295
linear,2.16,0.9596679646715295
linear,2.164,0.958200936880283
linear,2.168,0.9567431054900558
linear,2.172,0.9552966267278832
linear,2.176,0.9538635985975876
linear,2.18,0.9524460625576809
linear,2.184,0.951046005341885
linear,2.188,0.9496653608285184
linear,2.192,0.9483060118769073
linear,2.196,0.9469697920602214
linear,2.2,0.9456584872348207
linear,2.204,0.944373836896405
linear,2.208,0.9431175352831165
linear,2.212,0.9418912321953957
linear,2.216,0.9406965335118205
linear,2.22,0.9395350013894632
linear,2.224,0.9384081541463798
linear,2.228,0.9373174658326271
linear,2.232,0.9362643655045314
linear,2.236,0.9352502362246635
linear,2.24,0.9342764138168789
linear,2.244,0.9333441854117156
linear,2.248,0.9324547878222074
linear,2.2520000000000002,0.9316094057936354
linear,2.2560000000000002,0.9308091701728148
linear,2.2600000000000002,0.9300551560431464
linear,2.2640000000000002,0.9293483808708647
linear,2.2680000000000002,0.9286898027057578
linear,2.2720000000000002,0.9280803184762372
linear,2.2760000000000002,0.927520762414178
linear,2.2800000000000002,0.9270119046396413
linear,2.2840000000000003,0.9265544499296746
linear,2.2880000000000003,0.9261490366891207
linear,2.2920000000000003,0.9257962361350437
linear,2.2960000000000003,0.9254965517002107
linear,2.3000000000000003,0.9252504186553635
linear,2.3040000000000003,0.9250582039448949
linear,2.308,0.9249202062262804
linear,2.312,0.9248366561002221
linear,2.316,0.9248077165161087
linear,2.32,0.9248334833360111
linear,2.324,0.924913986040074
linear,2.328,0.9250491885566416
linear,2.332,0.9252389902017821
linear,2.336,0.9254832267147627
linear,2.34,0.9257816713784109
linear,2.344,0.926134036215941
linear,2.348,0.926539973258542
linear,2.352,0.9269990758806639
linear,2.356,0.9275108802023342
linear,2.36,0.9280748665598347
linear,2.364,0.9286904610475893
linear,2.368,0.9293570371350738
linear,2.372,0.9300739173628928
linear,2.376,0.9308403751219151
linear,2.38,0.9316556365184712
linear,2.384,0.9325188823271979
linear,2.388,0.933429250031194
linear,2.392,0.934385835946825
linear,2.396,0.9353876974278739
linear,2.4,0.9364338551409122
linear,2.404,0.9375232954008172
linear,2.408,0.9386549725524824
linear,2.412,0.9398278113819781
linear,2.416,0.9410407095379197
linear,2.42,0.9422925399416029
linear,2.424,0.9435821531627487
linear,2.428,0.9449083797364517
linear,2.432,0.9462700323963048
linear,2.436,0.9476659081986568
linear,2.44,0.9490947905136261
linear,2.444,0.9505554508598456
linear,2.448,0.9520466505619618
linear,2.452,0.9535671422126318
linear,2.456,0.9551156709241158
linear,2.46,0.9566909753585175
linear,2.464,0.9582917885302011
linear,2.468,0.959916838378813
linear,2.472,0.961564848116607
linear,2.476,0.9632345363592586
linear,2.48,0.9649246170549682
linear,2.484,0.9666337992322809
linear,2.488,0.9683607865925058
linear,2.492,0.9701042769778653
linear,2.496,0.9718629617512873
linear,2.5,0.9736355251280389
linear,2.504,0.9754206435029801
linear,2.508,0.9772169848199846
linear,2.512,0.979023208031873
linear,2.516,0.980837962699912
linear,2.52,0.9826598887814179
linear,2.524,0.9844876166521207
linear,2.528,0.9863197674066155
linear,2.532,0.9881549534753381
linear,2.536,0.9899917795899829
linear,2.54,0.9918288441211306
linear,2.544,0.9936647408020566
linear,2.548,0.9954980608413442
linear,2.552,0.9973273954142072
linear,2.556,0.9991513385085163
linear,2.56,1.0009684900868385
linear,2.564,1.002777459510712
linear,2.568,1.0045768691584762
linear,2.572,1.0063653581538503
linear,2.576,1.0081415861098615
linear,2.58,1.00990423678231
linear,2.584,1.011652021519578
linear,2.588,1.0133836823917883
linear,2.592,1.0150979948827814
linear,2.596,1.0167937700334018
linear,2.6,1.0184698559344374
linear,2.604,1.0201251384820882
linear,2.608,1.0217585413277406
linear,2.612,1.023369024976494
linear,2.616,1.0249555850144187
linear,2.62,1.0265172494719044
linear,2.624,1.0280530753585362
linear,2.628,1.0295621444324832
linear,2.632,1.0310435582932753
linear,2.636,1.0324964329100719
linear,2.64,1.0339198927172386
linear,2.644,1.0353130644246706
linear,2.648,1.0366750707014787
linear,2.652,1.0380050238982197
linear,2.656,1.0393020199749188
linear,2.66,1.0405651327998438
linear,2.664,1.0417934089776333
linear,2.668,1.042985863355238
linear,2.672,1.0441414753404301
linear,2.676,1.0452591861505431
linear,2.68,1.0463378970886867
linear,2.684,1.0473764689209832
linear,2.688,1.0483737224013083
linear,2.692,1.0493284399596539
linear,2.696,1.0502393685367046
linear,2.7,1.051105223510858
linear,2.704,1.051924693625483
linear,2.708,1.052696446784785
linear,2.712,1.0534191365478578
linear,2.716,1.054091409114382
linear,2.72,1.0547119105645728
linear,2.724,1.0552792940930125
linear,2.728,1.0557922269639124
linear,2.732,1.0562493969165536
linear,2.736,1.0566495177662492
linear,2.74,1.0569913339791643
linear,2.744,1.057273624048587
linear,2.748,1.0574952025641964
linear,2.7520000000000002,1.057654920941583
linear,2.7560000000000002,1.0577516668624152
linear,2.7600000000000002,1.0577843625610397
linear,2.7640000000000002,1.0577519621752107
linear,2.7680000000000002,1.0576534484513407
linear,2.7720000000000002,1.057487829153175
linear,2.7760000000000002,1.057254133562978
linear,2.7800000000000002,1.0569514094837344
linear,2.7840000000000003,1.0565787211483726
linear,2.7880000000000003,1.0561351484182229
linear,2.7920000000000003,1.05561978760964
linear,2.7960000000000003,1.055031754227899
linear,2.8000000000000003,1.0543701878147171
linear,2.8040000000000003,1.053634259034005
linear,2.8080000000000003,1.0528231790337195
linear,2.8120000000000003,1.0519362110337769
linear,2.816,1.0509726840043787
linear,2.82,1.0499320082188843
linear,2.824,1.048813692393154
linear,2.828,1.0476173620612546
linear,2.832,1.0463427787872162
linear,2.836,1.0449898597752827
linear,2.84,1.0435586974172817
linear,2.844,1.0420495783051789
linear,2.848,1.0404630012386913
linear,2.852,1.038799693770459
linear,2.856,1.0370606268526514
linear,2.86,1.0352470271767267
linear,2.864,1.0333603868301182
linear,2.868,1.031402469928244
linear,2.872,1.0293753159165564
linear,2.876,1.027281239275774
linear,2.88,1.0251228254054585
linear,2.884,1.0229029225094295
linear,2.888,1.020624629364312
linear,2.892,1.018291278923185
linear,2.896,1.0159064177924537
linear,2.9,1.0134737817230712
linear,2.904,1.0109972673766974
linear,2.908,1.0084809007607665
linear,2.912,1.0059288028690812
linear,2.916,1.0033451532097875
linear,2.92,1.0007341520419488
linear,2.924,0.9980999822655774
linear,2.928,0.9954467720070568
linear,2.932,0.9927785590013339
linear,2.936,0.990099257883584
linear,2.94,0.9874126314576828
linear,2.944,0.9847222669015505
linear,2.948,0.9820315577000495
linear,2.952,0.9793436918703804
linear,2.956,0.9766616467753166
linear,2.96,0.9739881905243729
linear,2.964,0.9713258896644088
linear,2.968,0.9686771225828593
linear,2.972,0.9660440978102092
linear,2.976,0.9634288762300953
linear,2.98,0.9608333960949974
linear,2.984,0.9582594997044502
linear,2.988,0.955708960625531
linear,2.992,0.9531835104108607
linear,2.996,0.9506848638834275
linear,3.0,0.9482147421953615
linear,3.004,0.9457748930161923
linear,3.008,0.9433671073548482
linear,3.012,0.9409932326620705
linear,3.016,0.9386551819929629
linear,3.02,0.9363549391328302
linear,3.024,0.9340945597048851
linear,3.028,0.9318761683881013
linear,3.032,0.9297019524791349
linear,3.036,0.9275741521341162
linear,3.04,0.9254950477223591
linear,3.044,0.9234669448105903
linear,3.048,0.9214921573673254
linear,3.052,0.9195729898258058
linear,3.056,0.9177117186643109
linear,3.06,0.9159105741506206
linear,3.064,0.9141717228523548
linear,3.068,0.9124972514405117
linear,3.072,0.9108891522177078
linear,3.076,0.9093493106961853
linear,3.08,0.9078794954455637
linear,3.084,0.9064813503368496
linear,3.088,0.9051563892340291
linear,3.092,0.9039059931287534
linear,3.096,0.9027314096732809
linear,3.1,0.9016337550335747
linear,3.104,0.9006140179488398
linear,3.108,0.8996730658374549
linear,3.112,0.8988116527283159
linear,3.116,0.8980304287225778
linear,3.12,0.8973299506109352
linear,3.124,0.8967106931972552
linear,3.128,0.8961730608232555
linear,3.132,0.895717398562297
linear,3.136,0.8953440025602559
linear,3.14,0.8950531290494876
linear,3.144,0.8948450016437309
linear,3.148,0.8947198166285611
linear,3.152,0.8946777460817776
linear,3.156,0.8947189387785113
linear,3.16,0.8948435189459104
linear,3.164,0.8950515830239862
linear,3.168,0.895343194658429
linear,3.172,0.8957183781974081
linear,3.176,0.896177110990245
linear,3.18,0.8967193147959275
linear,3.184,0.8973448466090754
linear,3.188,0.8980534892049248
linear,3.192,0.8988449416965013
linear,3.196,0.8997188103879068
linear,3.2,0.9006746001969649
linear,3.204,0.901711706906449
linear,3.208,0.902829410482932
linear,3.212,0.9040268696733003
linear,3.216,0.9053031180494567
linear,3.22,0.9066570616215543
linear,3.224,0.9080874780810605
linear,3.228,0.9095930176707101
linear,3.232,0.9111722056140683
linear,3.236,0.9128234459789241
linear,3.24,0.9145450268018298
linear,3.244,0.9163351262706076
linear,3.248,0.9181918197505254
linear,3.2520000000000002,0.920113087448817
linear,3.2560000000000002,0.9220968225394313
linear,3.2600000000000002,0.9241408396111128
linear,3.2640000000000002,0.9262428833512487
linear,3.2680000000000002,0.928400637428331
linear,3.2720000000000002,0.930611733580459
linear,3.2760000000000002,0.9328737609500728
linear,3.2800000000000002,0.9351842757218671
linear,3.2840000000000003,0.9375408111197403
linear,3.2880000000000003,0.939940887800377
linear,3.2920000000000003,0.9423820246485439
linear,3.2960000000000003,0.9448617499371036
linear,3.3000000000000003,0.9473776127687449
linear,3.3040000000000003,0.949927194672175
linear,3.3080000000000003,0.952508121188076
linear,3.3120000000000003,0.9551180732531603
linear,3.3160000000000003,0.957754798176202
linear,3.3200000000000003,0.9604161199983647
linear,3.3240000000000003,0.9630999490403049
linear,3.3280000000000003,0.9658042904580967
linear,3.332,0.9685272516561325
linear,3.336,0.9712670484345903
linear,3.34,0.974022009778945
linear,3.344,0.9767905812269619
linear,3.348,0.9795713267728254
linear,3.352,0.9823629292876905
linear,3.356,0.9851641894506183
linear,3.36,0.9879740231940994
linear,3.364,0.9907914576749495
linear,3.368,0.9936156257856483
linear,3.372,0.9964457592246321
linear,3.376,0.9992811801481425
linear,3.38,1.0021212914326196
linear,3.384,1.0049655655864806
linear,3.388,1.007813532364605
linear,3.392,1.010664765158544
linear,3.396,1.0135188662605776
linear,3.4,1.0163754511298324
linear,3.404,1.019234131822864
linear,3.408,1.0220944997877202
linear,3.412,1.024956108257598
linear,3.416,1.0278184545152003
linear,3.42,1.0306809623292064
linear,3.424,1.0335429648871348
linear,3.428,1.0364036885619525
linear,3.432,1.039262237851152
linear,3.436,1.042117581815549
linear,3.44,1.044968542320429
linear,3.444,1.047813784344605
linear,3.448,1.0506518085749321
linear,3.452,1.0534809464471815
linear,3.456,1.0562993577317035
linear,3.46,1.0591050306971803
linear,3.464,1.0618957848210324
linear,3.468,1.0646692759536376
linear,3.472,1.0674230037878805
linear,3.476,1.0701543214374658
linear,3.48,1.0728604468880159
linear,3.484,1.0755384760546334
linear,3.488,1.0781853971579882
linear,3.492,1.0807981061173144
linear,3.496,1.0833734226517169
linear,3.5,1.0859081067797345
linear,3.504,1.088398875410016
linear,3.508,1.0908424187227026
linear,3.512,1.093235416051555
linear,3.516,1.0955745509916652
linear,3.52,1.0978565254778154
linear,3.524,1.100078072605632
linear,3.528,1.1022359680028875
linear,3.532,1.1043270396025084
linear,3.536,1.1063481757219638
linear,3.54,1.108296331414717
linear,3.544,1.1101685331259392
linear,3.548,1.1119618817535677
linear,3.552,1.1136735542829366
linear,3.556,1.1153008042245558
linear,3.56,1.1168409611362298
linear,3.564,1.1182914295494288
linear,3.568,1.1196496876436988
linear,3.572,1.1209132860210778
linear,3.576,1.1220798469255187
linear,3.58,1.1231470642316619
linear,3.584,1.1241127044954107
linear,3.588,1.124974609318246
linear,3.592,1.1257306992310743
linear,3.596,1.1263789792542673
linear,3.6,1.1269175462408039
linear,3.604,1.1273445980609482
linear,3.608,1.1276584446412143
linear,3.612,1.1278575208284187
linear,3.616,1.1279404010123228
linear,3.62,1.1279058154080668
linear,3.624,1.127752667872911
linear,3.628,1.1274800551108066
linear,3.632,1.1270872871031803
linear,3.636,1.1265739085946267
linear,3.64,1.1259397214568152
linear,3.644,1.1251848077505073
linear,3.648,1.1243095532998069
linear,3.652,1.1233146715777789
linear,3.656,1.122201227667844
linear,3.66,1.1209706619961979
linear,3.664,1.119624813407397
linear,3.668,1.118165940954224
linear,3.672,1.1165967434672357
linear,3.676,1.1149203755334187
linear,3.68,1.1131404579307353
linear,3.684,1.1112610798417726
linear,3.688,1.109286789352981
linear,3.692,1.1072225679513912
linear,3.696,1.10507378416799
linear,3.7,1.102846121506115
linear,3.704,1.1005454767463791
linear,3.708,1.0981778270587825
linear,3.712,1.0957490683388162
linear,3.716,1.0932648326689207
linear,3.72,1.0907302989896985
linear,3.724,1.0881500164282571
linear,3.728,1.0855277623312096
linear,3.732,1.0828664552292318
linear,3.736,1.080168136229553
linear,3.74,1.0774340219259968
linear,3.744,1.0746646205494914
linear,3.748,1.0718598939038506
linear,3.7520000000000002,1.0690194429139384
linear,3.7560000000000002,1.0661426949293904
linear,3.7600000000000002,1.063229075214471
linear,3.7640000000000002,1.0602781513656239
linear,3.7680000000000002,1.0572897458027428
linear,3.7720000000000002,1.0542640166637567
linear,3.7760000000000002,1.0512015108511776
linear,3.7800000000000002,1.0481031946950772
linear,3.7840000000000003,1.0449704680968521
linear,3.7880000000000003,1.0418051675730193
linear,3.7920000000000003,1.0386095627369574
linear,3.7960000000000003,1.035386349728912
linear,3.8000000000000003,1.0321386441015135
linear,3.8040000000000003,1.0288699747669063
linear,3.8080000000000003,1.025584279826193
linear,3.8120000000000003,1.0222859044087387
linear,3.8160000000000003,1.0189796000058977
linear,3.8200000000000003,1.0156705241440926
linear,3.8240000000000003,1.012364238565939
linear,3.8280000000000003,1.0090667033542144
linear,3.8320000000000003,1.005784263656374
linear,3.8360000000000003,1.002523624917711
linear,3.84,0.9992918119602834
linear,3.844,0.9960961071022332
linear,3.848,0.9929439631424064
linear,3.852,0.9898428888234827
linear,3.856,0.9868003076304088
linear,3.86,0.9838233954791565
linear,3.864,0.9809189084654936
linear,3.868,0.9780930171573452
linear,3.872,0.9753511671674187
linear,3.876,0.9726979851605545
linear,3.88,0.9701372440563734
linear,3.884,0.9676718915139422
linear,3.888,0.9653041339909219
linear,3.892,0.9630355578614948
linear,3.896,0.9608672621343203
linear,3.9,0.9587999758761377
linear,3.904,0.9568341375944323
linear,3.908,0.9549699224268512
linear,3.912,0.9532072142815989
linear,3.916,0.9515455321239491
linear,3.92,0.9499839303385365
linear,3.924,0.9485209003350947
linear,3.928,0.94715430233438
linear,3.932,0.9458813515387229
linear,3.936,0.9446986723556157
linear,3.94,0.9436024206339424
linear,3.944,0.9425884607703676
linear,3.948,0.9416525754860613
linear,3.952,0.9407906828150118
linear,3.956,0.9399990370221809
linear,3.96,0.9392743958974321
linear,3.964,0.9386141438361527
linear,3.968,0.9380163665084795
linear,3.972,0.9374798778339294
linear,3.976,0.9370042033388246
linear,3.98,0.936589526185663
linear,3.984,0.9362366037456404
linear,3.988,0.9359466638984475
linear,3.992,0.9357212913518055
linear,3.996,0.9355623149412287
linear,4.0,0.9354717066753242
linear,4.0040000000000004,0.9354515018226353
linear,4.008,0.9355037464173724
linear,4.0120000000000005,0.9356304744133697
linear,4.016,0.9358337119678397
linear,4.0200000000000005,0.9361155018728873
linear,4.024,0.936477937847045
linear,4.0280000000000005,0.9369231968576222
linear,4.032,0.9374535580645015
linear,4.0360000000000005,0.9380713991555849
linear,4.04,0.9387791643045515
linear,4.0440000000000005,0.9395793021192956
linear,4.048,0.9404741761559633
linear,4.0520000000000005,0.9414659543079203
linear,4.056,0.9425564862111461
linear,4.0600000000000005,0.9437471794577922
linear,4.064,0.9450388857840304
linear,4.0680000000000005,0.9464318075930265
linear,4.072,0.9479254334249273
linear,4.0760000000000005,0.9495185085722706
linear,4.08,0.9512090441918394
linear,4.0840000000000005,0.9529943651388109
linear,4.088,0.9548711934834874
linear,4.0920000000000005,0.9568357614754076
linear,4.096,0.9588839449207155
linear,4.1,0.961011405926261
linear,4.104,0.9632137330634947
linear,4.108,0.965486567357053
linear,4.112,0.9678257040206562
linear,4.116,0.970227162290916
linear,4.12,0.9726872187350045
linear,4.124,0.9752024027577793
linear,4.128,0.9777694565060248
linear,4.132,0.980385264787851
linear,4.136,0.9830467637641483
linear,4.14,0.9857508396743855
linear,4.144,0.9884942302686403
linear,4.148,0.9912734414741721
linear,4.152,0.9940846898708339
linear,4.156,0.9969238779140115
linear,4.16,0.999786604111294
linear,4.164,1.0026682054538558
linear,4.168,1.0055638253138552
linear,4.172,1.008468497483875
linear,4.176,1.0113772363347802
linear,4.18,1.014285124007316
linear,4.184,1.0171873876034512
linear,4.188,1.0200794618702875
linear,4.192,1.0229570353223747
linear,4.196,1.0258160797685074
linear,4.2,1.0286528646440316
linear,4.204,1.0314639584070615
linear,4.208,1.0342462196390891
linear,4.212,1.036996780533141
linear,4.216,1.0397130252861382
linear,4.22,1.0423925656392798
linear,4.224,1.0450332155024713
linear,4.228,1.047632966297629
linear,4.232,1.0501899643811035
linear,4.236,1.0527024916620247
linear,4.24,1.0551689503173454
linear,4.244,1.0575878523077704
linear,4.248,1.059957814213106
linear,4.252,1.0622775577229886
linear,4.256,1.064545915933972
linear,4.26,1.0667618454125054
linear,4.264,1.068924443783406
linear,4.268,1.0710329723936334
linear,4.272,1.073086883380809
linear,4.276,1.0750858502437939
linear,4.28,1.077029800767875
linear,4.284,1.0789189508990888
linear,4.288,1.0807538378924522
linear,4.292,1.0825353507833764
linear,4.296,1.0842647559642744
linear,4.3,1.0859437154150684
linear,4.304,1.087574294979142
linear,4.308,1.0891589600551805
linear,4.312,1.090700556267049
linear,4.316,1.0922022731618395
linear,4.32,1.0936675898413957
linear,4.324,1.0951002026823544
linear,4.328,1.0965039368907108
linear,4.332,1.0978826454039892
linear,4.336,1.0992401003142418
linear,4.34,1.1005798831780853
linear,4.344,1.1019052809617356
linear,4.348,1.1032191937406415
linear,4.352,1.1045240586960285
linear,4.356,1.1058217927819558
linear,4.36,1.1071137542472902
linear,4.364,1.108400721579626
linear,4.368,1.1096828877801
linear,4.372,1.1109598682042976
linear,4.376,1.112230721165024
linear,4.38,1.1134939815061562
linear,4.384,1.1147477078459913
linear,4.388,1.1159895438053655
linear,4.392,1.1172167922826042
linear,4.396,1.1184265000407325
linear,4.4,1.119615548039111
linear,4.404,1.1207807415674385
linear,4.408,1.1219188936592517
linear,4.412,1.1230268955874905
linear,4.416,1.1241017694002582
linear,4.42,1.1251406992602777
linear,4.424,1.126141040606392
linear,4.428,1.1271003086851767
linear,4.432,1.1280161506533666
linear,4.436,1.1288863080630631
linear,4.44,1.1297085789009116
linear,4.444,1.1304807902039742
linear,4.448,1.131200793374595
linear,4.452,1.1318664945353465
linear,4.456,1.1324759316962953
linear,4.46,1.1330274095100452
linear,4.464,1.133519701498191
linear,4.468,1.1339523292622733
linear,4.472,1.134325928079493
linear,4.476,1.134642706496234
linear,4.48,1.1349069987564095
linear,4.484,1.1351258817364198
linear,4.488,1.1353097622402015
linear,4.492,1.13547270990223
linear,4.496,1.1356321102618718
linear,4.5,1.135807036097779
linear,4.5040000000000004,1.1360148825697287
linear,4.508,1.1362666805946913
linear,4.5120000000000005,1.136562914847663
linear,4.516,1.136892252234961
linear,4.5200000000000005,1.1372340655867395
linear,4.524,1.1375631862080726
linear,4.5280000000000005,1.1378544208320855
linear,4.532,1.1380854071605468
linear,4.5360000000000005,1.138237761705082
linear,4.54,1.138297116564914
linear,4.5440000000000005,1.1382526386739154
linear,4.548,1.1380964041925965
linear,4.5520000000000005,1.1378228054019732
linear,4.556,1.1374280519718873
linear,4.5600000000000005,1.1369097741206098
linear,4.564,1.1362667147747727
linear,4.5680000000000005,1.1354984931374588
linear,4.572,1.1346054234950569
linear,4.5760000000000005,1.1335883762799495
linear,4.58,1.1324486716152413
linear,4.5840000000000005,1.1311879982340372
linear,4.588,1.1298083526998517
linear,4.5920000000000005,1.1283119953347107
linear,4.596,1.1267014203065302
linear,4.6000000000000005,1.1249793380525317
linear,4.604,1.1231486687193786
linear,4.6080000000000005,1.121212545667763
linear,4.612,1.1191743283956181
linear,4.616,1.1170376245580358
linear,4.62,1.1148063211944175
linear,4.624,1.1124846259299914
linear,4.628,1.1100771199519963
linear,4.632,1.1075888261648315
linear,4.636,1.105025298328258
linear,4.64,1.1023927403795966
linear,4.644,1.0996981695574395
linear,4.648,1.0969496418535047
linear,4.652,1.0941565618095956
linear,4.656,1.0913300957292082
linear,4.66,1.0884836866895702
linear,4.664,1.0856336093621568
linear,4.668,1.0827993691171787
linear,4.672,1.0800035196211348
linear,4.676,1.0772702159425553
linear,4.68,1.0746218515123487
linear,4.684,1.0720739863940554
linear,4.688,1.0696304806619343
linear,4.692,1.0672817583489431
linear,4.696,1.0650075656552123
linear,4.7,1.0627825395176662
linear,4.704,1.0605816216217308
linear,4.708,1.058383583380767
linear,4.712,1.056172642801539
linear,4.716,1.053938931821942
linear,4.72,1.051678540635466
linear,4.724,1.049393567129239
linear,4.728,1.0470923011779543
linear,4.732,1.044789377380812
linear,4.736,1.0425053522422845
linear,4.74,1.0402647333216428
linear,4.744,1.038091447290308
linear,4.748,1.03600197644256
linear,4.752,1.0339989998760677
linear,4.756,1.0320697044347849
linear,4.76,1.0301900750517237
linear,4.764,1.0283320157467575
linear,4.768,1.0264692321634272
linear,4.772,1.0245802420582757
linear,4.776,1.0226490804373938
linear,4.78,1.0206648338082305
linear,4.784,1.018620817062469
linear,4.788,1.0165137892081164
linear,4.792,1.0143433456429771
linear,4.796,1.0121115074805942
linear,4.8,1.009822487867165
linear,4.804,1.0074826064475004
linear,4.808,1.005100322866987
linear,4.812,1.0026863566962236
linear,4.816,1.0002538470135647
linear,4.82,0.997818474112179
linear,4.824,0.9953984160261014
linear,4.828,0.9930139542581606
linear,4.832,0.9906865160991531
linear,4.836,0.9884370240054249
linear,4.84,0.9862836939790279
linear,4.844,0.9842398400298839
linear,4.848,0.9823125243021238
linear,4.852,0.9805026938892271
linear,4.856,0.9788067745252906
linear,4.86,0.9772190427591918
linear,4.864,0.9757339439048662
linear,4.868,0.9743478341028607
linear,4.872,0.9730600407149526
linear,4.876,0.9718733910671972
linear,4.88,0.9707944218763856
linear,4.884,0.9698334299137654
linear,4.888,0.9690044317770636
linear,4.892,0.968325002358128
linear,4.896,0.9678158739642125
linear,4.9,0.9675001273213951
linear,4.904,0.9674018449617661
linear,4.908,0.9675442838803654
linear,4.912,0.9679479325011758
linear,4.916,0.968629048266922
linear,4.92,0.9695991405870407
linear,4.924,0.9708653178740667
linear,4.928,0.9724308363465081
linear,4.932,0.9742950827543797
linear,4.936,0.9764527379605316
linear,4.94,0.9788926392615652
linear,4.944,0.9815972813648551
linear,4.948,0.9845435986433214
linear,4.952,0.9877049009187948
linear,4.956,0.9910532492761253
linear,4.96,0.9945615399453244
linear,4.964,0.9982049297418701
linear,4.968,1.0019616058406147
linear,4.972,1.0058130865267991
linear,4.976,1.0097442620129116
linear,4.98,1.0137433345233
linear,4.984,1.0178017556130352
linear,4.988,1.0219142062679794
linear,4.992,1.0260786174275685
linear,4.996,1.0302961713350014
linear,5.0,1.0345711449708674
linear,5.0040000000000004,1.038910360271817
linear,5.008,1.0433219421469162
linear,5.0120000000000005,1.0478131755215434
linear,5.016,1.0523876358125381
linear,5.0200000000000005,1.0570423875077095
linear,5.024,1.0617664441613863
linear,5.0280000000000005,1.0665412957286629
linear,5.032,1.071343245775757
linear,5.0360000000000005,1.076146447946493
linear,5.04,1.080925527298493
linear,5.0440000000000005,1.085657257292913
linear,5.048,1.0903213260070193
linear,5.0520000000000005,1.0949004775272275
linear,5.056,1.0993803201327716
linear,5.0600000000000005,1.103749003665874
linear,5.064,1.107996878246358
linear,5.0680000000000005,1.1121161847830658
linear,5.072,1.1161007931172247
linear,5.0760000000000005,1.1199459869139918
linear,5.08,1.1236482876409564
linear,5.0840000000000005,1.127205308103488
linear,5.088,1.1306156263217102
linear,5.0920000000000005,1.133878671719414
linear,5.096,1.136994617098317
linear,5.1000000000000005,1.139964271507342
linear,5.104,1.142788970853619
linear,5.1080000000000005,1.1454704649377225
linear,5.112,1.1480108014895485
linear,5.1160000000000005,1.1504122096187697
linear,5.12,1.1526769866806015
linear,5.124,1.1548073936498577
linear,5.128,1.1568055644600819
linear,5.132,1.1586734342583531
linear,5.136,1.1604126901700231
linear,5.14,1.162024746172349
linear,5.144,1.1635107414108359
linear,5.148,1.1648715591904155
linear,5.152,1.1661078623170495
linear,5.156,1.1672201396853659
linear,5.16,1.16820875904426
linear,5.164,1.1690740215952666
linear,5.168,1.1698162152561475
linear,5.172,1.17043566480057
linear,5.176,1.1709327784532904
linear,5.18,1.1713080917454293
linear,5.184,1.1715623104656447
linear,5.188,1.1716963553978412
linear,5.192,1.1717114122767471
linear,5.196,1.1716089911013894
linear,5.2,1.171390999702185
linear,5.204,1.17105983730724
linear,5.208,1.170618514770724
linear,5.212,1.1700708089278131
linear,5.216,1.1694214587307206
linear,5.22,1.168676409301018
linear,5.224,1.1678431046284599
linear,5.228,1.1669308164581136
linear,5.232,1.1659509698913537
linear,5.236,1.164917378381568
linear,5.24,1.1638462303684374
linear,5.244,1.1627555963765754
linear,5.248,1.1616642146620897
linear,5.252,1.1605894803829528
linear,5.256,1.1595449835648461
linear,5.26,1.158538455132115
linear,5.264,1.1575711304165368
linear,5.268,1.1566389834435011
linear,5.272,1.1557353456792918
linear,5.276,1.1548538566656434
linear,5.28,1.1539908655306164
linear,5.284,1.153147429872384
linear,5.288,1.1523703023919114
linear,5.292,1.1538507607152741
linear,5.296,1.155660580668437
linear,5.3,1.1574863784835523
linear,5.304,1.1593234603427915
linear,5.308,1.1611636016252025
linear,5.312,1.1629945662859036
linear,5.316,1.1648019597487542
linear,5.32,1.166571405130323
linear,5.324,1.1682902832772344
linear,5.328,1.1699487981904968
linear,5.332,1.17154045784936
linear,5.336,1.1730621767607565
linear,5.34,1.1745141902169693
linear,5.344,1.175899909022437
linear,5.348,1.1772257842567881
linear,5.352,1.1785012063463305
linear,5.356,1.1797384255963674
linear,5.36,1.1809524403021519
linear,5.364,1.1821607416700037
linear,5.368,1.1833827300517679
linear,5.372,1.1846385532261077
linear,5.376,1.1859471504829724
linear,5.38,1.1873235437595189
linear,5.384,1.1887759301969685
linear,5.388,1.1903036161191898
linear,5.392,1.1918967591563578
linear,5.396,1.1935380733180851
linear,5.4,1.1952056979684733
linear,5.404,1.196876103359112
linear,5.408,1.1985262777985697
linear,5.412,1.2001350110521034
linear,5.416,1.201683447873571
linear,5.42,1.2031551807716876
linear,5.424,1.2045361036111002
linear,5.428,1.2058141670542621
linear,5.432,1.20697911187873
linear,5.436,1.2080222156475522
linear,5.44,1.208936066383732
linear,5.444,1.2097143664185381
linear,5.448,1.21035176513913
linear,5.452,1.2108437178698082
linear,5.456,1.2111863680194221
linear,5.46,1.2113764502595246
linear,5.464,1.2114112138014108
linear,5.468,1.2112883674050017
linear,5.472,1.2110060536166216
linear,5.476,1.2105628756361146
linear,5.48,1.209958051799313
linear,5.484,1.2091919814131094
linear,5.488,1.2082686749260865
linear,5.492,1.207213291873996
linear,5.496,1.2065040628099182
linear,5.5,1.20736776608724
linear,5.5040000000000004,1.208281227719897
linear,5.508,1.2090290135452686
linear,5.5120000000000005,1.2095945261529084
linear,5.516,1.2099738423509026
linear,5.5200000000000005,1.210165581455192
linear,5.524,1.2101692130823754
linear,5.5280000000000005,1.2099846133197696
linear,5.532,1.2096119252846658
linear,5.5360000000000005,1.2090515271934397
linear,5.54,1.2083040633794573
linear,5.5440000000000005,1.2073705476461383
linear,5.548,1.2062526018991204
linear,5.5520000000000005,1.2049530192423619
linear,5.556,1.2034772611678022
linear,5.5600000000000005,1.201838282102004
linear,5.564,1.2000773366639326
linear,5.5680000000000005,1.1983949389249609
linear,5.572,1.1975432338909555
linear,5.5760000000000005,1.1973692425237192
linear,5.58,1.197194188290088
linear,5.5840000000000005,1.1968711582302412
linear,5.588,1.1963698616763465
linear,5.5920000000000005,1.1956822949416333
linear,5.596,1.1948070078912205
linear,5.6000000000000005,1.1937453416371304
linear,5.604,1.1925003387326192
linear,5.6080000000000005,1.191076471923119
linear,5.612,1.1894797086890834
linear,5.6160000000000005,1.1877177620238382
linear,5.62,1.1858004676627945
linear,5.6240000000000006,1.1837402330633
linear,5.628,1.1815524508118522
linear,5.632,1.1792556535459957
linear,5.636,1.1768710204861792
linear,5.64,1.1744207288497908
linear,5.644,1.1719248381107075
linear,5.648,1.169397185073742
linear,5.652,1.1668419066590225
linear,5.656,1.1642525627149145
linear,5.66,1.161614539522572
linear,5.664,1.1589095413708457
linear,5.668,1.1561205440473594
linear,5.672,1.153237441855365
linear,5.676,1.150270175367659
linear,5.68,1.1473181506764691
linear,5.684,1.1449722630803851
linear,5.688,1.143628644133702
linear,5.692,1.1424531923822827
linear,5.696,1.1411812062922242
linear,5.7,1.1397625278250714
linear,5.704,1.138182625539584
linear,5.708,1.1364363186582571
linear,5.712,1.1345220122290667
linear,5.716,1.1324399285952471
linear,5.72,1.130191428008997
linear,5.724,1.1277787074786496
linear,5.728,1.125204661480351
linear,5.732,1.1224728320952397
linear,5.736,1.1195874331058517
linear,5.74,1.1165534750948312
linear,5.744,1.1133770919430255
linear,5.748,1.1100663723655009
linear,5.752,1.1066337191575244
linear,5.756,1.1031039903893296
linear,5.76,1.0995522949743501
linear,5.764,1.0963229553241516
linear,5.768,1.0941087678862549
linear,5.772,1.0924030494899235
linear,5.776,1.0907355127839389
linear,5.78,1.089013277828204
linear,5.784,1.0872216408368458
linear,5.788,1.0853781079650218
linear,5.792,1.0836149723718942
linear,5.796,1.0828350267709284
linear,5.8,1.0830356640200154
linear,5.804,1.0833133100656689
linear,5.808,1.0835361825084793
linear,5.812,1.0836825879925533
linear,5.816,1.0837465920585154
linear,5.82,1.0837261127988282
linear,5.824,1.083620302364963
linear,5.828,1.0834287579075264
linear,5.832,1.0831512325909625
linear,5.836,1.0827875158136522
linear,5.84,1.0823373831889305
linear,5.844,1.0818005848087164
linear,5.848,1.0811768637628183
linear,5.852,1.0804660056492634
linear,5.856,1.07966792298187
linear,5.86,1.0787827794227085
linear,5.864,1.0778111593717408
linear,5.868,1.0767542899174554
linear,5.872,1.0756143264310123
linear,5.876,1.0743947275471404
linear,5.88,1.0731008192133784
linear,5.884,1.0717413721187874
linear,5.888,1.0704169669593626
linear,5.892,1.0713612021904986
linear,5.896,1.0724349890927356
linear,5.9,1.0734888178833912
linear,5.904,1.0745408447500673
linear,5.908,1.0756097640757674
linear,5.912,1.0767099790688892
linear,5.916,1.0778481870507932
linear,5.92,1.0790221003385172
linear,5.924,1.080222032753587
linear,5.928,1.0814345384205333
linear,5.932,1.0826464339314228
linear,5.936,1.0838479839707291
linear,5.94,1.0850349770287173
linear,5.944,1.0862100163153499
linear,5.948,1.0873834452771984
linear,5.952,1.0885741205131045
linear,5.956,1.0898099127420142
linear,5.96,1.091127466510024
linear,5.964,1.0925705385954918
linear,5.968,1.0941862819381725
linear,5.972,1.0960187688668528
linear,5.976,1.0980985930066798
linear,5.98,1.1004295653369933
linear,5.984,1.1029811031279466
linear,5.988,1.10569612560025
linear,5.992,1.108509583674134
linear,5.996,1.1113636075101883
linear,6.0,1.1142135108030686
linear,6.0040000000000004,1.117027650353031
linear,6.008,1.1197851870394124
linear,6.0120000000000005,1.1224738421614173
linear,6.016,1.1250882898997667
linear,6.0200000000000005,1.1276292217198056
linear,6.024,1.1301029293613807
linear,6.0280000000000005,1.1325211783595936
linear,6.032,1.1349010556253574
linear,6.0360000000000005,1.13726436016826
linear,6.04,1.1396360838564428
linear,6.0440000000000005,1.1420418590001298
linear,6.048,1.1445051019652293
linear,6.0520000000000005,1.1470454749202925
linear,6.056,1.1496799827124635
linear,6.0600000000000005,1.1524258635208233
linear,6.064,1.155301732269439
linear,6.0680000000000005,1.1583228509827992
linear,6.072,1.1614904137966868
linear,6.0760000000000005,1.1647821661494078
linear,6.08,1.168153483377754
linear,6.0840000000000005,1.1715485772504013
linear,6.088,1.174912858373125
linear,6.0920000000000005,1.1781999906404959
linear,6.096,1.1813735979859805
linear,6.1000000000000005,1.184406176601122
linear,6.104,1.1872772118461166
linear,6.1080000000000005,1.1899714142503799
linear,6.112,1.1924773342323391
linear,6.1160000000000005,1.1947863501671705
linear,6.12,1.1968919517652548
linear,6.1240000000000006,1.198789239007537
linear,6.128,1.2004745740803828
linear,6.132000000000001,1.2019453419351982
linear,6.136,1.2031997896648625
linear,6.140000000000001,1.2042369256443317
linear,6.144,1.2050564672957544
linear,6.148,1.205658832611752
linear,6.152,1.2060451768288183
linear,6.156,1.2062174861830188
linear,6.16,1.2061787782153952
linear,6.164,1.2059337496162008
linear,6.168,1.2055027758850467
linear,6.172,1.2069054811368485
linear,6.176,1.2086394197575123
linear,6.18,1.210193275575848
linear,6.184,1.2115796518053539
linear,6.188,1.212815885472903
linear,6.192,1.213922484471128
linear,6.196,1.214921586433885
linear,6.2,1.2158340745102179
linear,6.204,1.2166755531325402
linear,6.208,1.2174526015805802
linear,6.212,1.2181613619376126
linear,6.216,1.218790053957169
linear,6.22,1.2196367864516688
linear,6.224,1.2225939376072472
linear,6.228,1.2254365245330199
linear,6.232,1.228126163357467
linear,6.236,1.2306510326961693
linear,6.24,1.23300308934663
linear,6.244,1.235177149226998
linear,6.248,1.2371703680413317
linear,6.252,1.2389818590005874
linear,6.256,1.2406124326155212
linear,6.26,1.2420644555035598
linear,6.264,1.2433418276660846
linear,6.268,1.2444500839869295
linear,6.272,1.2453966344809662
linear,6.276,1.2461911661197125
linear,6.28,1.2468462308180752
linear,6.284,1.2473780250116655
linear,6.288,1.2478072947489705
linear,6.292,1.248160120279326
linear,6.296,1.2484679867728514
linear,6.3,1.248766104058544
linear,6.304,1.2490889307494473
linear,6.308,1.2494635854280358
linear,6.312,1.2499080408856773
linear,6.316,1.250503796082253
linear,6.32,1.2525673546144669
linear,6.324,1.2555223292183069
linear,6.328,1.2584751096366302
linear,6.332,1.2613577259371491
linear,6.336,1.2641431700072305
linear,6.34,1.2668148361863916
linear,6.344,1.269362298642261
linear,6.348,1.2717797245785079
linear,6.352,1.2740650237729947
linear,6.356,1.2762194151098503
linear,6.36,1.2782473117869162
linear,6.364,1.2801564713176954
linear,6.368,1.2819583532175722
linear,6.372,1.283668576243111
linear,6.376,1.2853072405094867
linear,6.38,1.2868986573386012
linear,6.384,1.2884697769524454
linear,6.388,1.2900466131328026
linear,6.392,1.2916487527686225
linear,6.396,1.2932837182343984
linear,6.4,1.2949441952876881
linear,6.404,1.2966099733631626
linear,6.408,1.2982533766500954
linear,6.412,1.299845131768752
linear,6.416,1.3013584444818203
linear,6.42,1.302770869681282
linear,6.424,1.30406462001473
linear,6.428,1.3052260957681754
linear,6.432,1.3062451659243086
linear,6.436,1.307114466616841
linear,6.44,1.3078288179449
linear,6.444,1.3083847798577408
linear,6.448,1.3087803371680269
linear,6.452,1.3090146971059895
linear,6.456,1.309088186576588
linear,6.46,1.3090022445914382
linear,6.464,1.3087595166848747
linear,6.468,1.3083640735178679
linear,6.472,1.3078217985474048
linear,6.476,1.3071410257479246
linear,6.48,1.3063335688295257
linear,6.484,1.3054163864706283
linear,6.488,1.3044142992355634
linear,6.492,1.3033644233118982
linear,6.496,1.302323178798656
linear,6.5,1.3013760605707794
linear,6.5040000000000004,1.3006460480253392
linear,6.508,1.300284783503136
linear,6.5120000000000005,1.300425053181055
linear,6.516,1.3011172489406302
linear,6.5200000000000005,1.3023202673866963
linear,6.524,1.3039473454292785
linear,6.5280000000000005,1.3059024485397024
linear,6.532,1.308089145133343
linear,6.5360000000000005,1.3104137946978827
linear,6.54,1.3127927285789085
linear,6.5440000000000005,1.3151580174132127
linear,6.548,1.3174583384882008
linear,6.5520000000000005,1.3196565315700437
linear,6.556,1.3217262724550918
linear,6.5600000000000005,1.323649148900455
linear,6.564,1.3254124832435528
linear,6.5680000000000005,1.327007847603836
linear,6.572,1.3284301244795311
linear,6.5760000000000005,1.3296769854318145
linear,6.58,1.330748708821908
linear,6.5840000000000005,1.3316483078372094
linear,6.588,1.3323819878088041
linear,6.5920000000000005,1.3329599966108021
linear,6.596,1.3333979645814185
linear,6.6000000000000005,1.3337188128077166
linear,6.604,1.3339551384745523
linear,6.6080000000000005,1.3341514881510297
linear,6.612,1.3343651454870806
linear,6.6160000000000005,1.3346646130261213
linear,6.62,1.335133049400076
linear,6.6240000000000006,1.3359109952165642
linear,6.628,1.3373035356424945
linear,6.632000000000001,1.3395160870927625
linear,6.636,1.3422194981559694
linear,6.640000000000001,1.345118079945199
linear,6.644,1.3481111520402724
linear,6.648000000000001,1.351176755595977
linear,6.652,1.3543130810677888
linear,6.656000000000001,1.3575104538109706
linear,6.66,1.360740056838042
linear,6.664,1.3639574856335273
linear,6.668,1.3671136596353137
linear,6.672,1.3701640093013419
linear,6.676,1.3730725347441346
linear,6.68,1.375812056530548
linear,6.684,1.3783628380189286
linear,6.688,1.3807109169554403
linear,6.692,1.3828466751739352
linear,6.696,1.3847637617712585
linear,6.7,1.3864583355294033
linear,6.704,1.3879285604128908
linear,6.708,1.389174296709994
linear,6.712,1.3901969489935748
linear,6.716,1.3909994506792756
linear,6.72,1.3915863814415066
linear,6.724,1.3919642279815767
linear,6.728,1.3921418095200084
linear,6.732,1.3921308917685482
linear,6.736,1.391946992521787
linear,6.74,1.391610305610623
linear,6.744,1.3911464791246
linear,6.748,1.3905866170574162
linear,6.752,1.3899654012198681
linear,6.756,1.3893161620641103
linear,6.76,1.388663086004726
linear,6.764,1.3880137084193827
linear,6.768,1.3873565471657077
linear,6.772,1.3866657328921108
linear,6.776,1.3859093051954878
linear,6.78,1.3850564021487786
linear,6.784,1.3840811792221017
linear,6.788,1.3829639367144644
linear,6.792,1.3816907457061973
linear,6.796,1.3802525578121503
linear,6.8,1.3786443013572804
linear,6.804,1.3768641483081292
linear,6.808,1.3749129833374816
linear,6.812,1.3727940472698146
linear,6.816,1.3705127083308795
linear,6.82,1.3680763079938938
linear,6.824,1.3654940214746958
linear,6.828,1.362776662481036
linear,6.832,1.3599363503405555
linear,6.836,1.3569859545400194
linear,6.84,1.3539382533567097
linear,6.844,1.350804807731114
linear,6.848,1.3475946632408564
linear,6.852,1.3443131213274304
linear,6.856,1.3409608947792422
linear,6.86,1.3375339085879028
linear,6.864,1.3340238192664997
linear,6.868,1.3304190941944134
linear,6.872,1.3267063439198497
linear,6.876,1.3228715971125655
linear,6.88,1.318901314358247
linear,6.884,1.3147830710598696
linear,6.888,1.3105059395140592
linear,6.892,1.306060648243998
linear,6.896,1.3014396054449375
linear,6.9,1.2966368637114905
linear,6.904,1.2916480923276403
linear,6.908,1.2864706243308075
linear,6.912,1.2811036738690966
linear,6.916,1.27554890961769
linear,6.92,1.2698118215770884
linear,6.924,1.2639050478362068
linear,6.928,1.2578571064613442
linear,6.932,1.2517371102594108
linear,6.936,1.2457173367926284
linear,6.94,1.2400924969874172
linear,6.944,1.2349133378452442
linear,6.948,1.22989542151651
linear,6.952,1.2248366186584225
linear,6.956,1.2196566980666126
linear,6.96,1.2143265480202214
linear,6.964,1.2088371815232908
linear,6.968,1.2031891652543072
linear,6.972,1.1973891681015876
linear,6.976,1.1914493514551832
linear,6.98,1.18538842080572
linear,6.984,1.1792343542369808
linear,6.988,1.1730296826751059
linear,6.992,1.1668414709532906
linear,6.996,1.1607802425106843
linear,7.0,1.1550300616099407
linear,7.0040000000000004,1.1498485001340808
linear,7.008,1.145412810678636
linear,7.0120000000000005,1.1416703500697243
linear,7.016,1.1384787683738504
linear,7.0200000000000005,1.1357102440789324
linear,7.024,1.1332398575571225
linear,7.0280000000000005,1.1309495960415716
linear,7.032,1.1287467745801254
linear,7.0360000000000005,1.1265700084167765
linear,7.04,1.1243846940912774
linear,7.0440000000000005,1.1221766536260573
linear,7.048,1.1199476298565303
linear,7.0520000000000005,1.1177130422054966
linear,7.056,1.115501409315969
linear,7.0600000000000005,1.1133544644917266
linear,7.064,1.1113264178141524
linear,7.0680000000000005,1.1094801680330078
linear,7.072,1.107878904771932
linear,7.0760000000000005,1.1065752130935924
linear,7.08,1.105604537577495
linear,7.0840000000000005,1.1049901068931884
linear,7.088,1.1047640637102714
linear,7.0920000000000005,1.1050110681989211
linear,7.096,1.105905187934987
linear,7.1000000000000005,1.1075591355286956
linear,7.104,1.1098103252659517
linear,7.1080000000000005,1.1124291761757585
linear,7.112,1.1152869207650784
linear,7.1160000000000005,1.118328263734473
linear,7.12,1.12153336481723
linear,7.1240000000000006,1.1248999966644821
linear,7.128,1.1284355671499546
linear,7.132000000000001,1.132152345814264
linear,7.136,1.136062651433665
linear,7.140000000000001,1.1401728877296706
linear,7.144,1.1444776916973254
linear,7.148000000000001,1.1489571943749757
linear,7.152,1.153579337126231
linear,7.156000000000001,1.1583058715665682
linear,7.16,1.1630986953966507
linear,7.164000000000001,1.1679241535969376
linear,7.168,1.1727549370788444
linear,7.172,1.1775703263624546
linear,7.176,1.1823556299210267
linear,7.18,1.1871013689653984
linear,7.184,1.1918024678219914
linear,7.188,1.1964575279415661
linear,7.192,1.2010681745479233
linear,7.196,1.2056384313897957
linear,7.2,1.2101740784023187
linear,7.204,1.2146819703248597
linear,7.208,1.2191693376942214
linear,7.212,1.2236431473988254
linear,7.216,1.228109650123001
linear,7.22,1.2325742597246896
linear,7.224,1.2370418708427624
linear,7.228,1.241517618901658
linear,7.232,1.2460079340664452
linear,7.236,1.250521557919203
linear,7.24,1.2550700038037947
linear,7.244,1.2596668260653934
linear,7.248,1.2643252346073113
linear,7.252,1.269054353820653
linear,7.256,1.2738557301988154
linear,7.26,1.278722629795612
linear,7.264,1.2836441948517738
linear,7.268,1.2886154025339864
linear,7.272,1.2936543837448808
linear,7.276,1.2988295077874357
linear,7.28,1.3042751650096904
linear,7.284,1.3100987977610647
linear,7.288,1.3162211705100064
linear,7.292,1.3224582411017245
linear,7.296,1.3286725490649738
linear,7.3,1.3347885329618345
linear,7.304,1.3407661043491448
linear,7.308,1.346583156118344
linear,7.312,1.3522271626952846
linear,7.316,1.357691259989249
linear,7.32,1.362972356905596
linear,7.324,1.3680701973615403
linear,7.328,1.372986889923981
linear,7.332,1.37772667084687
linear,7.336,1.3822957678870815
linear,7.34,1.3867022698498883
linear,7.344,1.3909559160449434
linear,7.348,1.3950677207309408
linear,7.352,1.3990493578109828
linear,7.356,1.40291226909254
linear,7.36,1.406666538493673
linear,7.364,1.41031968666605
linear,7.368,1.4138756423388208
linear,7.372,1.4173341703436118
linear,7.376,1.4206909367832838
linear,7.38,1.4239381988356186
linear,7.384,1.4270659191314585
linear,7.388,1.430063017583834
linear,7.392,1.432918508800717
linear,7.396,1.4356223804242343
linear,7.4,1.438166178596708
linear,7.404,1.4405433404130301
linear,7.408,1.4427493437386805
linear,7.412,1.4447817452676923
linear,7.416,1.4466401639950783
linear,7.42,1.4483262502685883
linear,7.424,1.4498436654028717
linear,7.428,1.4511980847023414
linear,7.432,1.4523972268475582
linear,7.436,1.4534509033597878
linear,7.44,1.454371071559762
linear,7.444,1.4551718617902396
linear,7.448,1.4558695346215615
linear,7.452,1.456482308873694
linear,7.456,1.4570299935552915
linear,7.46,1.4575333684910416
linear,7.464,1.4580133037665832
linear,7.468,1.4584896926926638
linear,7.472,1.4589803771248029
linear,7.476,1.4595003152134987
linear,7.48,1.4600612171013254
linear,7.484,1.4606717318771647
linear,7.488,1.4613380647743277
linear,7.492,1.4620647424766275
linear,7.496,1.4628552070401357
linear,7.5,1.4637120126826877
linear,7.5040000000000004,1.4646365728946666
linear,7.508,1.4656285883994795
linear,7.5120000000000005,1.466685415888342
linear,7.516,1.4678016652204184
linear,7.5200000000000005,1.4689692248341846
linear,7.524,1.4701777510545582
linear,7.5280000000000005,1.4714154977391134
linear,7.532,1.4726702803404934
linear,7.5360000000000005,1.4739303812717997
linear,7.54,1.4751852770555884
linear,7.5440000000000005,1.4764261517242614
linear,7.548,1.477646221855855
linear,7.5520000000000005,1.4788409280644412
linear,7.556,1.4800080529974657
linear,7.5600000000000005,1.481147818121452
linear,7.564,1.4822629993076268
linear,7.5680000000000005,1.4833590886502448
linear,7.572,1.4844445176391114
linear,7.5760000000000005,1.4855309427817076
linear,7.58,1.4866335752560746
linear,7.5840000000000005,1.4877715064917019
linear,7.588,1.4889679384865615
linear,7.5920000000000005,1.4902501753977655
linear,7.596,1.4916491942681231
linear,7.6000000000000005,1.4931986397846575
linear,7.604,1.4949332507616062
linear,7.6080000000000005,1.4968870468480406
linear,7.612,1.4990919534788119
linear,7.6160000000000005,1.5015776353576338
linear,7.62,1.5043729272614075
linear,7.6240000000000006,1.5075085041959688
linear,7.628,1.5110196207760345
linear,7.632000000000001,1.514946976016081
linear,7.636,1.5193330850752391
linear,7.640000000000001,1.5242119388980062
linear,7.644,1.5295932753358836
linear,7.648000000000001,1.535449207503023
linear,7.652,1.5417133361215551
linear,7.656000000000001,1.5482942218699016
linear,7.66,1.5550940014507884
linear,7.664000000000001,1.562022090487932
linear,7.668,1.5690011285160699
linear,7.672000000000001,1.5759675453637096
linear,7.676,1.5828697757645296
linear,7.68,1.5896659451316393
linear,7.684,1.5963217758850454
linear,7.688,1.6028089078459267
linear,7.692,1.6091036127382043
linear,7.696,1.6151858257930023
linear,7.7,1.6210384171661958
linear,7.704,1.626646640838624
linear,7.708,1.631997714437921
linear,7.712,1.6370804961368677
linear,7.716,1.6418852341467722
linear,7.72,1.6464033709850028
linear,7.724,1.6506273893889407
linear,7.728,1.6545506900682476
linear,7.732,1.6581674938636162
linear,7.736,1.6614727626114028
linear,7.74,1.6644621343032835
linear,7.744,1.6671318691154149
linear,7.748,1.669478803655582
linear,7.752,1.6715003114006262
linear,7.756,1.6731942678108116
linear,7.76,1.6745590190378246
linear,7.764,1.6755933535041077
linear,7.768,1.6762964759316172
linear,7.772,1.6766679836419947
linear,7.776,1.6767078451400383
linear,7.78,1.6764163811297372
linear,7.784,1.6757942481995438
linear,7.788,1.6748424254544578
linear,7.792,1.6735622043719118
linear,7.796,1.6719551821225973
linear,7.8,1.6700232585334593
linear,7.804,1.667768636785792
linear,7.808,1.665193827844282
linear,7.812,1.6623016585103447
linear,7.816,1.65909528289203
linear,7.82,1.655578196989199
linear,7.824,1.6517542560122898
linear,7.828,1.6476276939909251
linear,7.832,1.6432031451895568
linear,7.836,1.6384856668348697
linear,7.84,1.6334807626772452
linear,7.844,1.6281944069563519
linear,7.848,1.6226330684176582
linear,7.852,1.6168037341257455
linear,7.856,1.6107139329309899
linear,7.86,1.604371758550339
linear,7.864,1.5977858922966266
linear,7.868,1.5909656255027103
linear,7.872,1.5839208816017054
linear,7.876,1.5766622376052086
linear,7.88,1.569200944337783
linear,7.884,1.561548944223153
linear,7.888,1.5537188846964773
linear,7.892,1.5457241245148798
linear,7.896,1.537578729520623
linear,7.9,1.5292974540574211
linear,7.904,1.5208957046564082
linear,7.908,1.5123894842879282
linear,7.912,1.5037953188800204
linear,7.916,1.495130173112821
linear,7.92,1.4864113692416425
linear,7.924,1.4776565293505164
linear,7.928,1.4688835651436536
linear,7.932,1.460110736121396
linear,7.936,1.451356782353732
linear,7.94,1.4426411088371303
linear,7.944,1.4339839550797646
linear,7.948,1.425406434111845
linear,7.952,1.4169302901114142
linear,7.956,1.4085772390026716
linear,7.96,1.4003678618989184
linear,7.964,1.3923202242115487
linear,7.968,1.384448615688655
linear,7.972,1.3767628869746065
linear,7.976,1.3692686725479875
linear,7.98,1.3619684105998104
linear,7.984,1.3548627490532001
linear,7.988,1.3479518672924269
linear,7.992,1.3412364283845497
linear,7.996,1.3347181345259496
poly2,0.0,0.7995700595182523
poly2,0.004,0.7928059874710565
poly2,0.008,0.7861413944301
poly2,0.012,0.7795800929282584
poly2,0.016,0.773125973608127
poly2,0.02,0.7667830044767769
poly2,0.024,0.7605552296511788
poly2,0.028,0.754446767549726
poly2,0.032,0.7484618084843995
poly2,0.036000000000000004,0.742604611607694
poly2,0.04,0.7368795011686522
poly2,0.044,0.7312908620332691
poly2,0.048,0.7258431344262878
poly2,0.052000000000000005,0.720540807854112
poly2,0.056,0.7153884141723033
poly2,0.06,0.710390519766052
poly2,0.064,0.705551716818167
poly2,0.068,0.7008766136466159
poly2,0.07200000000000001,0.6963698241025197
poly2,0.076,0.692035956029758
poly2,0.08,0.6878795987989859
poly2,0.084,0.6839053099418172
poly2,0.088,0.6801176009250711
poly2,0.092,0.6765209221201568
poly2,0.096,0.6731196470386143
poly2,0.1,0.6699180559212717
poly2,0.10400000000000001,0.6669203187850272
poly2,0.108,0.6641304780475145
poly2,0.112,0.6615524308653893
poly2,0.116,0.6591899113361663
poly2,0.12,0.6570464727259216
poly2,0.124,0.655125469895231
poly2,0.128,0.6534300421029139
poly2,0.132,0.6519630963710862
poly2,0.136,0.6507272915952589
poly2,0.14,0.6497250235795216
poly2,0.14400000000000002,0.6489584111690444
poly2,0.148,0.648429283640198
poly2,0.152,0.6481391694926784
poly2,0.156,0.6480892867684069
poly2,0.16,0.6482805349991063
poly2,0.164,0.6487134888588841
poly2,0.168,0.6493883935705972
poly2,0.17200000000000001,0.6503051620859714
poly2,0.176,0.6514633740302308
poly2,0.18,0.652862276373204
poly2,0.184,0.6545007857612898
poly2,0.188,0.6563774924190479
poly2,0.192,0.6584906655061874
poly2,0.196,0.660838259795862
poly2,0.2,0.6634179235238722
poly2,0.20400000000000001,0.6662270072458641
poly2,0.20800000000000002,0.6692625735310088
poly2,0.212,0.6725214073159294
poly2,0.216,0.6760000267416577
poly2,0.22,0.6796946942989159
poly2,0.224,0.6836014281126757
poly2,0.228,0.6877160132053941
poly2,0.232,0.6920340125891242
poly2,0.23600000000000002,0.6965507780494324
poly2,0.24,0.7012614604983358
poly2,0.244,0.7061610197888872
poly2,0.248,0.7112442339002939
poly2,0.252,0.7165057074192451
poly2,0.256,0.7219398792602638
poly2,0.26,0.7275410295852094
poly2,0.264,0.7333032858994695
poly2,0.268,0.7392206283198713
poly2,0.272,0.7452868940269165
poly2,0.276,0.7514957809316886
poly2,0.28,0.7578408506057982
poly2,0.28400000000000003,0.7643155305411214
poly2,0.28800000000000003,0.7709131158249732
poly2,0.292,0.7776267703358555
poly2,0.296,0.7844495275850469
poly2,0.3,0.7913742913500622
poly2,0.304,0.7983938362672799
poly2,0.308,0.8055008085725538
poly2,0.312,0.8126877271999653
poly2,0.316,0.819946985469425
poly2,0.32,0.8272708536127199
poly2,0.324,0.834651482403715
poly2,0.328,0.8420809081703908
poly2,0.332,0.8495510594725643
poly2,0.336,0.8570537657276613
poly2,0.34,0.8645807680557663
poly2,0.34400000000000003,0.8721237325922999
poly2,0.34800000000000003,0.8796742664801298
poly2,0.352,0.8872239367010615
poly2,0.356,0.8947642918383772
poly2,0.36,0.9022868867771205
poly2,0.364,0.9097833102479191
poly2,0.368,0.9172452150054322
poly2,0.372,0.92466435030756
poly2,0.376,0.9320325962315682
poly2,0.38,0.9393419992348973
poly2,0.384,0.9465848082495908
poly2,0.388,0.9537535104987291
poly2,0.392,0.9608408661499068
poly2,0.396,0.9678399408829307
poly2,0.4,0.9747441354533445
poly2,0.404,0.9815472113843893
poly2,0.40800000000000003,0.9882433120188464
poly2,0.41200000000000003,0.9948269783061882
poly2,0.41600000000000004,1.0012931588832312
poly2,0.42,1.0076372142179493
poly2,0.424,1.0138549148133431
poly2,0.428,1.0199424336967833
poly2,0.432,1.0258963336350928
poly2,0.436,1.0317135497032786
poly2,0.44,1.0373913679841296
poly2,0.444,1.0429274012794525
poly2,0.448,1.0483195627680175
poly2,0.452,1.0535660385511219
poly2,0.456,1.05866525998826
poly2,0.46,1.0636158766498423
poly2,0.464,1.0684167306099848
poly2,0.468,1.0730668326796156
poly2,0.47200000000000003,1.077565341047673
poly2,0.47600000000000003,1.0819115426642294
poly2,0.48,1.0861048375706814
poly2,0.484,1.0901447262637747
poly2,0.488,1.0940308000755188
poly2,0.492,1.0977627344619727
poly2,0.496,1.1013402850209972
poly2,0.5,1.104763286002123
poly2,0.504,1.1080316510297352
poly2,0.508,1.1111453757323975
poly2,0.512,1.1141045419547762
poly2,0.516,1.1169093232225888
poly2,0.52,1.1195599911336351
poly2,0.524,1.1220569223576784
poly2,0.528,1.1244006059433282
poly2,0.532,1.126591650649728
poly2,0.536,1.1286307920437306
poly2,0.54,1.1305188991283297
poly2,0.544,1.1322569802946436
poly2,0.548,1.1338461884172015
poly2,0.552,1.1352878249401717
poly2,0.556,1.1365833428303609
poly2,0.56,1.13773434830108
poly2,0.5640000000000001,1.1387426012392585
poly2,0.5680000000000001,1.1396100142964336
poly2,0.5720000000000001,1.1403386506322346
poly2,0.5760000000000001,1.140930720326503
poly2,0.58,1.1413885755028932
poly2,0.584,1.1417147042321119
poly2,0.588,1.141911723306371
poly2,0.592,1.1419823699974878
poly2,0.596,1.1419294929287038
poly2,0.6,1.1417560422042383
poly2,0.604,1.1414650589503508
poly2,0.608,1.1410596644270545
poly2,0.612,1.1405430488705341
poly2,0.616,1.1399184602229686
poly2,0.62,1.1391891928991449
poly2,0.624,1.1383585767285556
poly2,0.628,1.1374299661981961
poly2,0.632,1.1364067301057261
poly2,0.636,1.135292241715829
poly2,0.64,1.1340898694951052
poly2,0.644,1.132802968483428
poly2,0.648,1.1314348723428562
poly2,0.652,1.1299888861094547
poly2,0.656,1.12846827965903
poly2,0.66,1.1268762818851012
poly2,0.664,1.1252160755765337
poly2,0.668,1.123490792973179
poly2,0.672,1.121703511970584
poly2,0.676,1.1198572529392496
poly2,0.68,1.1179549761198941
poly2,0.684,1.1159995795535531
poly2,0.6880000000000001,1.113993897503928
poly2,0.6920000000000001,1.1119406993290308
poly2,0.6960000000000001,1.1098426887596273
poly2,0.7000000000000001,1.1077025035431458
poly2,0.704,1.1055227154133864
poly2,0.708,1.1033058303484211
poly2,0.712,1.1010542890814072
poly2,0.716,1.0987704678315073
poly2,0.72,1.0964566792246728
poly2,0.724,1.0941151733766132
poly2,0.728,1.0917481391127835
poly2,0.732,1.0893577053026502
poly2,0.736,1.0869459422878083
poly2,0.74,1.0845148633856778
poly2,0.744,1.0820664264525393
poly2,0.748,1.0796025354915018
poly2,0.752,1.0771250422927128
poly2,0.756,1.074635748094639
poly2,0.76,1.072136405256645
poly2,0.764,1.0696287189343143
poly2,0.768,1.0671143487500845
poly2,0.772,1.0645949104527155
poly2,0.776,1.062071977559979
poly2,0.78,1.0595470829797071
poly2,0.784,1.0570217206049732
poly2,0.788,1.0544973468797552
poly2,0.792,1.0519753823319014
poly2,0.796,1.0494572130706403
poly2,0.8,1.0469441922462086
poly2,0.804,1.04443764146948
poly2,0.808,1.0419388521897073
poly2,0.812,1.0394490870286912
poly2,0.8160000000000001,1.0369695810698574
poly2,0.8200000000000001,1.0345015431008409
poly2,0.8240000000000001,1.0320461568082857
poly2,0.8280000000000001,1.0296045819236328
poly2,0.8320000000000001,1.027177955318736
poly2,0.836,1.0247673920501668
poly2,0.84,1.0223739863511025
poly2,0.844,1.0199988125696937
poly2,0.848,1.0176429260528042
poly2,0.852,1.0153073639740167
poly2,0.856,1.012993146104765
poly2,0.86,1.0107012755274496
poly2,0.864,1.0084327392893568
poly2,0.868,1.0061885089961762
poly2,0.872,1.0039695413438994
poly2,0.876,1.001776778587828
poly2,0.88,0.999611148947421
poly2,0.884,0.9974735669456696
poly2,0.888,0.995364933681671
poly2,0.892,0.9932861370350553
poly2,0.896,0.9912380518009009
poly2,0.9,0.9892215397537655
poly2,0.904,0.987237449639446
poly2,0.908,0.9852866170930831
poly2,0.912,0.9833698644822186
poly2,0.916,0.9814880006734213
poly2,0.92,0.9796418207211032
poly2,0.924,0.977832105477151
poly2,0.928,0.976059621120019
poly2,0.932,0.9743251186019318
poly2,0.936,0.9726293330128666
poly2,0.9400000000000001,0.970972982859997
poly2,0.9440000000000001,0.9693567692612948
poly2,0.9480000000000001,0.9677813750519964
poly2,0.9520000000000001,0.966247463802658
poly2,0.9560000000000001,0.9647556787475275
poly2,0.96,0.9633066416219691
poly2,0.964,0.9619009514076886
poly2,0.968,0.960539182984499
poly2,0.972,0.9592218856873789
poly2,0.976,0.9579495817675759
poly2,0.98,0.9567227647565139
poly2,0.984,0.9555418977312774
poly2,0.988,0.9544074114804759
poly2,0.992,0.9533197025693273
poly2,0.996,0.952279131302876
poly2,1.0,0.951286019586358
poly2,1.004,0.9503406486818804
poly2,1.008,0.9494432568607977
poly2,1.012,0.9485940369514412
poly2,1.016,0.9477931337822738
poly2,1.02,0.9470406415210247
poly2,1.024,0.946336600911039
poly2,1.028,0.9456809964069132
poly2,1.032,0.9450737532125432
poly2,1.036,0.9445147342260339
poly2,1.04,0.9440037368975288
poly2,1.044,0.9435404900079692
poly2,1.048,0.943124650379173
poly2,1.052,0.9427557995283824
poly2,1.056,0.9424334402837466
poly2,1.06,0.9421569933810134
poly2,1.064,0.941925794066095
poly2,1.068,0.9417390887331673
poly2,1.072,0.9415960316335281
poly2,1.076,0.9414956816966205
poly2,1.08,0.9414369995112757
poly2,1.084,0.9414188445223667
poly2,1.088,0.941439972505399
poly2,1.092,0.9414990333890234
poly2,1.096,0.9415945695026442
poly2,1.1,0.9417250143329337
poly2,1.104,0.9418886918786809
poly2,1.108,0.9420838166975187
poly2,1.112,0.9423084947401428
poly2,1.116,0.9425607250670781
poly2,1.12,0.9428384025393385
poly2,1.124,0.9431393215669518
poly2,1.1280000000000001,0.9434611809879809
poly2,1.1320000000000001,0.9438015901352108
poly2,1.1360000000000001,0.9441580761282511
poly2,1.1400000000000001,0.9445280924059413
poly2,1.1440000000000001,0.9449090284884528
poly2,1.1480000000000001,0.9452982209316867
poly2,1.1520000000000001,0.9456929654099193
poly2,1.156,0.9460905298379361
poly2,1.16,0.9464881684227955
poly2,1.164,0.9468831365193937
poly2,1.168,0.9472727061540706
poly2,1.172,0.9476541820769198
poly2,1.176,0.9480249182055245
poly2,1.18,0.9483823343289343
poly2,1.184,0.94872393294836
poly2,1.188,0.9490473161372242
poly2,1.192,0.9493502023046491
poly2,1.196,0.949630442740351
poly2,1.2,0.949886037803313
poly2,1.204,0.9501151525910394
poly2,1.208,0.9503161318919571
poly2,1.212,0.9504875141837047
poly2,1.216,0.9506280443995507
poly2,1.22,0.9507366851499519
poly2,1.224,0.9508126260629115
poly2,1.228,0.950855290901423
poly2,1.232,0.9508643421337691
poly2,1.236,0.9508396826755515
poly2,1.24,0.9507814545911047
poly2,1.244,0.9506900346335809
poly2,1.248,0.9505660266118297
poly2,1.252,0.9504102506904545
poly2,1.256,0.9502237298479195
poly2,1.26,0.9500076738269639
poly2,1.264,0.9497634610032891
poly2,1.268,0.9494926186658985
poly2,1.272,0.949196802241401
poly2,1.276,0.9488777740037604
poly2,1.28,0.948537381791801
poly2,1.284,0.9481775382130578
poly2,1.288,0.9478002007496631
poly2,1.292,0.9474073531062641
poly2,1.296,0.9470009880578079
poly2,1.3,0.9465830919724331
poly2,1.304,0.9461556311065328
poly2,1.308,0.9457205396990996
poly2,1.312,0.9452797098330977
poly2,1.316,0.9448349829840741
poly2,1.32,0.9443881431406849
poly2,1.324,0.943940911357601
poly2,1.328,0.9434949415872046
poly2,1.332,0.9430518176310775
poly2,1.336,0.9426130510537944
poly2,1.34,0.942180079908389
poly2,1.344,0.9417542681334934
poly2,1.348,0.9413369054952188
poly2,1.352,0.9409292079612449
poly2,1.356,0.9405323184093856
poly2,1.36,0.9401473075874464
poly2,1.364,0.9397751752549359
poly2,1.368,0.9394168514498776
poly2,1.372,0.9390731978353015
poly2,1.3760000000000001,0.9387450090899983
poly2,1.3800000000000001,0.9384330143166653
poly2,1.3840000000000001,0.9381378784478247
poly2,1.3880000000000001,0.9378602036358725
poly2,1.3920000000000001,0.9376005306184725
poly2,1.3960000000000001,0.9373593400543878
poly2,1.4000000000000001,0.9371370538278612
poly2,1.4040000000000001,0.9369340363219612
poly2,1.408,0.9367505956630813
poly2,1.412,0.9365869849400564
poly2,1.416,0.9364434034023599
poly2,1.42,0.9363199976425914
poly2,1.424,0.9362168627690928
poly2,1.428,0.9361340435751118
poly2,1.432,0.9360715357115298
poly2,1.436,0.9360292868708233
poly2,1.44,0.9360071979907041
poly2,1.444,0.9360051244867804
poly2,1.448,0.9360228775246082
poly2,1.452,0.9360602253426512
poly2,1.456,0.9361168946389384
poly2,1.46,0.9361925720354731
poly2,1.464,0.9362869056357571
poly2,1.468,0.9363995066919267
poly2,1.472,0.9365299513989708
poly2,1.476,0.9366777828340839
poly2,1.48,0.9368425130593299
poly2,1.484,0.9370236254052532
poly2,1.488,0.9372205769517509
poly2,1.492,0.9374328012202104
poly2,1.496,0.937659711087551
poly2,1.5,0.9379007019281712
poly2,1.504,0.9381551549839475
poly2,1.508,0.9384224409552202
poly2,1.512,0.9387019237972953
poly2,1.516,0.9389929646974944
poly2,1.52,0.9392949261974399
poly2,1.524,0.9396071764144805
poly2,1.528,0.9399290933053385
poly2,1.532,0.9402600689048105
poly2,1.536,0.9405995134632701
poly2,1.54,0.9409468593994783
poly2,1.544,0.9413015649804795
poly2,1.548,0.9416631176387193
poly2,1.552,0.9420310368384974
poly2,1.556,0.9424048764097425
poly2,1.56,0.9427842262770284
poly2,1.564,0.9431687135255741
poly2,1.568,0.943558002763336
poly2,1.572,0.9439517957585615
poly2,1.576,0.944349830354499
poly2,1.58,0.9447518786863809
poly2,1.584,0.9451577447491815
poly2,1.588,0.9455672613869867
poly2,1.592,0.9459802867949941
poly2,1.596,0.9463967006423868
poly2,1.6,0.9468163999378294
poly2,1.604,0.9472392947687045
poly2,1.608,0.947665304050153
poly2,1.612,0.9480943514205293
poly2,1.616,0.9485263614161547
poly2,1.62,0.9489612560506104
poly2,1.624,0.9493989519126579
poly2,1.6280000000000001,0.9498393578826795
poly2,1.6320000000000001,0.9502823735508386
poly2,1.6360000000000001,0.9507278884013888
poly2,1.6400000000000001,0.9511757818072475
poly2,1.6440000000000001,0.9516259238574595
poly2,1.6480000000000001,0.9520781770179492
poly2,1.6520000000000001,0.9525323986033822
poly2,1.6560000000000001,0.9529884440154026
poly2,1.6600000000000001,0.9534461706804663
poly2,1.6640000000000001,0.953905442599375
poly2,1.668,0.9543661354010012
poly2,1.672,0.9548281417751635
poly2,1.676,0.9552913771447882
poly2,1.68,0.9557557854260301
poly2,1.684,0.9562213447175367
poly2,1.688,0.956688072757075
poly2,1.692,0.9571560319856941
poly2,1.696,0.9576253340667271
poly2,1.7,0.9580961437192203
poly2,1.704,0.9585686817425675
poly2,1.708,0.9590432271306906
poly2,1.712,0.95952011819926
poly2,1.716,0.9599997526771655
poly2,1.72,0.9604825867425586
poly2,1.724,0.9609691330130132
poly2,1.728,0.9614599575274314
poly2,1.732,0.961955675783033
poly2,1.736,0.9624569479131226
poly2,1.74,0.9629644731094684
poly2,1.744,0.9634789834065691
poly2,1.748,0.9640012369535296
poly2,1.752,0.9645320109027932
poly2,1.756,0.9650720940438307
poly2,1.76,0.9656222793046136
poly2,1.764,0.9661833562349142
poly2,1.768,0.9667561035739635
poly2,1.772,0.9673412819915495
poly2,1.776,0.9679396270770175
poly2,1.78,0.9685518426356012
poly2,1.784,0.9691785943366702
poly2,1.788,0.9698205037443961
poly2,1.792,0.9704781427484178
poly2,1.796,0.9711520284006303
poly2,1.8,0.971842618154432
poly2,1.804,0.9725503054947646
poly2,1.808,0.9732754159410618
poly2,1.812,0.9740182034007766
poly2,1.816,0.9747788468483998
poly2,1.82,0.9755574473036838
poly2,1.824,0.9763540250830538
poly2,1.828,0.9771685172997311
poly2,1.832,0.9780007755908479
poly2,1.836,0.9788505640535835
poly2,1.84,0.979717557377047
poly2,1.844,0.980601339162097
poly2,1.848,0.9815014004274383
poly2,1.852,0.9824171383070268
poly2,1.856,0.9833478549509426
poly2,1.86,0.9842927566492765
poly2,1.864,0.985250953206083
poly2,1.868,0.9862214575978425
poly2,1.872,0.9872031859579083
poly2,1.8760000000000001,0.9881949579347824
poly2,1.8800000000000001,0.9891954974773848
poly2,1.8840000000000001,0.9902034341043315
poly2,1.8880000000000001,0.9912173047161366
poly2,1.8920000000000001,0.9922355560086439
poly2,1.8960000000000001,0.9932565475423599
poly2,1.9000000000000001,0.9942785555151239
poly2,1.9040000000000001,0.9952997772742955
poly2,1.9080000000000001,0.9963183365890111
poly2,1.9120000000000001,0.9973322896829797
poly2,1.9160000000000001,0.9983396320039294
poly2,1.92,0.9993383056778237
poly2,1.924,1.000326207565347
poly2,1.928,1.0013011978065103
poly2,1.932,1.002261108708597
poly2,1.936,1.0032037538055492
poly2,1.94,1.0041269368959906
poly2,1.944,1.0050284608552977
poly2,1.948,1.0059061360169177
poly2,1.952,1.006757787931567
poly2,1.956,1.0075812643410402
poly2,1.96,1.0083744412460334
poly2,1.964,1.0091352280030939
poly2,1.968,1.0098615714516417
poly2,1.972,1.010551459143717
poly2,1.976,1.0112029218215295
poly2,1.98,1.0118140353552423
poly2,1.984,1.0123829224100553
poly2,1.988,1.0129077541523874
poly2,1.992,1.0133867523257973
poly2,1.996,1.0138181920255929
poly2,2.0,1.0142004054760316
poly2,2.004,1.0145317870664103
poly2,2.008,1.0148107998346572
poly2,2.012,1.0150359835030907
poly2,2.016,1.0152059640756117
poly2,2.02,1.0153194649042423
poly2,2.024,1.0153753190313615
poly2,2.028,1.015372482517866
poly2,2.032,1.0153100483821447
poly2,2.036,1.0151872607049446
poly2,2.04,1.0150035284049033
poly2,2.044,1.0147584381619148
poly2,2.048,1.0144517659627355
poly2,2.052,1.0140834867664508
poly2,2.056,1.013653781836534
poly2,2.06,1.0131630433598695
poly2,2.064,1.0126118760683929
poly2,2.068,1.0120010956916956
poly2,2.072,1.0113317241931605
poly2,2.076,1.0106049818710874
poly2,2.08,1.0098222765320344
poly2,2.084,1.0089851900583584
poly2,2.088,1.0080954627884404
poly2,2.092,1.0071549762003342
poly2,2.096,1.0061657344336383
poly2,2.1,1.0051298451986628
poly2,2.104,1.0040495006073373
poly2,2.108,1.002926958419958
poly2,2.112,1.0017645241407191
poly2,2.116,1.000564534319139
poly2,2.12,0.9993293413303979
poly2,2.124,0.9980612998215189
poly2,2.128,0.9967627549276221
poly2,2.132,0.9954360322874928
poly2,2.136,0.9940834298233195
poly2,2.14,0.9927072111974138
poly2,2.144,0.9913096008194844
poly2,2.148,0.9898927802511691
poly2,2.152,0.9884588858389431
poly2,2.156,0.9870100074005965
poly2,2.16,0.9855481877925076
poly2,2.164,0.9840754231930182
poly2,2.168,0.982593663949691
poly2,2.172,0.9811048158534851
poly2,2.176,0.9796107417196168
poly2,2.18,0.9781132631719979
poly2,2.184,0.9766141625447773
poly2,2.188,0.975115184830106
poly2,2.192,0.9736180396152999
poly2,2.196,0.9721244029649337
poly2,2.2,0.9706359192138961
poly2,2.204,0.9691542026461525
poly2,2.208,0.9676808390409743
poly2,2.212,0.9662173870739107
poly2,2.216,0.9647653795639993
poly2,2.22,0.9633263245619131
poly2,2.224,0.9619017062761408
poly2,2.228,0.960492985836152
poly2,2.232,0.9591016018930192
poly2,2.236,0.9577289710593184
poly2,2.24,0.9563764881914484
poly2,2.244,0.9550455265188861
poly2,2.248,0.9537374376263731
poly2,2.2520000000000002,0.9524535512965879
poly2,2.2560000000000002,0.9511951752224824
poly2,2.2600000000000002,0.9499635946000783
poly2,2.2640000000000002,0.9487600716140119
poly2,2.2680000000000002,0.9475858448294312
poly2,2.2720000000000002,0.9464421285048479
poly2,2.2760000000000002,0.9453301118411502
poly2,2.2800000000000002,0.9442509581821381
poly2,2.2840000000000003,0.9432058041815641
poly2,2.2880000000000003,0.9421957589507504
poly2,2.2920000000000003,0.9412219031994453
poly2,2.2960000000000003,0.9402852883806538
poly2,2.3000000000000003,0.9393869358478846
poly2,2.3040000000000003,0.9385278360306396
poly2,2.308,0.9377089476311895
poly2,2.312,0.9369311968428475
poly2,2.316,0.9361954765872443
poly2,2.32,0.9355026457656184
poly2,2.324,0.9348535285170687
poly2,2.328,0.9342489134751173
poly2,2.332,0.933689553012937
poly2,2.336,0.9331761624672854
poly2,2.34,0.9327094193315265
poly2,2.344,0.9322899624092024
poly2,2.348,0.9319183909213133
poly2,2.352,0.9315952635627827
poly2,2.356,0.9313210975063735
poly2,2.36,0.9310963673555032
poly2,2.364,0.9309215040508066
poly2,2.368,0.9307968937387914
poly2,2.372,0.9307228766143648
poly2,2.376,0.9306997457522131
poly2,2.38,0.930727745944879
poly2,2.384,0.9308070725677468
poly2,2.388,0.930937870492947
poly2,2.392,0.9311202330753054
poly2,2.396,0.9313542012338771
poly2,2.4,0.9316397626522794
poly2,2.404,0.9319768511199618
poly2,2.408,0.9323653460347879
poly2,2.412,0.9328050720848905
poly2,2.416,0.933295799124773
poly2,2.42,0.9338372422571931
poly2,2.424,0.9344290621285628
poly2,2.428,0.9350708654415808
poly2,2.432,0.9357622056846896
poly2,2.436,0.9365025840738956
poly2,2.44,0.9372914506985515
poly2,2.444,0.9381282058591097
poly2,2.448,0.9390122015816187
poly2,2.452,0.9399427432910127
poly2,2.456,0.9409190916230802
poly2,2.46,0.9419404643534811
poly2,2.464,0.9430060384212933
poly2,2.468,0.9441149520244029
poly2,2.472,0.9452663067645423
poly2,2.476,0.9464591698209286
poly2,2.48,0.9476925761332264
poly2,2.484,0.9489655305768959
poly2,2.488,0.9502770101167979
poly2,2.492,0.9516259659281558
poly2,2.496,0.9530113254775007
poly2,2.5,0.9544319945599214
poly2,2.504,0.9558868592927346
poly2,2.508,0.9573747880693615
poly2,2.512,0.958894633480669
poly2,2.516,0.9604452342140899
poly2,2.52,0.9620254169433478
poly2,2.524,0.963633998223351
poly2,2.528,0.9652697864056681
poly2,2.532,0.9669315835897299
poly2,2.536,0.9686181876233828
poly2,2.54,0.9703283941635309
poly2,2.544,0.9720609988032299
poly2,2.548,0.9738147992657089
poly2,2.552,0.9755885976584585
poly2,2.556,0.9773812027718082
poly2,2.56,0.9791914323966064
poly2,2.564,0.9810181156249917
poly2,2.568,0.9828600950873021
poly2,2.572,0.9847162290674104
poly2,2.576,0.9865853934288943
poly2,2.58,0.9884664832760837
poly2,2.584,0.9903584142679713
poly2,2.588,0.9922601234998172
poly2,2.592,0.9941705698677333
poly2,2.596,0.9960887338359203
poly2,2.6,0.9980136165349336
poly2,2.604,0.9999442381322702
poly2,2.608,1.0018796354335175
poly2,2.612,1.003818858692721
poly2,2.616,1.0057609676337806
poly2,2.62,1.0077050267095824
poly2,2.624,1.0096500996511582
poly2,2.628,1.011595243384306
poly2,2.632,1.013539501414679
poly2,2.636,1.0154818968034314
poly2,2.64,1.0174214248732603
poly2,2.644,1.019357045798553
poly2,2.648,1.0212876772429726
poly2,2.652,1.0232121872131017
poly2,2.656,1.0251293872977123
poly2,2.66,1.027038026459129
poly2,2.664,1.0289367855361116
poly2,2.668,1.0308242726071
poly2,2.672,1.0326990193486343
poly2,2.676,1.0345594785064267
poly2,2.68,1.036404022575912
poly2,2.684,1.0382309437650625
poly2,2.688,1.0400384552846051
poly2,2.692,1.0418246939795082
poly2,2.696,1.0435877242805862
poly2,2.7,1.0453255434166382
poly2,2.704,1.0470360877862332
poly2,2.708,1.048717240345141
poly2,2.712,1.0503668388221228
poly2,2.716,1.0519826845344815
poly2,2.72,1.0535625515381786
poly2,2.724,1.0551041958184748
poly2,2.728,1.0566053642092983
poly2,2.732,1.0580638027258422
poly2,2.736,1.0594772640078975
poly2,2.74,1.0608435136026892
poly2,2.744,1.0621603348657953
poly2,2.748,1.0634255323259763
poly2,2.7520000000000002,1.0646369334414436
poly2,2.7560000000000002,1.0657923887670115
poly2,2.7600000000000002,1.0668897706480815
poly2,2.7640000000000002,1.0679269706521866
poly2,2.7680000000000002,1.0689018960355336
poly2,2.7720000000000002,1.0698124656145862
poly2,2.7760000000000002,1.0706566054664164
poly2,2.7800000000000002,1.0714322449129234
poly2,2.7840000000000003,1.0721373132512764
poly2,2.7880000000000003,1.07276973767622
poly2,2.7920000000000003,1.073327442800657
poly2,2.7960000000000003,1.0738083521221091
poly2,2.8000000000000003,1.074210391707918
poly2,2.8040000000000003,1.0745314962856471
poly2,2.8080000000000003,1.074769617831455
poly2,2.8120000000000003,1.0749227366525083
poly2,2.816,1.074988874863854
poly2,2.82,1.0749661120691387
poly2,2.824,1.0748526029714502
poly2,2.828,1.074646596568058
poly2,2.832,1.0743464565232421
poly2,2.836,1.0739506822684526
poly2,2.84,1.0734579303497793
poly2,2.844,1.0728670355295067
poly2,2.848,1.0721770311509577
poly2,2.852,1.0713871682926264
poly2,2.856,1.0704969332669092
poly2,2.86,1.0695060630581474
poly2,2.864,1.068414558341756
poly2,2.868,1.0672226937786515
poly2,2.872,1.0659310253354695
poly2,2.876,1.0645403944404308
poly2,2.88,1.0630519288475173
poly2,2.884,1.061467040148841
poly2,2.888,1.0597874179481306
poly2,2.892,1.0580150207881958
poly2,2.896,1.0561520640121775
poly2,2.9,1.0542010048308978
poly2,2.904,1.0521645249635596
poly2,2.908,1.0500455113113627
poly2,2.912,1.047847035207214
poly2,2.916,1.0455723308528502
poly2,2.92,1.0432247736011333
poly2,2.924,1.0408078587609828
poly2,2.928,1.0383251815922279
poly2,2.932,1.035780419116431
poly2,2.936,1.033177314298285
poly2,2.94,1.0305196630524254
poly2,2.944,1.0278113044049235
poly2,2.948,1.0250561139891385
poly2,2.952,1.0222580008825692
poly2,2.956,1.019420907593238
poly2,2.96,1.0165488127774966
poly2,2.964,1.0136457360108575
poly2,2.968,1.0107157436347896
poly2,2.972,1.0077629543638997
poly2,2.976,1.0047915429660972
poly2,2.98,1.0018057399447344
poly2,2.984,0.99880982480093
poly2,2.988,0.9958081102125398
poly2,2.992,0.9928049144464142
poly2,2.996,0.9898045196676437
poly2,3.0,0.9868111146794366
poly2,3.004,0.9838287221403743
poly2,3.008,0.9808611124764954
poly2,3.012,0.977911709360882
poly2,3.016,0.9749834943577316
poly2,3.02,0.972078920483983
poly2,3.024,0.9691998453085919
poly2,3.028,0.9663474932294023
poly2,3.032,0.9635224536150071
poly2,3.036,0.9607247170356077
poly2,3.04,0.957953746802359
poly2,3.044,0.9552085786538557
poly2,3.048,0.9524879386215167
poly2,3.052,0.9497903683008984
poly2,3.056,0.947114347790888
poly2,3.06,0.9444584088469128
poly2,3.064,0.9418212335860275
poly2,3.068,0.9392017367355194
poly2,3.072,0.9365991315187037
poly2,3.076,0.9340129806553785
poly2,3.08,0.9314432346413308
poly2,3.084,0.9288902595860449
poly2,3.088,0.9263548565875096
poly2,3.092,0.9238382740530435
poly2,3.096,0.921342213651679
poly2,3.1,0.9188688297963893
poly2,3.104,0.9164207217798184
poly2,3.108,0.9140009170064924
poly2,3.112,0.9116128432811795
poly2,3.116,0.909260287960923
poly2,3.12,0.9069473421149713
poly2,3.124,0.9046783288111694
poly2,3.128,0.9024577163364924
poly2,3.132,0.9002900194813191
poly2,3.136,0.8981796946476391
poly2,3.14,0.8961310368877664
poly2,3.144,0.8941480882699576
poly2,3.148,0.8922345664812381
poly2,3.152,0.8903938199709739
poly2,3.156,0.8886288115125638
poly2,3.16,0.8869421268133196
poly2,3.164,0.8853360001755805
poly2,3.168,0.8838123466081977
poly2,3.172,0.8823727900699071
poly2,3.176,0.8810186807111192
poly2,3.18,0.879751099222814
poly2,3.184,0.8785708522377778
poly2,3.188,0.877478467487841
poly2,3.192,0.87647419969013
poly2,3.196,0.8755580571977593
poly2,3.2,0.8747298555370374
poly2,3.204,0.8739892981921523
poly2,3.208,0.8733360790214715
poly2,3.212,0.8727699960473696
poly2,3.216,0.8722910640148653
poly2,3.22,0.8718996132349497
poly2,3.224,0.8715963643472853
poly2,3.228,0.8713824719946421
poly2,3.232,0.8712595342836794
poly2,3.236,0.8712295688164364
poly2,3.24,0.8712949597184292
poly2,3.244,0.8714583832353933
poly2,3.248,0.8717227218253756
poly2,3.2520000000000002,0.87209097782438
poly2,3.2560000000000002,0.8725661972779836
poly2,3.2600000000000002,0.8731514121576328
poly2,3.2640000000000002,0.8738496050736068
poly2,3.2680000000000002,0.874663695423958
poly2,3.2720000000000002,0.8755965407599877
poly2,3.2760000000000002,0.8766509432053947
poly2,3.2800000000000002,0.8778296489983675
poly2,3.2840000000000003,0.8791353300742364
poly2,3.2880000000000003,0.8805705398976968
poly2,3.2920000000000003,0.8821376407884325
poly2,3.2960000000000003,0.8838387057378547
poly2,3.3000000000000003,0.8856754030756043
poly2,3.3040000000000003,0.8876488763373679
poly2,3.3080000000000003,0.8897596336515106
poly2,3.3120000000000003,0.8920074606575674
poly2,3.3160000000000003,0.8943913685577328
poly2,3.3200000000000003,0.8969095848442968
poly2,3.3240000000000003,0.8995595891566712
poly2,3.3280000000000003,0.9023381912660516
poly2,3.332,0.905241643039305
poly2,3.336,0.908265772061632
poly2,3.34,0.9114061219906938
poly2,3.344,0.9146580840730106
poly2,3.348,0.9180170056801815
poly2,3.352,0.9214782650023874
poly2,3.356,0.9250373057056687
poly2,3.36,0.9286896308141788
poly2,3.364,0.9324307606516216
poly2,3.368,0.9362561646587928
poly2,3.372,0.9401611805598658
poly2,3.376,0.9441409359941069
poly2,3.38,0.9481902869106038
poly2,3.384,0.9523037837488257
poly2,3.388,0.9564756713008291
poly2,3.392,0.9606999222886057
poly2,3.396,0.964970299404164
poly2,3.4,0.9692804369306856
poly2,3.404,0.9736239316113504
poly2,3.408,0.9779944330368625
poly2,3.412,0.9823857258851758
poly2,3.416,0.9867917990845101
poly2,3.42,0.9912068996853964
poly2,3.424,0.9956255714587805
poly2,3.428,1.0000426797885211
poly2,3.432,1.0044534253063024
poly2,3.436,1.0088533490508422
poly2,3.44,1.013238331886962
poly2,3.444,1.0176045906485707
poly2,3.448,1.0219486730928373
poly2,3.452,1.0262674533506764
poly2,3.456,1.030558129175928
poly2,3.46,1.0348182219502653
poly2,3.464,1.0390455800930063
poly2,3.468,1.0432383862432975
poly2,3.472,1.04739516830874
poly2,3.476,1.0515148141884532
poly2,3.48,1.055596589657967
poly2,3.484,1.0596401585281028
poly2,3.488,1.0636456037449098
poly2,3.492,1.0676134475775236
poly2,3.496,1.0715446684572243
poly2,3.5,1.0754407114226967
poly2,3.504,1.0793034885694344
poly2,3.508,1.083135365517577
poly2,3.512,1.0869391298700621
poly2,3.516,1.090717938127181
poly2,3.52,1.0944752387312695
poly2,3.524,1.0982146709173648
poly2,3.528,1.1019399417339557
poly2,3.532,1.1056546866032275
poly2,3.536,1.1093623214939075
poly2,3.54,1.1130658964598663
poly2,3.544,1.1167679604015928
poly2,3.548,1.1204704453489467
poly2,3.552,1.1241745758623183
poly2,3.556,1.1278808062720287
poly2,3.56,1.1315887863893148
poly2,3.564,1.135297355484944
poly2,3.568,1.1390045644309617
poly2,3.572,1.142707726029089
poly2,3.576,1.1464034927311113
poly2,3.58,1.1500879587244752
poly2,3.584,1.1537567800290662
poly2,3.588,1.1574053027778761
poly2,3.592,1.1610286873554911
poly2,3.596,1.1646220153646984
poly2,3.6,1.1681803677661027
poly2,3.604,1.171698865781454
poly2,3.608,1.175172670778036
poly2,3.612,1.178596944770507
poly2,3.616,1.181966778758595
poly2,3.62,1.1852771011442744
poly2,3.624,1.1885225820934098
poly2,3.628,1.1916975510519392
poly2,3.632,1.1947959430780295
poly2,3.636,1.197811285197373
poly2,3.64,1.200736727424875
poly2,3.644,1.2035651158946319
poly2,3.648,1.206289099378165
poly2,3.652,1.208901256638543
poly2,3.656,1.2113942310594694
poly2,3.66,1.2137608604608405
poly2,3.664,1.2159942930720193
poly2,3.668,1.2180880842501107
poly2,3.672,1.2200362718685922
poly2,3.676,1.2218334308774512
poly2,3.68,1.2234747092021812
poly2,3.684,1.2249558479907767
poly2,3.688,1.2262731894334877
poly2,3.692,1.227423675187998
poly2,3.696,1.228404838030389
poly2,3.7,1.2292147888571219
poly2,3.704,1.2298522006745098
poly2,3.708,1.2303162907809257
poly2,3.712,1.230606801998219
poly2,3.716,1.2307239835507757
poly2,3.72,1.230668572021522
poly2,3.724,1.2304417727257178
poly2,3.728,1.2300452418232828
poly2,3.732,1.2294810695228446
poly2,3.736,1.2287517647978112
poly2,3.74,1.2278602421170615
poly2,3.744,1.2268098107710976
poly2,3.748,1.2256041674315097
poly2,3.7520000000000002,1.2242473926054402
poly2,3.7560000000000002,1.2227439516353482
poly2,3.7600000000000002,1.221098700863679
poly2,3.7640000000000002,1.2193168995795391
poly2,3.7680000000000002,1.2174042284927822
poly2,3.7720000000000002,1.2153668159365174
poly2,3.7760000000000002,1.2132112741334589
poly2,3.7800000000000002,1.2109447502726502
poly2,3.7840000000000003,1.2085750018005499
poly2,3.7880000000000003,1.2061105137273855
poly2,3.7920000000000003,1.203560690026401
poly2,3.7960000000000003,1.2009361740339353
poly2,3.8000000000000003,1.1982493862407897
poly2,3.8040000000000003,1.1955154088603657
poly2,3.8080000000000003,1.1927533705969042
poly2,3.8120000000000003,1.1899883990321793
poly2,3.8160000000000003,1.1872537465915713
poly2,3.8200000000000003,1.1845913613899937
poly2,3.8240000000000003,1.182046967443844
poly2,3.8280000000000003,1.1796559324210572
poly2,3.8320000000000003,1.1774252744020992
poly2,3.8360000000000003,1.175328179056078
poly2,3.84,1.1733174212667214
poly2,3.844,1.1713436589384272
poly2,3.848,1.1693656452473575
poly2,3.852,1.167352221065279
poly2,3.856,1.1652806858902478
poly2,3.86,1.1631345400914932
poly2,3.864,1.16090162958823
poly2,3.868,1.1585728326448401
poly2,3.872,1.156141177947529
poly2,3.876,1.153601260697388
poly2,3.88,1.1509488553021048
poly2,3.884,1.1481806567893005
poly2,3.888,1.1452941075918113
poly2,3.892,1.1422872824620935
poly2,3.896,1.1391588144790146
poly2,3.9,1.1359078515569423
poly2,3.904,1.1325340370164323
poly2,3.908,1.1290375105588821
poly2,3.912,1.1254189279906461
poly2,3.916,1.1216794996454182
poly2,3.92,1.1178210489236289
poly2,3.924,1.1138460939160366
poly2,3.928,1.1097579569004208
poly2,3.932,1.1055609087905123
poly2,3.936,1.1012603585582919
poly2,3.94,1.0968631013308532
poly2,3.944,1.0923776430131245
poly2,3.948,1.0878146226142018
poly2,3.952,1.0831873520671171
poly2,3.956,1.0785124774542758
poly2,3.96,1.0738107139230126
poly2,3.964,1.0691074814001047
poly2,3.968,1.0644330275712817
poly2,3.972,1.059821300095636
poly2,3.976,1.0553067157544302
poly2,3.98,1.0509187270193212
poly2,3.984,1.0466760155762544
poly2,3.988,1.042583707304732
poly2,3.992,1.0386356341301464
poly2,3.996,1.0348200698520047
poly2,4.0,1.0311255553544723
poly2,4.0040000000000004,1.0275447264667188
poly2,4.008,1.0240760518757859
poly2,4.0120000000000005,1.0207242506693346
poly2,4.016,1.0175000367197236
poly2,4.0200000000000005,1.0144194095967063
poly2,4.024,1.0115023426108856
poly2,4.0280000000000005,1.008770547633803
poly2,4.032,1.0062441659055765
poly2,4.0360000000000005,1.003937849260784
poly2,4.04,1.001857484724557
poly2,4.0440000000000005,0.9999989939572889
poly2,4.048,0.9983496966874164
poly2,4.0520000000000005,0.9968913607181845
poly2,4.056,0.9956034887838582
poly2,4.0600000000000005,0.9944658481407374
poly2,4.064,0.9934599997151994
poly2,4.0680000000000005,0.9925700320604219
poly2,4.072,0.9917828050967898
poly2,4.0760000000000005,0.991087951614394
poly2,4.08,0.9904778140132116
poly2,4.0840000000000005,0.9899474561417382
poly2,4.088,0.9894948817271715
poly2,4.0920000000000005,0.9891215946690064
poly2,4.096,0.9888336283735526
poly2,4.1,0.9886430987575932
poly2,4.104,0.9885700645395424
poly2,4.108,0.9886437447275226
poly2,4.112,0.9889007730043569
poly2,4.116,0.9893772304018326
poly2,4.12,0.9900943405250165
poly2,4.124,0.9910462839087293
poly2,4.128,0.9922014115410324
poly2,4.132,0.9935158264947326
poly2,4.136,0.9949475581501679
poly2,4.14,0.9964640805105216
poly2,4.144,0.9980441189325285
poly2,4.148,0.9996770667440348
poly2,4.152,1.0013622153877608
poly2,4.156,1.0031087360732724
poly2,4.16,1.0049366780776487
poly2,4.164,1.006878770014342
poly2,4.168,1.0089818922104556
poly2,4.172,1.0113052552394572
poly2,4.176,1.0139108490427269
poly2,4.18,1.0168458952074786
poly2,4.184,1.0201288411623186
poly2,4.188,1.0237528666109483
poly2,4.192,1.0277020441785876
poly2,4.196,1.0319625065260543
poly2,4.2,1.0365208159042314
poly2,4.204,1.0413554694153588
poly2,4.208,1.046431737628986
poly2,4.212,1.051704662080387
poly2,4.216,1.0571267961650015
poly2,4.22,1.0626549176770856
poly2,4.224,1.06825329495512
poly2,4.228,1.0738942434378698
poly2,4.232,1.0795574446171659
poly2,4.236,1.0852290146128745
poly2,4.24,1.090900751769587
poly2,4.244,1.0965696622548173
poly2,4.248,1.1022376912257803
poly2,4.252,1.1079114654648037
poly2,4.256,1.1136017221970889
poly2,4.26,1.1193219811683868
poly2,4.264,1.1250860595850507
poly2,4.268,1.1309044699386488
poly2,4.272,1.1367806175921955
poly2,4.276,1.1427084377112124
poly2,4.28,1.148672731371743
poly2,4.284,1.1546519618691482
poly2,4.288,1.1606219907991966
poly2,4.292,1.1665592260142508
poly2,4.296,1.1724425150550866
poly2,4.3,1.178253895867829
poly2,4.304,1.183978617834489
poly2,4.308,1.189604812086681
poly2,4.312,1.1951230524682495
poly2,4.316,1.2005259288296102
poly2,4.32,1.2058076803764997
poly2,4.324,1.2109638993099905
poly2,4.328,1.2159912992098996
poly2,4.332,1.2208875378086383
poly2,4.336,1.2256510838577728
poly2,4.34,1.2302811196503263
poly2,4.344,1.2347774730607668
poly2,4.348,1.23914057516853
poly2,4.352,1.243371441486667
poly2,4.356,1.2474716765252338
poly2,4.36,1.251443502925284
poly2,4.364,1.255289817734594
poly2,4.368,1.2590142795280066
poly2,4.372,1.2626214308426567
poly2,4.376,1.2661168604058317
poly2,4.38,1.2695074080769926
poly2,4.384,1.2728014108342982
poly2,4.388,1.2760089780637238
poly2,4.392,1.2791422652892268
poly2,4.396,1.2822156832784404
poly2,4.4,1.2852459325111936
poly2,4.404,1.288251699143045
poly2,4.408,1.2912528170260784
poly2,4.412,1.2942687500587957
poly2,4.416,1.297316448567361
poly2,4.42,1.300407982720948
poly2,4.424,1.3035486887188938
poly2,4.428,1.3067365841191843
poly2,4.432,1.3099633676267093
poly2,4.436,1.3132166607729414
poly2,4.44,1.316482731417711
poly2,4.444,1.319748977507626
poly2,4.448,1.3230057727464772
poly2,4.452,1.3262475897063752
poly2,4.456,1.329473464405002
poly2,4.46,1.3326868608996576
poly2,4.464,1.3358949271208556
poly2,4.468,1.3391071137725798
poly2,4.472,1.3423332507554415
poly2,4.476,1.3455814555384864
poly2,4.48,1.3488565335838238
poly2,4.484,1.3521595348120994
poly2,4.488,1.3554886936018788
poly2,4.492,1.358841323919097
poly2,4.496,1.362215797683998
poly2,4.5,1.365612718335088
poly2,4.5040000000000004,1.3690347073425193
poly2,4.508,1.372484697920717
poly2,4.5120000000000005,1.3759632325852325
poly2,4.516,1.3794658489009985
poly2,4.5200000000000005,1.3829817962848172
poly2,4.524,1.3864947221801054
poly2,4.5280000000000005,1.3899849301068405
poly2,4.532,1.3934321528245281
poly2,4.5360000000000005,1.3968178910857687
poly2,4.54,1.4001269074070808
poly2,4.5440000000000005,1.4033479317104711
poly2,4.548,1.4064738320762764
poly2,4.5520000000000005,1.409501496209463
poly2,4.556,1.4124315807776546
poly2,4.5600000000000005,1.415268191046071
poly2,4.564,1.4180184773688536
poly2,4.5680000000000005,1.420692082683869
poly2,4.572,1.4233003521963823
poly2,4.5760000000000005,1.4258552388340024
poly2,4.58,1.4283679241780192
poly2,4.5840000000000005,1.4308473195310134
poly2,4.588,1.4332987573683085
poly2,4.5920000000000005,1.4357232257040962
poly2,4.596,1.4381173636191669
poly2,4.6000000000000005,1.4404741729613337
poly2,4.604,1.4427841642071435
poly2,4.6080000000000005,1.445036575789513
poly2,4.612,1.447220390716335
poly2,4.616,1.4493250284392691
poly2,4.62,1.451340719821878
poly2,4.624,1.4532586406363923
poly2,4.628,1.4550708932029917
poly2,4.632,1.4567704112425397
poly2,4.636,1.4583508398805156
poly2,4.64,1.4598064216258382
poly2,4.644,1.4611319035744739
poly2,4.648,1.4623224710201586
poly2,4.652,1.4633737068517538
poly2,4.656,1.4642815732366947
poly2,4.66,1.4650424110581373
poly2,4.664,1.465652952627964
poly2,4.668,1.466110343832966
poly2,4.672,1.466412172767177
poly2,4.676,1.4665565028695864
poly2,4.68,1.466541909522809
poly2,4.684,1.466367519935257
poly2,4.688,1.4660330569277158
poly2,4.692,1.4655388880009397
poly2,4.696,1.4648860818121643
poly2,4.7,1.4640764749743418
poly2,4.704,1.463112752935834
poly2,4.708,1.461998549580056
poly2,4.712,1.4607385709865521
poly2,4.716,1.4593387491984497
poly2,4.72,1.4578064311366128
poly2,4.724,1.456150604570121
poly2,4.728,1.454382154727798
poly2,4.732,1.4525141276350841
poly2,4.736,1.4505619445137965
poly2,4.74,1.4485434629949823
poly2,4.744,1.4464787251148872
poly2,4.748,1.4443892077448357
poly2,4.752,1.442296474508483
poly2,4.756,1.440220389596109
poly2,4.76,1.4381774309874045
poly2,4.764,1.4361798477257195
poly2,4.768,1.434236134934555
poly2,4.772,1.4323526395687547
poly2,4.776,1.4305355644198214
poly2,4.78,1.4287925753357398
poly2,4.784,1.427133521031552
poly2,4.788,1.4255701314292255
poly2,4.792,1.4241148250401223
poly2,4.796,1.4227789653700649
poly2,4.8,1.4215710826993024
poly2,4.804,1.4204956212925919
poly2,4.808,1.419552568341264
poly2,4.812,1.4187379348538651
poly2,4.816,1.418044737740181
poly2,4.82,1.4174640657971085
poly2,4.824,1.416985961530632
poly2,4.828,1.4166000456205345
poly2,4.832,1.416295930363445
poly2,4.836,1.4160634979027658
poly2,4.84,1.4158930994268606
poly2,4.844,1.4157757028338724
poly2,4.848,1.415702997526382
poly2,4.852,1.4156674581925608
poly2,4.856,1.415662369988631
poly2,4.86,1.4156818204898705
poly2,4.864,1.4157206661856445
poly2,4.868,1.4157744821730114
poly2,4.872,1.4158395031929023
poly2,4.876,1.4159125627831612
poly2,4.88,1.415991035609495
poly2,4.884,1.4160727863340656
poly2,4.888,1.4161561268849048
poly2,4.892,1.4162397827733944
poly2,4.896,1.4163228681794107
poly2,4.9,1.4164048688584923
poly2,4.904,1.4164856314839747
poly2,4.908,1.4165653577789672
poly2,4.912,1.4166446016811989
poly2,4.916,1.4167242677864027
poly2,4.92,1.4168056094094057
poly2,4.924,1.4168902247702553
poly2,4.928,1.4169800500479843
poly2,4.932,1.4170773483460994
poly2,4.936,1.4171846939851478
poly2,4.94,1.4173049519822165
poly2,4.944,1.4174412530930423
poly2,4.948,1.4175969653656917
poly2,4.952,1.4177756637546017
poly2,4.956,1.4179810999183164
poly2,4.96,1.4182171748024608
poly2,4.964,1.4184879169066424
poly2,4.968,1.4187974691646432
poly2,4.972,1.4191500870611204
poly2,4.976,1.4195501499260836
poly2,4.98,1.4200021862954209
poly2,4.984,1.4205109128524933
poly2,4.988,1.421081284862674
poly2,4.992,1.4217185542932602
poly2,4.996,1.4224283300963692
poly2,5.0,1.4232166335403829
poly2,5.0040000000000004,1.4240899401282858
poly2,5.008,1.425055198688687
poly2,5.0120000000000005,1.4261198178839432
poly2,5.016,1.4272916109664093
poly2,5.0200000000000005,1.4285786915451368
poly2,5.024,1.4299893168409037
poly2,5.0280000000000005,1.431531680679561
poly2,5.032,1.4332136661107648
poly2,5.0360000000000005,1.4350425760725463
poly2,5.04,1.4370248680799915
poly2,5.0440000000000005,1.4391659230253224
poly2,5.048,1.4414698765982004
poly2,5.0520000000000005,1.4439395336896146
poly2,5.056,1.4465763727203647
poly2,5.0600000000000005,1.449380631470246
poly2,5.064,1.452351452866894
poly2,5.0680000000000005,1.4554870617123405
poly2,5.072,1.4587849428575719
poly2,5.0760000000000005,1.4622419970657623
poly2,5.08,1.4658546604451028
poly2,5.0840000000000005,1.4696189841467073
poly2,5.088,1.4735306806193251
poly2,5.0920000000000005,1.4775851494127508
poly2,5.096,1.4817774984403982
poly2,5.1000000000000005,1.486102575632061
poly2,5.104,1.49055502162882
poly2,5.1080000000000005,1.4951293477814316
poly2,5.112,1.4998200367228065
poly2,5.1160000000000005,1.5046216566576107
poly2,5.12,1.5095289763120971
poly2,5.124,1.5145370656989365
poly2,5.128,1.5196413684219496
poly2,5.132,1.524837733794169
poly2,5.136,1.5301224010978234
poly2,5.14,1.5354919334582777
poly2,5.144,1.5409431046629902
poly2,5.148,1.5464727483776883
poly2,5.152,1.5520775849114226
poly2,5.156,1.557754044994651
poly2,5.16,1.5634981118697924
poly2,5.164,1.569305201498798
poly2,5.168,1.575170095696055
poly2,5.172,1.5810869352826664
poly2,5.176,1.5870492715713562
poly2,5.18,1.5930501666186698
poly2,5.184,1.599082327372337
poly2,5.188,1.6051382568769264
poly2,5.192,1.611210406863869
poly2,5.196,1.6172913193942904
poly2,5.2,1.623373749531461
poly2,5.204,1.6294507652278756
poly2,5.208,1.635515824033216
poly2,5.212,1.6415628285811301
poly2,5.216,1.6475861641202982
poly2,5.22,1.653580721812871
poly2,5.224,1.6595419113783976
poly2,5.228,1.6654656661397649
poly2,5.232,1.671348442801466
poly2,5.236,1.6771872174746005
poly2,5.24,1.6829794786259948
poly2,5.244,1.6887232168100539
poly2,5.248,1.6944169102710778
poly2,5.252,1.700059504814814
poly2,5.256,1.7056503857963197
poly2,5.26,1.7111893397386368
poly2,5.264,1.716676503096473
poly2,5.268,1.7221122961414115
poly2,5.272,1.727497340991378
poly2,5.276,1.732832364498562
poly2,5.28,1.7381180889887424
poly2,5.284,1.7433551164723387
poly2,5.288,1.7485438144838237
poly2,5.292,1.753684213556222
poly2,5.296,1.7587759268885506
poly2,5.3,1.7638181015889682
poly2,5.304,1.7688094079323737
poly2,5.308,1.773748068795366
poly2,5.312,1.7786319266616517
poly2,5.316,1.783458541319997
poly2,5.32,1.7882253084398916
poly2,5.324,1.792929588040104
poly2,5.328,1.7975688324159278
poly2,5.332,1.8021407049319087
poly2,5.336,1.8066431836054477
poly2,5.34,1.81107464601024
poly2,5.344,1.815433934282296
poly2,5.348,1.819720400686474
poly2,5.352,1.8239339352523274
poly2,5.356,1.8280749774937348
poly2,5.36,1.8321445143290043
poly2,5.364,1.836144066169884
poly2,5.368,1.8400756628843453
poly2,5.372,1.8439418110598578
poly2,5.376,1.8477454537664006
poly2,5.38,1.8514899238729836
poly2,5.384,1.8551788919139338
poly2,5.388,1.8588163095176031
poly2,5.392,1.8624063494760943
poly2,5.396,1.8659533436201365
poly2,5.4,1.8694617197408019
poly2,5.404,1.872935938846524
poly2,5.408,1.8763804340470294
poly2,5.412,1.8797995523110926
poly2,5.416,1.8831975002572345
poly2,5.42,1.8865782950161425
poly2,5.424,1.8899457210631336
poly2,5.428,1.8933032937692738
poly2,5.432,1.8966542302674736
poly2,5.436,1.9000014280755544
poly2,5.44,1.9033474517575955
poly2,5.444,1.9066945277305414
poly2,5.448,1.9100445471282004
poly2,5.452,1.9133990764160145
poly2,5.456,1.9167593752108356
poly2,5.46,1.9201264205102333
poly2,5.464,1.923500936292567
poly2,5.468,1.9268834272323858
poly2,5.472,1.9302742151062742
poly2,5.476,1.9336734763594106
poly2,5.48,1.9370812792741607
poly2,5.484,1.940497619232109
poly2,5.488,1.943922450686139
poly2,5.492,1.9473557146483518
poly2,5.496,1.9507973607375795
poly2,5.5,1.954247363099168
poly2,5.5040000000000004,1.9577057297922273
poly2,5.508,1.9611725055192015
poly2,5.5120000000000005,1.964647767836306
poly2,5.516,1.9681316172205623
poly2,5.5200000000000005,1.97162416157293
poly2,5.524,1.9751254959033857
poly2,5.5280000000000005,1.9786356780715064
poly2,5.532,1.9821547015461227
poly2,5.5360000000000005,1.9856824662030703
poly2,5.54,1.9892187482043138
poly2,5.5440000000000005,1.9927631699994486
poly2,5.548,1.996315171465028
poly2,5.5520000000000005,1.999873983150924
poly2,5.556,2.0034386025367175
poly2,5.5600000000000005,2.0070077741140167
poly2,5.564,2.0105799740008417
poly2,5.5680000000000005,2.0141533996598415
poly2,5.572,2.017725965132631
poly2,5.5760000000000005,2.0212953020200266
poly2,5.58,2.0248587662380118
poly2,5.5840000000000005,2.0284134503711018
poly2,5.588,2.0319562012405807
poly2,5.5920000000000005,2.035483642118756
poly2,5.596,2.038992198865239
poly2,5.6000000000000005,2.042478129148632
poly2,5.604,2.045937553854027
poly2,5.6080000000000005,2.0493664897659905
poly2,5.612,2.0527608826552672
poly2,5.6160000000000005,2.056116639978794
poly2,5.62,2.0594296625161688
poly2,5.6240000000000006,2.0626958744000983
poly2,5.628,2.065911251141393
poly2,5.632,2.069071845390275
poly2,5.636,2.072173810306267
poly2,5.64,2.0752134205225325
poly2,5.644,2.0781870907836923
poly2,5.648,2.0810913924070484
poly2,5.652,2.083923067766731
poly2,5.656,2.086679043029756
poly2,5.66,2.089356439385226
poly2,5.664,2.0919525830054573
poly2,5.668,2.0944650139638825
poly2,5.672,2.096891494311293
poly2,5.676,2.0992300154821755
poly2,5.68,2.101478805167872
poly2,5.684,2.103636333754957
poly2,5.688,2.105701320386642
poly2,5.692,2.107672738663312
poly2,5.696,2.10954982195636
poly2,5.7,2.111332068268551
poly2,5.704,2.1130192445350997
poly2,5.708,2.114611390223919
poly2,5.712,2.1161088200622733
poly2,5.716,2.1175121256920297
poly2,5.72,2.118822176038006
poly2,5.724,2.1200401161651157
poly2,5.728,2.121167364401189
poly2,5.732,2.122205607514199
poly2,5.736,2.123156793755733
poly2,5.74,2.124023123616631
poly2,5.744,2.124807038185211
poly2,5.748,2.1255112050523888
poly2,5.752,2.12613850176948
poly2,5.756,2.1266919969316973
poly2,5.76,2.127174929031203
poly2,5.764,2.127590683295281
poly2,5.768,2.1279427667957846
poly2,5.772,2.1282347821827488
poly2,5.776,2.1284704004557087
poly2,5.78,2.12865333323897
poly2,5.784,2.128787305069588
poly2,5.788,2.128876026237652
poly2,5.792,2.1289231667362682
poly2,5.796,2.128932331881863
poly2,5.8,2.128907040153671
poly2,5.804,2.1288507037735225
poly2,5.808,2.1287666125035862
poly2,5.812,2.1286579210803507
poly2,5.816,2.128527640629141
poly2,5.82,2.128378634315701
poly2,5.824,2.1282136173916966
poly2,5.828,2.1280351616817352
poly2,5.832,2.12784570444298
poly2,5.836,2.127647561407989
poly2,5.84,2.127442943699692
poly2,5.844,2.127233978188783
poly2,5.848,2.1270227307512246
poly2,5.852,2.1268112317815997
poly2,5.856,2.126601503230822
poly2,5.86,2.126395586368493
poly2,5.864,2.1261955694256174
poly2,5.868,2.126003614256346
poly2,5.872,2.1258219811715238
poly2,5.876,2.1256530511445844
poly2,5.88,2.1254993446723605
poly2,5.884,2.125363536688572
poly2,5.888,2.1252484670723755
poly2,5.892,2.12515714646216
poly2,5.896,2.125092757267134
poly2,5.9,2.1250586499556716
poly2,5.904,2.1250583348785157
poly2,5.908,2.1250954700449247
poly2,5.912,2.12517384540101
poly2,5.916,2.1252973642533024
poly2,5.92,2.1254700225322685
poly2,5.924,2.1256958865991034
poly2,5.928,2.125979070266359
poly2,5.932,2.1263237116350266
poly2,5.936,2.126733950255502
poly2,5.94,2.1272139050071512
poly2,5.944,2.127767652971511
poly2,5.948,2.128399209457181
poly2,5.952,2.12911250922894
poly2,5.956,2.129911388905725
poly2,5.96,2.130799570426313
poly2,5.964,2.1317806454389254
poly2,5.968,2.132858060450819
poly2,5.972,2.1340351025731383
poly2,5.976,2.1353148857101374
poly2,5.98,2.1367003370652666
poly2,5.984,2.138194183863991
poly2,5.988,2.139798940220321
poly2,5.992,2.1415168940978258
poly2,5.996,2.1433500943356116
poly2,6.0,2.1453003377265976
poly2,6.0040000000000004,2.1473691561525503
poly2,6.008,2.149557803802305
poly2,6.0120000000000005,2.151867244530708
poly2,6.016,2.1542981394601215
poly2,6.0200000000000005,2.1568508349850015
poly2,6.024,2.159525351411892
poly2,6.0280000000000005,2.1623213725472237
poly2,6.032,2.165238236625341
poly2,6.0360000000000005,2.168274929039152
poly2,6.04,2.171430077384127
poly2,6.0440000000000005,2.174701949343008
poly2,6.048,2.1780884539157745
poly2,6.0520000000000005,2.181587146433805
poly2,6.056,2.18519523769021
poly2,6.0600000000000005,2.1889096073764183
poly2,6.064,2.1927268218486518
poly2,6.0680000000000005,2.1966431560698485
poly2,6.072,2.2006546193964853
poly2,6.0760000000000005,2.20475698471789
poly2,6.08,2.208945820318191
poly2,6.0840000000000005,2.213216523724587
poly2,6.088,2.2175643567337757
poly2,6.0920000000000005,2.221984480771994
poly2,6.096,2.226471991742011
poly2,6.1000000000000005,2.231021953540955
poly2,6.104,2.2356294294933683
poly2,6.1080000000000005,2.240289511032908
poly2,6.112,2.2449973430809846
poly2,6.1160000000000005,2.249748145709619
poly2,6.12,2.254537231835136
poly2,6.1240000000000006,2.259360020864731
poly2,6.128,2.264212048402558
poly2,6.132000000000001,2.2690889723076326
poly2,6.136,2.2739865755722852
poly2,6.140000000000001,2.2789007666463843
poly2,6.144,2.2838275779580415
poly2,6.148,2.28876316346642
poly2,6.152,2.2937037961185314
poly2,6.156,2.298645866065269
poly2,6.16,2.303585880420635
poly2,6.164,2.3085204652252638
poly2,6.168,2.313446370106948
poly2,6.172,2.3183604759270655
poly2,6.176,2.3232598054753932
poly2,6.18,2.3281415370415863
poly2,6.184,2.3330030204663244
poly2,6.188,2.3378417950746146
poly2,6.192,2.342655608733733
poly2,6.196,2.3474424371708906
poly2,6.2,2.352200502640303
poly2,6.204,2.3569282910487392
poly2,6.208,2.361624566731863
poly2,6.212,2.366288384211652
poly2,6.216,2.3709190964458053
poly2,6.22,2.375516359285241
poly2,6.224,2.380080132067422
poly2,6.228,2.3846106744716833
poly2,6.232,2.389108539932505
poly2,6.236,2.3935745660350753
poly2,6.24,2.3980098623985975
poly2,6.244,2.402415796585342
poly2,6.248,2.4067939785619403
poly2,6.252,2.411146244192092
poly2,6.256,2.415474638167673
poly2,6.26,2.4197813966990895
poly2,6.264,2.4240689301972433
poly2,6.268,2.4283398060966292
poly2,6.272,2.4325967318990807
poly2,6.276,2.436842538463662
poly2,6.28,2.4410801635317156
poly2,6.284,2.4453126354560686
poly2,6.288,2.4495430570975647
poly2,6.292,2.453774589857232
poly2,6.296,2.458010437825038
poly2,6.3,2.462253832042946
poly2,6.304,2.466508014898106
poly2,6.308,2.470776224679246
poly2,6.312,2.4750616803442256
poly2,6.316,2.479367566558432
poly2,6.32,2.483697019072086
poly2,6.324,2.4880531105096293
poly2,6.328,2.492438836646773
poly2,6.332,2.4968571032509863
poly2,6.336,2.5013107135599584
poly2,6.34,2.5058023564700966
poly2,6.344,2.5103345955042635
poly2,6.348,2.514909858624427
poly2,6.352,2.519530428951179
poly2,6.356,2.52419843644765
poly2,6.36,2.5289158506203835
poly2,6.364,2.5336844742834344
poly2,6.368,2.538505938424631
poly2,6.372,2.543381698203603
poly2,6.376,2.5483130301003243
poly2,6.38,2.5533010302200974
poly2,6.384,2.5583466137464383
poly2,6.388,2.563450515517458
poly2,6.392,2.56861329168468
poly2,6.396,2.573835322396311
poly2,6.4,2.579116815430523
poly2,6.404,2.584457810689207
poly2,6.408,2.5898581854495375
poly2,6.412,2.595317660260373
poly2,6.416,2.6008358053633995
poly2,6.42,2.606412047515591
poly2,6.424,2.612045677089994
poly2,6.428,2.6177358553361394
poly2,6.432,2.6234816216893453
poly2,6.436,2.6292819010290773
poly2,6.44,2.6351355108002426
poly2,6.444,2.641041167926626
poly2,6.448,2.6469974954621667
poly2,6.452,2.6530030289425532
poly2,6.456,2.6590562224157486
poly2,6.46,2.6651554541450153
poly2,6.464,2.671299031991208
poly2,6.468,2.6774851984918495
poly2,6.472,2.683712135662681
poly2,6.476,2.6899779695527153
poly2,6.48,2.696280774586353
poly2,6.484,2.7026185777257727
poly2,6.488,2.7089893624841874
poly2,6.492,2.715391072815545
poly2,6.496,2.7218216168996925
poly2,6.5,2.7282788708341315
poly2,6.5040000000000004,2.7347606822349873
poly2,6.508,2.7412648737409198
poly2,6.5120000000000005,2.7477892464055063
poly2,6.516,2.7543315829558024
poly2,6.5200000000000005,2.7608896508886653
poly2,6.524,2.7674612053716374
poly2,6.5280000000000005,2.77404399191263
poly2,6.532,2.780635748762031
poly2,6.5360000000000005,2.787234209012969
poly2,6.54,2.7938371023697712
poly2,6.5440000000000005,2.8004421565617212
poly2,6.548,2.8070470983885043
poly2,6.5520000000000005,2.813649654395745
poly2,6.556,2.820247551192743
poly2,6.5600000000000005,2.8268385154407687
poly2,6.564,2.833420273557545
poly2,6.5680000000000005,2.839990551202573
poly2,6.572,2.8465470726275184
poly2,6.5760000000000005,2.853087559995827
poly2,6.58,2.859609732795238
poly2,6.5840000000000005,2.8661113074854723
poly2,6.588,2.8725899975396785
poly2,6.5920000000000005,2.8790435140520545
poly2,6.596,2.885469567093346
poly2,6.6000000000000005,2.8918658680003126
poly2,6.604,2.8982301327827384
poly2,6.6080000000000005,2.9045600868212196
poly2,6.612,2.9108534710090437
poly2,6.6160000000000005,2.9171080494612696
poly2,6.62,2.923321618872138
poly2,6.6240000000000006,2.9294920195482974
poly2,6.628,2.9356171480798463
poly2,6.632000000000001,2.9416949715351564
poly2,6.636,2.9477235429810866
poly2,6.640000000000001,2.9537010180406194
poly2,6.644,2.9596256721098992
poly2,6.648000000000001,2.9654959177718583
poly2,6.652,2.971310321870074
poly2,6.656000000000001,2.977067621651851
poly2,6.66,2.9827667393594774
poly2,6.664,2.98840679464955
poly2,6.668,2.9939871142555203
poly2,6.672,2.9995072383799846
poly2,6.676,3.004966923408962
poly2,6.68,3.010366140675993
poly2,6.684,3.0157050711616638
poly2,6.688,3.020984096184197
poly2,6.692,3.026203784307577
poly2,6.696,3.031364874853518
poly2,6.7,3.0364682585416505
poly2,6.704,3.041514955889616
poly2,6.708,3.0465060940750295
poly2,6.712,3.051442882992002
poly2,6.716,3.0563265912259543
poly2,6.72,3.0611585226255422
poly2,6.724,3.0659399940749785
poly2,6.728,3.070672314971131
poly2,6.732,3.0753567687953636
poly2,6.736,3.079994597047978
poly2,6.74,3.0845869856904704
poly2,6.744,3.089135054123973
poly2,6.748,3.0936398466260377
poly2,6.752,3.0981023260761242
poly2,6.756,3.102523369725273
poly2,6.76,3.1069037667088346
poly2,6.764,3.1112442169632337
poly2,6.768,3.1155453311884886
poly2,6.772,3.1198076314963266
poly2,6.776,3.124031552398111
poly2,6.78,3.128217441815279
poly2,6.784,3.13236556183532
poly2,6.788,3.136476088986079
poly2,6.792,3.140549113857191
poly2,6.796,3.1445846399572797
poly2,6.8,3.1485825817558553
poly2,6.804,3.152542761917327
poly2,6.808,3.156464907788576
poly2,6.812,3.1603486472493096
poly2,6.816,3.1641935040745595
poly2,6.82,3.1679988929902994
poly2,6.824,3.1717641146261535
poly2,6.828,3.175488350583797
poly2,6.832,3.179170658846537
poly2,6.836,3.1828099697561067
poly2,6.84,3.1864050827776205
poly2,6.844,3.1899546642645786
poly2,6.848,3.1934572464235957
poly2,6.852,3.196911227663981
poly2,6.856,3.2003148745010592
poly2,6.86,3.2036663251639688
poly2,6.864,3.2069635950385864
poly2,6.868,3.210204584053204
poly2,6.872,3.213387086087791
poly2,6.876,3.2165088004558897
poly2,6.88,3.2195673454700886
poly2,6.884,3.2225602740567836
poly2,6.888,3.225485091332721
poly2,6.892,3.2283392739948673
poly2,6.896,3.231120291307117
poly2,6.9,3.233825627394439
poly2,6.904,3.2364528044802
poly2,6.908,3.2389994066300596
poly2,6.912,3.241463103501291
poly2,6.916,3.243841673545897
poly2,6.92,3.246133026085725
poly2,6.924,3.248335221674137
poly2,6.928,3.2504464901865355
poly2,6.932,3.2524652461442245
poly2,6.936,3.2543901008733074
poly2,6.94,3.25621987123032
poly2,6.944,3.257953584783062
poly2,6.948,3.2595904815107373
poly2,6.952,3.2611300122706233
poly2,6.956,3.2625718344570616
poly2,6.96,3.263915805439832
poly2,6.964,3.265161974500893
poly2,6.968,3.2663105740810208
poly2,6.972,3.267362011193464
poly2,6.976,3.268316859855875
poly2,6.98,3.2691758553335637
poly2,6.984,3.2699398908782285
poly2,6.988,3.270610017492282
poly2,6.992,3.2711874470568105
poly2,6.996,3.271673558941116
poly2,7.0,3.27206990997516
poly2,7.0040000000000004,3.2723782474261505
poly2,7.008,3.272600524390949
poly2,7.0120000000000005,3.272738916811646
poly2,7.016,3.2727958411569
poly2,7.0200000000000005,3.2727739716993662
poly2,7.024,3.2726762562707328
poly2,7.0280000000000005,3.2725059293968903
poly2,7.032,3.272266521808747
poly2,7.0360000000000005,3.2719618654850295
poly2,7.04,3.271596093601784
poly2,7.0440000000000005,3.2711736350239056
poly2,7.048,3.2706992032567
poly2,7.0520000000000005,3.270177780058556
poly2,7.056,3.26961459417736
poly2,7.0600000000000005,3.2690150958943454
poly2,7.064,3.2683849282252275
poly2,7.0680000000000005,3.2677298957314114
poly2,7.072,3.2670559319318877
poly2,7.0760000000000005,3.266369066283115
poly2,7.08,3.265675391618797
poly2,7.0840000000000005,3.264981032826126
poly2,7.088,3.2642921173933517
poly2,7.0920000000000005,3.2636147483091436
poly2,7.096,3.2629549796390065
poly2,7.1000000000000005,3.2623187949579076
poly2,7.104,3.2617120886884585
poly2,7.1080000000000005,3.2611406502844913
poly2,7.112,3.260610151113132
poly2,7.1160000000000005,3.2601261338239427
poly2,7.12,3.2596940039501705
poly2,7.1240000000000006,3.259319023462018
poly2,7.128,3.2590063059820977
poly2,7.132000000000001,3.25876081337582
poly2,7.136,3.2585873534413645
poly2,7.140000000000001,3.2584905784423803
poly2,7.144,3.258474984249375
poly2,7.148000000000001,3.25854490988104
poly2,7.152,3.2587045372629455
poly2,7.156000000000001,3.258957891047203
poly2,7.16,3.259308838361909
poly2,7.164000000000001,3.2597610883829953
poly2,7.168,3.2603181916432775
poly2,7.172,3.2609835390138118
poly2,7.176,3.261760360311064
poly2,7.18,3.2626517224999745
poly2,7.184,3.2636605274779695
poly2,7.188,3.264789509438054
poly2,7.192,3.266041231820983
poly2,7.196,3.2674180838768065
poly2,7.2,3.268922276865287
poly2,7.204,3.2705558399326455
poly2,7.208,3.272320615709178
poly2,7.212,3.2742182556783455
poly2,7.216,3.2762502153732727
poly2,7.22,3.278417749461121
poly2,7.224,3.2807219067797737
poly2,7.228,3.2831635253945537
poly2,7.232,3.285743227745501
poly2,7.236,3.2884614159581815
poly2,7.24,3.2913182673928154
poly2,7.244,3.2943137305082173
poly2,7.248,3.2974475211182286
poly2,7.252,3.300719119119371
poly2,7.256,3.304127765769065
poly2,7.26,3.3076724615942354
poly2,7.264,3.3113519650103136
poly2,7.268,3.3151647917303833
poly2,7.272,3.3191092150438264
poly2,7.276,3.3231832670428103
poly2,7.28,3.3273847408735735
poly2,7.284,3.331711194087375
poly2,7.288,3.3361599531631505
poly2,7.292,3.3407281192701084
poly2,7.296,3.345412575333679
poly2,7.3,3.3502099944618906
poly2,7.304,3.355116849781558
poly2,7.308,3.3601294257240264
poly2,7.312,3.365243830788697
poly2,7.316,3.370456011798833
poly2,7.32,3.375761769648142
poly2,7.324,3.381156776518291
poly2,7.328,3.3866365945268804
poly2,7.332,3.392196695742701
poly2,7.336,3.3978324834807525
poly2,7.34,3.4035393147638224
poly2,7.344,3.409312523811553
poly2,7.348,3.415147446392396
poly2,7.352,3.4210394448501327
poly2,7.356,3.426983933595821
poly2,7.36,3.4329764048395446
poly2,7.364,3.4390124543254315
poly2,7.368,3.445087806829472
poly2,7.372,3.4511983411833604
poly2,7.376,3.4573401145995994
poly2,7.38,3.4635093860933828
poly2,7.384,3.4697026388244248
poly2,7.388,3.4759166012157072
poly2,7.392,3.4821482667436277
poly2,7.396,3.488394912332422
poly2,7.4,3.494654115321743
poly2,7.404,3.500923769005759
poly2,7.408,3.507202096762076
poly2,7.412,3.513487664795364
poly2,7.416,3.519779393512072
poly2,7.42,3.5260765675175243
poly2,7.424,3.532378844186276
poly2,7.428,3.5386862607027405
poly2,7.432,3.5449992394069008
poly2,7.436,3.551318591214863
poly2,7.44,3.557645516824185
poly2,7.444,3.563981605366812
poly2,7.448,3.5703288301463454
poly2,7.452,3.5766895410973647
poly2,7.456,3.5830664536378043
poly2,7.46,3.589462633651691
poly2,7.464,3.595881478438026
poly2,7.468,3.602326693586277
poly2,7.472,3.608802265882177
poly2,7.476,3.6153124324985138
poly2,7.48,3.621861646872996
poly2,7.484,3.6284545418073924
poly2,7.488,3.6350958904295028
poly2,7.492,3.641790565734037
poly2,7.496,3.6485434994564434
poly2,7.5,3.655359641033588
poly2,7.5040000000000004,3.6622439173699006
poly2,7.508,3.669201194061408
poly2,7.5120000000000005,3.676236238640295
poly2,7.516,3.683353686296922
poly2,7.5200000000000005,3.6905580084223586
poly2,7.524,3.6978534841999258
poly2,7.5280000000000005,3.705244175365229
poly2,7.532,3.712733904155318
poly2,7.5360000000000005,3.720326234382391
poly2,7.54,3.72802445549731
poly2,7.5440000000000005,3.7358315694542745
poly2,7.548,3.743750280148904
poly2,7.5520000000000005,3.751782985177427
poly2,7.556,3.759931769652129
poly2,7.5600000000000005,3.768198401806324
poly2,7.564,3.776584330128422
poly2,7.5680000000000005,3.785090681777489
poly2,7.572,3.7937182620502456
poly2,7.5760000000000005,3.8024675546900375
poly2,7.58,3.8113387228507927
poly2,7.5840000000000005,3.8203316105524316
poly2,7.588,3.8294457444873786
poly2,7.5920000000000005,3.8386803360609
poly2,7.596,3.8480342835696506
poly2,7.6000000000000005,3.8575061744437233
poly2,7.604,3.8670942874968484
poly2,7.6080000000000005,3.876796595147487
poly2,7.612,3.8866107655904387
poly2,7.6160000000000005,3.896534164914319
poly2,7.62,3.906563859174882
poly2,7.6240000000000006,3.916696616448155
poly2,7.628,3.9269289089005106
poly2,7.632000000000001,3.9372569149256362
poly2,7.636,3.9476765214107488
poly2,7.640000000000001,3.9581833262068584
poly2,7.644,3.9687726408899096
poly2,7.648000000000001,3.9794394939119515
poly2,7.652,3.99017863425331
poly2,7.656000000000001,4.000984535698623
poly2,7.66,4.011851401870525
poly2,7.664000000000001,4.022773172165001
poly2,7.668,4.033743528740739
poly2,7.672000000000001,4.0447559047209385
poly2,7.676,4.055803493768701
poly2,7.68,4.066879261195291
poly2,7.684,4.077975956753118
poly2,7.688,4.089086129250564
poly2,7.692,4.100202143103047
poly2,7.696,4.111316196901784
poly2,7.7,4.122420344038971
poly2,7.704,4.1335065153737975
poly2,7.708,4.144566543859122
poly2,7.712,4.1555921909741595
poly2,7.716,4.166575174727003
poly2,7.72,4.177507198904889
poly2,7.724,4.188379983165498
poly2,7.728,4.199185293483554
poly2,7.732,4.209914972401786
poly2,7.736,4.220560968489044
poly2,7.74,4.231115364389237
poly2,7.744,4.241570402856707
poly2,7.748,4.251918510221722
poly2,7.752,4.262152316813912
poly2,7.756,4.272264673990534
poly2,7.76,4.282248667564662
poly2,7.764,4.292097627598172
poly2,7.768,4.3018051347044075
poly2,7.772,4.311365023184225
poly2,7.776,4.320771381483773
poly2,7.78,4.33001855060167
poly2,7.784,4.339101121177186
poly2,7.788,4.34801393005323
poly2,7.792,4.356752057124148
poly2,7.796,4.365310823248555
poly2,7.8,4.37368578993371
poly2,7.804,4.38187276138514
poly2,7.808,4.3898677893694895
poly2,7.812,4.3976671811672245
poly2,7.816,4.405267510702378
poly2,7.82,4.412665632736935
poly2,7.824,4.419858699815401
poly2,7.828,4.426844181448918
poly2,7.832,4.433619884846315
poly2,7.836,4.44018397634086
poly2,7.84,4.44653500253579
poly2,7.844,4.452671910108423
poly2,7.848,4.458594063180794
poly2,7.852,4.464301257191451
poly2,7.856,4.469793728292293
poly2,7.86,4.475072157445958
poly2,7.864,4.480137668607847
poly2,7.868,4.484991820631495
poly2,7.872,4.4896365928207205
poly2,7.876,4.494074364346947
poly2,7.88,4.498307888034144
poly2,7.884,4.502340259265752
poly2,7.888,4.506174880970276
poly2,7.892,4.509815425781664
poly2,7.896,4.51326579654104
poly2,7.9,4.516530086307246
poly2,7.904,4.5196125389814865
poly2,7.908,4.522517511536419
poly2,7.912,4.525249438686731
poly2,7.916,4.527812800660966
poly2,7.92,4.530212094548221
poly2,7.924,4.532451809510922
poly2,7.928,4.534536405986168
poly2,7.932,4.536470298850909
poly2,7.936,4.538257844403749
poly2,7.94,4.539903330921044
poly2,7.944,4.541410972475838
poly2,7.948,4.5427849056633285
poly2,7.952,4.5440291888528765
poly2,7.956,4.54514780358033
poly2,7.96,4.54614465770217
poly2,7.964,4.547023589950942
poly2,7.968,4.547788375556836
poly2,7.972,4.548442732630124
poly2,7.976,4.548990329031435
poly2,7.98,4.54943478948999
poly2,7.984,4.549779702762242
poly2,7.988,4.550028628654616
poly2,7.992,4.550185104762901
poly2,7.996,4.550252652807618
forest,0.0,0.03610617703550427
forest,0.004,0.03563886997340723
forest,0.008,0.035337858580683834
forest,0.012,0.037439337169005
forest,0.016,0.035781334605801476
forest,0.02,0.035395544752678997
forest,0.024,0.03505903114285059
forest,0.028,0.03408348480440969
forest,0.032,0.033405341893074106
forest,0.036000000000000004,0.033342321726288274
forest,0.04,0.03275576484595435
forest,0.044,0.03245688684217821
forest,0.048,0.03261058560415863
forest,0.052000000000000005,0.0319186867422506
forest,0.056,0.0339737900557898
forest,0.06,0.03526833055560465
forest,0.064,0.037367822548065276
forest,0.068,0.03782204265545214
forest,0.07200000000000001,0.03753237978632221
forest,0.076,0.03700366323492546
forest,0.08,0.038279470053048596
forest,0.084,0.038224385191562085
forest,0.088,0.038678106874674684
forest,0.092,0.03911605787675733
forest,0.096,0.0381149771108419
forest,0.1,0.03511193358215934
forest,0.10400000000000001,0.032151458160526405
forest,0.108,0.031006296559046475
forest,0.112,0.02959715958295609
forest,0.116,0.029398952397437228
forest,0.12,0.02921299029131156
forest,0.124,0.02879845911391641
forest,0.128,0.029723736340653856
forest,0.132,0.02879100950694481
forest,0.136,0.030309170414258846
forest,0.14,0.03149753043765957
forest,0.14400000000000002,0.03346191459802944
forest,0.148,0.03494426407102348
forest,0.152,0.03555063751714973
forest,0.156,0.03805247967391765
forest,0.16,0.040819789946614
forest,0.164,0.043294311957429756
forest,0.168,0.04325982022244879
forest,0.17200000000000001,0.044582735046381175
forest,0.176,0.04555116027615261
forest,0.18,0.04641478265749883
forest,0.184,0.04786470876218895
forest,0.188,0.047738653749483176
forest,0.192,0.0487842978967523
forest,0.196,0.04777653896827026
forest,0.2,0.04818727765102
forest,0.20400000000000001,0.047809802171982066
forest,0.20800000000000002,0.048471417107962766
forest,0.212,0.04911240797357732
forest,0.216,0.052188906857922844
forest,0.22,0.051304905606687524
forest,0.224,0.053163349385686044
forest,0.228,0.051987572657528416
forest,0.232,0.0524013801797724
forest,0.23600000000000002,0.05205719997672935
forest,0.24,0.052960682275360084
forest,0.244,0.05317072826656307
forest,0.248,0.053324494169046166
forest,0.252,0.052856299690658894
forest,0.256,0.0534582075992369
forest,0.26,0.052025527393355364
forest,0.264,0.05367659873851727
forest,0.268,0.05374352808472251
forest,0.272,0.05565548450678981
forest,0.276,0.05548744027130932
forest,0.28,0.05619152811999543
forest,0.28400000000000003,0.05855750001596037
forest,0.28800000000000003,0.05918172178104534
forest,0.292,0.06136533105384491
forest,0.296,0.06051490783736557
forest,0.3,0.06192222563860672
forest,0.304,0.06280412004546812
forest,0.308,0.06318724600969255
forest,0.312,0.0639488364982327
forest,0.316,0.06440302429705809
forest,0.32,0.06420868034034524
forest,0.324,0.06539357745970922
forest,0.328,0.06525751760575173
forest,0.332,0.065496565589689
forest,0.336,0.06424182109010046
forest,0.34,0.06809961391956149
forest,0.34400000000000003,0.06898518747732592
forest,0.34800000000000003,0.06816942482275082
forest,0.352,0.06917061134382446
forest,0.356,0.07012554863056504
forest,0.36,0.06946594287495697
forest,0.364,0.0702897124524626
forest,0.368,0.06978635540188702
forest,0.372,0.06793615764711577
forest,0.376,0.06597760901851225
forest,0.38,0.06569226192405421
forest,0.384,0.06700408907786917
forest,0.388,0.06978703873739456
forest,0.392,0.06893953833753749
forest,0.396,0.06889721055698304
forest,0.4,0.07027593227731163
forest,0.404,0.07062183286273235
forest,0.40800000000000003,0.06936312511059872
forest,0.41200000000000003,0.06958527104683801
forest,0.41600000000000004,0.07040675022879454
forest,0.42,0.06892408768267161
forest,0.424,0.06952145761475971
forest,0.428,0.070708263215164
forest,0.432,0.07481085127326101
forest,0.436,0.07179275712783548
forest,0.44,0.07118401719403175
forest,0.444,0.07266697970547195
forest,0.448,0.07447976540459988
forest,0.452,0.07196620917453583
forest,0.456,0.07091402537678965
forest,0.46,0.07523462128308658
forest,0.464,0.07124699801264338
forest,0.468,0.07252287597266024
forest,0.47200000000000003,0.07306014350005419
forest,0.47600000000000003,0.07667013156791956
forest,0.48,0.07245610145747632
forest,0.484,0.07299280432430394
forest,0.488,0.07410137850475071
forest,0.492,0.07661920213379439
forest,0.496,0.07326297217918418
forest,0.5,0.07229608117067271
forest,0.504,0.07124013734486387
forest,0.508,0.07065786949794267
forest,0.512,0.07343903171065855
forest,0.516,0.07133963798289496
forest,0.52,0.07170598302156592
forest,0.524,0.07225778653386296
forest,0.528,0.07400532617400846
forest,0.532,0.07602417208227934
forest,0.536,0.07659956897120729
forest,0.54,0.07718238255867675
forest,0.544,0.0814355071658174
forest,0.548,0.0801909202668741
forest,0.552,0.08168322814872522
forest,0.556,0.08097837871120951
forest,0.56,0.08314195060329294
forest,0.5640000000000001,0.08415867566756195
forest,0.5680000000000001,0.08491531693067741
forest,0.5720000000000001,0.08684508808852234
forest,0.5760000000000001,0.08778401373981927
forest,0.58,0.0899747840357035
forest,0.584,0.0892292879713495
forest,0.588,0.09020455664869452
forest,0.592,0.09116032314855564
forest,0.596,0.0920859900575918
forest,0.6,0.09332344616738011
forest,0.604,0.09385364052225083
forest,0.608,0.0929713468076379
forest,0.612,0.09319646552311066
forest,0.616,0.09269484416463676
forest,0.62,0.093013622233296
forest,0.624,0.09287568331246349
forest,0.628,0.09371767271847647
forest,0.632,0.09413316735342718
forest,0.636,0.09272475876615695
forest,0.64,0.09292522312916349
forest,0.644,0.09381246474340828
forest,0.648,0.09496624850362295
forest,0.652,0.09477651083301991
forest,0.656,0.09573345073489269
forest,0.66,0.09678406234422181
forest,0.664,0.0985323803751706
forest,0.668,0.10010935309855547
forest,0.672,0.09867561314163492
forest,0.676,0.09783992965544866
forest,0.68,0.09877218942994528
forest,0.684,0.10007376928101527
forest,0.6880000000000001,0.09983142488512192
forest,0.6920000000000001,0.09926721360704438
forest,0.6960000000000001,0.0989576644699062
forest,0.7000000000000001,0.09973128787777388
forest,0.704,0.09998756599666433
forest,0.708,0.0994383771396398
forest,0.712,0.10089794608623441
forest,0.716,0.100986407440815
forest,0.72,0.1016629903218085
forest,0.724,0.10161629543606812
forest,0.728,0.1016899066603674
forest,0.732,0.10202070926238868
forest,0.736,0.10305517023606921
forest,0.74,0.10327575628345378
forest,0.744,0.10268898877482172
forest,0.748,0.1034998717402641
forest,0.752,0.10337906468348226
forest,0.756,0.10281614933176883
forest,0.76,0.10194345567257282
forest,0.764,0.10230686994578549
forest,0.768,0.10299050128943088
forest,0.772,0.10327471048882189
forest,0.776,0.1046060153879319
forest,0.78,0.10370181208128501
forest,0.784,0.10413419144817011
forest,0.788,0.10456820416728878
forest,0.792,0.10418820647254261
forest,0.796,0.10378696500740389
forest,0.8,0.10378019093211746
forest,0.804,0.10364844928671046
forest,0.808,0.1051955552196749
forest,0.812,0.10523939497910499
forest,0.8160000000000001,0.10417909664966703
forest,0.8200000000000001,0.10366492785113693
forest,0.8240000000000001,0.1046507771860524
forest,0.8280000000000001,0.10346607293861305
forest,0.8320000000000001,0.10279207214627335
forest,0.836,0.10285185874362186
forest,0.84,0.10229766442937258
forest,0.844,0.10160647225885393
forest,0.848,0.10160888337081977
forest,0.852,0.10178939288619412
forest,0.856,0.10061433209264943
forest,0.86,0.09978912214762806
forest,0.864,0.09918335249947766
forest,0.868,0.09776390030171436
forest,0.872,0.09744380742489157
forest,0.876,0.097002459347621
forest,0.88,0.09598034514200063
forest,0.884,0.09562017708159756
forest,0.888,0.09363933518056564
forest,0.892,0.09241243173425363
forest,0.896,0.09145265591377956
forest,0.9,0.0905831889443732
forest,0.904,0.09083924636396568
forest,0.908,0.089353116192822
forest,0.912,0.08730403173028808
forest,0.916,0.08634979565346841
forest,0.92,0.08560347367359307
forest,0.924,0.08465761016306192
forest,0.928,0.08541971772275782
forest,0.932,0.08547778302658564
forest,0.936,0.08643278196641774
forest,0.9400000000000001,0.08636634937519669
forest,0.9440000000000001,0.08751057005369646
forest,0.9480000000000001,0.08745765075768357
forest,0.9520000000000001,0.08742055064203291
forest,0.9560000000000001,0.08905872945380344
forest,0.96,0.09099906176742213
forest,0.964,0.09105962287098743
forest,0.968,0.09267045038575256
forest,0.972,0.09228937849475113
forest,0.976,0.092443137509628
forest,0.98,0.09276040141838653
forest,0.984,0.09174920675308505
forest,0.988,0.09386092352541871
forest,0.992,0.09275053653522056
forest,0.996,0.09418719895190615
forest,1.0,0.09388917492729218
forest,1.004,0.09702596708904479
forest,1.008,0.09502145140994088
forest,1.012,0.09808921352592906
forest,1.016,0.09727298916753854
forest,1.02,0.10123699071726847
forest,1.024,0.10011802043425781
forest,1.028,0.10378782474319617
forest,1.032,0.10557652129739084
forest,1.036,0.10462524229005496
forest,1.04,0.1090902445231634
forest,1.044,0.1092072914309529
forest,1.048,0.11082722483285039
forest,1.052,0.11011791927704351
forest,1.056,0.11328969768805996
forest,1.06,0.11329704067295572
forest,1.064,0.11272920263088486
forest,1.068,0.11487619416292678
forest,1.072,0.11585107205792466
forest,1.076,0.11715909805598064
forest,1.08,0.11657711451484518
forest,1.084,0.1170966165108569
forest,1.088,0.11417232678220648
forest,1.092,0.11427586648137225
forest,1.096,0.11671340644628599
forest,1.1,0.11588625413902245
forest,1.104,0.11539463982051253
forest,1.108,0.1144366755689296
forest,1.112,0.11489503799022571
forest,1.116,0.11458993580287533
forest,1.12,0.11628389021255833
forest,1.124,0.11372789289662469
forest,1.1280000000000001,0.11301694617981013
forest,1.1320000000000001,0.11231889612039951
forest,1.1360000000000001,0.11075370920953427
forest,1.1400000000000001,0.10980094436259694
forest,1.1440000000000001,0.10908273302141798
forest,1.1480000000000001,0.10825690746939369
forest,1.1520000000000001,0.10740800370409567
forest,1.156,0.1053699913773997
forest,1.16,0.10476541805646308
forest,1.164,0.10417188861319063
forest,1.168,0.10458632220566837
forest,1.172,0.10364620991368285
forest,1.176,0.10521479543166694
forest,1.18,0.10609616080575635
forest,1.184,0.10626011533450108
forest,1.188,0.10762059143523647
forest,1.192,0.10639507518505789
forest,1.196,0.10547223186675851
forest,1.2,0.10394629501558579
forest,1.204,0.10434787457096169
forest,1.208,0.10280589403268883
forest,1.212,0.10301672002276115
forest,1.216,0.1018053307218357
forest,1.22,0.10157258267362981
forest,1.224,0.10185678863598875
forest,1.228,0.1008292291221814
forest,1.232,0.10173680977937835
forest,1.236,0.10310131126219504
forest,1.24,0.10298877575444113
forest,1.244,0.10378912512071885
forest,1.248,0.10548220213715245
forest,1.252,0.1049216443746634
forest,1.256,0.10374219463070847
forest,1.26,0.10424538947786285
forest,1.264,0.10549642292016419
forest,1.268,0.10612126941112335
forest,1.272,0.10696732045214563
forest,1.276,0.1098466257776598
forest,1.28,0.11034537453510125
forest,1.284,0.10993242506143289
forest,1.288,0.11047507139151883
forest,1.292,0.11207962313194589
forest,1.296,0.11075951369297962
forest,1.3,0.11243860859809915
forest,1.304,0.11436576780470323
forest,1.308,0.11397808959656638
forest,1.312,0.11534776196210575
forest,1.316,0.11399298647575236
forest,1.32,0.11763339087945324
forest,1.324,0.1163739774896237
forest,1.328,0.11789897434320731
forest,1.332,0.11983543479324812
forest,1.336,0.12033013576548521
forest,1.34,0.12348600842164477
forest,1.344,0.12161379580222786
forest,1.348,0.1243154585349461
forest,1.352,0.1212437592300039
forest,1.356,0.12250692872294153
forest,1.36,0.12674205578430114
forest,1.364,0.12452486926827193
forest,1.368,0.1285060935671475
forest,1.372,0.12687954768515444
forest,1.3760000000000001,0.1312026292216451
forest,1.3800000000000001,0.12849305782515133
forest,1.3840000000000001,0.13085565203050653
forest,1.3880000000000001,0.1354432423525364
forest,1.3920000000000001,0.13179290517332504
forest,1.3960000000000001,0.13437142831299426
forest,1.4000000000000001,0.1282111508055912
forest,1.4040000000000001,0.13141940396952206
forest,1.408,0.128455679233817
forest,1.412,0.12966508219889092
forest,1.416,0.1359715348872446
forest,1.42,0.13461229653819373
forest,1.424,0.1386669336688068
forest,1.428,0.1385098667961599
forest,1.432,0.13955649603810003
forest,1.436,0.13495367387130047
forest,1.44,0.1383732159260222
forest,1.444,0.13339352938905366
forest,1.448,0.13443131201857905
forest,1.452,0.13612913049136238
forest,1.456,0.13397126918591712
forest,1.46,0.13639083351932896
forest,1.464,0.1322732604095169
forest,1.468,0.13596533770592092
forest,1.472,0.13215710204006098
forest,1.476,0.13045473204380528
forest,1.48,0.13319516621938104
forest,1.484,0.12880370987580675
forest,1.488,0.1310329939194774
forest,1.492,0.12654423860901937
forest,1.496,0.13058957442451397
forest,1.5,0.1254204021160728
forest,1.504,0.12506184456076458
forest,1.508,0.1282027321252158
forest,1.512,0.12284521692184562
forest,1.516,0.12596592488698793
forest,1.52,0.12216755665409071
forest,1.524,0.12310693678251665
forest,1.528,0.1178308041151088
forest,1.532,0.11715523265266001
forest,1.536,0.1202624549911894
forest,1.54,0.1171668088113669
forest,1.544,0.11829183960664691
forest,1.548,0.11536294529959304
forest,1.552,0.11554304825551272
forest,1.556,0.11260703265244196
forest,1.56,0.11244576311919133
forest,1.564,0.11231533624165746
forest,1.568,0.10881334212659333
forest,1.572,0.10942905121560391
forest,1.576,0.10749396788695117
forest,1.58,0.11008430277007294
forest,1.584,0.10845977360136042
forest,1.588,0.10975779475258311
forest,1.592,0.1064895086426482
forest,1.596,0.1070036585435515
forest,1.6,0.10680643768953399
forest,1.604,0.10445749307219862
forest,1.608,0.1070029109568323
forest,1.612,0.10458645257090753
forest,1.616,0.10705322582282942
forest,1.62,0.1049691646487595
forest,1.624,0.10421690678429266
forest,1.6280000000000001,0.10498885276515915
forest,1.6320000000000001,0.10435580995022235
forest,1.6360000000000001,0.10486213304313174
forest,1.6400000000000001,0.1059887286721862
forest,1.6440000000000001,0.10820399449850729
forest,1.6480000000000001,0.10721055348861037
forest,1.6520000000000001,0.10722410351334444
forest,1.6560000000000001,0.10887895410024909
forest,1.6600000000000001,0.10787701145629783
forest,1.6640000000000001,0.10952328638939213
forest,1.668,0.11066230507184054
forest,1.672,0.11104095581598308
forest,1.676,0.11030998047533296
forest,1.68,0.11057466086153549
forest,1.684,0.1111094926972394
forest,1.688,0.11160175751281634
forest,1.692,0.11151308957187153
forest,1.696,0.1127828106084899
forest,1.7,0.11268958966256501
forest,1.704,0.11354301622718607
forest,1.708,0.11432645103685157
forest,1.712,0.1148915045627569
forest,1.716,0.11548622588106623
forest,1.72,0.11669157588183812
forest,1.724,0.1161512749084223
forest,1.728,0.1163650798122361
forest,1.732,0.11774548648950975
forest,1.736,0.1181834905063617
forest,1.74,0.11793373056668047
forest,1.744,0.11890422333347687
forest,1.748,0.11930647533177863
forest,1.752,0.12016232705931403
forest,1.756,0.12072424605150629
forest,1.76,0.12078051204171465
forest,1.764,0.12024681285553918
forest,1.768,0.12129278209212706
forest,1.772,0.12203053735437674
forest,1.776,0.12185975465498995
forest,1.78,0.1223994136480923
forest,1.784,0.12234457978785333
forest,1.788,0.1245716940603665
forest,1.792,0.12472628680753836
forest,1.796,0.12639475395385583
forest,1.8,0.12588861221224418
forest,1.804,0.12559813941997577
forest,1.808,0.12592801598933173
forest,1.812,0.12324108142903716
forest,1.816,0.1237811989251649
forest,1.82,0.12303027658624222
forest,1.824,0.12523362757123258
forest,1.828,0.1260715315903973
forest,1.832,0.12749279240503414
forest,1.836,0.1294531697590041
forest,1.84,0.12956916349058362
forest,1.844,0.13170978126987903
forest,1.848,0.13033743840686343
forest,1.852,0.13281348010804483
forest,1.856,0.13320693016904986
forest,1.86,0.13352740188664883
forest,1.864,0.13366855832300845
forest,1.868,0.13419024899378298
forest,1.872,0.13654426144056347
forest,1.8760000000000001,0.13751610534930198
forest,1.8800000000000001,0.14004926513345256
forest,1.8840000000000001,0.14268728931251112
forest,1.8880000000000001,0.14163162318225303
forest,1.8920000000000001,0.14448202919913894
forest,1.8960000000000001,0.14633587933803166
forest,1.9000000000000001,0.14723114607432586
forest,1.9040000000000001,0.14697362666825903
forest,1.9080000000000001,0.149397683869294
forest,1.9120000000000001,0.1488708968218136
forest,1.9160000000000001,0.150385040564835
forest,1.92,0.15188054417397062
forest,1.924,0.15608770676307587
forest,1.928,0.15899303847386517
forest,1.932,0.16070303696131294
forest,1.936,0.1633023647683099
forest,1.94,0.1644643006499223
forest,1.944,0.16441257639880624
forest,1.948,0.1652415958374164
forest,1.952,0.1649130907121256
forest,1.956,0.17008480847042923
forest,1.96,0.16776483295328926
forest,1.964,0.1699385647675971
forest,1.968,0.1688214807623643
forest,1.972,0.1717010222129624
forest,1.976,0.17217777162284723
forest,1.98,0.17418479747947405
forest,1.984,0.17793413300018004
forest,1.988,0.17934481153708265
forest,1.992,0.1771638210682644
forest,1.996,0.17452484796919732
forest,2.0,0.17264740649591784
forest,2.004,0.173129161576072
forest,2.008,0.1747739372747925
forest,2.012,0.17522446890829724
forest,2.016,0.17808306323895284
forest,2.02,0.18034671257284246
forest,2.024,0.17918496949929083
forest,2.028,0.17736499371190168
forest,2.032,0.17960819752839569
forest,2.036,0.17961238595678075
forest,2.04,0.1782644977387067
forest,2.044,0.17902844427373635
forest,2.048,0.1763499932443014
forest,2.052,0.17897730867604272
forest,2.056,0.17941302209796534
forest,2.06,0.17658054803532072
forest,2.064,0.1765926230998602
forest,2.068,0.17251561614439836
forest,2.072,0.17309196364099697
forest,2.076,0.17427879541606175
forest,2.08,0.17554179986928434
forest,2.084,0.1730823353200886
forest,2.088,0.17536081702870426
forest,2.092,0.17484335209387716
forest,2.096,0.1739215661265964
forest,2.1,0.17368669974770806
forest,2.104,0.17199740213865758
forest,2.108,0.1738864168096804
forest,2.112,0.17221613376945127
forest,2.116,0.17187959823824428
forest,2.12,0.17139245603525777
forest,2.124,0.16991979394045562
forest,2.128,0.17144154540509687
forest,2.132,0.17092937113054976
forest,2.136,0.17032953941086748
forest,2.14,0.169441714226354
forest,2.144,0.17056909940839796
forest,2.148,0.17031728665969795
forest,2.152,0.17009613127793938
forest,2.156,0.17080763460654255
forest,2.16,0.1701377362358351
forest,2.164,0.17041450952278814
forest,2.168,0.1708778968369319
forest,2.172,0.17181328923583905
forest,2.176,0.17081916892855215
forest,2.18,0.17198241440580606
forest,2.184,0.17126597312863728
forest,2.188,0.1712542237852192
forest,2.192,0.1710643426732135
forest,2.196,0.1717252176998175
forest,2.2,0.1718091075618985
forest,2.204,0.1742525409933252
forest,2.208,0.17503416202160313
forest,2.212,0.1753653597050496
forest,2.216,0.17524402890534027
forest,2.22,0.1744565025273749
forest,2.224,0.17455148448712204
forest,2.228,0.17541779800990534
forest,2.232,0.17551789129159281
forest,2.236,0.17427893987178864
forest,2.24,0.17397590017067746
forest,2.244,0.17318954379094106
forest,2.248,0.1750912853706379
forest,2.2520000000000002,0.1752438207089173
forest,2.2560000000000002,0.17569742920433348
forest,2.2600000000000002,0.1744116609325447
forest,2.2640000000000002,0.17325087998563377
forest,2.2680000000000002,0.17259156994800678
forest,2.2720000000000002,0.17185108689108924
forest,2.2760000000000002,0.16884903193932016
forest,2.2800000000000002,0.16817493055416746
forest,2.2840000000000003,0.16894011795008798
forest,2.2880000000000003,0.16971705607532012
forest,2.2920000000000003,0.16715080553625067
forest,2.2960000000000003,0.16499323244504022
forest,2.3000000000000003,0.16446651985404973
forest,2.3040000000000003,0.16347970331223394
forest,2.308,0.16496776628605608
forest,2.312,0.16423930192187297
forest,2.316,0.1634185517317161
forest,2.32,0.16578548727558848
forest,2.324,0.16664984930076848
forest,2.328,0.16820714937839887
forest,2.332,0.16646642129997
forest,2.336,0.16696156600189385
forest,2.34,0.16638297129944074
forest,2.344,0.16709674308632538
forest,2.348,0.1637810562370236
forest,2.352,0.16273726206881883
forest,2.356,0.1624410776491349
forest,2.36,0.1627771892403745
forest,2.364,0.16484509749197068
forest,2.368,0.16225029601668062
forest,2.372,0.16259205690648854
forest,2.376,0.16231398338097575
forest,2.38,0.16310213388478556
forest,2.384,0.1598207614258516
forest,2.388,0.15967732337529586
forest,2.392,0.15857494972210945
forest,2.396,0.15781192280583167
forest,2.4,0.15835824725136521
forest,2.404,0.15658497137073069
forest,2.408,0.15541441859559796
forest,2.412,0.15540462093552662
forest,2.416,0.15389804779772445
forest,2.42,0.15616475028664364
forest,2.424,0.15398467607892452
forest,2.428,0.15111967431808454
forest,2.432,0.15083342922281157
forest,2.436,0.15261031885746135
forest,2.44,0.15002756455334837
forest,2.444,0.15033898600695456
forest,2.448,0.1528758433897594
forest,2.452,0.15401561453200105
forest,2.456,0.15721898717408453
forest,2.46,0.15740381781705132
forest,2.464,0.16114394416980188
forest,2.468,0.1632657765247833
forest,2.472,0.16591028530265112
forest,2.476,0.16871202050643558
forest,2.48,0.16969312470602507
forest,2.484,0.17130493253769372
forest,2.488,0.17256911641538727
forest,2.492,0.1761193356281662
forest,2.496,0.17570359492451265
forest,2.5,0.17797079506923405
forest,2.504,0.17974445498788305
forest,2.508,0.1806209036195165
forest,2.512,0.18357054812274237
forest,2.516,0.18390434865765434
forest,2.52,0.18483415194258648
forest,2.524,0.18704388819766993
forest,2.528,0.18935732013830897
forest,2.532,0.18910884858058913
forest,2.536,0.1918811844962986
forest,2.54,0.1939896815437975
forest,2.544,0.19757293568989462
forest,2.548,0.20070432742362837
forest,2.552,0.20279304822302385
forest,2.556,0.2058561451106297
forest,2.56,0.21237676223965588
forest,2.564,0.2185603407821748
forest,2.568,0.22520747197603344
forest,2.572,0.2302772846751155
forest,2.576,0.2361652123143736
forest,2.58,0.24246075780635662
forest,2.584,0.24957820118686777
forest,2.588,0.25704795513886874
forest,2.592,0.26457335079578304
forest,2.596,0.2712911490458282
forest,2.6,0.2784069607484905
forest,2.604,0.28464056578875485
forest,2.608,0.2918413695273815
forest,2.612,0.3000209021613708
forest,2.616,0.30798452471400417
forest,2.62,0.31441356853250585
forest,2.624,0.31954363127838414
forest,2.628,0.3240461232692719
forest,2.632,0.3274693334002044
forest,2.636,0.3314906739726716
forest,2.64,0.337726512876917
forest,2.644,0.34470242486766217
forest,2.648,0.34824006620776515
forest,2.652,0.35423757815337187
forest,2.656,0.35841184210505295
forest,2.66,0.36220365808896704
forest,2.664,0.36796011175271764
forest,2.668,0.3757930018088852
forest,2.672,0.38430789689509093
forest,2.676,0.3929236054869835
forest,2.68,0.40316025334362127
forest,2.684,0.4140639525259596
forest,2.688,0.42568091407846237
forest,2.692,0.4371697480466524
forest,2.696,0.4491755402297075
forest,2.7,0.4594942416579628
forest,2.704,0.46761546875091187
forest,2.708,0.47223224881752435
forest,2.712,0.47539630776531033
forest,2.716,0.4778542260658397
forest,2.72,0.4810518239801259
forest,2.724,0.48439444725676173
forest,2.728,0.48610376034741876
forest,2.732,0.49214003129953243
forest,2.736,0.4980461123214489
forest,2.74,0.5046377640712737
forest,2.744,0.5099412382340981
forest,2.748,0.5151791524046077
forest,2.7520000000000002,0.5208791995317366
forest,2.7560000000000002,0.5271565019181426
forest,2.7600000000000002,0.5327213387237711
forest,2.7640000000000002,0.5371320957108658
forest,2.7680000000000002,0.5434855996175042
forest,2.7720000000000002,0.549868216580603
forest,2.7760000000000002,0.55806854216558
forest,2.7800000000000002,0.5657804798138386
forest,2.7840000000000003,0.5732179490826665
forest,2.7880000000000003,0.5791474607910875
forest,2.7920000000000003,0.586842895159376
forest,2.7960000000000003,0.5948497245287969
forest,2.8000000000000003,0.6022940562526895
forest,2.8040000000000003,0.6098429925100832
forest,2.8080000000000003,0.6171600346831896
forest,2.8120000000000003,0.629679149570127
forest,2.816,0.6413513507638333
forest,2.82,0.6506824124943257
forest,2.824,0.6596868349342132
forest,2.828,0.6675693428557281
forest,2.832,0.6769011353524387
forest,2.836,0.6846337926731852
forest,2.84,0.6920091111674174
forest,2.844,0.6969752857731131
forest,2.848,0.702822600823344
forest,2.852,0.7078579308152583
forest,2.856,0.7137743676675805
forest,2.86,0.7178748081918012
forest,2.864,0.7208874616191652
forest,2.868,0.7261234108064464
forest,2.872,0.7303471138626132
forest,2.876,0.7334544031742857
forest,2.88,0.7382156656701573
forest,2.884,0.7446037579425123
forest,2.888,0.7506850619623051
forest,2.892,0.7579190835626645
forest,2.896,0.7647675536357906
forest,2.9,0.7712677769448881
forest,2.904,0.7786139552727198
forest,2.908,0.7847057043979228
forest,2.912,0.791969896163003
forest,2.916,0.7972893558172629
forest,2.92,0.8006595598085614
forest,2.924,0.8035107078963334
forest,2.928,0.8057059856222069
forest,2.932,0.8068760258881296
forest,2.936,0.8085591034639756
forest,2.94,0.8112468562697494
forest,2.944,0.813118284857698
forest,2.948,0.8157146869457336
forest,2.952,0.8190934093497063
forest,2.956,0.8221240370446654
forest,2.96,0.825758323935335
forest,2.964,0.8292056682100654
forest,2.968,0.8321787104456352
forest,2.972,0.8345876695378319
forest,2.976,0.837540146638732
forest,2.98,0.8414655171905796
forest,2.984,0.8430764598988729
forest,2.988,0.8448797953246068
forest,2.992,0.8463584699027317
forest,2.996,0.8489759828013026
forest,3.0,0.850925533152604
forest,3.004,0.8517096274817995
forest,3.008,0.8528695166992915
forest,3.012,0.8529036053827493
forest,3.016,0.8545134429878344
forest,3.02,0.8548211108791188
forest,3.024,0.8548633386310509
forest,3.028,0.8544573780099791
forest,3.032,0.8548564197645738
forest,3.036,0.8555652338133726
forest,3.04,0.8552605709543013
forest,3.044,0.8546090444737082
forest,3.048,0.8538592591648623
forest,3.052,0.8545784262004993
forest,3.056,0.8547354112689552
forest,3.06,0.8547985956324966
forest,3.064,0.8542630632846266
forest,3.068,0.8527619668729243
forest,3.072,0.8556708485821483
forest,3.076,0.8546152992173018
forest,3.08,0.8548297470199753
forest,3.084,0.8557279174972721
forest,3.088,0.8575533658847716
forest,3.092,0.8574746528080578
forest,3.096,0.8557993611768382
forest,3.1,0.8485714884625523
forest,3.104,0.8420573318856521
forest,3.108,0.8410745904045124
forest,3.112,0.8391865776441261
forest,3.116,0.8383472879413745
forest,3.12,0.8376752745511672
forest,3.124,0.836801736349355
forest,3.128,0.8387939699785374
forest,3.132,0.8381445876488168
forest,3.136,0.8398107821506082
forest,3.14,0.8396252047741992
forest,3.144,0.8401077093072546
forest,3.148,0.8391711365408427
forest,3.152,0.8359129392073061
forest,3.156,0.8347965204143417
forest,3.16,0.8303508678317619
forest,3.164,0.8295356313689404
forest,3.168,0.8282698200333561
forest,3.172,0.8249238165320477
forest,3.176,0.8211622092822781
forest,3.18,0.8220985903811787
forest,3.184,0.8208544536419264
forest,3.188,0.8215973356724279
forest,3.192,0.8209679506474099
forest,3.196,0.8188103795535969
forest,3.2,0.82015400033152
forest,3.204,0.8210782579507606
forest,3.208,0.8208621948432618
forest,3.212,0.8194432321532081
forest,3.216,0.8190642385211928
forest,3.22,0.8232555632574814
forest,3.224,0.8265037161922113
forest,3.228,0.8326164314613088
forest,3.232,0.8372356647280071
forest,3.236,0.8460371888073063
forest,3.24,0.8545184250138769
forest,3.244,0.8598308055909074
forest,3.248,0.8641396753631729
forest,3.2520000000000002,0.8630194149209964
forest,3.2560000000000002,0.8667841758917936
forest,3.2600000000000002,0.86718148704499
forest,3.2640000000000002,0.8695483167062568
forest,3.2680000000000002,0.8723181273192612
forest,3.2720000000000002,0.8720552779355554
forest,3.2760000000000002,0.8759722138991307
forest,3.2800000000000002,0.875457471225913
forest,3.2840000000000003,0.875770625102213
forest,3.2880000000000003,0.8751977683357293
forest,3.2920000000000003,0.8769618569751467
forest,3.2960000000000003,0.876615612760617
forest,3.3000000000000003,0.8774869049019971
forest,3.3040000000000003,0.878130702174827
forest,3.3080000000000003,0.8778138195749596
forest,3.3120000000000003,0.880764469744526
forest,3.3160000000000003,0.8833684482321337
forest,3.3200000000000003,0.8845654051647671
forest,3.3240000000000003,0.8866891242463263
forest,3.3280000000000003,0.8874041476500899
forest,3.332,0.8907258870749087
forest,3.336,0.8928164995481579
forest,3.34,0.895037161900162
forest,3.344,0.8966672885500773
forest,3.348,0.8990978172442162
forest,3.352,0.9007558566633058
forest,3.356,0.9029278776527484
forest,3.36,0.9053531288867738
forest,3.364,0.9070293715207665
forest,3.368,0.911341513663241
forest,3.372,0.915385129798793
forest,3.376,0.9200124479361923
forest,3.38,0.9237253965038136
forest,3.384,0.9317458340418409
forest,3.388,0.9388465228684572
forest,3.392,0.9451315230194879
forest,3.396,0.9507324736043401
forest,3.4,0.9534385002084182
forest,3.404,0.9596760129708359
forest,3.408,0.9655425771147617
forest,3.412,0.9682208665395005
forest,3.416,0.9742259648767622
forest,3.42,0.9760612341823739
forest,3.424,0.9809702780362117
forest,3.428,0.9827050918787579
forest,3.432,0.9845632501394102
forest,3.436,0.9832956900453711
forest,3.44,0.9862434230792291
forest,3.444,0.9893112318382581
forest,3.448,0.9931979542535471
forest,3.452,0.9969577038745141
forest,3.456,1.0000842613828795
forest,3.46,1.0084121332520517
forest,3.464,1.0169979143739196
forest,3.468,1.0239170311437542
forest,3.472,1.0317746774542247
forest,3.476,1.0381177262263508
forest,3.48,1.0476234170617802
forest,3.484,1.0556855782246195
forest,3.488,1.0653731553745813
forest,3.492,1.0747397408276105
forest,3.496,1.0828134135818814
forest,3.5,1.0909565323235424
forest,3.504,1.0972619945650375
forest,3.508,1.1039303949248367
forest,3.512,1.110021914905815
forest,3.516,1.1169303087396831
forest,3.52,1.1234518096693493
forest,3.524,1.131215162277451
forest,3.528,1.138107226993829
forest,3.532,1.1461349163073202
forest,3.536,1.1534312384526664
forest,3.54,1.1609595991094013
forest,3.544,1.1678798235295176
forest,3.548,1.1741863848099725
forest,3.552,1.1813844339006363
forest,3.556,1.1874514523486286
forest,3.56,1.1938701104619855
forest,3.564,1.2000889885367638
forest,3.568,1.2059232943031788
forest,3.572,1.2120142492265296
forest,3.576,1.2173212060509666
forest,3.58,1.2224203305549435
forest,3.584,1.2275162994492805
forest,3.588,1.232822296169368
forest,3.592,1.2380336792007307
forest,3.596,1.243126543931766
forest,3.6,1.2478069314877047
forest,3.604,1.2519834239371626
forest,3.608,1.2572199754340596
forest,3.612,1.2617443301979563
forest,3.616,1.2664428504122234
forest,3.62,1.2707385430090379
forest,3.624,1.2749274444347565
forest,3.628,1.2781044095579324
forest,3.632,1.2828440134856227
forest,3.636,1.2861266174555595
forest,3.64,1.2890283240381977
forest,3.644,1.2916193199514667
forest,3.648,1.2940698207927381
forest,3.652,1.297535426786346
forest,3.656,1.299490456155214
forest,3.66,1.3022433211525277
forest,3.664,1.3049437560019916
forest,3.668,1.3084261816567793
forest,3.672,1.3113127467311316
forest,3.676,1.3136942348003768
forest,3.68,1.3171173359103387
forest,3.684,1.321413422037807
forest,3.688,1.3260210526765142
forest,3.692,1.3302531644639382
forest,3.696,1.3353069751144482
forest,3.7,1.3413285174673242
forest,3.704,1.3454287156052465
forest,3.708,1.3516279488251768
forest,3.712,1.3571395374987607
forest,3.716,1.3600026179839626
forest,3.72,1.3639058559261423
forest,3.724,1.3673357041090548
forest,3.728,1.369931101488407
forest,3.732,1.3714637188301895
forest,3.736,1.3736038915519322
forest,3.74,1.3754981047081574
forest,3.744,1.3781676324179464
forest,3.748,1.3799372461466481
forest,3.7520000000000002,1.3823848747807435
forest,3.7560000000000002,1.3855091314687518
forest,3.7600000000000002,1.3886151983019954
forest,3.7640000000000002,1.3916500072484217
forest,3.7680000000000002,1.3944843308329165
forest,3.7720000000000002,1.3970612667587492
forest,3.7760000000000002,1.399664859816361
forest,3.7800000000000002,1.4023513941206012
forest,3.7840000000000003,1.4042185414773591
forest,3.7880000000000003,1.4054696465445211
forest,3.7920000000000003,1.4067034859990428
forest,3.7960000000000003,1.4079422541849564
forest,3.8000000000000003,1.4093715483609055
forest,3.8040000000000003,1.4103875302557334
forest,3.8080000000000003,1.4106224356127395
forest,3.8120000000000003,1.411928140317349
forest,3.8160000000000003,1.4123835496939168
forest,3.8200000000000003,1.4125459972191434
forest,3.8240000000000003,1.4124804798813115
forest,3.8280000000000003,1.4124436382736243
forest,3.8320000000000003,1.4125921922337321
forest,3.8360000000000003,1.4125757320680894
forest,3.84,1.4124952389735896
forest,3.844,1.4121012203174508
forest,3.848,1.4114523717262981
forest,3.852,1.410613788083524
forest,3.856,1.4095928059185119
forest,3.86,1.408399747705586
forest,3.864,1.4070128099956578
forest,3.868,1.405479385779712
forest,3.872,1.4037832957078586
forest,3.876,1.401975106070115
forest,3.88,1.3999435962684674
forest,3.884,1.397771007425855
forest,3.888,1.3954534738885458
forest,3.892,1.3930093930957395
forest,3.896,1.3904488356569296
forest,3.9,1.3877567360121597
forest,3.904,1.3849900463948965
forest,3.908,1.3821524016826667
forest,3.912,1.3792654951766266
forest,3.916,1.376336381865914
forest,3.92,1.3733851682695997
forest,3.924,1.3704317328677724
forest,3.928,1.3674939643517308
forest,3.932,1.3645872494197016
forest,3.936,1.3617146647606215
forest,3.94,1.358867530754673
forest,3.944,1.3560536198005937
forest,3.948,1.3532464879229298
forest,3.952,1.3504243541907683
forest,3.956,1.34756390218681
forest,3.96,1.34464254038864
forest,3.964,1.3416397960208848
forest,3.968,1.33853794906407
forest,3.972,1.3353221527897436
forest,3.976,1.3319802712600612
forest,3.98,1.3285025943531685
forest,3.984,1.3248815239770593
forest,3.988,1.3211112784950956
forest,3.992,1.3171876348162133
forest,3.996,1.3131077131423912
forest,4.0,1.3088698026657581
forest,4.0040000000000004,1.3044732239757062
forest,4.008,1.299918223457273
forest,4.0120000000000005,1.29520589538142
forest,4.016,1.2903381281021207
forest,4.0200000000000005,1.285317571471507
forest,4.024,1.2801476230856124
forest,4.0280000000000005,1.2748324311504249
forest,4.032,1.2693769114796427
forest,4.0360000000000005,1.2637867752409258
forest,4.04,1.2580685623650125
forest,4.0440000000000005,1.252229672831969
forest,4.048,1.2462783842632819
forest,4.0520000000000005,1.2402238395910685
forest,4.056,1.2340759838899524
forest,4.0600000000000005,1.2278454266189283
forest,4.064,1.2215432076809136
forest,4.0680000000000005,1.215180456855363
forest,4.072,1.2087679593388017
forest,4.0760000000000005,1.2023156741642647
forest,4.08,1.1958322885656973
forest,4.0840000000000005,1.1893249144324616
forest,4.088,1.1827990282162006
forest,4.0920000000000005,1.176258722400008
forest,4.096,1.1697073000017486
forest,4.1,1.163148265172953
forest,4.104,1.1565869985512574
forest,4.108,1.1500344859102978
forest,4.112,1.1435202675444782
forest,4.116,1.1371659295562608
forest,4.12,1.131533148359107
forest,4.124,1.126816699675959
forest,4.128,1.1223701433032034
forest,4.132,1.118022418247367
forest,4.136,1.113751635218297
forest,4.14,1.1095636074034505
forest,4.144,1.1054733685078884
forest,4.148,1.101501148873632
forest,4.152,1.097670425275532
forest,4.156,1.0940054383516873
forest,4.16,1.090529227891364
forest,4.164,1.0872681221923937
forest,4.168,1.0842741662668336
forest,4.172,1.081664465669461
forest,4.176,1.0795612317846348
forest,4.18,1.0778826276746987
forest,4.184,1.076438029233192
forest,4.188,1.075108957339141
forest,4.192,1.0738433639460871
forest,4.196,1.072622785208152
forest,4.2,1.071447198491185
forest,4.204,1.0703300779068974
forest,4.208,1.0693068892331514
forest,4.212,1.068742473197545
forest,4.216,1.069787964510306
forest,4.22,1.071171166036372
forest,4.224,1.0726783553930543
forest,4.228,1.0742803366334877
forest,4.232,1.0759534136118354
forest,4.236,1.0776754742649115
forest,4.24,1.0794284590263508
forest,4.244,1.0812001839587453
forest,4.248,1.082985126569201
forest,4.252,1.0847845916690697
forest,4.256,1.0866065596309458
forest,4.26,1.088465237075768
forest,4.264,1.0903800899487985
forest,4.268,1.0923740556373123
forest,4.272,1.0944708550577336
forest,4.276,1.0966919273953704
forest,4.28,1.099054159202184
forest,4.284,1.1015695025926644
forest,4.288,1.1042463387419403
forest,4.292,1.1070908289379386
forest,4.296,1.1101060608286306
forest,4.3,1.1132884495517288
forest,4.304,1.1166237378481287
forest,4.308,1.1200862973543764
forest,4.312,1.1236434249829286
forest,4.316,1.1272653560859336
forest,4.32,1.1310618420143093
forest,4.324,1.1365737107530487
forest,4.328,1.1423552502424332
forest,4.332,1.148108546779817
forest,4.336,1.1538160387050396
forest,4.34,1.159471284613249
forest,4.344,1.165072514127782
forest,4.348,1.1706210731843076
forest,4.352,1.1761204650115198
forest,4.356,1.1815754688026605
forest,4.36,1.1869912157934253
forest,4.364,1.1923722224102409
forest,4.368,1.1977214621810206
forest,4.372,1.203039613482774
forest,4.376,1.2083246247114776
forest,4.38,1.2135716790577216
forest,4.384,1.218773539078716
forest,4.388,1.2239211555850267
forest,4.392,1.2290043798287484
forest,4.396,1.2340126330481866
forest,4.4,1.2389354409025934
forest,4.404,1.243762799953977
forest,4.408,1.248485387263878
forest,4.412,1.2530946464151367
forest,4.416,1.2575827883070008
forest,4.42,1.261942740406949
forest,4.424,1.2661680699237565
forest,4.428,1.2702528981957721
forest,4.432,1.274191816987892
forest,4.436,1.2779798126563682
forest,4.44,1.281612201019445
forest,4.444,1.285084573857033
forest,4.448,1.288392756874544
forest,4.452,1.291532778410955
forest,4.456,1.2945008479457267
forest,4.46,1.2972933434330431
forest,4.464,1.2999068065892778
forest,4.468,1.3023379454431343
forest,4.472,1.3045836437178926
forest,4.476,1.3066409769640193
forest,4.48,1.308507235831581
forest,4.484,1.310179957525539
forest,4.488,1.3116569674227723
forest,4.492,1.3129364342128844
forest,4.496,1.3140169440365124
forest,4.5,1.3148976024236663
forest,4.5040000000000004,1.315578178252976
forest,4.508,1.316059313056026
forest,4.5120000000000005,1.3163428347656578
forest,4.516,1.3164322431704634
forest,4.5200000000000005,1.3163334860495552
forest,4.524,1.3160562423177367
forest,4.5280000000000005,1.3156161155129193
forest,4.532,1.3150385047412079
forest,4.5360000000000005,1.3143656262767505
forest,4.54,1.313669388691109
forest,4.5440000000000005,1.3130725443055788
forest,4.548,1.3127550762269453
forest,4.5520000000000005,1.312840669834336
forest,4.556,1.3132490716577498
forest,4.5600000000000005,1.3138260046559749
forest,4.564,1.3144786207449441
forest,4.5680000000000005,1.31517765414928
forest,4.572,1.3159336633592855
forest,4.5760000000000005,1.316773761741166
forest,4.58,1.3177166405166865
forest,4.5840000000000005,1.3187551719305146
forest,4.588,1.3198595197741074
forest,4.5920000000000005,1.3209949653189665
forest,4.596,1.3221373685938096
forest,4.6000000000000005,1.3232790136006534
forest,4.604,1.3244269411863299
forest,4.6080000000000005,1.3255964433072758
forest,4.612,1.3268012358425765
forest,4.616,1.3280434183339467
forest,4.62,1.3293084510618125
forest,4.624,1.3305680106559277
forest,4.628,1.3317877524377997
forest,4.632,1.3329346155363582
forest,4.636,1.3339809029078082
forest,4.64,1.334905460986526
forest,4.644,1.33569332786894
forest,4.648,1.3363349263985236
forest,4.652,1.3368253654604478
forest,4.656,1.3371640940813159
forest,4.66,1.3373550352400234
forest,4.664,1.3374073337432812
forest,4.668,1.3373369199757472
forest,4.672,1.337169116780443
forest,4.676,1.3369421730200441
forest,4.68,1.3367099819452817
forest,4.684,1.3365382056970618
forest,4.688,1.3364852614116294
forest,4.692,1.33657282555737
forest,4.696,1.336774916677714
forest,4.7,1.3370392138734906
forest,4.704,1.3373141320685658
forest,4.708,1.3375605328677362
forest,4.712,1.3377514203340124
forest,4.716,1.337868046910709
forest,4.72,1.3378963968848785
forest,4.724,1.3378249030745635
forest,4.728,1.3376432243558358
forest,4.732,1.337341730858904
forest,4.736,1.3369113908246217
forest,4.74,1.3363438415622122
forest,4.744,1.3356315098186682
forest,4.748,1.3347677115248233
forest,4.752,1.3337467045525941
forest,4.756,1.332563693166286
forest,4.76,1.3312147942464974
forest,4.764,1.3296969783726067
forest,4.768,1.3280079976299901
forest,4.772,1.326146309241235
forest,4.776,1.324111001241183
forest,4.78,1.3219017240312971
forest,4.784,1.3195186299106618
forest,4.788,1.3169623215313568
forest,4.792,1.3142338095401442
forest,4.796,1.3113344793193404
forest,4.8,1.3082660666261512
forest,4.804,1.3050306419792197
forest,4.808,1.3016306038096368
forest,4.812,1.2980686806606339
forest,4.816,1.294347943086203
forest,4.82,1.2904718263866113
forest,4.824,1.2864441659787678
forest,4.828,1.2822692481237585
forest,4.832,1.2779518800870793
forest,4.836,1.2734974858825903
forest,4.84,1.2689122370906216
forest,4.844,1.264203233867247
forest,4.848,1.2593787611651532
forest,4.852,1.2544486633097134
forest,4.856,1.249424914293465
forest,4.86,1.2443225268760671
forest,4.864,1.2391610681062004
forest,4.868,1.2339672633389847
forest,4.872,1.2287794083924974
forest,4.876,1.2236538547240603
forest,4.88,1.2186696315523933
forest,4.884,1.213915266026611
forest,4.888,1.2094434083352046
forest,4.892,1.20523748699928
forest,4.896,1.201243005177655
forest,4.9,1.1974133214498461
forest,4.904,1.1937235958717052
forest,4.908,1.19016643744134
forest,4.912,1.1867462330581533
forest,4.916,1.1834804391887233
forest,4.92,1.1804407737375908
forest,4.924,1.178117417902993
forest,4.928,1.1769312160011192
forest,4.932,1.1760991252455093
forest,4.936,1.175404090663698
forest,4.94,1.1747991474183281
forest,4.944,1.1742619057986057
forest,4.948,1.1737778090867528
forest,4.952,1.17333660454667
forest,4.956,1.1729307439940293
forest,4.96,1.1725541028018025
forest,4.964,1.1722008276900082
forest,4.968,1.1718644048807587
forest,4.972,1.1715370723119778
forest,4.976,1.1712096386010256
forest,4.98,1.1708716741285163
forest,4.984,1.1705119568438846
forest,4.988,1.1701190230562741
forest,4.992,1.1696816949802213
forest,4.996,1.169189508780878
forest,5.0,1.1686330206409161
forest,5.0040000000000004,1.168004006560498
forest,5.008,1.1672955908825124
forest,5.0120000000000005,1.1665023438641349
forest,5.016,1.1656203867599502
forest,5.0200000000000005,1.1646475388341981
forest,5.024,1.163583536607701
forest,5.0280000000000005,1.1624303504754248
forest,5.032,1.1611926126659124
forest,5.0360000000000005,1.1598781423288356
forest,5.04,1.1584984884067504
forest,5.0440000000000005,1.157069281728289
forest,5.048,1.1556099827644697
forest,5.0520000000000005,1.1541424069561566
forest,5.056,1.152687481388255
forest,5.0600000000000005,1.1512604563411357
forest,5.064,1.1498662314912744
forest,5.0680000000000005,1.148497326941183
forest,5.072,1.1471358415779855
forest,5.0760000000000005,1.145758211577562
forest,5.08,1.1443402536090328
forest,5.0840000000000005,1.1428607492790501
forest,5.088,1.1413032789709212
forest,5.0920000000000005,1.1396568379126637
forest,5.096,1.1379158701544556
forest,5.1000000000000005,1.1360801511934255
forest,5.104,1.134154722134547
forest,5.1080000000000005,1.132149904010482
forest,5.112,1.1300812813706056
forest,5.1160000000000005,1.1279694142573107
forest,5.12,1.1258389414103978
forest,5.124,1.1237167926645002
forest,5.128,1.1216296317313172
forest,5.132,1.1196015093916678
forest,5.136,1.117653905896321
forest,5.14,1.1158128039732709
forest,5.144,1.1141437826606864
forest,5.148,1.1129678099948719
forest,5.152,1.1129142651285686
forest,5.156,1.1134584554136986
forest,5.16,1.1142288104556974
forest,5.164,1.115153097905615
forest,5.168,1.116200685092545
forest,5.172,1.1173459441986897
forest,5.176,1.1185670158115468
forest,5.18,1.1198494886422086
forest,5.184,1.1211890644293008
forest,5.188,1.1225920824358793
forest,5.192,1.1240737191930052
forest,5.196,1.125653827711948
forest,5.2,1.1273516205289165
forest,5.204,1.1291833009418304
forest,5.208,1.1311698148353622
forest,5.212,1.1333637817831592
forest,5.216,1.135889736920326
forest,5.22,1.1388764130068547
forest,5.224,1.1422464040954525
forest,5.228,1.1458191723368991
forest,5.232,1.1494846792367706
forest,5.236,1.1531931230907098
forest,5.24,1.156921079346195
forest,5.244,1.1606553310304928
forest,5.248,1.1643861046006987
forest,5.252,1.1681044271233116
forest,5.256,1.171802218685729
forest,5.26,1.1754792858739989
forest,5.264,1.1792653543668246
forest,5.268,1.1844220277118567
forest,5.272,1.1900147758481663
forest,5.276,1.1955500735562683
forest,5.28,1.2009921947577087
forest,5.284,1.2063260293578595
forest,5.288,1.2115404781960468
forest,5.292,1.2166262200365294
forest,5.296,1.2215751197725102
forest,5.3,1.2263799761879022
forest,5.304,1.231034369752881
forest,5.308,1.2355325511623778
forest,5.312,1.2398693526125353
forest,5.316,1.2440401150454115
forest,5.32,1.2480406280446155
forest,5.324,1.2518670802911487
forest,5.328,1.2555160190431514
forest,5.332,1.258984317437335
forest,5.336,1.262269148651224
forest,5.34,1.265367966145388
forest,5.344,1.268278489330627
forest,5.348,1.2709986940824192
forest,5.352,1.2735268075643802
forest,5.356,1.275861306842756
forest,5.36,1.278000920804842
forest,5.364,1.279944634984684
forest,5.368,1.2816916991436127
forest,5.372,1.2832416380620637
forest,5.376,1.2845942675348276
forest,5.38,1.2857497217620024
forest,5.384,1.286708511539733
forest,5.388,1.2874716835056328
forest,5.392,1.2880414151769126
forest,5.396,1.2884247202178336
forest,5.4,1.288739830289202
forest,5.404,1.290552824534691
forest,5.408,1.2925272108226158
forest,5.412,1.2943263606196862
forest,5.416,1.295943775978803
forest,5.42,1.297380652319854
forest,5.424,1.298639704993691
forest,5.428,1.299724377926692
forest,5.432,1.300638698983263
forest,5.436,1.3013872916557025
forest,5.44,1.301975453590044
forest,5.444,1.3024092850747375
forest,5.448,1.302695871514947
forest,5.452,1.3028435350099552
forest,5.456,1.3028621814121455
forest,5.46,1.3027637849260496
forest,5.464,1.3025630753062416
forest,5.468,1.302278522925103
forest,5.472,1.3019337408101557
forest,5.476,1.301559379385734
forest,5.48,1.3011952885173579
forest,5.484,1.3008917413084558
forest,5.488,1.3007065265200264
forest,5.492,1.3006935027068456
forest,5.496,1.3008838120548698
forest,5.5,1.3012735876117811
forest,5.5040000000000004,1.3018312437936856
forest,5.508,1.302516797453452
forest,5.5120000000000005,1.3032971339929276
forest,5.516,1.304152277533708
forest,5.5200000000000005,1.3050760874225953
forest,5.524,1.3060744666263324
forest,5.5280000000000005,1.3071614956192472
forest,5.532,1.3083526420193539
forest,5.5360000000000005,1.309655546092599
forest,5.54,1.3110622092025197
forest,5.5440000000000005,1.3125475887399332
forest,5.548,1.3140753213212277
forest,5.5520000000000005,1.3156060423442075
forest,5.556,1.3171036139997605
forest,5.5600000000000005,1.318537908272887
forest,5.564,1.319885135609334
forest,5.5680000000000005,1.3211270593622424
forest,5.572,1.3222499484730406
forest,5.5760000000000005,1.323243647736285
forest,5.58,1.3241008848175446
forest,5.5840000000000005,1.324816830303491
forest,5.588,1.3253889057785122
forest,5.5920000000000005,1.3258168524248757
forest,5.596,1.326103113216228
forest,5.6000000000000005,1.3262536441342907
forest,5.604,1.3262793529947021
forest,5.6080000000000005,1.3261984319401945
forest,5.612,1.3260397114207112
forest,5.6160000000000005,1.3258461767820005
forest,5.62,1.3256746917842206
forest,5.6240000000000006,1.3255835593555996
forest,5.628,1.3256048543225516
forest,5.632,1.3257230317370152
forest,5.636,1.3258860206402399
forest,5.64,1.3260346228526951
forest,5.644,1.3261213199445918
forest,5.648,1.326114144909213
forest,5.652,1.3259942109213259
forest,5.656,1.3257526703752005
forest,5.66,1.3253889392658835
forest,5.664,1.3249105557250762
forest,5.668,1.3243349688260442
forest,5.672,1.3236941004469263
forest,5.676,1.3230435871223765
forest,5.68,1.3224797884515245
forest,5.684,1.322159324521802
forest,5.688,1.3222514054253938
forest,5.692,1.322758915681968
forest,5.696,1.3235212401881793
forest,5.7,1.3243934362382155
forest,5.704,1.3252907087682713
forest,5.708,1.3261667553883119
forest,5.712,1.3269956030772925
forest,5.716,1.3277615677191743
forest,5.72,1.3284539079624085
forest,5.724,1.3290640556841822
forest,5.728,1.3295843201208268
forest,5.732,1.330007446274775
forest,5.736,1.3303266409181351
forest,5.74,1.3305358131869616
forest,5.744,1.330629871656998
forest,5.748,1.3306049915426785
forest,5.752,1.3304588151967907
forest,5.756,1.3301905770258726
forest,5.76,1.3298011540019303
forest,5.764,1.3292930406486572
forest,5.768,1.3286702383858515
forest,5.772,1.327938039007269
forest,5.776,1.3271026770440026
forest,5.78,1.3261708330126365
forest,5.784,1.3251489954707933
forest,5.788,1.3240427349746011
forest,5.792,1.3228559956487835
forest,5.796,1.3215905445839127
forest,5.8,1.32024570781287
forest,5.804,1.3188184558064358
forest,5.808,1.317303805993031
forest,5.812,1.3156954300128965
forest,5.816,1.3139863236594684
forest,5.82,1.3121694200369165
forest,5.824,1.310238077620146
forest,5.828,1.3081864265022092
forest,5.832,1.306009591615468
forest,5.836,1.3037038283925981
forest,5.84,1.3012666093477105
forest,5.844,1.2986966961739057
forest,5.848,1.2959942262955315
forest,5.852,1.2931608382210311
forest,5.856,1.2901998575839404
forest,5.86,1.2871165653441468
forest,5.864,1.283918570226099
forest,5.868,1.2806163067628653
forest,5.872,1.277223673463893
forest,5.876,1.2737588030398719
forest,5.88,1.2702449007784786
forest,5.884,1.2667109709136763
forest,5.888,1.2631920464244573
forest,5.892,1.2597282593667516
forest,5.896,1.256361895339349
forest,5.9,1.2531318782713092
forest,5.904,1.2500664018951622
forest,5.908,1.2471763411785521
forest,5.912,1.2444528496593605
forest,5.916,1.2418705694631305
forest,5.92,1.239394550754893
forest,5.924,1.2369874673745325
forest,5.928,1.2346148112959265
forest,5.932,1.2322476095335069
forest,5.936,1.2298632961050937
forest,5.94,1.2274455717098396
forest,5.944,1.224983873450364
forest,5.948,1.2224728139026915
forest,5.952,1.2199117584185222
forest,5.956,1.217304593833131
forest,5.96,1.2146596669008214
forest,5.964,1.2119898016605428
forest,5.968,1.2093122161876058
forest,5.972,1.2066480492007543
forest,5.976,1.2040211294005734
forest,5.98,1.2014557167445978
forest,5.984,1.1989733909594023
forest,5.988,1.1965900172456023
forest,5.992,1.1943142453772737
forest,5.996,1.1921485705343675
forest,6.0,1.1900926387914956
forest,6.0040000000000004,1.1881472272349898
forest,6.008,1.1863169709486674
forest,6.0120000000000005,1.1846103001083665
forest,6.016,1.1830359120857676
forest,6.0200000000000005,1.1815967213504923
forest,6.024,1.180284351493388
forest,6.0280000000000005,1.1790777480533412
forest,6.032,1.1779467689560659
forest,6.0360000000000005,1.1768581197201684
forest,6.04,1.175780370534227
forest,6.0440000000000005,1.1746866604145916
forest,6.048,1.1735554376407713
forest,6.0520000000000005,1.1723701254803216
forest,6.056,1.1711184123228937
forest,6.0600000000000005,1.16979154368186
forest,6.064,1.1683837733412552
forest,6.0680000000000005,1.166892025240338
forest,6.072,1.165315786354037
forest,6.0760000000000005,1.1636572642890903
forest,6.08,1.1619218938045983
forest,6.0840000000000005,1.160119377257551
forest,6.088,1.1582656244416918
forest,6.0920000000000005,1.1563862129476978
forest,6.096,1.1545219724880575
forest,6.1000000000000005,1.1527350843851796
forest,6.104,1.1511048949040255
forest,6.1080000000000005,1.1496931960737118
forest,6.112,1.148496521318671
forest,6.1160000000000005,1.1474532386216691
forest,6.12,1.14649261861201
forest,6.1240000000000006,1.1455608457662882
forest,6.128,1.144620871095494
forest,6.132000000000001,1.1436462053297896
forest,6.136,1.1426165823166134
forest,6.140000000000001,1.1415162966311523
forest,6.144,1.140335478573076
forest,6.148,1.1390796735224886
forest,6.152,1.137839985404899
forest,6.156,1.1372418399665778
forest,6.16,1.137389457299723
forest,6.164,1.1375663884160339
forest,6.168,1.137641068268003
forest,6.172,1.13761481731949
forest,6.176,1.137623512910907
forest,6.18,1.1382798467957889
forest,6.184,1.1395694063161799
forest,6.188,1.140876133210953
forest,6.192,1.1420548763269367
forest,6.196,1.1430757591948177
forest,6.2,1.143931196186112
forest,6.204,1.1446210364243878
forest,6.208,1.1451493564476005
forest,6.212,1.14552387471967
forest,6.216,1.1457562294400845
forest,6.22,1.1458626039703261
forest,6.224,1.1458643462380824
forest,6.228,1.1457880378457335
forest,6.232,1.1456641614900456
forest,6.236,1.145523573943556
forest,6.24,1.1453922569977575
forest,6.244,1.1452874119871863
forest,6.248,1.1452198835412937
forest,6.252,1.1452076678227268
forest,6.256,1.1453060549543053
forest,6.26,1.1456465287578361
forest,6.264,1.1463607817434167
forest,6.268,1.1473709981116544
forest,6.272,1.1485020818369494
forest,6.276,1.149649588389527
forest,6.28,1.1507669398583165
forest,6.284,1.1518325046991567
forest,6.288,1.1528343698881731
forest,6.292,1.1537642104225605
forest,6.296,1.1546148494276696
forest,6.3,1.15537944280593
forest,6.304,1.156051541071418
forest,6.308,1.156626076036059
forest,6.312,1.157103896878717
forest,6.316,1.1575415277252687
forest,6.32,1.1589634525810912
forest,6.324,1.1611667959966359
forest,6.328,1.1632948480723408
forest,6.332,1.1652997227776938
forest,6.336,1.1671723513112489
forest,6.34,1.1689089084832398
forest,6.344,1.1705073509633241
forest,6.348,1.1719666566605682
forest,6.352,1.1732865919048439
forest,6.356,1.174467643867718
forest,6.36,1.1755110367587993
forest,6.364,1.176418817433394
forest,6.368,1.1771940213214496
forest,6.372,1.177840947552029
forest,6.376,1.1783655931041848
forest,6.38,1.1787763242535028
forest,6.384,1.1790848987940301
forest,6.388,1.1793079767729528
forest,6.392,1.1794691975058058
forest,6.396,1.1796015377951972
forest,6.4,1.179748549710613
forest,6.404,1.179960981822601
forest,6.408,1.1802845088863554
forest,6.412,1.1807411266938186
forest,6.416,1.1813191405469645
forest,6.42,1.1819827841338666
forest,6.424,1.182691425949074
forest,6.428,1.183413070468365
forest,6.432,1.1841289935357728
forest,6.436,1.1848336737945444
forest,6.44,1.185533506070835
forest,6.444,1.1862453668779642
forest,6.448,1.1869944289038687
forest,6.452,1.1878097857362857
forest,6.456,1.1887169400795388
forest,6.46,1.189728853091468
forest,6.464,1.1908404521295604
forest,6.468,1.1920306231264077
forest,6.472,1.1932703651541332
forest,6.476,1.1945342491156323
forest,6.48,1.195891971413411
forest,6.484,1.1988677196250315
forest,6.488,1.2022114871543126
forest,6.492,1.2055146426073344
forest,6.496,1.208762488927283
forest,6.5,1.2119518191274867
forest,6.5040000000000004,1.2150833586861323
forest,6.508,1.2181603081779149
forest,6.5120000000000005,1.2211876264310795
forest,6.516,1.2241714771608816
forest,6.5200000000000005,1.2271187251887414
forest,6.524,1.2300364900644085
forest,6.5280000000000005,1.232931841731046
forest,6.532,1.2358117897509404
forest,6.5360000000000005,1.2386837731779516
forest,6.54,1.2415568999522935
forest,6.5440000000000005,1.2444442057832181
forest,6.548,1.247366118141158
forest,6.5520000000000005,1.2503547228739296
forest,6.556,1.253456270391729
forest,6.5600000000000005,1.2567249116790324
forest,6.564,1.2602002292962038
forest,6.5680000000000005,1.2638796880565724
forest,6.572,1.2677166928566626
forest,6.5760000000000005,1.271647070177631
forest,6.58,1.2756137892613766
forest,6.5840000000000005,1.2795754421889147
forest,6.588,1.2835048713623043
forest,6.5920000000000005,1.2873854055791052
forest,6.596,1.2912075804528196
forest,6.6000000000000005,1.2949667676782113
forest,6.604,1.2986614656018287
forest,6.6080000000000005,1.3022919600581635
forest,6.612,1.3058591673419748
forest,6.6160000000000005,1.3093635897957687
forest,6.62,1.3128044160503891
forest,6.6240000000000006,1.3161788608297984
forest,6.628,1.3194818427729962
forest,6.632000000000001,1.3227060410305367
forest,6.636,1.325842281867113
forest,6.640000000000001,1.3288801324391406
forest,6.644,1.3318085543488143
forest,6.648000000000001,1.3346164956236564
forest,6.652,1.3372933522096613
forest,6.656000000000001,1.339829281279039
forest,6.66,1.3422153829856862
forest,6.664,1.3444437826634361
forest,6.668,1.3465076472249522
forest,6.672,1.348401164377788
forest,6.676,1.3501195061769447
forest,6.68,1.3516587920678673
forest,6.684,1.3530160619759748
forest,6.688,1.354189267311924
forest,6.692,1.355177286776542
forest,6.696,1.3559799742913288
forest,6.7,1.356598248007478
forest,6.704,1.3570342319038156
forest,6.708,1.3572914645003338
forest,6.712,1.357375191521987
forest,6.716,1.3572927580775906
forest,6.72,1.3570541045850726
forest,6.724,1.3566723361527377
forest,6.728,1.3561642550258084
forest,6.732,1.3555505937531114
forest,6.736,1.354855467145469
forest,6.74,1.3541043989116845
forest,6.744,1.3533205171159386
forest,6.748,1.3525195296779327
forest,6.752,1.3517055414447836
forest,6.756,1.350870130926371
forest,6.76,1.3499953069615493
forest,6.764,1.34905853646911
forest,6.768,1.348037374286275
forest,6.772,1.3469123933934315
forest,6.776,1.3456684601672548
forest,6.78,1.3442949830578765
forest,6.784,1.3427857437248574
forest,6.788,1.3411387170237177
forest,6.792,1.3393561286331654
forest,6.796,1.3374449445756897
forest,6.8,1.3354180396064375
forest,6.804,1.333296471840752
forest,6.808,1.3311136729881332
forest,6.812,1.328923107769842
forest,6.816,1.3268121823652976
forest,6.82,1.3249238471025724
forest,6.824,1.3234541998533826
forest,6.828,1.3225174452937405
forest,6.832,1.3220215063428644
forest,6.836,1.3218187011006672
forest,6.84,1.321815064885842
forest,6.844,1.3219598269367396
forest,6.848,1.3222230652295626
forest,6.852,1.322584825257631
forest,6.856,1.3230323227574414
forest,6.86,1.3235608638436633
forest,6.864,1.324175437530441
forest,6.868,1.324891076627271
forest,6.872,1.325730710352847
forest,6.876,1.326719783302299
forest,6.88,1.327878308538449
forest,6.884,1.3292131973782912
forest,6.888,1.330714512487658
forest,6.892,1.3323569978771617
forest,6.896,1.3341050316312657
forest,6.9,1.3359182401574112
forest,6.904,1.337756119715682
forest,6.908,1.3395811688519343
forest,6.912,1.3413606000687912
forest,6.916,1.343066935711024
forest,6.92,1.3446778750114903
forest,6.924,1.3461757840888184
forest,6.928,1.347547060510491
forest,6.932,1.3487815186943066
forest,6.936,1.3498718638204763
forest,6.94,1.3508132743843564
forest,6.944,1.351603089039726
forest,6.948,1.3522405824247574
forest,6.952,1.3527268100476804
forest,6.956,1.3530644995289935
forest,6.96,1.3532579620441196
forest,6.964,1.353312992673102
forest,6.968,1.3532367220440744
forest,6.972,1.3530373766714068
forest,6.976,1.3527239068425156
forest,6.98,1.352305456099738
forest,6.984,1.351790681829056
forest,6.988,1.351186991545315
forest,6.992,1.3504998190600017
forest,6.996,1.3497320991600021
forest,7.0,1.3488840791600394
forest,7.0040000000000004,1.3479535257156763
forest,7.008,1.346936277413905
forest,7.0120000000000005,1.345827008869988
forest,7.016,1.3446200451476114
forest,7.0200000000000005,1.343310094512324
forest,7.024,1.3418928243618211
forest,7.0280000000000005,1.3403652589038575
forest,7.032,1.33872601093017
forest,7.0360000000000005,1.3369753720518602
forest,7.04,1.3351152824679116
forest,7.0440000000000005,1.3331491910527016
forest,7.048,1.3310818065190806
forest,7.0520000000000005,1.3289187364007862
forest,7.056,1.3266660169258297
forest,7.0600000000000005,1.3243295554171488
forest,7.064,1.3219145348586065
forest,7.0680000000000005,1.3194248582822932
forest,7.072,1.3168627241468533
forest,7.0760000000000005,1.3142284102245827
forest,7.08,1.311520301369736
forest,7.0840000000000005,1.3087351400694844
forest,7.088,1.3058684307248138
forest,7.0920000000000005,1.3029149069351786
forest,7.096,1.2998689787628066
forest,7.1000000000000005,1.2967251038413659
forest,7.104,1.2934780576849074
forest,7.1080000000000005,1.290123103856918
forest,7.112,1.2866560796519093
forest,7.1160000000000005,1.2830734185967243
forest,7.12,1.279372130541462
forest,7.1240000000000006,1.275549756522863
forest,7.128,1.271604311155765
forest,7.132000000000001,1.267534221244257
forest,7.136,1.2633382660783385
forest,7.140000000000001,1.2590155225546673
forest,7.144,1.2545653167079114
forest,7.148000000000001,1.2499871822894504
forest,7.152,1.2452808265276119
forest,7.156000000000001,1.2404461030392706
forest,7.16,1.2354829919876398
forest,7.164000000000001,1.230391588028268
forest,7.168,1.2251720975212224
forest,7.172,1.2198248483514011
forest,7.176,1.2143503195763823
forest,7.18,1.2087492068084378
forest,7.184,1.2030225605626392
forest,7.188,1.1971720932730994
forest,7.192,1.1912009349237949
forest,7.196,1.1851158148544099
forest,7.2,1.1789350541071957
forest,7.204,1.1727303139766254
forest,7.208,1.1668885501973134
forest,7.212,1.1619346671403137
forest,7.216,1.1572444981607104
forest,7.22,1.1525144416363433
forest,7.224,1.1476899172419501
forest,7.228,1.142757772447271
forest,7.232,1.1377148290975803
forest,7.236,1.1325616351699392
forest,7.24,1.1273008758016707
forest,7.244,1.1219370464765694
forest,7.248,1.1164766194037212
forest,7.252,1.1109284956494219
forest,7.256,1.1053046718692339
forest,7.26,1.0996210410648655
forest,7.264,1.093898118608037
forest,7.268,1.0881612130171878
forest,7.272,1.082439214551124
forest,7.276,1.0767611649580258
forest,7.28,1.0711509004013977
forest,7.284,1.0656224620117265
forest,7.288,1.0601805372109308
forest,7.292,1.0548287299330548
forest,7.296,1.0495869613350917
forest,7.3,1.044523018230281
forest,7.304,1.0397911749986826
forest,7.308,1.0355521811480273
forest,7.312,1.0317711324948018
forest,7.316,1.0283454005473422
forest,7.32,1.0252697256127103
forest,7.324,1.0226101291536023
forest,7.328,1.0204321563948073
forest,7.332,1.018729008918148
forest,7.336,1.017408830328384
forest,7.34,1.0163533966345688
forest,7.344,1.0154675201021042
forest,7.348,1.0146885653728284
forest,7.352,1.0139792968281647
forest,7.356,1.0133202936471952
forest,7.36,1.0127058282556036
forest,7.364,1.0121443320075953
forest,7.368,1.0116804094114082
forest,7.372,1.0119941711410099
forest,7.376,1.013702278352859
forest,7.38,1.0156587901043166
forest,7.384,1.017921308293077
forest,7.388,1.021201418112466
forest,7.392,1.0252350526411662
forest,7.396,1.0293950511966556
forest,7.4,1.0335554702286185
forest,7.404,1.0376693835657265
forest,7.408,1.0417093004406093
forest,7.412,1.0456576640405282
forest,7.416,1.0495036995740483
forest,7.42,1.0532417113500858
forest,7.424,1.0568699228713678
forest,7.428,1.0603895702512696
forest,7.432,1.0638040967012006
forest,7.436,1.067118355606044
forest,7.44,1.0703377851863194
forest,7.444,1.073467582572571
forest,7.448,1.0765119702805026
forest,7.452,1.079473689358914
forest,7.456,1.0823538460004631
forest,7.46,1.0851521791602103
forest,7.464,1.0878677365720468
forest,7.468,1.0904998953665208
forest,7.472,1.0930496789286823
forest,7.476,1.09552140924806
forest,7.48,1.0979248657188152
forest,7.484,1.1002782121392534
forest,7.488,1.102611723174649
forest,7.492,1.1049709763125635
forest,7.496,1.1074144492593785
forest,7.5,1.1099968734463617
forest,7.5040000000000004,1.1127399565208258
forest,7.508,1.1156174723590593
forest,7.5120000000000005,1.1185735718069592
forest,7.516,1.1215513372719699
forest,7.5200000000000005,1.1245071744941524
forest,7.524,1.1274120003926846
forest,7.5280000000000005,1.1302478361697224
forest,7.532,1.1330043103180956
forest,7.5360000000000005,1.1356761664635875
forest,7.54,1.1382617062182536
forest,7.5440000000000005,1.1407619148089774
forest,7.548,1.1431801182692602
forest,7.5520000000000005,1.1455223304568896
forest,7.556,1.147800415527789
forest,7.5600000000000005,1.150103254693356
forest,7.564,1.1539539635857605
forest,7.5680000000000005,1.158247156849318
forest,7.572,1.1625367534941926
forest,7.5760000000000005,1.166833945680105
forest,7.58,1.1711618243537365
forest,7.5840000000000005,1.175545495740038
forest,7.588,1.1800070518662507
forest,7.5920000000000005,1.1845602666029706
forest,7.596,1.1892066686773524
forest,7.6000000000000005,1.1939351642053015
forest,7.604,1.1987254088009844
forest,7.6080000000000005,1.2035528619248586
forest,7.612,1.2083931385721212
forest,7.6160000000000005,1.2132245754432196
forest,7.62,1.218029184504937
forest,7.6240000000000006,1.222792628925029
forest,7.628,1.2275037754090208
forest,7.632000000000001,1.2321541535305671
forest,7.636,1.2367374759850203
forest,7.640000000000001,1.2412492741254835
forest,7.644,1.2456866581760688
forest,7.648000000000001,1.2500481960805376
forest,7.652,1.2543339028852447
forest,7.656000000000001,1.2585453350645712
forest,7.66,1.262685786191065
forest,7.664000000000001,1.2667605775048858
forest,7.668,1.2707774234112743
forest,7.672000000000001,1.2747468188671953
forest,7.676,1.2786823319643168
forest,7.68,1.282600585776728
forest,7.684,1.286520603839667
forest,7.688,1.2904621688396574
forest,7.692,1.2944430804236409
forest,7.696,1.298475815951438
forest,7.7,1.302564846519439
forest,7.704,1.3067060307066716
forest,7.708,1.3108886293846804
forest,7.712,1.31509914810798
forest,7.716,1.3193255378245539
forest,7.72,1.3235605681809894
forest,7.724,1.3278037648323036
forest,7.728,1.332061524297679
forest,7.732,1.336344893099379
forest,7.736,1.3406646706363463
forest,7.74,1.3450247668397632
forest,7.744,1.3494167491592586
forest,7.748,1.3538188772427058
forest,7.752,1.358200101595849
forest,7.756,1.3625261764839962
forest,7.76,1.3667646714091224
forest,7.764,1.3708876214788266
forest,7.768,1.3748722366457284
forest,7.772,1.3787005604520837
forest,7.776,1.3823587546984484
forest,7.78,1.3858363653531456
forest,7.784,1.3891257085580997
forest,7.788,1.392221407941168
forest,7.792,1.3951200720810775
forest,7.796,1.3978200894650032
forest,7.8,1.4003215188258216
forest,7.804,1.402626056704365
forest,7.808,1.404737067913233
forest,7.812,1.4066596669561657
forest,7.816,1.4084008388970273
forest,7.82,1.4099695864879727
forest,7.824,1.411377086545454
forest,7.828,1.41263683288356
forest,7.832,1.4137647363742332
forest,7.836,1.4147791463671537
forest,7.84,1.4157007536096355
forest,7.844,1.4165523340004407
forest,7.848,1.417358293146395
forest,7.852,1.4181439675123106
forest,7.856,1.4189346213352612
forest,7.86,1.4197540534222541
forest,7.864,1.4206227327360728
forest,7.868,1.4215554987195398
forest,7.872,1.4225591608127486
forest,7.876,1.423630716471958
forest,7.88,1.4247570336734205
forest,7.884,1.425916394495886
forest,7.888,1.4270814636393276
forest,7.892,1.4282226725892584
forest,7.896,1.4293110840308283
forest,7.9,1.4303202948968416
forest,7.904,1.4312274062241552
forest,7.908,1.4320133182327135
forest,7.912,1.432662636617458
forest,7.916,1.4331634140320075
forest,7.92,1.4335068789500167
forest,7.924,1.4336872559053115
forest,7.928,1.4337017651396455
forest,7.932,1.4335509096402521
forest,7.936,1.4332392249666515
forest,7.94,1.4327768127418772
forest,7.944,1.4321822689891353
forest,7.948,1.4314881864920985
forest,7.952,1.4307514623191673
forest,7.956,1.4300715329485454
forest,7.96,1.429607537985554
forest,7.964,1.4295123569947523
forest,7.968,1.429753472861211
forest,7.972,1.4301571667010393
forest,7.976,1.4305799607821181
forest,7.98,1.43093727892814
forest,7.984,1.431181076820896
forest,7.988,1.431283374107239
forest,7.992,1.4312273882023323
forest,7.996,1.431002810633063
mlp,0.0,0.011541356966528485
mlp,0.004,0.011446154247641227
mlp,0.008,0.011583455320315645
mlp,0.012,0.011813971509628117
mlp,0.016,0.012046398212584936
mlp,0.02,0.01222782815759345
mlp,0.024,0.012332474632740245
mlp,0.028,0.012352621243278572
mlp,0.032,0.012292026796362526
mlp,0.036000000000000004,0.012161209997791486
mlp,0.04,0.011974052174590006
mlp,0.044,0.011745331794359406
mlp,0.048,0.011488971324326362
mlp,0.052000000000000005,0.011216889332299983
mlp,0.056,0.010938396644745843
mlp,0.06,0.010660063665789546
mlp,0.064,0.010385946982475365
mlp,0.068,0.010118035991464753
mlp,0.07200000000000001,0.009856787157478356
mlp,0.076,0.00960164889126222
mlp,0.08,0.009351522111328246
mlp,0.084,0.009105133056987272
mlp,0.088,0.0088613118595126
mlp,0.092,0.008619178117011432
mlp,0.096,0.008378240720082994
mlp,0.1,0.00813842728273905
mlp,0.10400000000000001,0.007900065651527722
mlp,0.108,0.007663838584555495
mlp,0.112,0.007430721018548958
mlp,0.116,0.007201897798834187
mlp,0.12,0.0069786609861750655
mlp,0.124,0.006762299491778397
mlp,0.128,0.006554006273297571
mlp,0.132,0.006354826517080671
mlp,0.136,0.006165654157016717
mlp,0.14,0.005987266428036707
mlp,0.14400000000000002,0.005820377317619601
mlp,0.148,0.005665688698573251
mlp,0.152,0.0055239152959217445
mlp,0.156,0.005395754986566821
mlp,0.16,0.005281779116502452
mlp,0.164,0.005182246883703581
mlp,0.168,0.005096905153011697
mlp,0.17200000000000001,0.005024881341532919
mlp,0.176,0.004964762567815229
mlp,0.18,0.004914892664193754
mlp,0.184,0.004873888346495036
mlp,0.188,0.004841322835413145
mlp,0.192,0.0048181905940085385
mlp,0.196,0.004806120230064734
mlp,0.2,0.004805290145407609
mlp,0.20400000000000001,0.0048144262906509696
mlp,0.20800000000000002,0.0048305674862455265
mlp,0.212,0.004845479860600832
mlp,0.216,0.004850037458694251
mlp,0.22,0.004838212712848327
mlp,0.224,0.004806495398258568
mlp,0.228,0.004753147024913999
mlp,0.232,0.004678011420877111
mlp,0.23600000000000002,0.0045827809467576305
mlp,0.24,0.004472273376028632
mlp,0.244,0.004359392659804268
mlp,0.248,0.004269933960112838
mlp,0.252,0.004212307772646877
mlp,0.256,0.004166790452380181
mlp,0.26,0.0041217864434624114
mlp,0.264,0.004074256676916308
mlp,0.268,0.004047000466382063
mlp,0.272,0.004021204635577642
mlp,0.276,0.003986572889031041
mlp,0.28,0.003944773118971496
mlp,0.28400000000000003,0.003898381798233938
mlp,0.28800000000000003,0.003850217773594817
mlp,0.292,0.0038032035370577874
mlp,0.296,0.003760324875404582
mlp,0.3,0.003724562088584564
mlp,0.304,0.003698725583378639
mlp,0.308,0.0036851785574465454
mlp,0.312,0.0036855171291732386
mlp,0.316,0.0037003850727184615
mlp,0.32,0.003729528265210196
mlp,0.324,0.003771946664858517
mlp,0.328,0.0038259213387871493
mlp,0.332,0.0038888521272319454
mlp,0.336,0.00395701787197422
mlp,0.34,0.004025472950377838
mlp,0.34400000000000003,0.004088340949529598
mlp,0.34800000000000003,0.004139617250959915
mlp,0.352,0.004174217573383763
mlp,0.356,0.004188916591260138
mlp,0.36,0.004183046720351166
mlp,0.364,0.004158961446271564
mlp,0.368,0.004122226428491315
mlp,0.372,0.004081258995860822
mlp,0.376,0.004045530229596941
mlp,0.38,0.0040223054565572715
mlp,0.384,0.0040149947034298725
mlp,0.388,0.004023592039158407
mlp,0.392,0.004045216484716629
mlp,0.396,0.004074761969892949
mlp,0.4,0.004105887438599515
mlp,0.404,0.004132201815858995
mlp,0.40800000000000003,0.004148677128284808
mlp,0.41200000000000003,0.004153230088994664
mlp,0.41600000000000004,0.00414785404356119
mlp,0.42,0.004137515763751776
mlp,0.424,0.004126823104669367
mlp,0.428,0.004119886011426951
mlp,0.432,0.0041207787652405795
mlp,0.436,0.004131356169942156
mlp,0.44,0.004148445763685298
mlp,0.444,0.004163652333868174
mlp,0.448,0.004167378196190311
mlp,0.452,0.00415362772428092
mlp,0.456,0.004122452932514566
mlp,0.46,0.004079854046454792
mlp,0.464,0.004035166867469777
mlp,0.468,0.003996363518662649
mlp,0.47200000000000003,0.003966403965396789
mlp,0.47600000000000003,0.00394285555364607
mlp,0.48,0.003919609573721692
mlp,0.484,0.0038898160617129715
mlp,0.488,0.003848480485729877
mlp,0.492,0.0037932619772525792
mlp,0.496,0.0037237255321637464
mlp,0.5,0.003640972878022625
mlp,0.504,0.0035485881148911895
mlp,0.508,0.0034504913318411934
mlp,0.512,0.003352697785636318
mlp,0.516,0.003267755915916299
mlp,0.52,0.0032044866115851197
mlp,0.524,0.003172286784157142
mlp,0.528,0.003176602865228846
mlp,0.532,0.003197968910891838
mlp,0.536,0.0032398379356209676
mlp,0.54,0.0033120200841388987
mlp,0.544,0.0033780686743432225
mlp,0.548,0.003431419761229676
mlp,0.552,0.003470500820907221
mlp,0.556,0.0034969672604993306
mlp,0.56,0.003516973066507459
mlp,0.5640000000000001,0.0035345835721845064
mlp,0.5680000000000001,0.0035488423628241275
mlp,0.5720000000000001,0.0035604914964794928
mlp,0.5760000000000001,0.003570235343898321
mlp,0.58,0.003577438173885465
mlp,0.584,0.0035803087751903545
mlp,0.588,0.003576681291933484
mlp,0.592,0.003564870294987082
mlp,0.596,0.003544403907845911
mlp,0.6,0.0035167230098934973
mlp,0.604,0.0034879488782299907
mlp,0.608,0.003497722545011412
mlp,0.612,0.0035357371685711633
mlp,0.616,0.003584949335863621
mlp,0.62,0.0036438530196756143
mlp,0.624,0.0037095227642757584
mlp,0.628,0.0037788706345357075
mlp,0.632,0.003849047793877064
mlp,0.636,0.003916830675366723
mlp,0.64,0.003977835170382997
mlp,0.644,0.004026711258262025
mlp,0.648,0.004058330782334293
mlp,0.652,0.004068895385805097
mlp,0.656,0.004056527408354737
mlp,0.66,0.004021378592521808
mlp,0.664,0.003965347505598742
mlp,0.668,0.003891593268005612
mlp,0.672,0.0038041370414960834
mlp,0.676,0.003707722335584701
mlp,0.68,0.0036077768148576363
mlp,0.684,0.003510214602384592
mlp,0.6880000000000001,0.003421002457984998
mlp,0.6920000000000001,0.0033439369676577907
mlp,0.6960000000000001,0.0032777493315246297
mlp,0.7000000000000001,0.0032203443744157996
mlp,0.704,0.003171065061522653
mlp,0.708,0.0031298016672174646
mlp,0.712,0.0030956963416690284
mlp,0.716,0.003067223994235424
mlp,0.72,0.0030434112770335183
mlp,0.724,0.003024215723711478
mlp,0.728,0.0030103606035427662
mlp,0.732,0.0030031746105367973
mlp,0.736,0.003004640418893966
mlp,0.74,0.003017316822908365
mlp,0.744,0.003042692940531973
mlp,0.748,0.0030787417292414783
mlp,0.752,0.003120742868325683
mlp,0.756,0.0031643476517125386
mlp,0.76,0.00320692826051735
mlp,0.764,0.0032470041697497246
mlp,0.768,0.0032833196983824272
mlp,0.772,0.0033149359742218804
mlp,0.776,0.0033418615073361824
mlp,0.78,0.0033651343574543947
mlp,0.784,0.003386257825061359
mlp,0.788,0.0034064051977841596
mlp,0.792,0.0034259797812216755
mlp,0.796,0.0034447928507315073
mlp,0.8,0.0034625115758270776
mlp,0.804,0.0034789733118482094
mlp,0.808,0.003494297906316662
mlp,0.812,0.0035088944284286266
mlp,0.8160000000000001,0.003523436189290301
mlp,0.8200000000000001,0.003538843304530296
mlp,0.8240000000000001,0.003556368462699235
mlp,0.8280000000000001,0.0035780815951158896
mlp,0.8320000000000001,0.0036069808368926664
mlp,0.836,0.0036421548334305462
mlp,0.84,0.0036788448240881845
mlp,0.844,0.003714135130886173
mlp,0.848,0.0037466844276655095
mlp,0.852,0.003775904664589121
mlp,0.856,0.003801750024135228
mlp,0.86,0.0038246593959898765
mlp,0.864,0.00384547014073139
mlp,0.868,0.0038652460066385457
mlp,0.872,0.0038850492923477088
mlp,0.876,0.0039057546086134947
mlp,0.88,0.003927971512388143
mlp,0.884,0.003952044698906614
mlp,0.888,0.003978060719839996
mlp,0.892,0.004005828195618044
mlp,0.896,0.004034844508998031
mlp,0.9,0.004064282783351649
mlp,0.904,0.0040930290459806
mlp,0.908,0.004119776284902571
mlp,0.912,0.004143155857528754
mlp,0.916,0.004161878128342541
mlp,0.92,0.004174866987908192
mlp,0.924,0.004181392049647498
mlp,0.928,0.004181203103033796
mlp,0.932,0.0041746025474674025
mlp,0.936,0.004162234992691938
mlp,0.9400000000000001,0.004144582451727491
mlp,0.9440000000000001,0.004121903934006185
mlp,0.9480000000000001,0.004094735280596837
mlp,0.9520000000000001,0.004064123727724652
mlp,0.9560000000000001,0.004031492868607009
mlp,0.96,0.003998435047109358
mlp,0.964,0.00396655707286594
mlp,0.968,0.003937392967887013
mlp,0.972,0.003912372138241629
mlp,0.976,0.0038928244083063696
mlp,0.98,0.0038799907427246524
mlp,0.984,0.0038749721414766186
mlp,0.988,0.0038784960390070783
mlp,0.992,0.003890532865425767
mlp,0.996,0.003910224625526958
mlp,1.0,0.003936301162361384
mlp,1.004,0.0039674477707574195
mlp,1.008,0.00400234548849238
mlp,1.012,0.004039562983822623
mlp,1.016,0.004077514076146138
mlp,1.02,0.004114521236470888
mlp,1.024,0.004148989161249952
mlp,1.028,0.00417978462156284
mlp,1.032,0.004206596636261167
mlp,1.036,0.004229795741723186
mlp,1.04,0.00424989346850811
mlp,1.044,0.004267449487623991
mlp,1.048,0.004283565537565448
mlp,1.052,0.004299634614357236
mlp,1.056,0.004319678292429329
mlp,1.06,0.004356796118088592
mlp,1.064,0.004401149848154621
mlp,1.068,0.004452995399940334
mlp,1.072,0.004511165396193409
mlp,1.076,0.004574058848901895
mlp,1.08,0.004639213629251909
mlp,1.084,0.004702754896305122
mlp,1.088,0.004760365560511969
mlp,1.092,0.004808527052296238
mlp,1.096,0.004845603457681852
mlp,1.1,0.00487310685333969
mlp,1.104,0.004897186637769285
mlp,1.108,0.004926186156154971
mlp,1.112,0.004960020174879435
mlp,1.116,0.004996670577489
mlp,1.12,0.0050359070680954954
mlp,1.124,0.005077765756899572
mlp,1.1280000000000001,0.005121986980173517
mlp,1.1320000000000001,0.00516781754392349
mlp,1.1360000000000001,0.005213935721792118
mlp,1.1400000000000001,0.005258504993696663
mlp,1.1440000000000001,0.005299340810115178
mlp,1.1480000000000001,0.0053340742992119316
mlp,1.1520000000000001,0.005360263952363455
mlp,1.156,0.0053754843778037725
mlp,1.16,0.005377169176081822
mlp,1.164,0.005362234334566761
mlp,1.168,0.005327388955078351
mlp,1.172,0.00527077742523852
mlp,1.176,0.0051936916044681165
mlp,1.18,0.005101132937140306
mlp,1.184,0.0050020232050969286
mlp,1.188,0.004909077870518865
mlp,1.192,0.004835183465668631
mlp,1.196,0.004786328080542537
mlp,1.2,0.004758139828846591
mlp,1.204,0.004745625160909055
mlp,1.208,0.00475000125223409
mlp,1.212,0.004775149145779999
mlp,1.216,0.004814929189348961
mlp,1.22,0.004859107984297954
mlp,1.224,0.0049073888758207
mlp,1.228,0.004961492500962743
mlp,1.232,0.005015166696485834
mlp,1.236,0.005063070766803228
mlp,1.24,0.005102525296623927
mlp,1.244,0.005132273289273939
mlp,1.248,0.005154229708953582
mlp,1.252,0.005169794196434028
mlp,1.256,0.0051698516317953405
mlp,1.26,0.005148921333262646
mlp,1.264,0.005106027760487188
mlp,1.268,0.005041920414084402
mlp,1.272,0.004958547839706505
mlp,1.276,0.004859314916974753
mlp,1.28,0.004749251030381524
mlp,1.284,0.0046346382519294885
mlp,1.288,0.004522904475705093
mlp,1.292,0.004433378476320418
mlp,1.296,0.004361348905593887
mlp,1.3,0.004284712330992804
mlp,1.304,0.004212693645445146
mlp,1.308,0.004142263480179751
mlp,1.312,0.0040713188055708305
mlp,1.316,0.004006220337828178
mlp,1.32,0.0039682659752992375
mlp,1.324,0.003967834399626128
mlp,1.328,0.004000817510155708
mlp,1.332,0.004036564603218272
mlp,1.336,0.004079298445511538
mlp,1.34,0.004127176538276744
mlp,1.344,0.004175835441059551
mlp,1.348,0.004222646067997226
mlp,1.352,0.004265626519240811
mlp,1.356,0.0043031251416947415
mlp,1.36,0.004333992028180867
mlp,1.364,0.004357774819675142
mlp,1.368,0.004374856582077471
mlp,1.372,0.004386523852231237
mlp,1.3760000000000001,0.004394933999741176
mlp,1.3800000000000001,0.004402896881253731
mlp,1.3840000000000001,0.004413347477765457
mlp,1.3880000000000001,0.004428766535445454
mlp,1.3920000000000001,0.004450988723198925
mlp,1.3960000000000001,0.004481025726124464
mlp,1.4000000000000001,0.004518724937359659
mlp,1.4040000000000001,0.004562774596783802
mlp,1.408,0.004611051296764968
mlp,1.412,0.004661027525512634
mlp,1.416,0.004710161699421595
mlp,1.42,0.004756211850687188
mlp,1.424,0.004797446578335266
mlp,1.428,0.004832786661104529
mlp,1.432,0.004861904680197714
mlp,1.436,0.00488519465867704
mlp,1.44,0.0049033943533208415
mlp,1.444,0.004916997922614659
mlp,1.448,0.004926243792686117
mlp,1.452,0.0049318383832396475
mlp,1.456,0.0049355625076211865
mlp,1.46,0.004940123975582939
mlp,1.464,0.00494793700474846
mlp,1.468,0.004959493583843908
mlp,1.472,0.004973515516986958
mlp,1.476,0.00498844304502319
mlp,1.48,0.005002990707910798
mlp,1.484,0.005015892113256873
mlp,1.488,0.005025751679715495
mlp,1.492,0.00503124625206685
mlp,1.496,0.005031258343928438
mlp,1.5,0.005024359328898347
mlp,1.504,0.005008245461208406
mlp,1.508,0.004980425260362005
mlp,1.512,0.0049393737343324485
mlp,1.516,0.004884968335655687
mlp,1.52,0.0048184307018799355
mlp,1.524,0.004742179798410602
mlp,1.528,0.004659678203407701
mlp,1.532,0.004575223778320853
mlp,1.536,0.004493546178550507
mlp,1.54,0.004418977036468141
mlp,1.544,0.004354513872957132
mlp,1.548,0.004301864234580989
mlp,1.552,0.004262395010000897
mlp,1.556,0.004237814306971641
mlp,1.56,0.004230007441414963
mlp,1.564,0.0042400272082120105
mlp,1.568,0.0042674980215755085
mlp,1.572,0.004311213313426259
mlp,1.576,0.004369255189320649
mlp,1.58,0.004438467693865219
mlp,1.584,0.004514647552951392
mlp,1.588,0.00459328209978139
mlp,1.592,0.0046700844641208794
mlp,1.596,0.004741228774798859
mlp,1.6,0.004803369298469409
mlp,1.604,0.004853626003170091
mlp,1.608,0.004889862474342478
mlp,1.612,0.004911168548455065
mlp,1.616,0.004918162476422211
mlp,1.62,0.004912944463689155
mlp,1.624,0.004898701797374424
mlp,1.6280000000000001,0.0048790835898238185
mlp,1.6320000000000001,0.00485764455919496
mlp,1.6360000000000001,0.004837568605972565
mlp,1.6400000000000001,0.004821561414824727
mlp,1.6440000000000001,0.004811716379297044
mlp,1.6480000000000001,0.004809291073680814
mlp,1.6520000000000001,0.004814507855808356
mlp,1.6560000000000001,0.004826594263835286
mlp,1.6600000000000001,0.004844113208030568
mlp,1.6640000000000001,0.004865371224707813
mlp,1.668,0.0048886803904243685
mlp,1.672,0.0049124119082040296
mlp,1.676,0.004934904843462404
mlp,1.68,0.004954342148582718
mlp,1.684,0.0049686910545340204
mlp,1.688,0.0049757321660018235
mlp,1.692,0.004973147717173827
mlp,1.696,0.004958708113697965
mlp,1.7,0.004930591351313308
mlp,1.704,0.00488758124371046
mlp,1.708,0.0048289904782090705
mlp,1.712,0.004754805595781665
mlp,1.716,0.004666308836983471
mlp,1.72,0.004566607930038375
mlp,1.724,0.004460678314203411
mlp,1.728,0.004355019757138641
mlp,1.732,0.004256997916789102
mlp,1.736,0.004173741299314906
mlp,1.74,0.00411077924712624
mlp,1.744,0.004071280856907087
mlp,1.748,0.0040566332506928055
mlp,1.752,0.0040688625800482684
mlp,1.756,0.004112344532569168
mlp,1.76,0.00418424776101176
mlp,1.764,0.004275011889280146
mlp,1.768,0.004377900131939717
mlp,1.772,0.004488185836518872
mlp,1.776,0.004601916534720655
mlp,1.78,0.0047157114055554105
mlp,1.784,0.004826648526316505
mlp,1.788,0.004932017144340927
mlp,1.792,0.005029153443118079
mlp,1.796,0.005115458926829532
mlp,1.8,0.0051884501443590116
mlp,1.804,0.005245743947151348
mlp,1.808,0.00528505684488661
mlp,1.812,0.005304341930404735
mlp,1.816,0.0053020725459248675
mlp,1.82,0.005277560720933135
mlp,1.824,0.005231217239553101
mlp,1.828,0.005164771384897244
mlp,1.832,0.005081546258458038
mlp,1.836,0.004986775493787934
mlp,1.84,0.0048872477457569475
mlp,1.844,0.004789086236298937
mlp,1.848,0.0046960508079173045
mlp,1.852,0.004611247875773769
mlp,1.856,0.00453861638677672
mlp,1.86,0.004482629321979742
mlp,1.864,0.0044474928929695585
mlp,1.868,0.004436366853955391
mlp,1.872,0.004450834419396733
mlp,1.8760000000000001,0.004490978554219272
mlp,1.8800000000000001,0.004556132141530278
mlp,1.8840000000000001,0.004644736273294879
mlp,1.8880000000000001,0.004751646497076697
mlp,1.8920000000000001,0.004868428462367671
mlp,1.8960000000000001,0.004987250592549731
mlp,1.9000000000000001,0.005102176598840579
mlp,1.9040000000000001,0.005208793935715817
mlp,1.9080000000000001,0.005303921878060843
mlp,1.9120000000000001,0.005385548766987121
mlp,1.9160000000000001,0.005452872463316984
mlp,1.92,0.00550714084957925
mlp,1.924,0.005560395726228662
mlp,1.928,0.005608460121212052
mlp,1.932,0.005651016876655696
mlp,1.936,0.005692709451005947
mlp,1.94,0.0057305098408972485
mlp,1.944,0.0057627298039406
mlp,1.948,0.005790054556684544
mlp,1.952,0.00581383737298292
mlp,1.956,0.005836771219498259
mlp,1.96,0.005863341234811514
mlp,1.964,0.005894837292657104
mlp,1.968,0.005929825854244336
mlp,1.972,0.005968549468202287
mlp,1.976,0.006012506955987391
mlp,1.98,0.006063398891572867
mlp,1.984,0.006122078849112316
mlp,1.988,0.00618754806849755
mlp,1.992,0.006257581705240445
mlp,1.996,0.006329979553876712
mlp,2.0,0.0064030065937745835
mlp,2.004,0.006475598739665596
mlp,2.008,0.006548282794183452
mlp,2.012,0.006624576794444469
mlp,2.016,0.006704910730713444
mlp,2.02,0.006784282490831348
mlp,2.024,0.006859676779714575
mlp,2.028,0.006929846158171557
mlp,2.032,0.006994114548114258
mlp,2.036,0.007051886226177112
mlp,2.04,0.007102482816385512
mlp,2.044,0.00714524254706525
mlp,2.048,0.007179820218037011
mlp,2.052,0.007206520078911756
mlp,2.056,0.0072264578897155134
mlp,2.06,0.0072513455104644105
mlp,2.064,0.0073029411011913195
mlp,2.068,0.007363193671063498
mlp,2.072,0.007432613845665346
mlp,2.076,0.007502435344482404
mlp,2.08,0.007570099439789009
mlp,2.084,0.0076336680402730814
mlp,2.088,0.007691737837406365
mlp,2.092,0.007743697573490041
mlp,2.096,0.007789668764507603
mlp,2.1,0.007830164679769033
mlp,2.104,0.007866560637480178
mlp,2.108,0.007912217250092304
mlp,2.112,0.00796810053062794
mlp,2.116,0.008018893513577723
mlp,2.12,0.00806242791558421
mlp,2.124,0.00809829466639181
mlp,2.128,0.008126699499447757
mlp,2.132,0.008148164154631637
mlp,2.136,0.008163150399549143
mlp,2.14,0.008171899936935862
mlp,2.144,0.008174788171512508
mlp,2.148,0.008172820625472556
mlp,2.152,0.00816779616402159
mlp,2.156,0.008162176164199814
mlp,2.16,0.008159345540357738
mlp,2.164,0.008168336088957544
mlp,2.168,0.008199609154140811
mlp,2.172,0.008241683993904078
mlp,2.176,0.008289805159844354
mlp,2.18,0.008342499068417776
mlp,2.184,0.008398672666672106
mlp,2.188,0.008457403469360112
mlp,2.192,0.008517959470723441
mlp,2.196,0.008579754523869085
mlp,2.2,0.008642194172048881
mlp,2.204,0.008704432189966025
mlp,2.208,0.008765118452352418
mlp,2.212,0.008822275511821133
mlp,2.216,0.008873415232581543
mlp,2.22,0.008915879518614384
mlp,2.224,0.008947285062332517
mlp,2.228,0.00896595125541525
mlp,2.232,0.008971235287564413
mlp,2.236,0.008963724432578691
mlp,2.24,0.008945235892231352
mlp,2.244,0.008918579975328252
mlp,2.248,0.008887105711342666
mlp,2.2520000000000002,0.008854171184427237
mlp,2.2560000000000002,0.00882271457593755
mlp,2.2600000000000002,0.008794898358581034
mlp,2.2640000000000002,0.008771589526170579
mlp,2.2680000000000002,0.008751810050031837
mlp,2.2720000000000002,0.00873291287875404
mlp,2.2760000000000002,0.008711636350558398
mlp,2.2800000000000002,0.008685180522340973
mlp,2.2840000000000003,0.00865175635947275
mlp,2.2880000000000003,0.00861072646995906
mlp,2.2920000000000003,0.008562567542842073
mlp,2.2960000000000003,0.008508737219641132
mlp,2.3000000000000003,0.008451417727308435
mlp,2.3040000000000003,0.008393099703389516
mlp,2.308,0.00833606662300308
mlp,2.312,0.008281981529451025
mlp,2.316,0.008231800322101964
mlp,2.32,0.008186041083793756
mlp,2.324,0.008145207037903541
mlp,2.328,0.008110134017593189
mlp,2.332,0.008082169390802342
mlp,2.336,0.008063205032770445
mlp,2.34,0.008055618987058632
mlp,2.344,0.008062164733245553
mlp,2.348,0.008085822541097904
mlp,2.352,0.008129617653144407
mlp,2.356,0.008196428023759266
mlp,2.36,0.008288836146573234
mlp,2.364,0.00840907281018222
mlp,2.368,0.008559010561762642
mlp,2.372,0.008740057213402559
mlp,2.376,0.00895288806720956
mlp,2.38,0.009197263252946241
mlp,2.384,0.009472197540811866
mlp,2.388,0.009776350949182704
mlp,2.392,0.010108354753223137
mlp,2.396,0.01046698947390182
mlp,2.4,0.0108512777101412
mlp,2.404,0.011260549644552788
mlp,2.408,0.011694482090409297
mlp,2.412,0.012153065198313679
mlp,2.416,0.01263645429772342
mlp,2.42,0.013144747749246222
mlp,2.424,0.013677839283554167
mlp,2.428,0.014235478959713032
mlp,2.432,0.014817524446771748
mlp,2.436,0.015424262205405336
mlp,2.44,0.016056708854513123
mlp,2.444,0.016716844349248743
mlp,2.448,0.017407698528618225
mlp,2.452,0.0181331642899511
mlp,2.456,0.018897480370288086
mlp,2.46,0.01970460325549394
mlp,2.464,0.020557873343463783
mlp,2.468,0.021460093093999506
mlp,2.472,0.022413800677865782
mlp,2.476,0.023421567376371997
mlp,2.48,0.024486226449345484
mlp,2.484,0.02561094881930855
mlp,2.488,0.026799171450164527
mlp,2.492,0.02805446382325369
mlp,2.496,0.029380395413618143
mlp,2.5,0.03078041076335613
mlp,2.504,0.03225771294706377
mlp,2.508,0.03381520370922891
mlp,2.512,0.03545555321910793
mlp,2.516,0.037181400968129476
mlp,2.52,0.038995566621201745
mlp,2.524,0.04090111851785157
mlp,2.528,0.042901254277870185
mlp,2.532,0.0449990677506054
mlp,2.536,0.047197325664655794
mlp,2.54,0.04949841962121491
mlp,2.544,0.05190464421739296
mlp,2.548,0.05441871367248853
mlp,2.552,0.05704414361623563
mlp,2.556,0.05978521524127438
mlp,2.56,0.06264667167716506
mlp,2.564,0.06563348105567238
mlp,2.568,0.06875072180909705
mlp,2.572,0.07200343436896198
mlp,2.576,0.07539641246830023
mlp,2.58,0.07893405121388083
mlp,2.584,0.082620292828886
mlp,2.588,0.08645856500064458
mlp,2.592,0.09045162309280134
mlp,2.596,0.09460137084802843
mlp,2.6,0.09890880973937796
mlp,2.604,0.1033741466406292
mlp,2.608,0.10799698245818128
mlp,2.612,0.11277653935436034
mlp,2.616,0.11771189918045814
mlp,2.62,0.12280217640443732
mlp,2.624,0.1280464562414244
mlp,2.628,0.13344323952924655
mlp,2.632,0.13898965064676366
mlp,2.636,0.1446814795880942
mlp,2.64,0.15051431929388775
mlp,2.644,0.15648491380679636
mlp,2.648,0.16259248197833182
mlp,2.652,0.16883936630874138
mlp,2.656,0.17522552849895914
mlp,2.66,0.18174187504149264
mlp,2.664,0.1883767698904405
mlp,2.668,0.1951205388619544
mlp,2.672,0.20196482388491216
mlp,2.676,0.2089019313328821
mlp,2.68,0.21592477896742984
mlp,2.684,0.22302717476624592
mlp,2.688,0.2302040824029254
mlp,2.692,0.23745099063879688
mlp,2.696,0.24476195281897772
mlp,2.7,0.252128904193109
mlp,2.704,0.2595435324448494
mlp,2.708,0.26699875724781846
mlp,2.712,0.27448889838248136
mlp,2.716,0.2820094440375657
mlp,2.72,0.28955687230178734
mlp,2.724,0.2971285633095417
mlp,2.728,0.3047227335172853
mlp,2.732,0.31233831592709943
mlp,2.736,0.3199747611057386
mlp,2.74,0.3276318369045406
mlp,2.744,0.33530956398856443
mlp,2.748,0.34300830298303864
mlp,2.7520000000000002,0.3507287683661212
mlp,2.7560000000000002,0.358471729145694
mlp,2.7600000000000002,0.3662375321364432
mlp,2.7640000000000002,0.3740258458404087
mlp,2.7680000000000002,0.3818357488214745
mlp,2.7720000000000002,0.3896659512451886
mlp,2.7760000000000002,0.3975149628080472
mlp,2.7800000000000002,0.40538118562376735
mlp,2.7840000000000003,0.4132629859290523
mlp,2.7880000000000003,0.4211587840235306
mlp,2.7920000000000003,0.4290671524873934
mlp,2.7960000000000003,0.4369868646507412
mlp,2.8000000000000003,0.4449168271222021
mlp,2.8040000000000003,0.4528558944226092
mlp,2.8080000000000003,0.4608026624072705
mlp,2.8120000000000003,0.4687553574687119
mlp,2.816,0.47671184034341063
mlp,2.82,0.48466963780101463
mlp,2.824,0.49262590884940566
mlp,2.828,0.5005773239463986
mlp,2.832,0.5085199080518764
mlp,2.836,0.5164489241828566
mlp,2.84,0.524358853144398
mlp,2.844,0.5322434827070281
mlp,2.848,0.5400960809773236
mlp,2.852,0.5479096070992898
mlp,2.856,0.5556769105658682
mlp,2.86,0.5633908844961294
mlp,2.864,0.5710445600789591
mlp,2.868,0.5786311502456715
mlp,2.872,0.5861440646077067
mlp,2.876,0.5935769224846444
mlp,2.88,0.6009235865730608
mlp,2.884,0.6081782280365652
mlp,2.888,0.6153354179264813
mlp,2.892,0.6223902255313128
mlp,2.896,0.6293382975696182
mlp,2.9,0.6361758959520173
mlp,2.904,0.6428998842351559
mlp,2.908,0.6495076692799701
mlp,2.912,0.655997120865287
mlp,2.916,0.6623665073576681
mlp,2.92,0.6686145163473833
mlp,2.924,0.6747406493514038
mlp,2.928,0.6807489867110046
mlp,2.932,0.6866515649902493
mlp,2.936,0.6924375209113272
mlp,2.94,0.698101506354306
mlp,2.944,0.703643321374255
mlp,2.948,0.709063553595922
mlp,2.952,0.7143631348100514
mlp,2.956,0.7195438052930622
mlp,2.96,0.7246121587068
mlp,2.964,0.7295815483700868
mlp,2.968,0.7344422307360458
mlp,2.972,0.739187813725987
mlp,2.976,0.7438179602924772
mlp,2.98,0.74833322616624
mlp,2.984,0.7527342473473967
mlp,2.988,0.7570215649224403
mlp,2.992,0.7611955874324374
mlp,2.996,0.7652565874041717
mlp,3.0,0.7692046847870588
mlp,3.004,0.7730398017833326
mlp,3.008,0.7767615990928805
mlp,3.012,0.7803694159026702
mlp,3.016,0.7838622355274951
mlp,3.02,0.7872386915988333
mlp,3.024,0.7904971313038807
mlp,3.028,0.7936364594012187
mlp,3.032,0.7966867070595397
mlp,3.036,0.799617897643455
mlp,3.04,0.8024222084380247
mlp,3.044,0.8050973944301341
mlp,3.048,0.8076415546390485
mlp,3.052,0.8100532297768821
mlp,3.056,0.8123315489278937
mlp,3.06,0.8144763919095348
mlp,3.064,0.816488533179417
mlp,3.068,0.8183697068980098
mlp,3.072,0.8201225327717998
mlp,3.076,0.8217503079524958
mlp,3.08,0.8232567755176653
mlp,3.084,0.8246460144917295
mlp,3.088,0.8259225085049697
mlp,3.092,0.8270913398405609
mlp,3.096,0.8281584241565649
mlp,3.1,0.8291307440591982
mlp,3.104,0.8300166278243711
mlp,3.108,0.8308259082181694
mlp,3.112,0.8315675385972441
mlp,3.116,0.8322443102306458
mlp,3.12,0.8328549708752121
mlp,3.124,0.8333985563022491
mlp,3.128,0.833874875982298
mlp,3.132,0.8342844064564472
mlp,3.136,0.8346283785884744
mlp,3.14,0.834908760042046
mlp,3.144,0.8351280229444809
mlp,3.148,0.8352888157164673
mlp,3.152,0.8353937233547766
mlp,3.156,0.8354451977092673
mlp,3.16,0.8354456091286284
mlp,3.164,0.8353973346996432
mlp,3.168,0.835302834830386
mlp,3.172,0.8351647094967236
mlp,3.176,0.8349857422476159
mlp,3.18,0.8347689418660906
mlp,3.184,0.8345175896889246
mlp,3.188,0.8342353005699094
mlp,3.192,0.8339261085327987
mlp,3.196,0.8335945923479751
mlp,3.2,0.833246056076538
mlp,3.204,0.8328867662375872
mlp,3.208,0.8325242120046996
mlp,3.212,0.8321672991396986
mlp,3.216,0.8318263448131941
mlp,3.22,0.8315127860403841
mlp,3.224,0.8312386865213984
mlp,3.228,0.8310162525610287
mlp,3.232,0.8308574212440252
mlp,3.236,0.8307733376707869
mlp,3.24,0.8307735505068731
mlp,3.244,0.8308649991422028
mlp,3.248,0.8310510817476127
mlp,3.2520000000000002,0.8313311366547786
mlp,3.2560000000000002,0.8317005348085681
mlp,3.2600000000000002,0.8321513522668139
mlp,3.2640000000000002,0.8326733989228607
mlp,3.2680000000000002,0.8332553161381753
mlp,3.2720000000000002,0.8338855190947315
mlp,3.2760000000000002,0.8345528778877258
mlp,3.2800000000000002,0.8352471340275827
mlp,3.2840000000000003,0.8359591057744463
mlp,3.2880000000000003,0.8366807512078399
mlp,3.2920000000000003,0.8374051497934717
mlp,3.2960000000000003,0.838126446898843
mlp,3.3000000000000003,0.8388397899577841
mlp,3.3040000000000003,0.8395412730581168
mlp,3.3080000000000003,0.8402278989194659
mlp,3.3120000000000003,0.8408975626871873
mlp,3.3160000000000003,0.8415490596347576
mlp,3.3200000000000003,0.8421821178199819
mlp,3.3240000000000003,0.8427974562410739
mlp,3.3280000000000003,0.8433968684474908
mlp,3.332,0.8439833302114623
mlp,3.336,0.8445611269386056
mlp,3.34,0.8451359909307176
mlp,3.344,0.8457152291862595
mlp,3.348,0.8463078082091828
mlp,3.352,0.8469243439072255
mlp,3.356,0.8475769265946294
mlp,3.36,0.8482787047232373
mlp,3.364,0.8490431752272668
mlp,3.368,0.8498832024306042
mlp,3.372,0.850809910145046
mlp,3.376,0.8518317173120391
mlp,3.38,0.8529538310882259
mlp,3.384,0.854178407097734
mlp,3.388,0.855505363370294
mlp,3.392,0.856933613423586
mlp,3.396,0.8584623805768216
mlp,3.4,0.8600922901449071
mlp,3.404,0.8618260444582571
mlp,3.408,0.8636685951964687
mlp,3.412,0.8656268113023428
mlp,3.416,0.8677087158956427
mlp,3.42,0.869922457407651
mlp,3.424,0.8722752809506578
mlp,3.428,0.8747728189428307
mlp,3.432,0.8774189550677342
mlp,3.436,0.8802163222095972
mlp,3.44,0.8831672563230644
mlp,3.444,0.8862748618106325
mlp,3.448,0.8895438087356036
mlp,3.452,0.8929805583478518
mlp,3.456,0.8965928624619031
mlp,3.46,0.900388595113989
mlp,3.464,0.9043742412025416
mlp,3.468,0.9085535984153618
mlp,3.472,0.9129272757586409
mlp,3.476,0.9174932886334985
mlp,3.48,0.9222485779258747
mlp,3.484,0.9271908985643472
mlp,3.488,0.9323203998205628
mlp,3.492,0.9376403012656601
mlp,3.496,0.9431563353207084
mlp,3.5,0.9488752434626246
mlp,3.504,0.9548031398404039
mlp,3.508,0.9609442186476331
mlp,3.512,0.9672998904779124
mlp,3.516,0.9738685100639893
mlp,3.52,0.9806456502544918
mlp,3.524,0.9876244721578112
mlp,3.528,0.9947956966942495
mlp,3.532,1.0021470732476119
mlp,3.536,1.0096627362776263
mlp,3.54,1.0173230585188144
mlp,3.544,1.0251053913723416
mlp,3.548,1.0329856009511942
mlp,3.552,1.0409399264155703
mlp,3.556,1.048946647762547
mlp,3.56,1.0569872783274312
mlp,3.564,1.0650472525690842
mlp,3.568,1.0731162130017056
mlp,3.572,1.0811880078357738
mlp,3.576,1.0892604481296155
mlp,3.58,1.0973347903971737
mlp,3.584,1.1054148472789722
mlp,3.588,1.1135056290626006
mlp,3.592,1.1216115297809122
mlp,3.596,1.129734301088893
mlp,3.6,1.1378713060400547
mlp,3.604,1.1460146116522099
mlp,3.608,1.1541512242454617
mlp,3.612,1.162264312312379
mlp,3.616,1.1703349115111843
mlp,3.62,1.1783435711999384
mlp,3.624,1.1862716124992898
mlp,3.628,1.1941019185332196
mlp,3.632,1.2018193318544361
mlp,3.636,1.2094107768966675
mlp,3.64,1.2168651948369027
mlp,3.644,1.2241733066720868
mlp,3.648,1.2313271729941677
mlp,3.652,1.2383196709308766
mlp,3.656,1.2451442801660781
mlp,3.66,1.2517953157193793
mlp,3.664,1.2582681922538168
mlp,3.668,1.2645594128823274
mlp,3.672,1.2706663734705563
mlp,3.676,1.2765871631896701
mlp,3.68,1.282320444314454
mlp,3.684,1.2878654104133942
mlp,3.688,1.2932217952971832
mlp,3.692,1.2983899109121264
mlp,3.696,1.3033707048244998
mlp,3.7,1.308165836643537
mlp,3.704,1.3127777771337157
mlp,3.708,1.317209935765425
mlp,3.712,1.3214668233855058
mlp,3.716,1.32555425692872
mlp,3.72,1.3294796121899692
mlp,3.724,1.3332521273498703
mlp,3.728,1.3368832518388623
mlp,3.732,1.3403870185929945
mlp,3.736,1.3437803882936994
mlp,3.74,1.3470834689460696
mlp,3.744,1.3503194587883138
mlp,3.748,1.3535141211592712
mlp,3.7520000000000002,1.3566946320243467
mlp,3.7560000000000002,1.3598878082203378
mlp,3.7600000000000002,1.363118019687254
mlp,3.7640000000000002,1.3664053402120655
mlp,3.7680000000000002,1.3697644272388623
mlp,3.7720000000000002,1.3732041778681592
mlp,3.7760000000000002,1.3767277420839903
mlp,3.7800000000000002,1.3803324577241716
mlp,3.7840000000000003,1.3840097343484503
mlp,3.7880000000000003,1.3877453611050643
mlp,3.7920000000000003,1.391520666930058
mlp,3.7960000000000003,1.395314474181244
mlp,3.8000000000000003,1.39910533997444
mlp,3.8040000000000003,1.4028735209543337
mlp,3.8080000000000003,1.4066023534019756
mlp,3.8120000000000003,1.410279037528472
mlp,3.8160000000000003,1.413894979648774
mlp,3.8200000000000003,1.4174458678227726
mlp,3.8240000000000003,1.4209315941740042
mlp,3.8280000000000003,1.424356041229269
mlp,3.8320000000000003,1.427726647195088
mlp,3.8360000000000003,1.4310535792727441
mlp,3.84,1.434348321996915
mlp,3.844,1.4376216067129746
mlp,3.848,1.440880919884735
mlp,3.852,1.4441282298162033
mlp,3.856,1.4473587531068925
mlp,3.86,1.4505612611055467
mlp,3.864,1.4537197346282147
mlp,3.868,1.4568156273304633
mlp,3.872,1.4598299542487698
mlp,3.876,1.462744762458177
mlp,3.88,1.4655439220859292
mlp,3.884,1.4682133920910678
mlp,3.888,1.4707411637947614
mlp,3.892,1.473117046585427
mlp,3.896,1.47533240141238
mlp,3.9,1.4773798792711574
mlp,3.904,1.4792531904041712
mlp,3.908,1.4809469122882113
mlp,3.912,1.4824563357944096
mlp,3.916,1.48377734531719
mlp,3.92,1.4849063276977088
mlp,3.924,1.4858401050027763
mlp,3.928,1.4865758869241321
mlp,3.932,1.4871112393796078
mlp,3.936,1.4874440666748763
mlp,3.94,1.4875726052708491
mlp,3.944,1.4874954277940309
mlp,3.948,1.487211456441597
mlp,3.952,1.4867199853932367
mlp,3.956,1.4860207122717355
mlp,3.96,1.485113779115156
mlp,3.964,1.483999823751147
mlp,3.968,1.4826800429054843
mlp,3.972,1.4811562688245252
mlp,3.976,1.4794310616116824
mlp,3.98,1.4775078197953846
mlp,3.984,1.475390911714521
mlp,3.988,1.4730858298728449
mlp,3.992,1.4705993690654828
mlp,3.996,1.4679398262105818
mlp,4.0,1.4651172146327422
mlp,4.0040000000000004,1.4621434772232615
mlp,4.008,1.4590326710771955
mlp,4.0120000000000005,1.455801081917691
mlp,4.016,1.452467213635164
mlp,4.0200000000000005,1.44905159379989
mlp,4.024,1.445576348305862
mlp,4.0280000000000005,1.4420645283963343
mlp,4.032,1.438539203351685
mlp,4.0360000000000005,1.4350223265619513
mlp,4.04,1.4315333272587136
mlp,4.0440000000000005,1.4280873497456699
mlp,4.048,1.4246932208900374
mlp,4.0520000000000005,1.4213516367661663
mlp,4.056,1.4180544183280301
mlp,4.0600000000000005,1.4147854799688282
mlp,4.064,1.4115233361198627
mlp,4.0680000000000005,1.4082442122307115
mlp,4.072,1.404924747453569
mlp,4.0760000000000005,1.4015437600261245
mlp,4.08,1.3980830742452
mlp,4.0840000000000005,1.3945276762176158
mlp,4.088,1.3908654943329661
mlp,4.0920000000000005,1.3870870223706278
mlp,4.096,1.383184913517737
mlp,4.1,1.379153608041091
mlp,4.104,1.3749890185307028
mlp,4.108,1.3706882768348194
mlp,4.112,1.3662495382272242
mlp,4.116,1.3616718356337096
mlp,4.12,1.3569549767897988
mlp,4.124,1.3520994783777613
mlp,4.128,1.3471065327073573
mlp,4.132,1.3419780040020206
mlp,4.136,1.336716452663675
mlp,4.14,1.3313251869067677
mlp,4.144,1.325808341736861
mlp,4.148,1.320170985162846
mlp,4.152,1.3144192503666574
mlp,4.156,1.3085604896736778
mlp,4.16,1.3026034406962073
mlp,4.164,1.2965583860110872
mlp,4.168,1.2904372747135056
mlp,4.172,1.2842537584602982
mlp,4.176,1.2780230814059264
mlp,4.18,1.2717617641723438
mlp,4.184,1.2654870537106861
mlp,4.188,1.2592161875150223
mlp,4.192,1.2529656335333423
mlp,4.196,1.246750566555539
mlp,4.2,1.240584847425886
mlp,4.204,1.2344816268584098
mlp,4.208,1.2284544274298521
mlp,4.212,1.2225182691632008
mlp,4.216,1.216690215780877
mlp,4.22,1.2109887443030236
mlp,4.224,1.2054317164986246
mlp,4.228,1.2000335079463018
mlp,4.232,1.194802662531694
mlp,4.236,1.1897414749389412
mlp,4.24,1.1848477993727768
mlp,4.244,1.1801180278451127
mlp,4.248,1.1755497882210366
mlp,4.252,1.1711435650258482
mlp,4.256,1.166903305437518
mlp,4.26,1.1628364822901123
mlp,4.264,1.158953954602349
mlp,4.268,1.155269538844141
mlp,4.272,1.1517988683707063
mlp,4.276,1.1485572926437655
mlp,4.28,1.1455573975603313
mlp,4.284,1.1428076236122924
mlp,4.288,1.1403132984620563
mlp,4.292,1.1380799251841052
mlp,4.296,1.1361170894093242
mlp,4.3,1.134441121408218
mlp,4.304,1.1330753983546529
mlp,4.308,1.1320479726788661
mlp,4.312,1.1313867728091516
mlp,4.316,1.131113248408146
mlp,4.32,1.1312361777473448
mlp,4.324,1.1317479314044632
mlp,4.328,1.1326249648526325
mlp,4.332,1.133832516644063
mlp,4.336,1.1353315134263946
mlp,4.34,1.1370850185307875
mlp,4.344,1.139062468057832
mlp,4.348,1.14124133267991
mlp,4.352,1.14360672899501
mlp,4.356,1.146149761176624
mlp,4.36,1.1488653366809238
mlp,4.364,1.1517501032537867
mlp,4.368,1.1548010048274284
mlp,4.372,1.1580146834458223
mlp,4.376,1.1613875963241385
mlp,4.38,1.1649164302801922
mlp,4.384,1.1685983356603997
mlp,4.388,1.1724306967175029
mlp,4.392,1.1764104993801463
mlp,4.396,1.180533674846412
mlp,4.4,1.1847949137033102
mlp,4.404,1.1891882755153507
mlp,4.408,1.193708543321932
mlp,4.412,1.198352886563261
mlp,4.416,1.2031221472230011
mlp,4.42,1.2080209816892646
mlp,4.424,1.2130562271399996
mlp,4.428,1.2182334379402604
mlp,4.432,1.2235526774394996
mlp,4.436,1.2290056940298988
mlp,4.44,1.2345762427378237
mlp,4.444,1.2402433614064563
mlp,4.448,1.2459856811091325
mlp,4.452,1.2517848347495888
mlp,4.456,1.257627133653201
mlp,4.46,1.2635036155911927
mlp,4.464,1.2694088984974772
mlp,4.468,1.2753392843082627
mlp,4.472,1.2812905625298872
mlp,4.476,1.2872560307116157
mlp,4.48,1.293225247742397
mlp,4.484,1.2991838262915951
mlp,4.488,1.3051141930979555
mlp,4.492,1.310996918584746
mlp,4.496,1.3168121270617463
mlp,4.5,1.3225406357528933
mlp,4.5040000000000004,1.3281646868472754
mlp,4.508,1.3336683015629807
mlp,4.5120000000000005,1.3390373591427376
mlp,4.516,1.3442595100339283
mlp,4.5200000000000005,1.3493240081400457
mlp,4.524,1.354221517254275
mlp,4.5280000000000005,1.358943922631021
mlp,4.532,1.3634841623920617
mlp,4.5360000000000005,1.3678360837830563
mlp,4.54,1.3719943241159587
mlp,4.5440000000000005,1.3759542138037828
mlp,4.548,1.3797116980156023
mlp,4.5520000000000005,1.383263273416118
mlp,4.556,1.3866059367859884
mlp,4.5600000000000005,1.3897371428215193
mlp,4.564,1.3926547689698976
mlp,4.5680000000000005,1.3953570857123565
mlp,4.572,1.3978427312360386
mlp,4.5760000000000005,1.4001106899237306
mlp,4.58,1.402160274535365
mlp,4.5840000000000005,1.4039911123573983
mlp,4.588,1.4056031359618508
mlp,4.5920000000000005,1.4069965795567343
mlp,4.596,1.4081719822397596
mlp,4.6000000000000005,1.4091301998084325
mlp,4.604,1.4098724271577556
mlp,4.6080000000000005,1.410400233740777
mlp,4.612,1.410715615107509
mlp,4.616,1.4108210642012287
mlp,4.62,1.4107196668911655
mlp,4.624,1.4104152271380144
mlp,4.628,1.4099124281354556
mlp,4.632,1.4092170365225392
mlp,4.636,1.4083361568445403
mlp,4.64,1.4072785419535716
mlp,4.644,1.4060549604332757
mlp,4.648,1.4046786120377868
mlp,4.652,1.4031655636464269
mlp,4.656,1.401535149487126
mlp,4.66,1.3998102438914144
mlp,4.664,1.3980172894767715
mlp,4.668,1.396185986235639
mlp,4.672,1.3943486677765056
mlp,4.676,1.3925396230282447
mlp,4.68,1.3907948555129435
mlp,4.684,1.389152745019119
mlp,4.688,1.3876555177206342
mlp,4.692,1.386350334668151
mlp,4.696,1.3852876569628663
mlp,4.7,1.384514487496093
mlp,4.704,1.3840626220374312
mlp,4.708,1.383936769352585
mlp,4.712,1.3841098749958254
mlp,4.716,1.384529071585758
mlp,4.72,1.3851284365408105
mlp,4.724,1.3858414641796346
mlp,4.728,1.3866089105260453
mlp,4.732,1.3873818916872214
mlp,4.736,1.3881220444009488
mlp,4.74,1.3888004273957757
mlp,4.744,1.3893961349070858
mlp,4.748,1.3898950492905036
mlp,4.752,1.3902888700069291
mlp,4.756,1.390574426752896
mlp,4.76,1.3907532285404778
mlp,4.764,1.3908311678224101
mlp,4.768,1.390818264298797
mlp,4.772,1.3907282894164168
mlp,4.776,1.390578073058216
mlp,4.78,1.390386301426179
mlp,4.784,1.3901717371685085
mlp,4.788,1.3899510683388543
mlp,4.792,1.3897369296670385
mlp,4.796,1.389536779323827
mlp,4.8,1.3893530287732223
mlp,4.804,1.3891842243835872
mlp,4.808,1.3890266000342921
mlp,4.812,1.3888752862178397
mlp,4.816,1.3887248051471717
mlp,4.82,1.3885689087188107
mlp,4.824,1.3884000961771026
mlp,4.828,1.3882092071298406
mlp,4.832,1.3879853605391042
mlp,4.836,1.3877163000082946
mlp,4.84,1.3873890246886709
mlp,4.844,1.386990507148593
mlp,4.848,1.3865083251693324
mlp,4.852,1.3859311129201575
mlp,4.856,1.385248814268511
mlp,4.86,1.3844527693850552
mlp,4.864,1.3835356837088848
mlp,4.868,1.382491526353801
mlp,4.872,1.3813153944329422
mlp,4.876,1.3800033678683077
mlp,4.88,1.378552369365956
mlp,4.884,1.3769600372070177
mlp,4.888,1.375224614010428
mlp,4.892,1.373344852008487
mlp,4.896,1.3713199340147117
mlp,4.9,1.3691494086769815
mlp,4.904,1.3668331384721277
mlp,4.908,1.3643712590057675
mlp,4.912,1.3617641484125134
mlp,4.916,1.3590124059397384
mlp,4.92,1.3561168391110408
mlp,4.924,1.353078459191223
mlp,4.928,1.34989848501402
mlp,4.932,1.3465783555954742
mlp,4.936,1.343119752353489
mlp,4.94,1.3395246322046976
mlp,4.944,1.335795273333159
mlp,4.948,1.3319343360411966
mlp,4.952,1.3279449418187559
mlp,4.956,1.3238307746125486
mlp,4.96,1.319596209230701
mlp,4.964,1.3152464728375037
mlp,4.968,1.310787846475511
mlp,4.972,1.3062279143210425
mlp,4.976,1.3015758686897598
mlp,4.98,1.2968428784532953
mlp,4.984,1.2920425276730907
mlp,4.988,1.2871913312201615
mlp,4.992,1.2823093386664828
mlp,4.996,1.277420853739618
mlp,5.0,1.272555329914535
mlp,5.0040000000000004,1.2677485348913216
mlp,5.008,1.2630439974863497
mlp,5.0120000000000005,1.2584942414355893
mlp,5.016,1.254159915549074
mlp,5.0200000000000005,1.2501032469138937
mlp,5.024,1.246374412225413
mlp,5.0280000000000005,1.2429990220642702
mlp,5.032,1.2399796295868417
mlp,5.0360000000000005,1.23730980296095
mlp,5.04,1.2349861212418067
mlp,5.0440000000000005,1.2330091855274627
mlp,5.048,1.2313746183500849
mlp,5.0520000000000005,1.230060905505977
mlp,5.056,1.229024606477663
mlp,5.0600000000000005,1.2282081881255897
mlp,5.064,1.2275536100618183
mlp,5.0680000000000005,1.2270119771869414
mlp,5.072,1.2265465316321156
mlp,5.0760000000000005,1.226131294976355
mlp,5.08,1.2257480087819714
mlp,5.0840000000000005,1.2253828857489737
mlp,5.088,1.2250238987564255
mlp,5.0920000000000005,1.2246589766263642
mlp,5.096,1.2242752370244927
mlp,5.1000000000000005,1.2238591374648609
mlp,5.104,1.2233972257431285
mlp,5.1080000000000005,1.2228771132892766
mlp,5.112,1.2222883788652723
mlp,5.1160000000000005,1.2216232533508484
mlp,5.12,1.2208770552141148
mlp,5.124,1.220048404814654
mlp,5.128,1.2191392501496847
mlp,5.132,1.2181547095127518
mlp,5.136,1.2171027006821926
mlp,5.14,1.2159933031073518
mlp,5.144,1.2148378117905199
mlp,5.148,1.213647509015312
mlp,5.152,1.2124323017878236
mlp,5.156,1.211199503655608
mlp,5.16,1.2099530927156574
mlp,5.164,1.2086936816536038
mlp,5.168,1.2074192119984433
mlp,5.172,1.2061261547249216
mlp,5.176,1.2048108886738875
mlp,5.18,1.2034709671202966
mlp,5.184,1.202106104652077
mlp,5.188,1.2007188336235337
mlp,5.192,1.199314843709726
mlp,5.196,1.197903028290607
mlp,5.2,1.1964952421004909
mlp,5.204,1.1951057577678605
mlp,5.208,1.1937504250992312
mlp,5.212,1.192445606236125
mlp,5.216,1.1912070738724208
mlp,5.22,1.1900491651819973
mlp,5.224,1.1889844959587699
mlp,5.228,1.1880244013502161
mlp,5.232,1.187180017202763
mlp,5.236,1.1864636651547928
mlp,5.24,1.1858900581051584
mlp,5.244,1.1854768166071454
mlp,5.248,1.1852438364570688
mlp,5.252,1.1852111666502272
mlp,5.256,1.185395359561024
mlp,5.26,1.18580491952816
mlp,5.264,1.1864363944285228
mlp,5.268,1.1872730532782543
mlp,5.272,1.1882870991440824
mlp,5.276,1.1894444555635026
mlp,5.28,1.1907100378135163
mlp,5.284,1.1920518703964536
mlp,5.288,1.1934435765512221
mlp,5.292,1.194865587079216
mlp,5.296,1.1963056410888093
mlp,5.3,1.1977590255071593
mlp,5.304,1.199228758362905
mlp,5.308,1.2007256403322546
mlp,5.312,1.2022677767482302
mlp,5.316,1.2038788800420197
mlp,5.32,1.2055847279138239
mlp,5.324,1.207408089739061
mlp,5.328,1.209364114384071
mlp,5.332,1.2114589219545326
mlp,5.336,1.2136923364626442
mlp,5.34,1.2160628314384918
mlp,5.344,1.2185719155377457
mlp,5.348,1.2212266244973522
mlp,5.352,1.2240403685832968
mlp,5.356,1.2270327271957355
mlp,5.36,1.230228005482358
mlp,5.364,1.233651490011159
mlp,5.368,1.2373229129081897
mlp,5.372,1.2412491914526473
mlp,5.376,1.2454202442187596
mlp,5.38,1.2498095063355747
mlp,5.384,1.2543775379811477
mlp,5.388,1.259076913682003
mlp,5.392,1.2638575663087386
mlp,5.396,1.2686716285932833
mlp,5.4,1.2734767138314012
mlp,5.404,1.2782373119873378
mlp,5.408,1.2829247486246769
mlp,5.412,1.2875163828525278
mlp,5.416,1.2919945627639347
mlp,5.42,1.296345620613059
mlp,5.424,1.3005590194655772
mlp,5.428,1.3046266723691828
mlp,5.432,1.3085424172490083
mlp,5.436,1.3123016200680038
mlp,5.44,1.3159008797495484
mlp,5.444,1.3193378132470517
mlp,5.448,1.3226109047044319
mlp,5.452,1.3257194077635275
mlp,5.456,1.3286632945527879
mlp,5.46,1.3314432489125205
mlp,5.464,1.3340607052724065
mlp,5.468,1.3365179385985368
mlp,5.472,1.3388182151753554
mlp,5.476,1.3409660185859686
mlp,5.48,1.34296736921296
mlp,5.484,1.3448302560990832
mlp,5.488,1.3465651900709954
mlp,5.492,1.3481858514631933
mlp,5.496,1.3497097170257706
mlp,5.5,1.3511583735042372
mlp,5.5040000000000004,1.3525569594428257
mlp,5.508,1.3539319766906486
mlp,5.5120000000000005,1.3553070238479474
mlp,5.516,1.3566972968665638
mlp,5.5200000000000005,1.3581054169551225
mlp,5.524,1.359521244737879
mlp,5.5280000000000005,1.360925841953044
mlp,5.532,1.3622970771774614
mlp,5.5360000000000005,1.363614210177015
mlp,5.54,1.364860442397465
mlp,5.5440000000000005,1.3660238014078947
mlp,5.548,1.3670971189889287
mlp,5.5520000000000005,1.3680776902991467
mlp,5.556,1.368966931847881
mlp,5.5600000000000005,1.36977016500806
mlp,5.564,1.370496545200837
mlp,5.5680000000000005,1.3711590971674341
mlp,5.572,1.3717747720528148
mlp,5.5760000000000005,1.3723643960961744
mlp,5.58,1.3729523358210733
mlp,5.5840000000000005,1.3735656868274833
mlp,5.588,1.3742328521709208
mlp,5.5920000000000005,1.3749815571396884
mlp,5.596,1.375836623924489
mlp,5.6000000000000005,1.376818050906487
mlp,5.604,1.3779399055455968
mlp,5.6080000000000005,1.3792102035101805
mlp,5.612,1.3806315217320266
mlp,5.6160000000000005,1.382201852458724
mlp,5.62,1.383915238120914
mlp,5.6240000000000006,1.3857619494049642
mlp,5.628,1.3877282720425705
mlp,5.632,1.3897962429607076
mlp,5.636,1.391943778521505
mlp,5.64,1.3941454698057953
mlp,5.644,1.396373974318339
mlp,5.648,1.398601651250594
mlp,5.652,1.4008020377872554
mlp,5.656,1.4029509130201916
mlp,5.66,1.4050268952486067
mlp,5.664,1.4070116549995093
mlp,5.668,1.408889875588843
mlp,5.672,1.4106490840322714
mlp,5.676,1.4122794431610504
mlp,5.68,1.4137735630815056
mlp,5.684,1.4151263650574535
mlp,5.688,1.4163350138686628
mlp,5.692,1.4173989226641017
mlp,5.696,1.4183198230221365
mlp,5.7,1.4191018774580346
mlp,5.704,1.419751786713297
mlp,5.708,1.4202788056719173
mlp,5.712,1.4206945315997366
mlp,5.716,1.4210122849027786
mlp,5.72,1.4212459124328662
mlp,5.724,1.4214079758639977
mlp,5.728,1.4215075775819446
mlp,5.732,1.4215484197643753
mlp,5.736,1.4215278207634587
mlp,5.74,1.4214371081505708
mlp,5.744,1.4212632047132838
mlp,5.748,1.4209907564736777
mlp,5.752,1.4206041132420517
mlp,5.756,1.4200887620106442
mlp,5.76,1.4194321459229802
mlp,5.764,1.41862399849827
mlp,5.768,1.4176563746924637
mlp,5.772,1.416523532252097
mlp,5.776,1.4152217667571958
mlp,5.78,1.413749260355433
mlp,5.784,1.4121059747294815
mlp,5.788,1.4102936011968445
mlp,5.792,1.4083155705488182
mlp,5.796,1.4061771181746368
mlp,5.8,1.4038853930585244
mlp,5.804,1.4014495904665307
mlp,5.808,1.398881077721912
mlp,5.812,1.3961934749405027
mlp,5.816,1.3934026609504333
mlp,5.82,1.39052672486273
mlp,5.824,1.3875860151737052
mlp,5.828,1.3846036909930781
mlp,5.832,1.3816075605050395
mlp,5.836,1.378634383963302
mlp,5.84,1.375737643715542
mlp,5.844,1.3729969187555058
mlp,5.848,1.3705176870003655
mlp,5.852,1.3684024220102669
mlp,5.856,1.3666985821501245
mlp,5.86,1.3653648445267295
mlp,5.864,1.3642888135640394
mlp,5.868,1.3633459728542066
mlp,5.872,1.3624413053069016
mlp,5.876,1.3615140860590942
mlp,5.88,1.3605285049729798
mlp,5.884,1.3594648443414212
mlp,5.888,1.358313841947187
mlp,5.892,1.3570733786564697
mlp,5.896,1.3557464485565671
mlp,5.9,1.354339701186264
mlp,5.904,1.3528621137357286
mlp,5.908,1.3513235527862835
mlp,5.912,1.3497331866304387
mlp,5.916,1.3480979260918597
mlp,5.92,1.346421235434979
mlp,5.924,1.3447026528165074
mlp,5.928,1.3429381518897785
mlp,5.932,1.3411211774526237
mlp,5.936,1.3392439895982542
mlp,5.94,1.3372989511818196
mlp,5.944,1.3352795367131973
mlp,5.948,1.333181006460774
mlp,5.952,1.3310007982756962
mlp,5.956,1.3287387289943522
mlp,5.96,1.32639709043605
mlp,5.964,1.3239806978901867
mlp,5.968,1.321496917035727
mlp,5.972,1.3189556642848894
mlp,5.976,1.3163693471815832
mlp,5.98,1.313752688535287
mlp,5.984,1.311122368823145
mlp,5.988,1.3084964413985467
mlp,5.992,1.3058935404437242
mlp,5.996,1.303332011439398
mlp,6.0,1.3008292058465118
mlp,6.0040000000000004,1.2984012076941671
mlp,6.008,1.2960631111717524
mlp,6.0120000000000005,1.293829636465947
mlp,6.016,1.291715482104021
mlp,6.0200000000000005,1.2897346239544274
mlp,6.024,1.2878981125588456
mlp,6.0280000000000005,1.2862109387081175
mlp,6.032,1.284669681043677
mlp,6.0360000000000005,1.2832626828539615
mlp,6.04,1.2819729633038175
mlp,6.0440000000000005,1.280782350938236
mlp,6.048,1.2796750186583306
mlp,6.0520000000000005,1.2786395026940103
mlp,6.056,1.2776692266802283
mlp,6.0600000000000005,1.2767619462668334
mlp,6.064,1.275918532823896
mlp,6.0680000000000005,1.275141428304727
mlp,6.072,1.2744330712522762
mlp,6.0760000000000005,1.273794602987382
mlp,6.08,1.2732251300402413
mlp,6.0840000000000005,1.2727216829866428
mlp,6.088,1.2722797967719426
mlp,6.0920000000000005,1.271894439371794
mlp,6.096,1.2715609235225098
mlp,6.1000000000000005,1.2712754693690194
mlp,6.104,1.2710352052569935
mlp,6.1080000000000005,1.2708375563689662
mlp,6.112,1.270679153864719
mlp,6.1160000000000005,1.2705545726131793
mlp,6.12,1.2704553075437353
mlp,6.1240000000000006,1.2703693468306885
mlp,6.128,1.2702814827093953
mlp,6.132000000000001,1.2701742236824933
mlp,6.136,1.2700289899653443
mlp,6.140000000000001,1.2698272640205452
mlp,6.144,1.2695514849857812
mlp,6.148,1.26918562071788
mlp,6.152,1.2687154539689196
mlp,6.156,1.2681286636619604
mlp,6.16,1.267414784845339
mlp,6.164,1.2665651141832388
mlp,6.168,1.2655726073105478
mlp,6.172,1.2644317971918488
mlp,6.176,1.263138750479294
mlp,6.18,1.261691070908781
mlp,6.184,1.2600879532620133
mlp,6.188,1.258330286343663
mlp,6.192,1.2564207965688765
mlp,6.196,1.2543642126574717
mlp,6.2,1.252167414145896
mlp,6.204,1.249839500936386
mlp,6.208,1.2473916918382475
mlp,6.212,1.2448369420378875
mlp,6.216,1.2421891945246082
mlp,6.22,1.2394622924122585
mlp,6.224,1.2366688033818607
mlp,6.228,1.2338193045689771
mlp,6.232,1.230922943073635
mlp,6.236,1.227990286767539
mlp,6.24,1.225039799364708
mlp,6.244,1.2221096754269751
mlp,6.248,1.2192735274669773
mlp,6.252,1.2166362303214249
mlp,6.256,1.2142612743480345
mlp,6.26,1.2120983903201383
mlp,6.264,1.2100470261457539
mlp,6.268,1.2080405009089374
mlp,6.272,1.2060615202461784
mlp,6.276,1.204133946763427
mlp,6.28,1.2023159282477374
mlp,6.284,1.2006875844507143
mlp,6.288,1.1993184607659044
mlp,6.292,1.198225735762435
mlp,6.296,1.1973675200335443
mlp,6.3,1.196674594048807
mlp,6.304,1.1960784600262326
mlp,6.308,1.195521146212171
mlp,6.312,1.1949563051443506
mlp,6.316,1.194348298751319
mlp,6.32,1.1936709033848811
mlp,6.324,1.1929059376282338
mlp,6.328,1.192042018036146
mlp,6.332,1.1910736092521446
mlp,6.336,1.1900004580888393
mlp,6.34,1.1888274418972098
mlp,6.344,1.1875648226788627
mlp,6.348,1.1862288402922432
mlp,6.352,1.1848424302545058
mlp,6.356,1.1834355244543937
mlp,6.36,1.1820438831534525
mlp,6.364,1.1807051253600291
mlp,6.368,1.1794516742059353
mlp,6.372,1.1783033227574795
mlp,6.376,1.1772643653757109
mlp,6.38,1.1763275335104775
mlp,6.384,1.1754815046034774
mlp,6.388,1.1747172292599493
mlp,6.392,1.174031219253438
mlp,6.396,1.1734267585309435
mlp,6.4,1.1729147649111762
mlp,6.404,1.172515448494393
mlp,6.408,1.1722605422778825
mlp,6.412,1.172193443070393
mlp,6.416,1.1723619229042084
mlp,6.42,1.1728011722880416
mlp,6.424,1.1735185888650106
mlp,6.428,1.1744961780256615
mlp,6.432,1.1757050761176058
mlp,6.436,1.1771146460653301
mlp,6.44,1.1786923969619276
mlp,6.444,1.1804020586610275
mlp,6.448,1.1822048557316036
mlp,6.452,1.1840632568462715
mlp,6.456,1.18594444995232
mlp,6.46,1.1878221144713799
mlp,6.464,1.189676661922047
mlp,6.468,1.1914946697163888
mlp,6.472,1.193268093775271
mlp,6.476,1.1949935637447004
mlp,6.48,1.196671861399047
mlp,6.484,1.198307570681753
mlp,6.488,1.1999088257182349
mlp,6.492,1.2014870381892142
mlp,6.496,1.203056447014702
mlp,6.5,1.2046333172591044
mlp,6.5040000000000004,1.2062346645706774
mlp,6.508,1.2078765456943101
mlp,6.5120000000000005,1.2095722281051424
mlp,6.516,1.2113307986453061
mlp,6.5200000000000005,1.2131567676115214
mlp,6.524,1.2150508657226038
mlp,6.5280000000000005,1.2170117086277403
mlp,6.532,1.219037663343209
mlp,6.5360000000000005,1.2211282611640786
mlp,6.54,1.223284753692409
mlp,6.5440000000000005,1.2255097167514117
mlp,6.548,1.2278058856339822
mlp,6.5520000000000005,1.23017464642661
mlp,6.556,1.2326147673133312
mlp,6.5600000000000005,1.2351219233987019
mlp,6.564,1.2376892964437016
mlp,6.5680000000000005,1.2403091389568865
mlp,6.572,1.242974906103532
mlp,6.5760000000000005,1.2456834959748069
mlp,6.58,1.2484372021486423
mlp,6.5840000000000005,1.2512449604613736
mlp,6.588,1.2541222253006443
mlp,6.5920000000000005,1.2570885013531534
mlp,6.596,1.2601618933723457
mlp,6.6000000000000005,1.263351901354413
mlp,6.604,1.2666542579622802
mlp,6.6080000000000005,1.2700514764779984
mlp,6.612,1.2735186812884833
mlp,6.6160000000000005,1.2770307317557053
mlp,6.62,1.2805672799937078
mlp,6.6240000000000006,1.284115047771725
mlp,6.628,1.287668163260384
mlp,6.632000000000001,1.2912275094396692
mlp,6.636,1.2947996190102289
mlp,6.640000000000001,1.2983953007104414
mlp,6.644,1.3020280415372325
mlp,6.648000000000001,1.30571225231816
mlp,6.652,1.3094615021054332
mlp,6.656000000000001,1.313286898219619
mlp,6.66,1.3171956666569176
mlp,6.664,1.3211898842518204
mlp,6.668,1.3252653955410743
mlp,6.672,1.329411213458617
mlp,6.676,1.3336098549131319
mlp,6.68,1.3378388124704665
mlp,6.684,1.3420728432222577
mlp,6.688,1.346286410002537
mlp,6.692,1.350455682664162
mlp,6.696,1.3545598399781043
mlp,6.7,1.3585817209269104
mlp,6.704,1.3625080209148017
mlp,6.708,1.366329236846484
mlp,6.712,1.3700395082159413
mlp,6.716,1.3736364311835487
mlp,6.72,1.3771208590099213
mlp,6.724,1.3804966470710862
mlp,6.728,1.3837702534517948
mlp,6.732,1.3869500757497946
mlp,6.736,1.390045416710881
mlp,6.74,1.3930650613906421
mlp,6.744,1.3960156295503088
mlp,6.748,1.3989000765362511
mlp,6.752,1.4017168067360193
mlp,6.756,1.404459708934348
mlp,6.76,1.4071190716217687
mlp,6.764,1.409683014189889
mlp,6.768,1.4121389734624805
mlp,6.772,1.414474912853117
mlp,6.776,1.416680129416459
mlp,6.78,1.4187456930949784
mlp,6.784,1.4206646229593134
mlp,6.788,1.4224319100720408
mlp,6.792,1.4240444718625478
mlp,6.796,1.4255010929154746
mlp,6.8,1.4268023819614073
mlp,6.804,1.4279507559993376
mlp,6.808,1.4289504475835182
mlp,6.812,1.4298075172397873
mlp,6.816,1.4305298372002295
mlp,6.82,1.4311269944537288
mlp,6.824,1.4316100434880217
mlp,6.828,1.4319910311286308
mlp,6.832,1.4322822337075525
mlp,6.836,1.4324951084648951
mlp,6.84,1.4326390705484406
mlp,6.844,1.4327203321481456
mlp,6.848,1.432741109082239
mlp,6.852,1.4326994416123329
mlp,6.856,1.4325896902486268
mlp,6.86,1.4324035482684798
mlp,6.864,1.4321312815680547
mlp,6.868,1.4317629144470063
mlp,6.872,1.4312891847690623
mlp,6.876,1.4307022145170072
mlp,6.88,1.4299959277411234
mlp,6.884,1.4291662848033653
mlp,6.888,1.428211402400636
mlp,6.892,1.4271316106319878
mlp,6.896,1.4259294734731975
mlp,6.9,1.4246097730432632
mlp,6.904,1.423179432927349
mlp,6.908,1.421647333476325
mlp,6.912,1.4200239576832336
mlp,6.916,1.4183208105748837
mlp,6.92,1.416549592264726
mlp,6.924,1.4147211833946565
mlp,6.928,1.4128446079772479
mlp,6.932,1.4109262254279655
mlp,6.936,1.4089694060335778
mlp,6.94,1.4069748286172887
mlp,6.944,1.4049413459911677
mlp,6.948,1.4028671891576292
mlp,6.952,1.4007512045764758
mlp,6.956,1.398593849401055
mlp,6.96,1.3963977631754452
mlp,6.964,1.3941678502755348
mlp,6.968,1.3919109459883245
mlp,6.972,1.3896353403591886
mlp,6.976,1.387350764456212
mlp,6.98,1.385070068727583
mlp,6.984,1.3828154284933887
mlp,6.988,1.3806372286580784
mlp,6.992,1.3786680189055724
mlp,6.996,1.3771935241661624
mlp,7.0,1.3764630321393674
mlp,7.0040000000000004,1.3765889911586482
mlp,7.008,1.3774162670711423
mlp,7.0120000000000005,1.3785555427832115
mlp,7.016,1.37982928132893
mlp,7.0200000000000005,1.3811684858203885
mlp,7.024,1.382529859807216
mlp,7.0280000000000005,1.383876306644072
mlp,7.032,1.3851746294921665
mlp,7.0360000000000005,1.3863965387422845
mlp,7.04,1.3875193347477306
mlp,7.0440000000000005,1.3885257948054806
mlp,7.048,1.3894036022756355
mlp,7.0520000000000005,1.3901446634233297
mlp,7.056,1.390744502264996
mlp,7.0600000000000005,1.391201803121227
mlp,7.064,1.3915181060529815
mlp,7.0680000000000005,1.3916976300248924
mlp,7.072,1.3917471810448714
mlp,7.0760000000000005,1.3916760840470466
mlp,7.08,1.3914960515041144
mlp,7.0840000000000005,1.3912208706837699
mlp,7.088,1.3908657705057252
mlp,7.0920000000000005,1.390446351602697
mlp,7.096,1.3899770723254972
mlp,7.1000000000000005,1.3894694921978183
mlp,7.104,1.3889307068716268
mlp,7.1080000000000005,1.3883624950410722
mlp,7.112,1.387761502234008
mlp,7.1160000000000005,1.3871203818557345
mlp,7.12,1.3864294644395967
mlp,7.1240000000000006,1.3856784422289345
mlp,7.128,1.3848577171072385
mlp,7.132000000000001,1.383959294989697
mlp,7.136,1.382977279261977
mlp,7.140000000000001,1.3819080836093833
mlp,7.144,1.3807504803860566
mlp,7.148000000000001,1.379505564683815
mlp,7.152,1.3781766717294563
mlp,7.156000000000001,1.3767692460946812
mlp,7.16,1.3752906279103143
mlp,7.164000000000001,1.3737496964359563
mlp,7.168,1.3721563027945007
mlp,7.172,1.3705204455848659
mlp,7.176,1.368851209180251
mlp,7.18,1.367155591200016
mlp,7.184,1.3654374534536842
mlp,7.188,1.3636968693304632
mlp,7.192,1.3619300564250891
mlp,7.196,1.360129898271496
mlp,7.2,1.35828687246378
mlp,7.204,1.3563901139226366
mlp,7.208,1.354428375504099
mlp,7.212,1.3523907518484717
mlp,7.216,1.350267137376179
mlp,7.22,1.348048456507574
mlp,7.224,1.34572672982424
mlp,7.228,1.3432950381295836
mlp,7.232,1.3407474327265063
mlp,7.236,1.3380788247825066
mlp,7.24,1.335284873921021
mlp,7.244,1.332361887245649
mlp,7.248,1.329306734420764
mlp,7.252,1.326116781331574
mlp,7.256,1.3227898434364138
mlp,7.26,1.3193241596329561
mlp,7.264,1.3157183879385879
mlp,7.268,1.3119716253651998
mlp,7.272,1.308083456015726
mlp,7.276,1.3040540337054298
mlp,7.28,1.2998842084205822
mlp,7.284,1.2955757097201648
mlp,7.288,1.2911314045125093
mlp,7.292,1.2865556503625837
mlp,7.296,1.2818547652596473
mlp,7.3,1.2770376223319992
mlp,7.304,1.2721163355592435
mlp,7.308,1.2671068983381095
mlp,7.312,1.262029432758197
mlp,7.316,1.256907414489542
mlp,7.32,1.2517650618201124
mlp,7.324,1.2466225457171694
mlp,7.328,1.2414902269218904
mlp,7.332,1.2363648533971507
mlp,7.336,1.2312302458577369
mlp,7.34,1.2260620001634417
mlp,7.344,1.2208332636833499
mlp,7.348,1.2155190335083925
mlp,7.352,1.2100982975917538
mlp,7.356,1.2045545906486752
mlp,7.36,1.198875763569144
mlp,7.364,1.1930535250226495
mlp,7.368,1.1870830459102248
mlp,7.372,1.1809627533626756
mlp,7.376,1.1746943692371627
mlp,7.38,1.1682832302940604
mlp,7.384,1.1617389330373389
mlp,7.388,1.1550763486323166
mlp,7.392,1.1483170082872722
mlp,7.396,1.141490672488283
mlp,7.4,1.1346364027910492
mlp,7.404,1.127801557788391
mlp,7.408,1.121036457631723
mlp,7.412,1.1143841251307114
mlp,7.416,1.1078697958754642
mlp,7.42,1.1014981252048872
mlp,7.424,1.0952598401555456
mlp,7.428,1.0891411597362453
mlp,7.432,1.0831299523715745
mlp,7.436,1.0772182971059239
mlp,7.44,1.0714038233088223
mlp,7.444,1.065691604378729
mlp,7.448,1.0600972275599188
mlp,7.452,1.0546512499781655
mlp,7.456,1.0494052203029662
mlp,7.46,1.0444377280057782
mlp,7.464,1.039851199270623
mlp,7.468,1.0357420480943393
mlp,7.472,1.032162383813715
mlp,7.476,1.0291620211659276
mlp,7.48,1.0269770287956557
mlp,7.484,1.0258767738035184
mlp,7.488,1.025512625593243
mlp,7.492,1.0255814060563107
mlp,7.496,1.0259685363547624
mlp,7.5,1.0266086477596874
mlp,7.5040000000000004,1.0274518674957962
mlp,7.508,1.0284645818182585
mlp,7.5120000000000005,1.029639595981199
mlp,7.516,1.0310113841068045
mlp,7.5200000000000005,1.0326650730492144
mlp,7.524,1.0346892563131074
mlp,7.5280000000000005,1.0370673744051362
mlp,7.532,1.0396812546226228
mlp,7.5360000000000005,1.0424175841174315
mlp,7.54,1.0452086524282156
mlp,7.5440000000000005,1.0480213755088845
mlp,7.548,1.0508429611100492
mlp,7.5520000000000005,1.0536726132931074
mlp,7.556,1.056517225533484
mlp,7.5600000000000005,1.0593889129107166
mlp,7.564,1.0623031878559992
mlp,7.5680000000000005,1.0652772059797206
mlp,7.572,1.0683279426263994
mlp,7.5760000000000005,1.0714705233651416
mlp,7.58,1.0747171475559665
mlp,7.5840000000000005,1.078076956650138
mlp,7.588,1.0815567973162519
mlp,7.5920000000000005,1.0851623583467975
mlp,7.596,1.0888989372912
mlp,7.6000000000000005,1.0927712560813232
mlp,7.604,1.0967822212282337
mlp,7.6080000000000005,1.1009311207335097
mlp,7.612,1.1052121700609816
mlp,7.6160000000000005,1.1096142433164942
mlp,7.62,1.114122020289143
mlp,7.6240000000000006,1.1187180723429317
mlp,7.628,1.1233851093124059
mlp,7.632000000000001,1.1281078043649755
mlp,7.636,1.132874005792769
mlp,7.640000000000001,1.1376754404683467
mlp,7.644,1.142508130092902
mlp,7.648000000000001,1.1473727356185361
mlp,7.652,1.152274991161946
mlp,7.656000000000001,1.1572263202436135
mlp,7.66,1.1622446309034322
mlp,7.664000000000001,1.1673551022395052
mlp,7.668,1.1725904057862906
mlp,7.672000000000001,1.1779892146214421
mlp,7.676,1.183591418689955
mlp,7.68,1.1894294092220767
mlp,7.684,1.1955181555448675
mlp,7.688,1.2018499905604914
mlp,7.692,1.208397676412758
mlp,7.696,1.2151227839045664
mlp,7.7,1.221983766312405
mlp,7.704,1.2289409195638608
mlp,7.708,1.2359585436065983
mlp,7.712,1.2430055278867527
mlp,7.716,1.2500552495211292
mlp,7.72,1.2570852220924102
mlp,7.724,1.2640766800720284
mlp,7.728,1.271014177626578
mlp,7.732,1.2778852385044739
mlp,7.736,1.2846800739006738
mlp,7.74,1.2913913728971447
mlp,7.744,1.2980141607236892
mlp,7.748,1.3045457116625077
mlp,7.752,1.31098549429225
mlp,7.756,1.3173351156118598
mlp,7.76,1.3235982171637608
mlp,7.764,1.329780262826027
mlp,7.768,1.3358881509673857
mlp,7.772,1.3419295948941208
mlp,7.776,1.3479122591178267
mlp,7.78,1.3538427214369628
mlp,7.784,1.359725435103372
mlp,7.788,1.3655619425573584
mlp,7.792,1.371350581604281
mlp,7.796,1.3770868023725598
mlp,7.8,1.3827640267818635
mlp,7.804,1.3883748254954698
mlp,7.808,1.3939121287117575
mlp,7.812,1.3993702239617363
mlp,7.816,1.4047453735140234
mlp,7.82,1.4100359564769192
mlp,7.824,1.4152420939472308
mlp,7.828,1.420364772868195
mlp,7.832,1.4254045776150455
mlp,7.836,1.430360270217294
mlp,7.84,1.43522757507876
mlp,7.844,1.4399985271161997
mlp,7.848,1.4446615793558786
mlp,7.852,1.4492024000625936
mlp,7.856,1.4536050701838878
mlp,7.86,1.4578533311329056
mlp,7.864,1.4619316219834642
mlp,7.868,1.4658257926888871
mlp,7.872,1.4695235012956656
mlp,7.876,1.4730143660198352
mlp,7.88,1.4762899568685015
mlp,7.884,1.4793436990023388
mlp,7.888,1.4821707396345565
mlp,7.892,1.4847678116473313
mlp,7.896,1.4871331135081918
mlp,7.9,1.4892662164409975
mlp,7.904,1.491168004982174
mlp,7.908,1.4928406547721063
mlp,7.912,1.4942876506780898
mlp,7.916,1.4955138483591832
mlp,7.92,1.4965255825522426
mlp,7.924,1.4973308250641317
mlp,7.928,1.497939393907585
mlp,7.932,1.4983632110834895
mlp,7.936,1.4986165985851343
mlp,7.94,1.4987165882553466
mlp,7.944,1.4986831992531102
mlp,7.948,1.4985396067891497
mlp,7.952,1.4983120917536268
mlp,7.956,1.4980296358354859
mlp,7.96,1.4977230350468829
mlp,7.964,1.4974234776448843
mlp,7.968,1.4971606915026496
mlp,7.972,1.4969609920298323
mlp,7.976,1.4968457656620573
mlp,7.98,1.496830943699988
mlp,7.984,1.4969276866999022
mlp,7.988,1.4971437859623884
mlp,7.992,1.497484493229778
mlp,7.996,1.497951294524706
